lot,start_year,start_week,start_day,assyin_entity_code,original_entity_code,package_type,cust_assy_lot,start_date,flowtype,order_type,cust_code,package_code,product_no,original_start_qty,bom_no,bom_rev,last_oper,assy_pack_type,automotive_flag,wafer_size,die_used,size_type,cancel_flag,compound_stock
ADNPR2022.1,2024,7,1,140,140,QFN,6537276.1,2/11/2024 19:00,B-A,P,ADI,TD-200E200B003A,LT6660H-25CCPC-A0Z,20261,ADI5140P,A,2024-ADN-02-G168,CANISTER,N,6,1,30.00 X 35.00,,CZ0141
ADNPR2023.1,2024,7,1,140,140,QFN,6537277.1,2/11/2024 19:00,B-A,P,ADI,TD-200E200B003A,LT6660H-25CCPC-A0Z,19776,ADI5140P,A,2024-ADN-02-G168,CANISTER,N,6,1,30.00 X 35.00,,CZ0141
ADNPR2777.1,2024,8,4,140,140,QFN,6541994.1,2/21/2024 19:00,B-A,P,ADI,TD-200E200B003A,LT6703-3ICPC-A0Z,36221,ADI5116P,A,2024-ADN-03-G020,CANISTER,N,6,1,32.00 X 58.00,,CZ0141
ADNPR2959.1,2024,9,1,140,140,QFN,6547633.1,2/25/2024 19:00,B-A,P,ADI,TD-200E200B003A,LT6703-3ICPC-A0Z,36403,ADI5116P,A,2024-ADN-03-G023,CANISTER,N,6,1,32.00 X 58.00,,CZ0141
ADNPR1468.1,2024,5,7,140,140,QFN,6525679.1,2/3/2024 19:00,B-A,P,ADI,TD-200E200B006K,LT3008-33ICPC-A0Z,15867,ADI5111P,B,2024-ADN-02-G097,CANISTER,N,6,1,26.00 X 54.00,,CZ0141
ADNPR3041.1,2024,9,3,140,140,QFN,6547670.1,2/27/2024 19:00,B-A,P,ADI,TD-200E200B006K,LT3008ICPC-A0Z,15943,ADI5019P,B,2024-ADN-03-G023,CANISTER,N,6,1,26.00 X 54.00,,CZ0141
A5PPR0258.1,2024,7,1,140,140,QFN,6537219.1,2/11/2024 19:00,B-A,P,ADI,TD-200E200B006K,LTC2450-1ICPC-A0Z,20901,ADI5280P,B,2024-A5P-02-G051,CANISTER,N,6,1,24.00 X 46.00,,CZ0141
ADNPR2012.1,2024,7,1,140,140,QFN,6537204.1,2/11/2024 19:00,B-A,P,ADI,TD-200E200B006K,LTC3025-2ECPC-A0Z,12181,ADI5003P,A,2024-ADN-02-G168,CANISTER,N,6,1,24.00 X 54.00,,CZ0141
ADNPR2967.1,2024,9,1,140,140,QFN,6547582.1,2/25/2024 19:00,B-A,P,ADI,TD-200E200B006K,LTC3025ECPC-A0Z,36111,ADI5124P,A,2024-ADN-03-G023,CANISTER,N,6,1,24.00 X 54.00,,CZ0141
ADNPR2993.1,2024,9,2,140,140,QFN,6547570.1,2/26/2024 19:00,B-A,P,ADI,TD-200E200B006K,LTC3526BECPC-A0Z,34212,ADI5014P,A,2024-ADN-03-G032,CANISTER,N,6,1,24.00 X 54.00,,CZ0141
ADNPR1648.1,2024,6,3,140,140,QFN,6525879.1,2/6/2024 19:00,B-A,P,ADI,TD-200E200B006K,LTC3526L-2ECPC-A0Z,34102,ADI5001P,A,2024-ADN-02-G115,CANISTER,N,6,1,24.00 X 54.00,,CZ0141
ADNPR1861.1,2024,6,5,140,140,QFN,6525927.1,2/8/2024 19:00,B-A,P,ADI,TD-200E200B006K,LTC4065LXECPC-A0Z,17275,ADI5114P,B,2024-ADN-02-G147,CANISTER,N,6,1,24.00 X 54.00,,CZ0141
ADNPR2983.1,2024,9,2,140,140,QFN,6547545.1,2/26/2024 19:00,B-A,P,ADI,TD-200E200B006K,LTC4311CCPC-A0Z,34706,ADI4981P,B,2024-ADN-03-G032,CANISTER,N,6,1,24.00 X 27.00,,CZ0141
ADNPR2662.1,2024,8,3,140,140,QFN,6537279.1,2/20/2024 19:00,B-A,P,ADI,TD-200E200M004K,LT6003CCPC-A0Z,14242,ADI7442P,A,2024-ADN-03-G012,CANISTER,N,6,1,38.00 X 39.00,,CZ0141
ADNPR1483.1,2024,5,7,140,140,QFN,6525689.1,2/3/2024 19:00,B-A,P,ADI,TD-200E200M008K,LT3060ECPC-A0Z,25391,ADI3663P,B,2024-ADN-02-G096,CANISTER,N,6,1,29.00 X 59.00,,CZ0141
ADNPR2053.1,2024,7,2,140,140,QFN,6537329.1,2/12/2024 19:00,B-A,P,ADI,TD-200E200M008K,LT3060ECPC-A0Z,24963,ADI3663P,B,2024-ADN-02-G168,CANISTER,N,6,1,29.00 X 59.00,,CZ0141
ADNPR2171.1,2024,7,3,140,140,QFN,6537309.1,2/13/2024 19:00,B-A,P,ADI,TD-200E200M008K,LT3502ECPC-A0Z,33541,ADI6454P,B,2024-ADN-02-G187,CANISTER,N,6,1,25.00 X 54.00,,CZ0141
ADNPR2394.1,2024,7,5,140,140,QFN,6541962.1,2/15/2024 19:00,B-A,P,ADI,TD-200E200M008K,LT3502ECPC-A0Z,32317,ADI6454P,B,2024-ADN-02-G209,CANISTER,N,6,1,25.00 X 54.00,,CZ0141
ADNPR2868.1,2024,8,6,140,140,QFN,6546515.1,2/23/2024 19:00,B-A,P,ADI,TD-200E200M008K,LT3502ECPC-A0Z,15547,ADI6454P,B,2024-ADN-03-G042,CANISTER,N,6,1,25.00 X 54.00,,CZ0141
ADNPR2869.1,2024,8,6,140,140,QFN,6546516.1,2/23/2024 19:00,B-A,P,ADI,TD-200E200M008K,LT3502ECPC-A0Z,16777,ADI6454P,B,2024-ADN-03-G023,CANISTER,N,6,1,25.00 X 54.00,,CZ0141
ADNPR2395.1,2024,7,5,140,140,QFN,6541963.1,2/15/2024 19:00,B-A,P,ADI,TD-200E200M008K,LT3502ICPC-A0Z,32678,ADI6454P,B,2024-ADN-02-G209,CANISTER,N,6,1,25.00 X 54.00,,CZ0141
ADNPR1544.1,2024,6,2,140,140,QFN,6525784.1,2/5/2024 19:00,B-A,P,ADI,TD-200E200M008K,LT8606BECPC-A1Z,17484,ADI6337P,A,2024-ADN-02-G112,CANISTER,N,8,1,44.3 X 56.3,,CZ0141
ADNPR2510.1,2024,8,1,140,140,QFN,6542011.1,2/18/2024 19:00,B-A,P,ADI,TD-200E200M008K,LT8606ECPC-A1Z,17417,ADI6339P,A,2024-ADN-02-G226,CANISTER,N,8,1,44.3 X 56.3,,CZ0141
ADNPR2511.1,2024,8,1,140,140,QFN,6542012.1,2/18/2024 19:00,B-A,P,ADI,TD-200E200M008K,LT8606ECPC-A1Z,34436,ADI6339P,A,2024-ADN-02-G233,CANISTER,N,8,1,44.3 X 56.3,,CZ0141
ADNPR2530.1,2024,8,2,140,140,QFN,6542013.1,2/19/2024 19:00,B-A,P,ADI,TD-200E200M008K,LT8606ECPC-A2Z,34750,ADI6339P,A,2024-ADN-02-G233,CANISTER,N,8,1,44.3 X 56.3,,CZ0141
ADNPR2606.1,2024,8,2,140,140,QFN,6542014.1,2/19/2024 19:00,B-A,P,ADI,TD-200E200M008K,LT8606ECPC-A2Z,34242,ADI6339P,A,2024-ADN-02-G237,CANISTER,N,8,1,44.3 X 56.3,,CZ0141
ADNPR3020.1,2024,9,3,140,140,QFN,6547622.1,2/27/2024 19:00,B-A,P,ADI,TD-200E200M008K,LT8606ECPC-A2Z,33989,ADI6339P,A,2024-ADN-03-G054,CANISTER,N,8,1,44.3 X 56.3,,CZ0141
ADNPR2797.1,2024,8,5,140,140,QFN,6542057.1,2/22/2024 19:00,B-A,P,ADI,TD-200E200M008K,LTC2934-1CCPC-A0Z,17069,ADI7050P,A,2024-ADN-03-G017,CANISTER,N,6,1,23.00 X 54.00,,CZ0141
ADNPR2168.1,2024,7,3,140,140,QFN,6537143.1,2/13/2024 19:00,B-A,P,ADI,TD-200E200M008K,LTC6256CCPC-A0Z,45840,ADI3680P,A,2024-ADN-02-G187,CANISTER,N,8,1,28.00 X 52.00,,CZ0141
ADNPR1883.1,2024,6,6,140,140,QFN,6525678.1,2/9/2024 19:00,B-A,P,ADI,TD-200E300B006K,LT1934-1ICPC-A0Z,22896,ADI3654P,A,2024-ADN-02-G155,CANISTER,N,6,1,58.00 X 32.00,,CZ0141
ADNPR2500.1,2024,7,7,140,140,QFN,6541957.1,2/17/2024 19:00,B-A,P,ADI,TD-200E300B006K,LT3493ICPC-A0Z,37963,ADI3685P,A,2024-ADN-02-G226,CANISTER,N,6,1,34.00 X 53.00,,CZ0141
ADNPR2978.1,2024,9,2,140,140,QFN,6547634.1,2/26/2024 19:00,B-A,P,ADI,TD-200E300B006K,LT6105ICPC-A0Z,27546,ADI3892P,A,2024-ADN-03-G042,CANISTER,N,6,1,52.00 X 58.00,,CZ0141
ADNPR1927.1,2024,6,6,140,140,QFN,6525764.1,2/9/2024 19:00,B-A,P,ADI,TD-200E300B006K,LT6700-1ICPC-A0Z,11947,ADI3691P,A,2024-ADN-02-G155,CANISTER,N,6,1,58.00 X 32.00,,CZ0141
ADNPR1531.1,2024,6,2,140,140,QFN,6525848.1,2/5/2024 19:00,B-A,P,ADI,TD-200E300B006K,LTC2942ICPC-A0Z,6495,ADI3637P,A,2024-ADN-02-G107,CANISTER,N,6,1,61.00 X 52.00,,CZ0141
ADNPR1532.1,2024,6,2,140,140,QFN,6525849.1,2/5/2024 19:00,B-A,P,ADI,TD-200E300B006K,LTC2942ICPC-A0Z,12818,ADI3637P,A,2024-ADN-02-G097,CANISTER,N,6,1,61.00 X 52.00,,CZ0141
ADNPR2047.1,2024,7,2,140,140,QFN,6537205.1,2/12/2024 19:00,B-A,P,ADI,TD-200E300B006K,LTC2997HCPC-A0Z,21772,ADI3681P,A,2024-ADN-02-G177,CANISTER,N,6,1,63.00 X 31.00,,CZ0141
ADNPR2738.1,2024,8,4,140,140,QFN,6542061.1,2/21/2024 19:00,B-A,P,ADI,TD-200E300B006K,LTC2997ICPC-A0Z,10838,ADI3681P,A,2024-ADN-03-G017,CANISTER,N,6,1,63.00 X 31.00,,CZ0141
ADNPR1645.1,2024,6,2,140,140,QFN,6525882.1,2/5/2024 19:00,B-A,P,ADI,TD-200E300B006K,LTC3549ECPC-A0Z,26355,ADI3661P,A,2024-ADN-02-G107,CANISTER,N,6,1,48.00 X 52.00,,CZ0141
ADNPR2161.1,2024,7,3,140,140,QFN,6537187.1,2/13/2024 19:00,B-A,P,ADI,TD-200E300B006K,LTC3549ECPC-A0Z,26226,ADI3661P,A,2024-ADN-02-G187,CANISTER,N,6,1,48.00 X 52.00,,CZ0141
ADNPR2497.1,2024,7,7,140,140,QFN,6542074.1,2/17/2024 19:00,B-A,P,ADI,TD-200E300B006K,LTC3549ECPC-A0Z,25978,ADI3661P,A,2024-ADN-02-G226,CANISTER,N,6,1,48.00 X 52.00,,CZ0141
ADNPR1591.1,2024,6,1,140,140,QFN,6525891.1,2/4/2024 19:00,B-A,P,ADI,TD-200E300B006K,LTC3621ICPC-A1Z,29410,ADI3666P,B,2024-ADN-02-G082,CANISTER,N,8,1,48.30 X 61.30,,CZ0141
ADNPR2056.1,2024,7,2,140,140,QFN,6537156.1,2/12/2024 19:00,B-A,P,ADI,TD-200E300B006K,LTC4357HCPC-A0Z,29425,ADI3890P,A,2024-ADN-02-G177,CANISTER,N,6,1,62.00 X 45.00,,CZ0141
ADNPR2821.1,2024,8,5,140,140,QFN,6544663.1,2/22/2024 19:00,B-A,P,ADI,TD-200E300B006K,LTC4357HCPC-A0Z,23519,ADI3890P,A,2024-ADN-03-G017,CANISTER,N,6,1,62.00 X 45.00,,CZ0141
ADNPR2900.1,2024,9,1,140,140,QFN,6547543.1,2/25/2024 19:00,B-A,P,ADI,TD-200E300B006K,LTC4357HCPC-A0Z,30907,ADI3890P,A,2024-ADN-03-G023,CANISTER,N,6,1,62.00 X 45.00,,CZ0141
ADNPR2901.1,2024,9,1,140,140,QFN,6547544.1,2/25/2024 19:00,B-A,P,ADI,TD-200E300B006K,LTC4357HCPC-A0Z,36099,ADI3890P,A,2024-ADN-03-G023,CANISTER,N,6,1,62.00 X 45.00,,CZ0141
ADNPR1882.1,2024,6,6,140,140,QFN,6525946.1,2/9/2024 19:00,B-A,P,ADI,TD-200E300B006K,LTC4357ICPC-A0Z,21824,ADI3890P,A,2024-ADN-02-G155,CANISTER,N,6,1,62.00 X 45.00,,CZ0141
ADNPR2424.1,2024,7,6,140,140,QFN,6542107.1,2/16/2024 19:00,B-A,P,ADI,TD-200E300B006K,LTC4359HCPC-A1Z,31400,ADI4505P,A,2024-ADN-02-G216,CANISTER,N,8,1,65.30 X 41.30,,CZ0141
ADNPR2425.1,2024,7,6,140,140,QFN,6542108.1,2/16/2024 19:00,B-A,P,ADI,TD-200E300B006K,LTC4359HCPC-A1Z,29939,ADI4505P,A,2024-ADN-02-G216,CANISTER,N,8,1,65.30 X 41.30,,CZ0141
ADNPR3024.1,2024,9,3,140,140,QFN,6547542.1,2/27/2024 19:00,B-A,P,ADI,TD-200E300B006K,LTC4359ICPC-A1Z,31612,ADI4505P,A,2024-ADN-03-G054,CANISTER,N,8,1,65.30 X 41.30,,CZ0141
ADNPR1924.1,2024,6,6,140,140,QFN,6527637.1,2/9/2024 19:00,B-A,P,ADI,TD-200E300B006K,LTC6993-2HCPC-A1Z,20254,ADI6373P,A,2024-ADN-02-G155,CANISTER,N,8,1,58.3 X 36.3,,CZ0141
ADNPR2796.1,2024,8,5,140,140,QFN,6542125.1,2/22/2024 19:00,B-A,P,ADI,TD-200E300B006K,LTC6994-1ICPC-A0Z,10712,ADI3640P,B,2024-ADN-03-G017,CANISTER,N,6,1,58.00 X 36.00,,CZ0141
ADNPR1881.1,2024,6,6,140,140,QFN,6525969.1,2/9/2024 19:00,B-A,P,ADI,TD-200E300B006K,LTC6995-1CCPC-A0Z,19520,ADI3673P,A,2024-ADN-02-G155,CANISTER,N,6,1,58.00 X 36.00,,CZ0141
ADNPR2361.1,2024,7,5,140,140,QFN,6537140.1,2/15/2024 19:00,B-A,P,ADI,TD-200E300B006K,LTC6995-1CCPC-A0Z,20361,ADI3673P,A,2024-ADN-02-G211,CANISTER,N,6,1,58.00 X 36.00,,CZ0141
ADNPR2829.1,2024,8,5,140,140,QFN,6541989.1,2/22/2024 19:00,B-A,P,ADI,TD-200E300M008K,LT6108-1HCPC-A0Z,6317,ADI4581P,A,2024-ADN-03-G017,CANISTER,N,6,1,58.00 X 53.00,,CZ0141
ADNPR2830.1,2024,8,5,140,140,QFN,6541990.1,2/22/2024 19:00,B-A,P,ADI,TD-200E300M008K,LT6108-2ICPC-A0Z,19833,ADI4569P,A,2024-ADN-03-G017,CANISTER,N,6,1,58.00 X 53.00,,CZ0141
ADNPR2828.1,2024,8,5,140,140,QFN,6542073.1,2/22/2024 19:00,B-A,P,ADI,TD-200E300M008K,LTC3539-2ECPC-A0Z,37327,ADI4732P,A,2024-ADN-03-G020,CANISTER,N,6,1,51.00 X 53.00,,CZ0141
ADNPR2970.1,2024,9,1,140,140,QFN,6547568.1,2/25/2024 19:00,B-A,P,ADI,TD-200E300M008K,LTC3539ECPC-A0Z,31168,ADI4675P,A,2024-ADN-03-G023,CANISTER,N,6,1,51.00 X 53.00,,CZ0141
ADNPR2832.1,2024,8,5,140,140,QFN,6542123.1,2/22/2024 19:00,B-A,P,ADI,TD-200E300M008K,LTC6930-419HCPC-A0Z,30110,ADI5277P,A,2024-ADN-03-G017,CANISTER,N,6,1,42.00 X 52.00,,CZ0141
ADNPR2833.1,2024,8,5,140,140,QFN,6542124.1,2/22/2024 19:00,B-A,P,ADI,TD-200E300M008K,LTC6930-419ICPC-A0Z,10170,ADI5277P,A,2024-ADN-03-G017,CANISTER,N,6,1,42.00 X 52.00,,CZ0141
ADNPR1451.1,2024,5,6,140,140,QFN,6525697.1,2/2/2024 19:00,B-A,P,ADI,TD-300E200B008K,LT3470ICPC-A0Z,34641,ADI5108P,A,2024-ADN-02-G096,CANISTER,N,6,1,23.00 X 83.00,,CZ0141
ADNPR2251.1,2024,7,4,140,140,QFN,6537315.1,2/14/2024 19:00,B-A,P,ADI,TD-300E200B008K,LT3470ICPC-A0Z,33538,ADI5108P,A,2024-ADN-02-G209,CANISTER,N,6,1,23.00 X 83.00,,CZ0141
ADNPR1491.1,2024,6,1,140,140,QFN,6525699.1,2/4/2024 19:00,B-A,P,ADI,TD-300E200B008K,LT3494AECPC-A0Z,12237,ADI6577P,A,2024-ADN-02-G097,CANISTER,N,6,1,22.00 X 74.00,,CZ0141
ADNPR1492.1,2024,6,1,140,140,QFN,6525700.1,2/4/2024 19:00,B-A,P,ADI,TD-300E200B008K,LT3494AECPC-A0Z,12657,ADI6577P,A,2024-ADN-02-G097,CANISTER,N,6,1,22.00 X 74.00,,CZ0141
ADNPR1453.1,2024,5,6,140,140,QFN,6525701.1,2/2/2024 19:00,B-A,P,ADI,TD-300E200B008K,LT3494ECPC-A0Z,35171,ADI3572P,B,2024-ADN-02-G072,CANISTER,N,6,1,22.00 X 74.00,,CZ0141
ADNPR2960.2,2024,9,1,140,140,QFN,6547653.1,2/25/2024 19:00,B-A,P,ADI,TD-300E200B008K,LT3591ECPC-A0Z,19909,ADI4778P,A,2024-ADN-03-G023,CANISTER,N,6,1,25.00 X 80.00,,CZ0141
ADNPR2960.1,2024,9,1,140,140,QFN,6547653.1,2/25/2024 19:00,B-A,P,ADI,TD-300E200B008K,LT3591ECPC-A0Z,34200,ADI4778P,A,2024-ADN-03-G023,CANISTER,N,6,1,25.00 X 80.00,,CZ0141
ADNPR2016.1,2024,7,1,140,140,QFN,6537271.1,2/11/2024 19:00,B-A,P,ADI,TD-300E200B008K,LT8330HCPC-A1Z,17488,ADI3719P,B,2024-ADN-02-G168,CANISTER,N,8,1,35.00 X 68.00,,CZ0141
ADNPR2017.1,2024,7,1,140,140,QFN,6537272.1,2/11/2024 19:00,B-A,P,ADI,TD-300E200B008K,LT8330HCPC-A1Z,17683,ADI3719P,B,2024-ADN-02-G168,CANISTER,N,8,1,35.00 X 68.00,,CZ0141
ADNPR2018.1,2024,7,1,140,140,QFN,6537273.1,2/11/2024 19:00,B-A,P,ADI,TD-300E200B008K,LT8330HCPC-A1Z,34607,ADI3719P,B,2024-ADN-02-G168,CANISTER,N,8,1,35.00 X 68.00,,CZ0141
ADNPR2019.1,2024,7,1,140,140,QFN,6537274.1,2/11/2024 19:00,B-A,P,ADI,TD-300E200B008K,LT8330HCPC-A1Z,34429,ADI3719P,B,2024-ADN-02-G177,CANISTER,N,8,1,35.00 X 68.00,,CZ0141
ADNPR2013.1,2024,7,1,140,140,QFN,6537269.1,2/11/2024 19:00,B-A,P,ADI,TD-300E200B008K,LT8330ICPC-A1Z,17494,ADI3719P,B,2024-ADN-02-G168,CANISTER,N,8,1,35.00 X 68.00,,CZ0141
ADNPR2015.1,2024,7,1,140,140,QFN,6537270.1,2/11/2024 19:00,B-A,P,ADI,TD-300E200B008K,LT8330ICPC-A1Z,17196,ADI3719P,B,2024-ADN-02-G168,CANISTER,N,8,1,35.00 X 68.00,,CZ0141
ADNPR2517.1,2024,8,1,140,140,QFN,6541996.1,2/18/2024 19:00,B-A,P,ADI,TD-300E200B008K,LT8330ICPC-A1Z,17380,ADI3719P,B,2024-ADN-02-G226,CANISTER,N,8,1,35.00 X 68.00,,CZ0141
ADNPR2583.1,2024,8,2,140,140,QFN,6542050.1,2/19/2024 19:00,B-A,P,ADI,TD-300E200B008K,LTC2907CCPC-A0Z,16527,ADI5504P,A,2024-ADN-02-G233,CANISTER,N,6,1,23.00 X 83.00,,CZ0141
ADNPR2534.1,2024,8,2,140,140,QFN,6542051.1,2/19/2024 19:00,B-A,P,ADI,TD-300E200B008K,LTC2907ICPC-A0Z,15201,ADI5135P,A,2024-ADN-02-G233,CANISTER,N,6,1,23.00 X 83.00,,CZ0141
ADNPR2010.1,2024,7,1,140,140,QFN,6537207.1,2/11/2024 19:00,B-A,P,ADI,TD-300E200B008K,LTC2912-1HCPC-A0Z,11931,ADI4511P,A,2024-ADN-02-G168,CANISTER,N,6,1,23.00 X 83.00,,CZ0141
ADNPR2798.1,2024,8,5,140,140,QFN,6542052.1,2/22/2024 19:00,B-A,P,ADI,TD-300E200B008K,LTC2915-1CCPC-A0Z,10532,ADI4512P,A,2024-ADN-03-G017,CANISTER,N,6,1,24.00 X 83.00,,CZ0141
ADNPR2441.1,2024,7,6,140,140,QFN,6542059.1,2/16/2024 19:00,B-A,P,ADI,TD-300E200B008K,LTC2950-1CCPC-A0Z,10596,ADI4514P,A,2024-ADN-02-G216,CANISTER,N,6,1,23.00 X 83.00,,CZ0141
ADNPR2812.1,2024,8,5,140,140,QFN,6542070.1,2/22/2024 19:00,B-A,P,ADI,TD-300E200B008K,LTC3528BECPC-A0Z,11387,ADI3725P,A,2024-ADN-03-G017,CANISTER,N,6,1,24.00 X 79.00,,CZ0141
ADNPR1647.1,2024,6,2,140,140,QFN,6525880.1,2/5/2024 19:00,B-A,P,ADI,TD-300E200B008K,LTC3528ECPC-A0Z,22371,ADI7165P,A,2024-ADN-02-G097,CANISTER,N,6,1,24.00 X 79.00,,CZ0141
ADNPR1646.1,2024,6,2,140,140,QFN,6525881.1,2/5/2024 19:00,B-A,P,ADI,TD-300E200B008K,LTC3547BICPC-A0Z,20260,ADI3718P,A,2024-ADN-02-G107,CANISTER,N,6,1,23.00 X 84.00,,CZ0141
ADNPR1583.1,2024,6,1,140,140,QFN,6525916.1,2/4/2024 19:00,B-A,P,ADI,TD-300E200B008K,LTC3873ECPC-A0Z,10301,ADI4533P,A,2024-ADN-02-G096,CANISTER,N,6,1,23.00 X 83.00,,CZ0141
ADNPR1560.1,2024,6,3,140,140,QFN,6525947.1,2/6/2024 19:00,B-A,P,ADI,TD-300E200B008K,LTC4365-1HCPC-A0Z,7707,ADI4259P,B,2024-ADN-02-G112,CANISTER,N,6,1,28.00 X 83.00,,CZ0141
ADNPR2963.1,2024,9,1,140,140,QFN,6547541.1,2/25/2024 19:00,B-A,P,ADI,TD-300E200B008K,LTC4365-1ICPC-A0Z,8545,ADI4259P,B,2024-ADN-03-G023,CANISTER,N,6,1,28.00 X 83.00,,CZ0141
ADNPR2516.1,2024,8,1,140,140,QFN,6542110.1,2/18/2024 19:00,B-A,P,ADI,TD-300E200B008K,LTC4365HCPC-A1Z,19015,ADI5508P,A,2024-ADN-02-G226,CANISTER,N,8,1,28.3 X 83.3,,CZ0141
ADNPR2021.1,2024,7,1,140,140,QFN,6537313.1,2/11/2024 19:00,B-A,P,ADI,TD-300E200B010K,LT3495BECPC-A0Z,16628,ADI5725P,A,2024-ADN-02-G168,CANISTER,N,6,1,26.00 X 94.00,,CZ0141
ADNPR2435.1,2024,7,6,140,140,QFN,6541958.1,2/16/2024 19:00,B-A,P,ADI,TD-300E200B010K,LT3497ECPC-A0Z,17210,ADI5861P,A,2024-ADN-02-G216,CANISTER,N,6,1,26.00 X 94.00,,CZ0141
ADNPR1488.1,2024,6,1,140,140,QFN,6525713.1,2/4/2024 19:00,B-A,P,ADI,TD-300E200B010K,LT3585-1ECPC-A0Z,11072,ADI5223P,B,2024-ADN-02-G096,CANISTER,N,6,1,22.00 X 86.00,,CZ0141
ADNPR3049.1,2024,9,4,140,140,QFN,6547587.1,2/28/2024 19:00,B-A,P,ADI,TD-300E200B010K,LTC2919-25ICPC-A0Z,7447,ADI5110P,A,2024-ADN-03-G072,CANISTER,N,6,1,24.00 X 91.00,,CZ0141
ADNPR2011.1,2024,7,1,140,140,QFN,6537206.1,2/11/2024 19:00,B-A,P,ADI,TD-300E200B010K,LTC2955-1CCPC-A0Z,24317,ADI5674P,A,2024-ADN-02-G177,CANISTER,N,6,1,27.00 X 66.00,,CZ0141
ADNPR2577.1,2024,8,2,140,140,QFN,6542060.1,2/19/2024 19:00,B-A,P,ADI,TD-300E200B010K,LTC2955-1ICPC-A0Z,12270,ADI5674P,A,2024-ADN-02-G237,CANISTER,N,6,1,27.00 X 66.00,,CZ0141
ADNPR2969.1,2024,9,1,140,140,QFN,6547585.1,2/25/2024 19:00,B-A,P,ADI,TD-300E200B010K,LTC2955-1ICPC-A0Z,12325,ADI5674P,A,2024-ADN-03-G023,CANISTER,N,6,1,27.00 X 66.00,,CZ0141
ADNPR1791.1,2024,6,5,140,140,QFN,6525851.1,2/8/2024 19:00,B-A,P,ADI,TD-300E200B010K,LTC2955-2CCPC-A0Z,22740,ADI5520P,A,2024-ADN-02-G147,CANISTER,N,6,1,27.00 X 66.00,,CZ0141
ADNPR3019.1,2024,9,3,140,140,QFN,6547584.1,2/27/2024 19:00,B-A,P,ADI,TD-300E200B010K,LTC2955-2CCPC-A0Z,50105,ADI5520P,A,2024-ADN-03-G054,CANISTER,N,6,1,27.00 X 66.00,,CZ0141
ADNPR1792.1,2024,6,5,140,140,QFN,6525852.1,2/8/2024 19:00,B-A,P,ADI,TD-300E200B010K,LTC2955-2ICPC-A0Z,23832,ADI5520P,A,2024-ADN-02-G147,CANISTER,N,6,1,27.00 X 66.00,,CZ0141
ADNPR1652.1,2024,6,3,140,140,QFN,6525862.1,2/6/2024 19:00,B-A,P,ADI,TD-300E200B010K,LTC3225ECPC-A0Z,18139,ADI4515P,A,2024-ADN-02-G115,CANISTER,N,6,1,25.00 X 79.00,,CZ0141
ADNPR2422.1,2024,7,6,140,140,QFN,6542068.1,2/16/2024 19:00,B-A,P,ADI,TD-300E200B010K,LTC3225ECPC-A0Z,31904,ADI4515P,A,2024-ADN-02-G216,CANISTER,N,6,1,25.00 X 79.00,,CZ0141
ADNPR1481.1,2024,5,7,140,140,QFN,6525690.1,2/3/2024 19:00,B-A,P,ADI,TD-300E300B008A,LT3080-1ECPC-A0Z,11444,ADI5536P,A,2024-ADN-02-G097,TUBE,N,6,1,44.00 X 75.00,,CZ0141
ADNPR1482.1,2024,5,7,140,140,QFN,6525691.1,2/3/2024 19:00,B-A,P,ADI,TD-300E300B008A,LT3080-1ECPC-A0Z,12112,ADI5536P,A,2024-ADN-02-G097,TUBE,N,6,1,44.00 X 75.00,,CZ0141
ADNPR1479.1,2024,5,7,140,140,QFN,6525692.1,2/3/2024 19:00,B-A,P,ADI,TD-300E300B008A,LT3080ECPC-A0Z,44494,ADI3766P,A,2024-ADN-02-G107,TUBE,N,6,1,44.00 X 75.00,,CZ0141
ADNPR1984.1,2024,6,7,140,140,QFN,6537318.1,2/10/2024 19:00,B-A,P,ADI,TD-300E300B008A,LT3080ECPC-A0Z,11187,ADI3766P,A,2024-ADN-02-G191,TUBE,N,6,1,44.00 X 75.00,,CZ0141
ADNPR1985.1,2024,6,7,140,140,QFN,6537319.1,2/10/2024 19:00,B-A,P,ADI,TD-300E300B008A,LT3080ECPC-A0Z,32937,ADI3766P,A,2024-ADN-02-G172,TUBE,N,6,1,44.00 X 75.00,,CZ0141
ADNPR2841.1,2024,8,6,140,140,QFN,6544665.1,2/23/2024 19:00,B-A,P,ADI,TD-300E300B008K,LT1636CCPC-A0Z,12508,ADI6098P,A,2024-ADN-03-G042,TUBE,N,6,1,61.00 X 84.00,,CZ0141
ADNPR1472.1,2024,5,7,140,140,QFN,6525675.1,2/3/2024 19:00,B-A,P,ADI,TD-300E300B008K,LT1636ICPC-A0Z,4154,ADI6098P,A,2024-ADN-02-G101,TUBE,N,6,1,61.00 X 84.00,,CZ0141
ADNPR2429.1,2024,7,7,140,140,QFN,6538984.1,2/17/2024 19:00,B-A,P,ADI,TD-300E300B008K,LT1636ICPC-A0Z,11363,ADI6098P,A,2024-ADN-02-G223,TUBE,N,6,1,61.00 X 84.00,,CZ0141
ADNPR3054.1,2024,9,4,140,140,QFN,6547676.1,2/28/2024 19:00,B-A,P,ADI,TD-300E300B008K,LT1964ECPC-A0Z,21070,ADI5824P,A,2024-ADN-03-G054,TUBE,N,6,1,38.00 X 58.00,,CZ0141
ADNPR3053.1,2024,9,4,140,140,QFN,6547675.1,2/28/2024 19:00,B-A,P,ADI,TD-300E300B008K,LT1964ICPC-A0Z,31486,ADI5824P,A,2024-ADN-03-G054,TUBE,N,6,1,38.00 X 58.00,,CZ0141
ADNPR2255.1,2024,7,4,140,140,QFN,6537337.1,2/14/2024 19:00,B-A,P,ADI,TD-300E300B008K,LT1965-33ECPC-A0Z,23908,ADI3817P,B,2024-ADN-02-G209,TUBE,N,6,1,65.00 X 70.00,,CZ0141
ADNPR2856.1,2024,8,6,140,140,QFN,6547674.1,2/23/2024 19:00,B-A,P,ADI,TD-300E300B008K,LT1965-33ECPC-A0Z,28931,ADI3817P,B,2024-ADN-03-G036,TUBE,N,6,1,65.00 X 70.00,,CZ0141
ADNPR2802.1,2024,8,5,140,140,QFN,6541942.1,2/22/2024 19:00,B-A,P,ADI,TD-300E300B008K,LT1965-33ICPC-A0Z,4548,ADI3817P,B,2024-ADN-03-G005,TUBE,N,6,1,65.00 X 70.00,,CZ0141
ADNPR1981.1,2024,6,7,140,140,QFN,6537336.1,2/10/2024 19:00,B-A,P,ADI,TD-300E300B008K,LT1965ICPC-A0Z,14259,ADI3746P,B,2024-ADN-02-G172,TUBE,N,6,1,65.00 X 70.00,,CZ0141
ADNPR3022.1,2024,9,3,140,140,QFN,6547672.1,2/27/2024 19:00,B-A,P,ADI,TD-300E300B008K,LT1965ICPC-A0Z,34594,ADI3746P,B,2024-ADN-03-G054,TUBE,N,6,1,65.00 X 70.00,,CZ0141
ADNPR3023.1,2024,9,3,140,140,QFN,6547673.1,2/27/2024 19:00,B-A,P,ADI,TD-300E300B008K,LT1965ICPC-A0Z,29574,ADI3746P,B,2024-ADN-03-G046,TUBE,N,6,1,65.00 X 70.00,,CZ0141
ADNPR1829.1,2024,6,5,140,140,QFN,6527168.1,2/8/2024 19:00,B-A,P,ADI,TD-300E300B008K,LT1994ICPC-A0Z,19545,ADI5948P,A,2024-ADN-02-G143,TUBE,N,6,1,54.00 X 59.00,,CZ0141
ADNPR1982.1,2024,6,7,140,140,QFN,6537335.1,2/10/2024 19:00,B-A,P,ADI,TD-300E300B008K,LT1994ICPC-A0Z,13386,ADI5948P,A,2024-ADN-02-G172,TUBE,N,6,1,54.00 X 59.00,,CZ0141
ADNPR2366.1,2024,7,5,140,140,QFN,6539817.1,2/15/2024 19:00,B-A,P,ADI,TD-300E300B008K,LT3014ECPC-A0Z,33899,ADI7381P,A,2024-ADN-02-G209,TUBE,N,6,1,38.00 X 58.00,,CZ0141
ADNPR2663.1,2024,8,3,140,140,QFN,6544248.1,2/20/2024 19:00,B-A,P,ADI,TD-300E300B008K,LT3014ECPC-A0Z,37509,ADI7381P,A,2024-ADN-02-G237,TUBE,N,6,1,38.00 X 58.00,,CZ0141
ADNPR1907.1,2024,6,6,140,140,QFN,6525680.1,2/9/2024 19:00,B-A,P,ADI,TD-300E300B008K,LT3015-5ICPC-A0Z,10337,ADI5937P,A,2024-ADN-02-G168,TUBE,N,6,1,65.00 X 92.00,,CZ0141
ADNPR1473.1,2024,5,7,140,140,QFN,6525681.1,2/3/2024 19:00,B-A,P,ADI,TD-300E300B008K,LT3015ECPC-A0Z,28484,ADI5933P,A,2024-ADN-02-G089,TUBE,N,6,1,65.00 X 92.00,,CZ0141
ADNPR2979.1,2024,9,2,140,140,QFN,6547668.1,2/26/2024 19:00,B-A,P,ADI,TD-300E300B008K,LT3015ECPC-A0Z,51799,ADI5933P,A,2024-ADN-03-G046,TUBE,N,6,1,65.00 X 92.00,,CZ0141
ADNPR2426.1,2024,7,6,140,140,QFN,6541950.1,2/16/2024 19:00,B-A,P,ADI,TD-300E300B008K,LT3020ECPC-A0Z,15111,ADI5823P,A,2024-ADN-02-G223,TUBE,N,6,1,45.00 X 88.00,,CZ0141
ADNPR1493.1,2024,6,1,140,140,QFN,6525694.1,2/4/2024 19:00,B-A,P,ADI,TD-300E300B008K,LT3088ECPC-A0Z,29561,ADI5844P,A,2024-ADN-02-G082,TUBE,N,6,1,61.00 X 80.00,,CZ0141
ADNPR1986.1,2024,6,7,140,140,QFN,6537317.1,2/10/2024 19:00,B-A,P,ADI,TD-300E300B008K,LT3088ECPC-A0Z,21417,ADI5844P,A,2024-ADN-02-G172,TUBE,N,6,1,61.00 X 80.00,,CZ0141
ADNPR2614.1,2024,8,3,140,140,QFN,6541953.1,2/20/2024 19:00,B-A,P,ADI,TD-300E300B008K,LT3088ECPC-A0Z,4289,ADI5844P,A,2024-ADN-03-G005,TUBE,N,6,1,61.00 X 80.00,,CZ0141
ADNPR2615.1,2024,8,3,140,140,QFN,6541954.1,2/20/2024 19:00,B-A,P,ADI,TD-300E300B008K,LT3088ECPC-A0Z,4291,ADI5844P,A,2024-ADN-03-G005,TUBE,N,6,1,61.00 X 80.00,,CZ0141
ADNPR2742.1,2024,8,4,140,140,QFN,6541955.1,2/21/2024 19:00,B-A,P,ADI,TD-300E300B008K,LT3088ECPC-A0Z,4246,ADI5844P,A,2024-ADN-03-G014,TUBE,N,6,1,61.00 X 80.00,,CZ0141
ADNPR2170.1,2024,7,3,140,140,QFN,6537308.1,2/13/2024 19:00,B-A,P,ADI,TD-300E300B008K,LT3505ECPC-A0Z,37017,ADI5838P,A,2024-ADN-02-G191,TUBE,N,6,1,53.00 X 34.00,,CZ0141
ADNPR1489.1,2024,6,1,140,140,QFN,6525707.1,2/4/2024 19:00,B-A,P,ADI,TD-300E300B008K,LT3505ICPC-A0Z,36751,ADI5979P,A,2024-ADN-02-G097,TUBE,N,6,1,53.00 X 34.00,,CZ0141
ADNPR1831.1,2024,6,5,140,140,QFN,6525712.1,2/8/2024 19:00,B-A,P,ADI,TD-300E300B008K,LT3580ECPC-A0Z,18747,ADI5820P,A,2024-ADN-02-G147,TUBE,N,6,1,65.00 X 49.00,,CZ0141
ADNPR2288.1,2024,7,4,140,140,QFN,6537303.1,2/14/2024 19:00,B-A,P,ADI,TD-300E300B008K,LT3580ECPC-A0Z,18753,ADI5820P,A,2024-ADN-02-G209,TUBE,N,6,1,65.00 X 49.00,,CZ0141
ADNPR3080.1,2024,9,4,140,140,QFN,6549162.1,2/28/2024 19:00,B-A,P,ADI,TD-300E300B008K,LT3580ECPC-A0Z,6700,ADI5820P,A,2024-ADN-03-G058,TUBE,N,6,1,65.00 X 49.00,,CZ0141
A5PPR0235.1,2024,6,4,140,140,QFN,6525754.1,2/7/2024 19:00,B-A,P,ADI,TD-300E300B008K,LT5560ECPC-A0Z,31283,ADI6099P,A,2024-A5P-02-G042,TUBE,N,6,1,29.00 X 43.00,,CZ0141
A5PPR0236.1,2024,6,4,140,140,QFN,6525755.1,2/7/2024 19:00,B-A,P,ADI,TD-300E300B008K,LT5560ECPC-A0Z,43702,ADI6099P,A,2024-A5P-02-G035,TUBE,N,6,1,29.00 X 43.00,,CZ0141
A5PPR0237.1,2024,6,4,140,140,QFN,6525756.1,2/7/2024 19:00,B-A,P,ADI,TD-300E300B008K,LT5560ECPC-A0Z,31505,ADI6099P,A,2024-A5P-02-G038,TUBE,N,6,1,29.00 X 43.00,,CZ0141
A5PPR0308.1,2024,7,4,140,140,QFN,6537281.1,2/14/2024 19:00,B-A,P,ADI,TD-300E300B008K,LT5560ECPC-A0Z,15809,ADI6099P,A,2024-A5P-02-G069,TUBE,N,6,1,29.00 X 43.00,,CZ0141
A5PPR0319.1,2024,7,6,140,140,QFN,6541984.1,2/16/2024 19:00,B-A,P,ADI,TD-300E300B008K,LT5560ECPC-A0Z,31407,ADI6099P,A,2024-A5P-02-G069,TUBE,N,6,1,29.00 X 43.00,,CZ0141
A5PPR0376.1,2024,9,1,140,140,QFN,6547639.1,2/25/2024 19:00,B-A,P,ADI,TD-300E300B008K,LT5560ECPC-A0Z,16095,ADI6099P,A,2024-A5P-03-G017,TUBE,N,6,1,29.00 X 43.00,,CZ0141
ADNPR1929.1,2024,6,6,140,140,QFN,6525758.1,2/9/2024 19:00,B-A,P,ADI,TD-300E300B008K,LT6011CCPC-A0Z,3944,ADI7109P,A,2024-ADN-02-G168,TUBE,N,6,1,62.00 X 84.00,,CZ0141
ADNPR1830.1,2024,6,5,140,140,QFN,6525759.1,2/8/2024 19:00,B-A,P,ADI,TD-300E300B008K,LT6013AICPC-A0Z,2320,ADI5851P,A,2024-ADN-02-G159,TUBE,N,6,1,41.00 X 84.00,,CZ0141
ADNPR3060.1,2024,9,4,140,140,QFN,6548862.1,2/28/2024 19:00,B-A,P,ADI,TD-300E300B008K,LT6013ICPC-A0Z,2107,ADI5851P,A,2024-ADN-03-G072,TUBE,N,6,1,41.00 X 84.00,,CZ0141
ADNPR1500.1,2024,6,1,140,140,QFN,6525760.1,2/4/2024 19:00,B-A,P,ADI,TD-300E300B008K,LT6203CCPC-A0Z,20544,ADI5860P,A,2024-ADN-02-G089,TUBE,N,6,1,56.00 X 50.00,,CZ0141
ADNPR1518.1,2024,6,2,140,140,QFN,6525761.1,2/5/2024 19:00,B-A,P,ADI,TD-300E300B008K,LT6221CCPC-A0Z,14893,ADI5829P,A,2024-ADN-02-G126,TUBE,N,6,1,62.00 X 46.00,,CZ0141
ADNPR1517.1,2024,6,2,140,140,QFN,6525762.1,2/5/2024 19:00,B-A,P,ADI,TD-300E300B008K,LT6231ICPC-A0Z,5919,ADI5834P,A,2024-ADN-02-G112,TUBE,N,6,1,58.00 X 56.00,,CZ0141
ADNPR2659.1,2024,8,3,140,140,QFN,6541991.1,2/20/2024 19:00,B-A,P,ADI,TD-300E300B008K,LT6231ICPC-A0Z,13853,ADI5834P,A,2024-ADN-03-G005,TUBE,N,6,1,58.00 X 56.00,,CZ0141
ADNPR2024.1,2024,7,1,140,140,QFN,6537258.1,2/11/2024 19:00,B-A,P,ADI,TD-300E300B008K,LT8570ECPC-A0Z,15438,ADI6323P,A,2024-ADN-02-G172,TUBE,N,6,1,65.00 X 60.00,,CZ0141
ADNPR2499.1,2024,7,7,140,140,QFN,6542008.1,2/17/2024 19:00,B-A,P,ADI,TD-300E300B008K,LT8580ECPC-A0Z,22439,ADI5832P,A,2024-ADN-02-G223,TUBE,N,6,1,65.00 X 60.00,,CZ0141
ADNPR1548.1,2024,6,2,140,140,QFN,6525775.1,2/5/2024 19:00,B-A,P,ADI,TD-300E300B008K,LT8580ICPC-A0Z,27878,ADI5832P,A,2024-ADN-02-G112,TUBE,N,6,1,65.00 X 60.00,,CZ0141
ADNPR1536.1,2024,6,2,140,140,QFN,6525806.1,2/5/2024 19:00,B-A,P,ADI,TD-300E300B008K,LTC1440ICPC-A0Z,28102,ADI5859P,A,2024-ADN-02-G101,TUBE,N,6,1,57.00 X 52.00,,CZ0141
ADNPR1535.1,2024,6,2,140,140,QFN,6525807.1,2/5/2024 19:00,B-A,P,ADI,TD-300E300B008K,LTC1540ICPC-A0Z,37394,ADI5940P,A,2024-ADN-02-G112,TUBE,N,6,1,57.00 X 52.00,,CZ0141
ADNPR2195.1,2024,7,4,140,140,QFN,6537235.1,2/14/2024 19:00,B-A,P,ADI,TD-300E300B008K,LTC2055ICPC-A0Z,9948,ADI5984P,A,2024-ADN-02-G209,TUBE,N,6,1,61.00 X 69.00,,CZ0141
A5PPR0239.1,2024,6,5,140,140,QFN,6525824.1,2/8/2024 19:00,B-A,P,ADI,TD-300E300B008K,LTC2641-12CCPC-A0Z,8932,ADI5983P,A,2024-A5P-02-G049,TUBE,N,6,1,62.00 X 78.00,,CZ0141
ADNPR1928.1,2024,6,6,140,140,QFN,6525828.1,2/9/2024 19:00,B-A,P,ADI,TD-300E300B008K,LTC2851CCPC-A0Z,8409,ADI4402P,A,2024-ADN-02-G172,TUBE,N,6,1,62.00 X 82.00,,CZ0141
ADNPR2535.1,2024,8,2,140,140,QFN,6542045.1,2/19/2024 19:00,B-A,P,ADI,TD-300E300B008K,LTC2851CCPC-A0Z,4239,ADI4402P,A,2024-ADN-02-G237,TUBE,N,6,1,62.00 X 82.00,,CZ0141
ADNPR2739.1,2024,8,4,140,140,QFN,6542046.1,2/21/2024 19:00,B-A,P,ADI,TD-300E300B008K,LTC2856-2ICPC-A0Z,8518,ADI7027P,A,2024-ADN-03-G014,TUBE,N,6,1,62.00 X 82.00,,CZ0141
ADNPR1670.1,2024,6,3,140,140,QFN,6525837.1,2/6/2024 19:00,B-A,P,ADI,TD-300E300B008K,LTC2862-1HCPC-A0Z,16166,ADI5815P,A,2024-ADN-02-G133,TUBE,N,6,1,65.00 X 87.00,,CZ0141
ADNPR2968.1,2024,9,1,140,140,QFN,6547591.1,2/25/2024 19:00,B-A,P,ADI,TD-300E300B008K,LTC2862-1ICPC-A0Z,20339,ADI5815P,A,2024-ADN-03-G046,TUBE,N,6,1,65.00 X 87.00,,CZ0141
ADNPR1669.1,2024,6,3,140,140,QFN,6525838.1,2/6/2024 19:00,B-A,P,ADI,TD-300E300B008K,LTC2862A-1ICPC-A0Z,12115,ADI5936P,A,2024-ADN-02-G133,TUBE,N,6,1,65.00 X 87.00,,CZ0141
ADNPR2498.1,2024,7,7,140,140,QFN,6542047.1,2/17/2024 19:00,B-A,P,ADI,TD-300E300B008K,LTC2863-1ICPC-A0Z,28208,ADI5966P,A,2024-ADN-02-G231,TUBE,N,6,1,65.00 X 87.00,,CZ0141
ADNPR1534.1,2024,6,2,140,140,QFN,6525842.1,2/5/2024 19:00,B-A,P,ADI,TD-300E300B008K,LTC2875ICPC-A1Z,27044,ADI5912P,A,2024-ADN-02-G115,TUBE,N,8,1,66.3 X 67.3,,CZ0141
ADNPR1828.1,2024,6,5,140,140,QFN,6525875.1,2/8/2024 19:00,B-A,P,ADI,TD-300E300B008K,LTC3499BECPC-A0Z,12131,ADI6149P,A,2024-ADN-02-G147,TUBE,N,6,1,62.00 X 84.00,,CZ0141
ADNPR2964.1,2024,9,1,140,140,QFN,6547565.1,2/25/2024 19:00,B-A,P,ADI,TD-300E300B008K,LTC3606BECPC-A0Z,19398,ADI6308P,A,2024-ADN-03-G026,TUBE,N,6,1,44.00 X 72.00,,CZ0141
ADNPR2857.1,2024,8,6,140,140,QFN,6547563.1,2/23/2024 19:00,B-A,P,ADI,TD-300E300B008K,LTC3624-2ECPC-A1Z,10280,ADI5837P,A,2024-ADN-03-G036,TUBE,N,8,1,48.3 X 86.3,,CZ0141
ADNPR2751.1,2024,8,4,140,140,QFN,6542076.1,2/21/2024 19:00,B-A,P,ADI,TD-300E300B008K,LTC3624-5ICPC-A1Z,10106,ADI7445P,A,2024-ADN-03-G026,TUBE,N,8,1,48.30 X 86.30,,CZ0141
ADNPR1588.1,2024,6,1,140,140,QFN,6525896.1,2/4/2024 19:00,B-A,P,ADI,TD-300E300B008K,LTC3624ICPC-A1Z,10262,ADI5853P,A,2024-ADN-02-G097,TUBE,N,8,1,48.3 X 86.3,,CZ0141
ADNPR1642.1,2024,6,2,140,140,QFN,6525897.1,2/5/2024 19:00,B-A,P,ADI,TD-300E300B008K,LTC3631ECPC-A0Z,28182,ADI5817P,A,2024-ADN-02-G112,TUBE,N,6,1,54.00 X 44.00,,CZ0141
ADNPR1587.1,2024,6,1,140,140,QFN,6525900.1,2/4/2024 19:00,B-A,P,ADI,TD-300E300B008K,LTC3642ECPC-A0Z,29004,ADI5945P,A,2024-ADN-02-G097,TUBE,N,6,1,54.00 X 44.00,,CZ0141
ADNPR2437.1,2024,7,6,140,140,QFN,6542079.1,2/16/2024 19:00,B-A,P,ADI,TD-300E300B008K,LTC3642ECPC-A0Z,28924,ADI5945P,A,2024-ADN-02-G223,TUBE,N,6,1,54.00 X 44.00,,CZ0141
ADNPR2524.1,2024,8,1,140,140,QFN,6542080.1,2/18/2024 19:00,B-A,P,ADI,TD-300E300B008K,LTC3642ECPC-A0Z,46828,ADI5945P,A,2024-ADN-02-G226,TUBE,N,6,1,54.00 X 44.00,,CZ0141
ADNPR1827.1,2024,6,5,140,140,QFN,6525943.1,2/8/2024 19:00,B-A,P,ADI,TD-300E300B008K,LTC4300A-3CCPC-A0Z,6035,ADI6119P,A,2024-ADN-02-G147,TUBE,N,6,1,43.00 X 83.00,,CZ0141
ADNPR2026.1,2024,7,1,140,140,QFN,6537157.1,2/11/2024 19:00,B-A,P,ADI,TD-300E300B008K,LTC4301LICPC-A0Z,11740,ADI6508P,A,2024-ADN-02-G172,TUBE,N,6,1,45.00 X 84.00,,CZ0141
ADNPR1638.1,2024,6,2,140,140,QFN,6525944.1,2/5/2024 19:00,B-A,P,ADI,TD-300E300B008K,LTC4303ICPC-A0Z,13070,ADI6500P,A,2024-ADN-02-G112,TUBE,N,6,1,62.00 X 84.00,,CZ0141
ADNPR1637.1,2024,6,2,140,140,QFN,6525948.1,2/5/2024 19:00,B-A,P,ADI,TD-300E300B008K,LTC4367CCPC-A0Z,13423,ADI5833P,A,2024-ADN-02-G112,TUBE,N,6,1,54.00 X 84.00,,CZ0141
ADNPR2027.1,2024,7,1,140,140,QFN,6537155.1,2/11/2024 19:00,B-A,P,ADI,TD-300E300B008K,LTC4367CCPC-A0Z,13239,ADI5833P,A,2024-ADN-02-G177,TUBE,N,6,1,54.00 X 84.00,,CZ0141
ADNPR1636.1,2024,6,2,140,140,QFN,6525949.1,2/5/2024 19:00,B-A,P,ADI,TD-300E300B008K,LTC4367ICPC-A0Z,4467,ADI5833P,A,2024-ADN-02-G130,TUBE,N,6,1,54.00 X 84.00,,CZ0141
ADNPR2029.1,2024,7,1,140,140,QFN,6537154.1,2/11/2024 19:00,B-A,P,ADI,TD-300E300B008K,LTC4367ICPC-A0Z,8929,ADI5833P,A,2024-ADN-02-G191,TUBE,N,6,1,54.00 X 84.00,,CZ0141
ADNPR2243.1,2024,7,4,140,140,QFN,6537152.1,2/14/2024 19:00,B-A,P,ADI,TD-300E300B008K,LTC4373ICPC-A0Z,3696,ADI6151P,B,2024-ADN-02-G216,TUBE,N,6,1,64.00 X 90.00,,CZ0141
ADNPR2518.1,2024,8,1,140,140,QFN,6542119.1,2/18/2024 19:00,B-A,P,ADI,TD-300E300B008K,LTC6102-1ICPC-A0Z,18186,ADI5968P,A,2024-ADN-02-G223,TUBE,N,6,1,53.00 X 65.00,,CZ0141
ADNPR2241.1,2024,7,4,140,140,QFN,6537145.1,2/14/2024 19:00,B-A,P,ADI,TD-300E300B008K,LTC6102HVICPC-A0Z,28220,ADI6283P,A,2024-ADN-02-G209,TUBE,N,6,1,53.00 X 59.00,,CZ0141
ADNPR2036.1,2024,7,1,140,140,QFN,6537144.1,2/11/2024 19:00,B-A,P,ADI,TD-300E300B008K,LTC6241ICPC-A0Z,21760,ADI6076P,A,2024-ADN-02-G172,TUBE,N,6,1,62.00 X 66.00,,CZ0141
ADNPR3081.1,2024,9,4,140,140,QFN,6547534.1,2/28/2024 19:00,B-A,P,ADI,TD-300E300B008K,LTC6241ICPC-A0Z,17829,ADI6076P,A,2024-ADN-03-G058,TUBE,N,6,1,62.00 X 66.00,,CZ0141
ADNPR3082.1,2024,9,4,140,140,QFN,6547535.1,2/28/2024 19:00,B-A,P,ADI,TD-300E300B008K,LTC6241ICPC-A0Z,9610,ADI6076P,A,2024-ADN-03-G058,TUBE,N,6,1,62.00 X 66.00,,CZ0141
ADNPR3015.1,2024,9,2,140,140,QFN,6547533.1,2/26/2024 19:00,B-A,P,ADI,TD-300E300B008K,LTC6244ICPC-A0Z,9839,ADI5846P,A,2024-ADN-03-G042,TUBE,N,6,1,54.00 X 66.00,,CZ0141
ADNPR2421.1,2024,7,6,140,140,QFN,6542120.1,2/16/2024 19:00,B-A,P,ADI,TD-300E300B008K,LTC6362ICPC-A0Z,33909,ADI5848P,A,2024-ADN-02-G223,TUBE,N,8,1,36.00 X 56.00,,CZ0141
ADNPR1700.1,2024,6,4,140,140,QFN,6525672.1,2/7/2024 19:00,B-A,P,ADI,TD-300E300B010K,LT1618ECPC-A0Z,34186,ADI7161P,A,2024-ADN-02-G124,TUBE,N,6,1,61.00 X 78.00,,CZ0141
ADNPR1701.1,2024,6,4,140,140,QFN,6525673.1,2/7/2024 19:00,B-A,P,ADI,TD-300E300B010K,LT1618ECPC-A0Z,34200,ADI7161P,A,2024-ADN-02-G126,TUBE,N,6,1,61.00 X 78.00,,CZ0141
ADNPR1702.1,2024,6,4,140,140,QFN,6525674.1,2/7/2024 19:00,B-A,P,ADI,TD-300E300B010K,LT1618ECPC-A0Z,38404,ADI7161P,A,2024-ADN-02-G124,TUBE,N,6,1,61.00 X 78.00,,CZ0141
ADNPR2240.1,2024,7,4,140,140,QFN,6537340.1,2/14/2024 19:00,B-A,P,ADI,TD-300E300B010K,LT1618ECPC-A0Z,30041,ADI7161P,A,2024-ADN-02-G209,TUBE,N,6,1,61.00 X 78.00,,CZ0141
ADNPR2789.1,2024,8,5,140,140,QFN,6541943.1,2/22/2024 19:00,B-A,P,ADI,TD-300E300B010K,LT1991AICPC-A0Z,9269,ADI6881P,A,2024-ADN-03-G026,TUBE,N,6,1,62.00 X 84.00,,CZ0143
ADNPR2436.1,2024,7,6,140,140,QFN,6541945.1,2/16/2024 19:00,B-A,P,ADI,TD-300E300B010K,LT1991HCPC-A0Z,19838,ADI6881P,A,2024-ADN-02-G223,TUBE,N,6,1,62.00 X 84.00,,CZ0143
ADNPR2616.1,2024,8,3,140,140,QFN,6541944.1,2/20/2024 19:00,B-A,P,ADI,TD-300E300B010K,LT1991HCPC-A0Z,12742,ADI6881P,A,2024-ADN-03-G002,TUBE,N,6,1,62.00 X 84.00,,CZ0143
ADNPR2816.1,2024,8,5,140,140,QFN,6541948.1,2/22/2024 19:00,B-A,P,ADI,TD-300E300B010K,LT3011ICPC-A0Z,14878,ADI6989P,A,2024-ADN-03-G020,TUBE,N,6,1,61.00 X 81.00,,CZ0141
ADNPR1761.1,2024,6,4,140,140,QFN,6525682.1,2/7/2024 19:00,B-A,P,ADI,TD-300E300B010K,LT3042ECPC-A0Z,16061,ADI7213P,B,2024-ADN-02-G115,TUBE,N,6,1,62.00 X 70.00,,CZ0141
ADNPR2252.1,2024,7,4,140,140,QFN,6537331.1,2/14/2024 19:00,B-A,P,ADI,TD-300E300B010K,LT3042ECPC-A0Z,19428,ADI7213P,B,2024-ADN-02-G199,TUBE,N,6,1,62.00 X 70.00,,CZ0141
ADNPR2990.1,2024,9,2,140,140,QFN,6546517.1,2/26/2024 19:00,B-A,P,ADI,TD-300E300B010K,LT3042HCPC-A0Z,7889,ADI7213P,B,2024-ADN-03-G042,TUBE,N,6,1,62.00 X 70.00,,CZ0141
ADNPR1868.1,2024,6,5,140,140,QFN,6525684.1,2/8/2024 19:00,B-A,P,ADI,TD-300E300B010K,LT3045ICPC-A0Z,18796,ADI7217P,A,2024-ADN-02-G133,TUBE,N,6,1,62.00 X 91.00,,CZ0141
ADNPR2287.1,2024,7,4,140,140,QFN,6537326.1,2/14/2024 19:00,B-A,P,ADI,TD-300E300B010K,LT3065ICPC-A0Z,24491,ADI7180P,A,2024-ADN-02-G204,TUBE,N,6,1,49.00 X 94.00,,CZ0141
ADNPR1452.1,2024,5,6,140,140,QFN,6525698.1,2/2/2024 19:00,B-A,P,ADI,TD-300E300B010K,LT3471ECPC-A0Z,20850,ADI7192P,A,2024-ADN-02-G084,TUBE,N,6,1,56.00 X 94.00,,CZ0141
ADNPR2049.1,2024,7,2,140,140,QFN,6537314.1,2/12/2024 19:00,B-A,P,ADI,TD-300E300B010K,LT3471ECPC-A0Z,29091,ADI7192P,A,2024-ADN-02-G191,TUBE,N,6,1,56.00 X 94.00,,CZ0141
ADNPR1935.1,2024,6,7,140,140,QFN,6525721.1,2/10/2024 19:00,B-A,P,ADI,TD-300E300B010K,LT3684ECPC-A0Z,12205,ADI7171P,B,2024-ADN-02-G172,TUBE,N,6,1,55.00 X 65.00,,CZ0141
ADNPR1936.1,2024,6,7,140,140,QFN,6525722.1,2/10/2024 19:00,B-A,P,ADI,TD-300E300B010K,LT3684ECPC-A0Z,18574,ADI7171P,B,2024-ADN-02-G172,TUBE,N,6,1,55.00 X 65.00,,CZ0141
ADNPR2464.1,2024,7,7,140,140,QFN,6541970.1,2/17/2024 19:00,B-A,P,ADI,TD-300E300B010K,LT3684ECPC-A0Z,18433,ADI7171P,B,2024-ADN-02-G223,TUBE,N,6,1,55.00 X 65.00,,CZ0141
ADNPR2107.1,2024,7,2,140,140,QFN,6537298.1,2/12/2024 19:00,B-A,P,ADI,TD-300E300B010K,LT3758AECPC-A0Z,16083,ADI6887P,A,2024-ADN-02-G191,TUBE,N,6,1,44.00 X 60.00,,CZ0141
ADNPR2182.1,2024,7,3,140,140,QFN,6537297.1,2/13/2024 19:00,B-A,P,ADI,TD-300E300B010K,LT3758AECPC-A0Z,8163,ADI6887P,A,2024-ADN-02-G204,TUBE,N,6,1,44.00 X 60.00,,CZ0141
ADNPR2249.1,2024,7,4,140,140,QFN,6537296.1,2/14/2024 19:00,B-A,P,ADI,TD-300E300B010K,LT3758ECPC-A0Z,8049,ADI6890P,A,2024-ADN-02-G216,TUBE,N,6,1,44.00 X 60.00,,CZ0141
ADNPR2800.1,2024,8,5,140,140,QFN,6541973.1,2/22/2024 19:00,B-A,P,ADI,TD-300E300B010K,LT3758ICPC-A0Z,23628,ADI6890P,A,2024-ADN-03-G020,TUBE,N,6,1,44.00 X 60.00,,CZ0141
ADNPR2835.1,2024,8,6,140,140,QFN,6541974.1,2/23/2024 19:00,B-A,P,ADI,TD-300E300B010K,LT3973ICPC-A0Z,14017,ADI7221P,A,2024-ADN-03-G036,TUBE,N,6,1,62.00 X 70.00,,CZ0141
ADNPR2991.1,2024,9,2,140,140,QFN,6547651.1,2/26/2024 19:00,B-A,P,ADI,TD-300E300B010K,LT3990ECPC-A0Z,7085,ADI6967P,A,2024-ADN-03-G042,TUBE,N,6,1,28.00 X 91.00,,CZ0141
ADNPR1506.1,2024,6,1,140,140,QFN,6525740.1,2/4/2024 19:00,B-A,P,ADI,TD-300E300B010K,LT3990ICPC-A0Z,8238,ADI6967P,A,2024-ADN-02-G089,TUBE,N,6,1,28.00 X 91.00,,CZ0141
ADNPR1674.1,2024,6,3,140,140,QFN,6525739.1,2/6/2024 19:00,B-A,P,ADI,TD-300E300B010K,LT3990ICPC-A0Z,16320,ADI6967P,A,2024-ADN-02-G130,TUBE,N,6,1,28.00 X 91.00,,CZ0141
ADNPR1516.1,2024,6,2,140,140,QFN,6525763.1,2/5/2024 19:00,B-A,P,ADI,TD-300E300B010K,LT6370ICPC-A0Z,5199,ADI7190P,A,2024-ADN-02-G112,TUBE,N,6,1,65.00 X 94.00,,CZ0141
ADNPR2164.1,2024,7,3,140,140,QFN,6537262.1,2/13/2024 19:00,B-A,P,ADI,TD-300E300B010K,LT8362ECPC-A1Z,19609,ADI6908P,A,2024-ADN-02-G191,TUBE,N,8,1,50.3 X 85.3,,CZ0141
ADNPR2752.1,2024,8,4,140,140,QFN,6542005.1,2/21/2024 19:00,B-A,P,ADI,TD-300E300B010K,LT8362ICPC-A1Z,9587,ADI6908P,A,2024-ADN-03-G009,TUBE,N,8,1,50.3 X 85.3,,CZ0141
A5PPR0335.1,2024,8,3,140,140,QFN,6544295.1,2/20/2024 19:00,B-A,P,ADI,TD-300E300B010K,LTC2484CCPC-A1Z,31075,ADI7040P,A,2024-A5P-03-G006,TUBE,N,8,1,47.10 X 84.10,,CZ0141
A5PPR0336.1,2024,8,3,140,140,QFN,6544296.1,2/20/2024 19:00,B-A,P,ADI,TD-300E300B010K,LTC2484CCPC-A1Z,20698,ADI7040P,A,2024-A5P-02-G079,TUBE,N,8,1,47.10 X 84.10,,CZ0141
A5PPR0337.1,2024,8,3,140,140,QFN,6543685.1,2/20/2024 19:00,B-A,P,ADI,TD-300E300B010K,LTC2484ICPC-A1Z,31259,ADI7040P,A,2024-A5P-03-G001,TUBE,N,8,1,47.10 X 84.10,,CZ0141
A5PPR0338.1,2024,8,3,140,140,QFN,6543686.1,2/20/2024 19:00,B-A,P,ADI,TD-300E300B010K,LTC2484ICPC-A1Z,31177,ADI7040P,A,2024-A5P-03-G001,TUBE,N,8,1,47.10 X 84.10,,CZ0141
A5PPR0339.1,2024,8,3,140,140,QFN,6543687.1,2/20/2024 19:00,B-A,P,ADI,TD-300E300B010K,LTC2484ICPC-A1Z,9493,ADI7040P,A,2024-A5P-03-G002,TUBE,N,8,1,47.10 X 84.10,,CZ0141
A5PPR0383.1,2024,9,2,140,140,QFN,6547597.1,2/26/2024 19:00,B-A,P,ADI,TD-300E300B010K,LTC2601ICPC-A0Z,4204,ADI7214P,A,2024-A5P-03-G018,TUBE,N,6,1,47.00 X 76.00,,CZ0141
ADNPR3063.1,2024,9,4,140,140,QFN,6547593.1,2/28/2024 19:00,B-A,P,ADI,TD-300E300B010K,LTC2854CCPC-A0Z,33333,ADI6909P,B,2024-ADN-03-G054,TUBE,N,6,1,62.00 X 94.00,,CZ0141
ADNPR1671.1,2024,6,3,140,140,QFN,6525831.1,2/6/2024 19:00,B-A,P,ADI,TD-300E300B010K,LTC2854ICPC-A0Z,18949,ADI6909P,B,2024-ADN-02-G130,TUBE,N,6,1,62.00 X 94.00,,CZ0141
ADNPR1672.1,2024,6,3,140,140,QFN,6525832.1,2/6/2024 19:00,B-A,P,ADI,TD-300E300B010K,LTC2854ICPC-A0Z,26589,ADI6909P,B,2024-ADN-02-G115,TUBE,N,6,1,62.00 X 94.00,,CZ0141
ADNPR2355.1,2024,7,5,140,140,QFN,6539807.1,2/15/2024 19:00,B-A,P,ADI,TD-300E300B010K,LTC2859ICPC-A0Z,11284,ADI6971P,A,2024-ADN-02-G216,TUBE,N,6,1,62.00 X 94.00,,CZ0141
ADNPR2106.1,2024,7,2,140,140,QFN,6537209.1,2/12/2024 19:00,B-A,P,ADI,TD-300E300B010K,LTC2864-1HCPC-A0Z,15561,ADI6963P,A,2024-ADN-02-G191,TUBE,N,6,1,65.00 X 87.00,,CZ0141
ADNPR2799.1,2024,8,5,140,140,QFN,6542049.1,2/22/2024 19:00,B-A,P,ADI,TD-300E300B010K,LTC2900-1CCPC-A0Z,4647,ADI6883P,A,2024-ADN-03-G023,TUBE,N,6,1,52.00 X 81.00,,CZ0141
ADNPR1951.1,2024,6,6,140,140,QFN,6525853.1,2/9/2024 19:00,B-A,P,ADI,TD-300E300B010K,LTC2996ICPC-A0Z,4175,ADI6892P,A,2024-ADN-02-G168,TUBE,N,6,1,63.00 X 48.00,,CZ0141
ADNPR1677.1,2024,6,3,140,140,QFN,6525855.1,2/6/2024 19:00,B-A,P,ADI,TD-300E300B010K,LTC3026ECPC-A0Z,33754,ADI7205P,A,2024-ADN-02-G115,TUBE,N,6,1,60.00 X 67.00,,CZ0141
ADNPR1699.1,2024,6,4,140,140,QFN,6525856.1,2/7/2024 19:00,B-A,P,ADI,TD-300E300B010K,LTC3026ECPC-A0Z,27705,ADI7205P,A,2024-ADN-02-G133,TUBE,N,6,1,60.00 X 67.00,,CZ0141
ADNPR2046.1,2024,7,2,140,140,QFN,6537203.1,2/12/2024 19:00,B-A,P,ADI,TD-300E300B010K,LTC3026ECPC-A0Z,16391,ADI7205P,A,2024-ADN-02-G191,TUBE,N,6,1,60.00 X 67.00,,CZ0141
ADNPR3018.1,2024,9,3,140,140,QFN,6547581.1,2/27/2024 19:00,B-A,P,ADI,TD-300E300B010K,LTC3026ICPC-A0Z,16705,ADI7205P,A,2024-ADN-03-G046,TUBE,N,6,1,60.00 X 67.00,,CZ0141
ADNPR1942.1,2024,6,6,140,140,QFN,6525868.1,2/9/2024 19:00,B-A,P,ADI,TD-300E300B010K,LTC3407-2ICPC-A0Z,26110,ADI7242P,A,2024-ADN-02-G159,TUBE,N,6,1,62.00 X 68.00,,CZ0141
ADNPR3017.1,2024,9,3,140,140,QFN,6547571.1,2/27/2024 19:00,B-A,P,ADI,TD-300E300B010K,LTC3407A-2ECPC-A0Z,40555,ADI7300P,A,2024-ADN-03-G046,TUBE,N,6,1,62.00 X 68.00,,CZ0141
ADNPR1695.1,2024,6,4,140,140,QFN,6525872.1,2/7/2024 19:00,B-A,P,ADI,TD-300E300B010K,LTC3447ECPC-A0Z,21194,ADI7385P,A,2024-ADN-02-G133,TUBE,N,6,1,40.00 X 77.0,,CZ0141
ADNPR1696.1,2024,6,4,140,140,QFN,6525873.1,2/7/2024 19:00,B-A,P,ADI,TD-300E300B010K,LTC3447ECPC-A0Z,7012,ADI7385P,A,2024-ADN-02-G133,TUBE,N,6,1,40.00 X 77.0,,CZ0141
ADNPR2463.1,2024,7,7,140,140,QFN,6542069.1,2/17/2024 19:00,B-A,P,ADI,TD-300E300B010K,LTC3447ECPC-A0Z,19635,ADI7385P,A,2024-ADN-02-G237,TUBE,N,6,1,40.00 X 77.0,,CZ0141
ADNPR2358.1,2024,7,5,140,140,QFN,6534641.1,2/15/2024 19:00,B-A,P,ADI,TD-300E300B010K,LTC3536ECPC-A0Z,10608,ADI6973P,A,2024-ADN-02-G211,TUBE,N,6,1,50.00 X 83.00,,CZ0141
ADNPR2363.1,2024,7,5,140,140,QFN,6537189.1,2/15/2024 19:00,B-A,P,ADI,TD-300E300B010K,LTC3536ECPC-A0Z,10799,ADI6973P,A,2024-ADN-02-G209,TUBE,N,6,1,50.00 X 83.00,,CZ0141
ADNPR2733.1,2024,8,4,140,140,QFN,6542071.1,2/21/2024 19:00,B-A,P,ADI,TD-300E300B010K,LTC3536ECPC-A0Z,10778,ADI6973P,A,2024-ADN-03-G005,TUBE,N,6,1,50.00 X 83.00,,CZ0141
ADNPR2289.1,2024,7,4,140,140,QFN,6537188.1,2/14/2024 19:00,B-A,P,ADI,TD-300E300B010K,LTC3536ICPC-A0Z,10783,ADI6973P,A,2024-ADN-02-G199,TUBE,N,6,1,50.00 X 83.00,,CZ0141
ADNPR2734.1,2024,8,4,140,140,QFN,6542072.1,2/21/2024 19:00,B-A,P,ADI,TD-300E300B010K,LTC3536ICPC-A0Z,16044,ADI6973P,A,2024-ADN-03-G005,TUBE,N,6,1,50.00 X 83.00,,CZ0141
ADNPR3045.1,2024,9,4,140,140,QFN,6547569.1,2/28/2024 19:00,B-A,P,ADI,TD-300E300B010K,LTC3536ICPC-A0Z,15930,ADI6973P,A,2024-ADN-03-G054,TUBE,N,6,1,50.00 X 83.00,,CZ0141
ADNPR2163.1,2024,7,3,140,140,QFN,6537176.1,2/13/2024 19:00,B-A,P,ADI,TD-300E300B010K,LTC3805-5ICPC-A0Z,16086,ADI6903P,A,2024-ADN-02-G191,TUBE,N,6,1,37.00 X 73.00,,CZ0141
ADNPR2858.1,2024,8,6,140,140,QFN,6547562.1,2/23/2024 19:00,B-A,P,ADI,TD-300E300B010K,LTC3805ECPC-A0Z,14081,ADI6900P,A,2024-ADN-03-G042,TUBE,N,6,1,37.00 X 73.00,,CZ0141
ADNPR2779.1,2024,8,4,140,140,QFN,6542099.1,2/21/2024 19:00,B-A,P,ADI,TD-300E300B010K,LTC4063ECPC-A0Z,7168,ADI6962P,A,2024-ADN-03-G023,TUBE,N,6,1,65.00 X 72.00,,CZ0141
ADNPR1639.1,2024,6,2,140,140,QFN,6525930.1,2/5/2024 19:00,B-A,P,ADI,TD-300E300B010K,LTC4079ECPC-A0Z,38454,ADI6979P,A,2024-ADN-02-G101,TUBE,N,6,1,55.00 X 76.00,,CZ0141
ADNPR1640.1,2024,6,2,140,140,QFN,6525931.1,2/5/2024 19:00,B-A,P,ADI,TD-300E300B010K,LTC4079ECPC-A0Z,21912,ADI6979P,A,2024-ADN-02-G112,TUBE,N,6,1,55.00 X 76.00,,CZ0141
ADNPR1693.1,2024,6,4,140,140,QFN,6525928.1,2/7/2024 19:00,B-A,P,ADI,TD-300E300B010K,LTC4079ECPC-A0Z,38387,ADI6979P,A,2024-ADN-02-G143,TUBE,N,6,1,55.00 X 76.00,,CZ0141
ADNPR1694.1,2024,6,4,140,140,QFN,6525929.1,2/7/2024 19:00,B-A,P,ADI,TD-300E300B010K,LTC4079ECPC-A0Z,27399,ADI6979P,A,2024-ADN-02-G140,TUBE,N,6,1,55.00 X 76.00,,CZ0141
ADNPR2062.1,2024,7,2,140,140,QFN,6537166.1,2/12/2024 19:00,B-A,P,ADI,TD-300E300B010K,LTC4079ECPC-A0Z,16453,ADI6979P,A,2024-ADN-02-G191,TUBE,N,6,1,55.00 X 76.00,,CZ0141
ADNPR2989.1,2024,9,2,140,140,QFN,6547550.1,2/26/2024 19:00,B-A,P,ADI,TD-300E300B010K,LTC4079ECPC-A0Z,27490,ADI6979P,A,2024-ADN-03-G042,TUBE,N,6,1,55.00 X 76.00,,CZ0141
ADNPR1835.1,2024,6,5,140,140,QFN,6525932.1,2/8/2024 19:00,B-A,P,ADI,TD-300E300B010K,LTC4079ICPC-A0Z,16396,ADI6979P,A,2024-ADN-02-G143,TUBE,N,6,1,55.00 X 76.00,,CZ0141
ADNPR2157.1,2024,7,3,140,140,QFN,6537165.1,2/13/2024 19:00,B-A,P,ADI,TD-300E300B010K,LTC4151CCPC-A0Z,8485,ADI6981P,A,2024-ADN-02-G191,TUBE,N,6,1,61.00 X 87.00,,CZ0141
ADNPR2611.1,2024,8,3,140,140,QFN,6542100.1,2/20/2024 19:00,B-A,P,ADI,TD-300E300B010K,LTC4151CCPC-A0Z,8446,ADI6981P,A,2024-ADN-03-G005,TUBE,N,6,1,61.00 X 87.00,,CZ0141
ADNPR2992.1,2024,9,2,140,140,QFN,6547548.1,2/26/2024 19:00,B-A,P,ADI,TD-300E300B010K,LTC4151CCPC-A0Z,8275,ADI6981P,A,2024-ADN-03-G042,TUBE,N,6,1,61.00 X 87.00,,CZ0141
ADNPR1958.1,2024,6,6,140,140,QFN,6525950.1,2/9/2024 19:00,B-A,P,ADI,TD-300E300B010K,LTC4380-1HCPC-A0Z,3281,ADI7136P,A,2024-ADN-02-G168,TUBE,N,6,1,54.00 X 81.00,,CZ0141
ADNPR2855.1,2024,8,6,140,140,QFN,6547538.1,2/23/2024 19:00,B-A,P,ADI,TD-300E300B010K,LTC4413ECPC-A0Z,27587,ADI7166P,A,2024-ADN-03-G036,TUBE,N,6,1,55.00 X 94.00,,CZ0141
ADNPR1836.1,2024,6,5,140,140,QFN,6525956.1,2/8/2024 19:00,B-A,P,ADI,TD-300E300B010K,LTC4419CCPC-A0Z,5877,ADI7378P,A,2024-ADN-02-G159,TUBE,N,6,1,71.00 X 98.00,,CZ0141
ADNPR2495.1,2024,7,7,140,140,QFN,6542117.1,2/17/2024 19:00,B-A,P,ADI,TD-300E300B010K,LTC6081ICPC-A0Z,6997,ADI6913P,A,2024-ADN-02-G223,TUBE,N,6,1,54.0 X 58.00,,CZ0141
ADNPR2496.1,2024,7,7,140,140,QFN,6542118.1,2/17/2024 19:00,B-A,P,ADI,TD-300E300B010K,LTC6081ICPC-A0Z,13555,ADI6913P,A,2024-ADN-02-G231,TUBE,N,6,1,54.0 X 58.00,,CZ0141
ADNPR3016.1,2024,9,2,140,140,QFN,6545699.1,2/26/2024 19:00,B-A,P,ADI,TD-300E300B010K,LTC6269ICPC-A0Z,3762,ADI7159P,A,2024-ADN-03-G058,TUBE,N,8,1,58.00 X 50.00,,CZ0141
ADNPR2522.1,2024,8,1,140,140,QFN,6541946.1,2/18/2024 19:00,B-A,P,ADI,TD-300E300M012K,LT2940CCPC-A1Z,3027,ADI5269P,B,2024-ADN-02-G223,TUBE,N,6,1,67.00 X 93.00,,CZ0141
ADNPR2523.1,2024,8,1,140,140,QFN,6541947.1,2/18/2024 19:00,B-A,P,ADI,TD-300E300M012K,LT2940CCPC-A1Z,2738,ADI5269P,B,2024-ADN-02-G223,TUBE,N,6,1,67.00 X 93.00,,CZ0141
ADNPR1495.1,2024,6,1,140,140,QFN,6525696.1,2/4/2024 19:00,B-A,P,ADI,TD-300E300M012K,LT3093ECPC-A0Z,19068,ADI5445P,A,2024-ADN-02-G089,TUBE,N,6,1,65.00 X 83.00,,CZ0141
ADNPR3067.1,2024,9,4,140,140,QFN,6547663.1,2/28/2024 19:00,B-A,P,ADI,TD-300E300M012K,LT3094ECPC-A0Z,29258,ADI5260P,A,2024-ADN-03-G054,TUBE,N,6,1,65.00 X 94.00,,CZ0141
ADNPR3160.1,2024,9,4,140,140,QFN,6546514.1,2/28/2024 19:00,B-A,P,ADI,TD-300E300M012K,LT3650-82ECPC-A0Z,7606,ADI5368P,A,2024-ADN-03-G058,TUBE,N,6,1,65.00 X 79.00,,CZ0141
ADNPR2051.1,2024,7,2,140,140,QFN,6537301.1,2/12/2024 19:00,B-A,P,ADI,TD-300E300M012K,LT3650-84ECPC-A0Z,15755,ADI5886P,A,2024-ADN-02-G191,TUBE,N,6,1,65.00 X 79.00,,CZ0141
ADNPR1438.1,2024,5,6,140,140,QFN,6525718.1,2/2/2024 19:00,B-A,P,ADI,TD-300E300M012K,LT3652ECPC-A0Z,21448,ADI5456P,A,2024-ADN-02-G089,TUBE,N,6,1,65.00 X 79.00,,CZ0141
ADNPR2052.1,2024,7,2,140,140,QFN,6537300.1,2/12/2024 19:00,B-A,P,ADI,TD-300E300M012K,LT3652ECPC-A0Z,17257,ADI5456P,A,2024-ADN-02-G191,TUBE,N,6,1,65.00 X 79.00,,CZ0141
ADNPR1762.1,2024,6,4,140,140,QFN,6527167.1,2/7/2024 19:00,B-A,P,ADI,TD-300E300M012K,LT3909ECPC-A1Z,26357,ADI5466P,A,2024-ADN-02-G124,TUBE,N,8,1,56.30 X 56.30,,CZ0141
ADNPR2519.1,2024,8,1,140,140,QFN,6542054.1,2/18/2024 19:00,B-A,P,ADI,TD-300E300M012K,LTC2930ICPC-A0Z,3352,ADI5728P,A,2024-ADN-02-G226,TUBE,N,6,1,52.00 X 91.00,,CZ0141
ADNPR2520.1,2024,8,1,140,140,QFN,6542055.1,2/18/2024 19:00,B-A,P,ADI,TD-300E300M012K,LTC2930ICPC-A0Z,3456,ADI5728P,A,2024-ADN-02-G226,TUBE,N,6,1,52.00 X 91.00,,CZ0141
ADNPR2521.1,2024,8,1,140,140,QFN,6542056.1,2/18/2024 19:00,B-A,P,ADI,TD-300E300M012K,LTC2930ICPC-A0Z,3382,ADI5728P,A,2024-ADN-02-G226,TUBE,N,6,1,52.00 X 91.00,,CZ0141
ADNPR3078.1,2024,9,4,140,140,QFN,6547586.1,2/28/2024 19:00,B-A,P,ADI,TD-300E300M012K,LTC2930ICPC-A0Z,3560,ADI5728P,A,2024-ADN-03-G054,TUBE,N,6,1,52.00 X 91.00,,CZ0141
ADNPR1561.1,2024,6,3,140,140,QFN,6525957.1,2/6/2024 19:00,B-A,P,ADI,TD-300E300M012K,LTC4425ECPC-A0Z,18439,ADI5245P,A,2024-ADN-02-G133,TUBE,N,6,1,41.00 X 81.00,,CZ0141
A5PPR0311.1,2024,7,5,140,140,QFN,6537713.1,2/15/2024 19:00,B-A,P,ADI,TD-300M300M012K,LTC5587ICPC-A0Z,11659,ADI5364P,A,2024-A5P-02-G070,TUBE,N,8,"1,1","60.00 X 28.00,53.00 X 32.00",,CZ0141
ADNPR2582.1,2024,8,2,140,140,QFN,6541939.1,2/19/2024 19:00,B-A,P,ADI,TD-400E300B012K,LT1763-25CCPC-A0Z,18950,ADI7324P,A,2024-ADN-02-G233,TUBE,N,6,1,61.00 X 100.00,,CZ0141
ADNPR2988.1,2024,9,2,140,140,QFN,6547678.1,2/26/2024 19:00,B-A,P,ADI,TD-400E300B012K,LT1763-33ICPC-A0Z,18917,ADI5971P,A,2024-ADN-03-G032,TUBE,N,6,1,61.00 X 100.00,,CZ0141
ADNPR1471.1,2024,5,7,140,140,QFN,6525676.1,2/3/2024 19:00,B-A,P,ADI,TD-400E300B012K,LT1763-5CCPC-A0Z,15241,ADI6081P,A,2024-ADN-02-G126,TUBE,N,6,1,61.00 X 100.00,,CZ0141
ADNPR3021.1,2024,9,3,140,140,QFN,6547677.1,2/27/2024 19:00,B-A,P,ADI,TD-400E300B012K,LT1763-5CCPC-A0Z,14967,ADI6081P,A,2024-ADN-03-G026,TUBE,N,6,1,61.00 X 100.00,,CZ0141
ADNPR2581.1,2024,8,2,140,140,QFN,6541940.1,2/19/2024 19:00,B-A,P,ADI,TD-400E300B012K,LT1763ICPC-A0Z,11377,ADI6057P,A,2024-ADN-02-G231,TUBE,N,6,1,61.00 X 100.00,,CZ0141
ADNPR2824.1,2024,8,5,140,140,QFN,6541949.1,2/22/2024 19:00,B-A,P,ADI,TD-400E300B012K,LT3013BECPC-A0Z,10380,ADI7452P,A,2024-ADN-03-G036,TUBE,N,6,1,65.00 X 118.00,,CZ0143
ADNPR2550.1,2024,7,7,140,140,QFN,6537285.1,2/17/2024 19:00,B-A,P,ADI,TD-400E300B012K,LT4356-1ICPC-A0Z,12345,ADI6144P,B,2024-ADN-02-G233,TUBE,N,6,1,62.00 X 78.00,,CZ0143
ADNPR2552.1,2024,7,7,140,140,QFN,6537286.1,2/17/2024 19:00,B-A,P,ADI,TD-400E300B012K,LT4356-1ICPC-A0Z,13096,ADI6144P,B,2024-ADN-02-G237,TUBE,N,6,1,62.00 X 78.00,,CZ0143
ADNPR2584.1,2024,8,2,140,140,QFN,6541980.1,2/19/2024 19:00,B-A,P,ADI,TD-400E300B012K,LT4356-1ICPC-A0Z,21133,ADI6144P,B,2024-ADN-02-G237,TUBE,N,6,1,62.00 X 78.00,,CZ0143
ADNPR2866.1,2024,8,6,140,140,QFN,6547646.1,2/23/2024 19:00,B-A,P,ADI,TD-400E300B012K,LT4356-1ICPC-A0Z,12905,ADI6144P,B,2024-ADN-03-G036,TUBE,N,6,1,62.00 X 78.00,,CZ0143
ADNPR2037.1,2024,6,7,140,140,QFN,6525747.1,2/10/2024 19:00,B-A,P,ADI,TD-400E300B012K,LT4356-2CCPC-A0Z,9761,ADI6156P,A,2024-ADN-02-G198,TUBE,N,6,1,62.00 X 78.00,,CZ0143
ADNPR2391.1,2024,7,5,140,140,QFN,6537283.1,2/15/2024 19:00,B-A,P,ADI,TD-400E300B012K,LT4356-3ICPC-A0Z,4116,ADI5969P,A,2024-ADN-02-G226,TUBE,N,6,1,62.00 X 78.00,,CZ0143
ADNPR2392.1,2024,7,5,140,140,QFN,6537284.1,2/15/2024 19:00,B-A,P,ADI,TD-400E300B012K,LT4356-3ICPC-A0Z,12097,ADI5969P,A,2024-ADN-02-G226,TUBE,N,6,1,62.00 X 78.00,,CZ0143
ADNPR2547.1,2024,7,7,140,140,QFN,6537282.1,2/17/2024 19:00,B-A,P,ADI,TD-400E300B012K,LT4363-1HCPC-A0Z,30567,ADI5963P,B,2024-ADN-02-G233,TUBE,N,6,1,65.00 X 102.00,,CZ0141
ADNPR3069.1,2024,9,4,140,140,QFN,6547643.1,2/28/2024 19:00,B-A,P,ADI,TD-400E300B012K,LT4363-1ICPC-A0Z,3069,ADI5963P,B,2024-ADN-03-G072,TUBE,N,6,1,65.00 X 102.00,,CZ0141
ADNPR3070.1,2024,9,4,140,140,QFN,6547644.1,2/28/2024 19:00,B-A,P,ADI,TD-400E300B012K,LT4363-1ICPC-A0Z,2960,ADI5963P,B,2024-ADN-03-G072,TUBE,N,6,1,65.00 X 102.00,,CZ0141
ADNPR3071.1,2024,9,4,140,140,QFN,6547645.1,2/28/2024 19:00,B-A,P,ADI,TD-400E300B012K,LT4363-1ICPC-A0Z,3011,ADI5963P,B,2024-ADN-03-G072,TUBE,N,6,1,65.00 X 102.00,,CZ0141
ADNPR1947.1,2024,6,6,140,140,QFN,6525750.1,2/9/2024 19:00,B-A,P,ADI,TD-400E300B012K,LT4363-2HCPC-A0Z,18912,ADI6214P,B,2024-ADN-02-G133,TUBE,N,6,1,65.00 X 102.00,,CZ0141
ADNPR1502.1,2024,6,1,140,140,QFN,6525751.1,2/4/2024 19:00,B-A,P,ADI,TD-400E300B012K,LT4363-2ICPC-A0Z,28562,ADI6214P,B,2024-ADN-02-G130,TUBE,N,6,1,65.00 X 102.00,,CZ0141
ADNPR2526.1,2024,8,1,140,140,QFN,6541981.1,2/18/2024 19:00,B-A,P,ADI,TD-400E300B012K,LT4363-2ICPC-A0Z,45824,ADI6214P,B,2024-ADN-02-G231,TUBE,N,6,1,65.00 X 102.00,,CZ0141
ADNPR2527.1,2024,8,1,140,140,QFN,6541982.1,2/18/2024 19:00,B-A,P,ADI,TD-400E300B012K,LT4363-2ICPC-A0Z,32515,ADI6214P,B,2024-ADN-02-G231,TUBE,N,6,1,65.00 X 102.00,,CZ0141
ADNPR2528.1,2024,8,1,140,140,QFN,6541983.1,2/18/2024 19:00,B-A,P,ADI,TD-400E300B012K,LT4363-2ICPC-A0Z,34797,ADI6214P,B,2024-ADN-02-G233,TUBE,N,6,1,65.00 X 102.00,,CZ0141
ADNPR2984.1,2024,9,2,140,140,QFN,6547640.1,2/26/2024 19:00,B-A,P,ADI,TD-400E300B012K,LT4363-2ICPC-A0Z,9479,ADI6214P,B,2024-ADN-03-G020,TUBE,N,6,1,65.00 X 102.00,,CZ0141
ADNPR2985.1,2024,9,2,140,140,QFN,6547641.1,2/26/2024 19:00,B-A,P,ADI,TD-400E300B012K,LT4363-2ICPC-A0Z,14396,ADI6214P,B,2024-ADN-03-G020,TUBE,N,6,1,65.00 X 102.00,,CZ0141
ADNPR2986.1,2024,9,2,140,140,QFN,6547642.1,2/26/2024 19:00,B-A,P,ADI,TD-400E300B012K,LT4363-2ICPC-A0Z,4978,ADI6214P,B,2024-ADN-03-G017,TUBE,N,6,1,65.00 X 102.00,,CZ0141
A5PPR0281.1,2024,7,4,140,140,QFN,6537230.1,2/14/2024 0:00,B-A,P,ADI,TD-400E300B012K,LTC2305CCPC-A0Z,4055,ADI6518P,A,2024-A5P-02-G064,TUBE,N,6,1,65.00 X 86.00,,CZ0141
ADNPR2048.1,2024,7,2,140,140,QFN,6537210.1,2/12/2024 19:00,B-A,P,ADI,TD-400E300B012K,LTC2801ICPC-A0Z,20936,ADI6488P,A,2024-ADN-02-G187,TUBE,N,6,1,65.00 X 77.00,,CZ0141
ADNPR2864.1,2024,8,6,140,140,QFN,6547595.1,2/23/2024 19:00,B-A,P,ADI,TD-400E300B012K,LTC2801ICPC-A0Z,16720,ADI6488P,A,2024-ADN-03-G020,TUBE,N,6,1,65.00 X 77.00,,CZ0141
ADNPR2865.1,2024,8,6,140,140,QFN,6547594.1,2/23/2024 19:00,B-A,P,ADI,TD-400E300B012K,LTC2802ICPC-A0Z,25014,ADI6053P,A,2024-ADN-03-G023,TUBE,N,6,1,65.00 X 77.00,,CZ0141
ADNPR1661.1,2024,6,3,140,140,QFN,6525833.1,2/6/2024 19:00,B-A,P,ADI,TD-400E300B012K,LTC2855CCPC-A0Z,13547,ADI5975P,B,2024-ADN-02-G130,TUBE,N,6,1,62.00 X 94.00,,CZ0141
ADNPR1662.1,2024,6,3,140,140,QFN,6525834.1,2/6/2024 19:00,B-A,P,ADI,TD-400E300B012K,LTC2855CCPC-A0Z,18681,ADI5975P,B,2024-ADN-02-G133,TUBE,N,6,1,62.00 X 94.00,,CZ0141
ADNPR1790.1,2024,6,5,140,140,QFN,6525835.1,2/8/2024 19:00,B-A,P,ADI,TD-400E300B012K,LTC2855HCPC-A0Z,29766,ADI5975P,B,2024-ADN-02-G182,TUBE,N,6,1,62.00 X 94.00,,CZ0141
ADNPR1833.1,2024,6,5,140,140,QFN,6525836.1,2/8/2024 19:00,B-A,P,ADI,TD-400E300B012K,LTC2855ICPC-A0Z,18641,ADI5975P,B,2024-ADN-02-G182,TUBE,N,6,1,62.00 X 94.00,,CZ0141
ADNPR1834.1,2024,6,5,140,140,QFN,6525839.1,2/8/2024 19:00,B-A,P,ADI,TD-400E300B012K,LTC2865ICPC-A0Z,14249,ADI6063P,A,2024-ADN-02-G182,TUBE,N,6,1,65.00 X 87.00,,CZ0141
ADNPR2246.1,2024,7,4,140,140,QFN,6537208.1,2/14/2024 19:00,B-A,P,ADI,TD-400E300B012K,LTC2865ICPC-A0Z,15323,ADI6063P,A,2024-ADN-02-G198,TUBE,N,6,1,65.00 X 87.00,,CZ0141
ADNPR1465.1,2024,5,7,140,140,QFN,6524008.1,2/3/2024 19:00,B-A,P,ADI,TD-400E300B012K,LTC3121ECPC-A0Z,7961,ADI6415P,A,2024-ADN-02-G126,TUBE,N,6,1,65.00 X 76.00,,CZ0141
ADNPR1466.1,2024,5,7,140,140,QFN,6524009.1,2/3/2024 19:00,B-A,P,ADI,TD-400E300B012K,LTC3121ECPC-A0Z,30271,ADI6415P,A,2024-ADN-02-G115,TUBE,N,6,1,65.00 X 76.00,,CZ0141
ADNPR1467.1,2024,5,7,140,140,QFN,6525860.1,2/3/2024 19:00,B-A,P,ADI,TD-400E300B012K,LTC3121ECPC-A0Z,17329,ADI6415P,A,2024-ADN-02-G126,TUBE,N,6,1,65.00 X 76.00,,CZ0141
ADNPR2735.1,2024,8,4,140,140,QFN,6542064.1,2/21/2024 19:00,B-A,P,ADI,TD-400E300B012K,LTC3121ICPC-A0Z,3965,ADI6415P,A,2024-ADN-03-G017,TUBE,N,6,1,65.00 X 76.00,,CZ0141
ADNPR2736.1,2024,8,4,140,140,QFN,6542065.1,2/21/2024 19:00,B-A,P,ADI,TD-400E300B012K,LTC3121ICPC-A0Z,11267,ADI6415P,A,2024-ADN-03-G005,TUBE,N,6,1,65.00 X 76.00,,CZ0141
ADNPR2987.1,2024,9,2,140,140,QFN,6547579.1,2/26/2024 19:00,B-A,P,ADI,TD-400E300B012K,LTC3216ECPC-A0Z,4052,ADI6325P,A,2024-ADN-03-G020,TUBE,N,6,1,64.00 X 83.00,,CZ0141
ADNPR1463.1,2024,5,7,140,140,QFN,6524010.1,2/3/2024 19:00,B-A,P,ADI,TD-400E300B012K,LTC3458LECPC-A0Z,24754,ADI6143P,A,2024-ADN-02-G112,TUBE,N,6,1,66.00 X 119.00,,CZ0141
ADNPR1464.1,2024,5,7,140,140,QFN,6525874.1,2/3/2024 19:00,B-A,P,ADI,TD-400E300B012K,LTC3458LECPC-A0Z,19560,ADI6143P,A,2024-ADN-02-G126,TUBE,N,6,1,66.00 X 119.00,,CZ0141
ADNPR1496.1,2024,6,1,140,140,QFN,6525695.1,2/4/2024 19:00,B-A,P,ADI,TD-400E300B014K,LT3091ICPC-A0Z,23866,ADI4989P,C,2024-ADN-02-G126,TUBE,N,6,1,65.00 X 116.00,,CZ0141
ADNPR2008.1,2024,6,7,140,140,QFN,6537304.1,2/10/2024 19:00,B-A,P,ADI,TD-400E300B014K,LT3509ECPC-A0Z,15563,ADI5189P,A,2024-ADN-02-G182,TUBE,N,6,1,48.00 X 90.00,,CZ0141
ADNPR2009.1,2024,6,7,140,140,QFN,6537305.1,2/10/2024 19:00,B-A,P,ADI,TD-400E300B014K,LT3509ECPC-A0Z,25614,ADI5189P,A,2024-ADN-02-G172,TUBE,N,6,1,48.00 X 90.00,,CZ0141
ADNPR2643.1,2024,8,3,140,140,QFN,6541967.1,2/20/2024 19:00,B-A,P,ADI,TD-400E300B014K,LT3509ECPC-A0Z,20759,ADI5189P,A,2024-ADN-02-G237,TUBE,N,6,1,48.00 X 90.00,,CZ0141
ADNPR3073.1,2024,9,4,140,140,QFN,6547657.1,2/28/2024 19:00,B-A,P,ADI,TD-400E300B014K,LT3509ECPC-A0Z,27986,ADI5189P,A,2024-ADN-03-G072,TUBE,N,6,1,48.00 X 90.00,,CZ0141
ADNPR2740.1,2024,8,4,140,140,QFN,6541968.1,2/21/2024 19:00,B-A,P,ADI,TD-400E300B014K,LT3509ICPC-A0Z,24697,ADI5189P,A,2024-ADN-03-G005,TUBE,N,6,1,48.00 X 90.00,,CZ0141
ADNPR3072.1,2024,9,4,140,140,QFN,6547656.1,2/28/2024 19:00,B-A,P,ADI,TD-400E300B014K,LT3509ICPC-A0Z,19466,ADI5189P,A,2024-ADN-03-G081,TUBE,N,6,1,48.00 X 90.00,,CZ0141
ADNPR1507.1,2024,6,1,140,140,QFN,6525737.1,2/4/2024 19:00,B-A,P,ADI,TD-400E300B014K,LT3980ECPC-A0Z,16637,ADI5257P,A,2024-ADN-02-G126,TUBE,N,6,1,67.00 X 82.00,,CZ0141
ADNPR1508.1,2024,6,1,140,140,QFN,6525738.1,2/4/2024 19:00,B-A,P,ADI,TD-400E300B014K,LT3980ECPC-A0Z,19987,ADI5257P,A,2024-ADN-02-G115,TUBE,N,6,1,67.00 X 82.00,,CZ0141
ADNPR2050.1,2024,7,2,140,140,QFN,6537294.1,2/12/2024 19:00,B-A,P,ADI,TD-400E300B014K,LT3980ECPC-A0Z,10895,ADI5257P,A,2024-ADN-02-G182,TUBE,N,6,1,67.00 X 82.00,,CZ0141
ADNPR2870.1,2024,8,6,140,140,QFN,6547652.1,2/23/2024 19:00,B-A,P,ADI,TD-400E300B014K,LT3980ICPC-A0Z,11992,ADI5257P,A,2024-ADN-03-G017,TUBE,N,6,1,67.00 X 82.00,,CZ0141
A5PPR0324.1,2024,8,2,140,140,QFN,6542035.1,2/19/2024 19:00,B-A,P,ADI,TD-400E300B014K,LTC2486ICPC-A0Z,3350,ADI5005P,B,2024-A5P-02-G079,TUBE,N,6,1,56.00 X 116.00,,CZ0141
A5PPR0325.1,2024,8,2,140,140,QFN,6542036.1,2/19/2024 19:00,B-A,P,ADI,TD-400E300B014K,LTC2488ICPC-A0Z,3343,ADI5255P,A,2024-A5P-02-G079,TUBE,N,6,1,56.00 X 116.00,,CZ0141
A5PPR0321.1,2024,7,7,140,140,QFN,6542037.1,2/17/2024 19:00,B-A,P,ADI,TD-400E300B014K,LTC2492CCPC-A0Z,13586,ADI5012P,B,2024-A5P-02-G075,TUBE,N,6,1,56.00 X 116.00,,CZ0141
A5PPR0385.1,2024,9,2,140,140,QFN,6547601.1,2/26/2024 19:00,B-A,P,ADI,TD-400E300B014K,LTC2492CCPC-A0Z,5268,ADI5012P,B,2024-A5P-03-G027,TUBE,N,6,1,56.00 X 116.00,,CZ0141
A5PPR0322.1,2024,7,7,140,140,QFN,6542038.1,2/17/2024 19:00,B-A,P,ADI,TD-400E300B014K,LTC2492ICPC-A0Z,13584,ADI5012P,B,2024-A5P-03-G002,TUBE,N,6,1,56.00 X 116.00,,CZ0141
A5PPR0384.1,2024,9,2,140,140,QFN,6547600.1,2/26/2024 19:00,B-A,P,ADI,TD-400E300B014K,LTC2492ICPC-A0Z,5375,ADI5012P,B,2024-A5P-03-G027,TUBE,N,6,1,56.00 X 116.00,,CZ0141
A5PPR0240.1,2024,6,5,140,140,QFN,6525821.1,2/8/2024 19:00,B-A,P,ADI,TD-400E300B014K,LTC2493CCPC-A0Z,3165,ADI4991P,B,2024-A5P-02-G058,TUBE,N,6,1,56.00 X 116.00,,CZ0141
A5PPR0356.1,2024,8,4,140,140,QFN,6542039.1,2/21/2024 19:00,B-A,P,ADI,TD-400E300B014K,LTC2637-HMI10ICPC-A0Z,3451,ADI5334P,A,2024-A5P-03-G002,TUBE,N,6,1,61.00 X 94.00,,CZ0141
A5PPR0357.1,2024,8,4,140,140,QFN,6542040.1,2/21/2024 19:00,B-A,P,ADI,TD-400E300B014K,LTC2637-HMI10ICPC-A0Z,3539,ADI5334P,A,2024-A5P-03-G001,TUBE,N,6,1,61.00 X 94.00,,CZ0141
A5PPR0358.1,2024,8,4,140,140,QFN,6542041.1,2/21/2024 19:00,B-A,P,ADI,TD-400E300B014K,LTC2637-HMI10ICPC-A0Z,5869,ADI5334P,A,2024-A5P-03-G002,TUBE,N,6,1,61.00 X 94.00,,CZ0141
A5PPR0354.1,2024,8,4,140,140,QFN,6542042.1,2/21/2024 19:00,B-A,P,ADI,TD-400E300B014K,LTC2637-LMI8ICPC-A0Z,9139,ADI4979P,B,2024-A5P-03-G002,TUBE,N,6,1,61.00 X 94.00,,CZ0141
A5PPR0355.1,2024,8,4,140,140,QFN,6542043.1,2/21/2024 19:00,B-A,P,ADI,TD-400E300B014K,LTC2637-LMI8ICPC-A0Z,6687,ADI4979P,B,2024-A5P-03-G002,TUBE,N,6,1,61.00 X 94.00,,CZ0141
A5PPR0272.1,2024,7,3,140,140,QFN,6537213.1,2/13/2024 19:00,B-A,P,ADI,TD-400E300B014K,LTC2637-LZ8ICPC-A0Z,3761,ADI5442P,A,2024-A5P-02-G064,TUBE,N,6,1,61.00 X 94.00,,CZ0141
ADNPR2466.1,2024,7,7,140,140,QFN,6542062.1,2/17/2024 19:00,B-A,P,ADI,TD-400E300B014K,LTC3111ECPC-A0Z,8377,ADI5763P,A,2024-ADN-02-G237,TUBE,N,6,1,66.00 X 113.00,,CZ0141
ADNPR2467.1,2024,7,7,140,140,QFN,6542063.1,2/17/2024 19:00,B-A,P,ADI,TD-400E300B014K,LTC3111ECPC-A0Z,8401,ADI5763P,A,2024-ADN-02-G233,TUBE,N,6,1,66.00 X 113.00,,CZ0141
ADNPR1651.1,2024,6,2,140,140,QFN,6525863.1,2/5/2024 19:00,B-A,P,ADI,TD-400E300B014K,LTC3260ICPC-A1Z,6208,ADI5571P,A,2024-ADN-02-G126,TUBE,N,8,1,65.3 X 94.3,,CZ0141
ADNPR1845.1,2024,6,5,140,140,QFN,6527162.1,2/8/2024 19:00,B-A,P,ADI,TD-400E300B014K,LTC3533ECPC-A0Z,30525,ADI5464P,A,2024-ADN-02-G182,TUBE,N,6,1,65.00 X 125.00,,CZ0141
ADNPR1846.1,2024,6,5,140,140,QFN,6527163.1,2/8/2024 19:00,B-A,P,ADI,TD-400E300B014K,LTC3533ECPC-A0Z,25421,ADI5464P,A,2024-ADN-02-G126,TUBE,N,6,1,65.00 X 125.00,,CZ0141
ADNPR2169.1,2024,7,3,140,140,QFN,6537190.1,2/13/2024 19:00,B-A,P,ADI,TD-400E300B014K,LTC3533ECPC-A0Z,31088,ADI5464P,A,2024-ADN-02-G204,TUBE,N,6,1,65.00 X 125.00,,CZ0141
ADNPR1643.1,2024,6,2,140,140,QFN,6525892.1,2/5/2024 19:00,B-A,P,ADI,TD-400E300B014K,LTC3622-2ECPC-A1Z,7216,ADI5723P,A,2024-ADN-02-G126,TUBE,N,8,1,50.00 X 118.00,,CZ0141
ADNPR1589.1,2024,6,1,140,140,QFN,6525893.1,2/4/2024 19:00,B-A,P,ADI,TD-400E300B014K,LTC3622ECPC-A1Z,34791,ADI5722P,A,2024-ADN-02-G124,TUBE,N,8,1,50.00 X 118.00,,CZ0141
ADNPR1590.1,2024,6,1,140,140,QFN,6525894.1,2/4/2024 19:00,B-A,P,ADI,TD-400E300B014K,LTC3622ECPC-A1Z,28334,ADI5722P,A,2024-ADN-02-G130,TUBE,N,8,1,50.00 X 118.00,,CZ0141
ADNPR1848.1,2024,6,5,140,140,QFN,6525895.1,2/8/2024 19:00,B-A,P,ADI,TD-400E300B014K,LTC3622ECPC-A1Z,13603,ADI5722P,A,2024-ADN-02-G182,TUBE,N,8,1,50.00 X 118.00,,CZ0141
ADNPR2044.1,2024,7,1,140,140,QFN,6537184.1,2/11/2024 19:00,B-A,P,ADI,TD-400E300B014K,LTC3622ECPC-A1Z,6674,ADI5722P,A,2024-ADN-02-G187,TUBE,N,8,1,50.00 X 118.00,,CZ0141
ADNPR2465.1,2024,7,7,140,140,QFN,6542081.1,2/17/2024 19:00,B-A,P,ADI,TD-400E300B014K,LTC3646-1ECPC-A0Z,3094,ADI5668P,A,2024-ADN-02-G198,TUBE,N,6,1,65.00 X 112.00,,CZ0141
ADNPR1586.1,2024,6,1,140,140,QFN,6525901.1,2/4/2024 19:00,B-A,P,ADI,TD-400E300B014K,LTC3646ICPC-A0Z,3121,ADI5672P,A,2024-ADN-02-G130,TUBE,N,6,1,65.00 X 112.00,,CZ0141
ADNPR1457.1,2024,5,6,140,140,QFN,6525933.1,2/2/2024 19:00,B-A,P,ADI,TD-400E300B014K,LTC4085-4ECPC-A1Z,38897,ADI5153P,A,2024-ADN-02-G112,TUBE,N,8,1,51.10 X 84.10,,CZ0141
ADNPR1458.1,2024,5,6,140,140,QFN,6525934.1,2/2/2024 19:00,B-A,P,ADI,TD-400E300B014K,LTC4085-4ECPC-A1Z,19590,ADI5153P,A,2024-ADN-02-G126,TUBE,N,8,1,51.10 X 84.10,,CZ0141
ADNPR1847.1,2024,6,5,140,140,QFN,6525945.1,2/8/2024 19:00,B-A,P,ADI,TD-400E300B014K,LTC4355ICPC-A0Z,20027,ADI4995P,B,2024-ADN-02-G191,TUBE,N,6,1,65.00 X 100.00,,CZ0143
ADNPR2754.1,2024,8,4,140,140,QFN,6542109.1,2/21/2024 19:00,B-A,P,ADI,TD-400E300B014K,LTC4364-1ICPC-A2Z,11513,ADI5217P,A,2024-ADN-03-G017,TUBE,N,8,1,65.3 X 85.3,,CZ0141
ADNPR1484.1,2024,5,7,140,140,QFN,6525687.1,2/3/2024 19:00,B-A,P,ADI,TD-400E300M016K,LT3055ICPC-A0Z,18105,ADI5611P,A,2024-ADN-02-G126,TUBE,N,6,1,48.00 X 106.00,,CZ0141
A5PPR0278.1,2024,7,3,140,140,QFN,6537222.1,2/13/2024 19:00,B-A,P,ADI,TD-400E300M016K,LTC2364-16CCPC-A0Z,8294,ADI6353P,A,2024-A5P-02-G062,TUBE,N,8,1,57.00 X 90.00,,CZ0141
A5PPR0279.1,2024,7,3,140,140,QFN,6537223.1,2/13/2024 19:00,B-A,P,ADI,TD-400E300M016K,LTC2364-16CCPC-A0Z,8294,ADI6353P,A,2024-A5P-02-G062,TUBE,N,8,1,57.00 X 90.00,,CZ0141
ADNPR2895.1,2024,8,6,140,140,QFN,6547540.1,2/23/2024 19:00,B-A,P,ADI,TD-400E300M016K,LTC4370CCPC-A0Z,11399,ADI5333P,A,2024-ADN-03-G023,TUBE,N,6,1,65.00 X 119.00,,CZ0141
ADNPR2055.1,2024,7,2,140,140,QFN,6537153.1,2/12/2024 19:00,B-A,P,ADI,TD-400E300M016K,LTC4370ICPC-A0Z,11433,ADI5333P,A,2024-ADN-02-G182,TUBE,N,6,1,65.00 X 119.00,,CZ0141
ADNPR2532.1,2024,8,2,140,140,QFN,6542111.1,2/19/2024 19:00,B-A,P,ADI,TD-400E300M016K,LTC4370ICPC-A0Z,11494,ADI5333P,A,2024-ADN-02-G237,TUBE,N,6,1,65.00 X 119.00,,CZ0141
ADNPR1497.1,2024,6,1,140,140,QFN,6525693.1,2/4/2024 19:00,B-A,P,ADI,TD-400E400B012K,LT3083ECPC-A0Z,28623,ADI3750P,B,2024-ADN-02-G115,TUBE,N,6,1,66.00 X 113.00,,CZ0141
ADNPR2536.1,2024,8,2,140,140,QFN,6541993.1,2/19/2024 19:00,B-A,P,ADI,TD-400E400B012K,LT6600-25ICPC-A0Z,3184,ADI4361P,A,2024-ADN-03-G014,TUBE,N,6,1,70.00 X 99.00,,CZ0141
ADNPR2172.1,2024,7,3,140,140,QFN,6537333.1,2/13/2024 19:00,B-A,P,ADI,TD-400E400B014A,LT1997-1ICPC-A0Z,1488,ADI5295P,A,2024-ADN-02-G182,TUBE,N,6,1,71.00 X 121.00,,CZ0141
ADNPR2173.1,2024,7,3,140,140,QFN,6537334.1,2/13/2024 19:00,B-A,P,ADI,TD-400E400B014A,LT1997-1ICPC-A0Z,1314,ADI5295P,A,2024-ADN-02-G182,TUBE,N,6,1,71.00 X 121.00,,CZ0141
ADNPR1975.1,2024,6,7,140,140,QFN,6526303.1,2/10/2024 19:00,B-A,P,ADI,TD-400M300B014K,LT3032-12ECPC-A0Z,30541,ADI3889P,B,2024-ADN-02-G191,TUBE,N,6,"1,1","69.00 X 42.00,38.00 X 58.00",,CZ0141
ADNPR1976.1,2024,6,7,140,140,QFN,6526304.1,2/10/2024 19:00,B-A,P,ADI,TD-400M300B014K,LT3032ECPC-A0Z,30017,ADI3885P,B,2024-ADN-02-G191,TUBE,N,6,"1,1","69.00 X 42.00,38.00 X 58.00",,CZ0141
ADNPR2815.1,2024,8,5,140,140,QFN,6543399.1,2/22/2024 19:00,B-A,P,ADI,TD-400M300B014K,LT3032ECPC-A0Z,4169,ADI3885P,B,2024-ADN-03-G063,TUBE,N,6,"1,1","69.00 X 42.00,38.00 X 58.00",,CZ0141
ADNPR2364.1,2024,7,5,140,140,QFN,6534671.1,2/15/2024 19:00,B-A,P,ADI,TD-400M300B014K,LT3032ICPC-A0Z,29680,ADI3885P,B,2024-ADN-02-G226,TUBE,N,6,"1,1","69.00 X 42.00,38.00 X 58.00",,CZ0141
ADNPR2043.1,2024,7,1,140,140,QFN,6537160.1,2/11/2024 19:00,B-A,P,ADI,TQ-300E300B012K,LTC4231-1ICPC-A0Z,9073,ADI6169P,A,2024-ADN-02-G177,TUBE,N,6,1,63.00 X 65.00,,CZ0141
ADNPR2533.1,2024,8,2,140,140,QFN,6542101.1,2/19/2024 19:00,B-A,P,ADI,TQ-300E300B012K,LTC4231-2ICPC-A0Z,5004,ADI6159P,A,2024-ADN-02-G237,TUBE,N,6,1,63.00 X 65.00,,CZ0141
ADNPR1658.1,2024,6,2,140,140,QFN,6525965.1,2/5/2024 19:00,B-A,P,ADI,TQ-300E300B012K,LTC6752-3ICPC-A0Z,18182,ADI4863P,A,2024-ADN-02-G130,TUBE,N,8,1,32.00 X 58.00,,CZ0141
ADNPR1675.1,2024,6,3,140,140,QFN,6525727.1,2/6/2024 19:00,B-A,P,ADI,TQ-300E300B016K,LT3755-2ECPC-A0Z,15649,ADI5487P,A,2024-ADN-02-G112,TUBE,N,6,1,60.00 X 47.00,,CZ0141
ADNPR2664.1,2024,8,3,140,140,QFN,6544253.1,2/20/2024 19:00,B-A,P,ADI,TQ-300E300B016K,LT3755-2ECPC-A0Z,23148,ADI5487P,A,2024-ADN-03-G002,TUBE,N,6,1,60.00 X 47.00,,CZ0141
A5PPR0320.1,2024,7,7,140,140,QFN,6537214.1,2/17/2024 19:00,B-A,P,ADI,TQ-300E300B016K,LTC2635-LZ8CCPC-A0Z,4986,ADI6397P,A,2024-A5P-02-G072,TUBE,N,6,1,61.00 X 65.00,,CZ0141
ADNPR2867.1,2024,8,6,140,140,QFN,6547567.1,2/23/2024 19:00,B-A,P,ADI,TQ-300E300B016K,LTC3544BECPC-A0Z,5409,ADI5923P,A,2024-ADN-03-G042,TUBE,N,6,1,62.00 X 63.00,,CZ0141
ADNPR1555.1,2024,6,2,140,140,QFN,6525883.1,2/5/2024 19:00,B-A,P,ADI,TQ-300E300B016K,LTC3601ECPC-A0Z,11701,ADI5178P,A,2024-ADN-02-G101,TUBE,N,8,1,71.00 X 50.00,,CZ0141
ADNPR1556.1,2024,6,2,140,140,QFN,6525884.1,2/5/2024 19:00,B-A,P,ADI,TQ-300E300B016K,LTC3601ECPC-A0Z,11727,ADI5178P,A,2024-ADN-02-G112,TUBE,N,8,1,71.00 X 50.00,,CZ0141
ADNPR2245.1,2024,7,4,140,140,QFN,6537185.1,2/14/2024 19:00,B-A,P,ADI,TQ-300E300B016K,LTC3601ECPC-A0Z,11649,ADI5178P,A,2024-ADN-02-G209,TUBE,N,8,1,71.00 X 50.00,,CZ0141
ADNPR2359.1,2024,7,5,140,140,QFN,6537186.1,2/15/2024 19:00,B-A,P,ADI,TQ-300E300B016K,LTC3601ECPC-A0Z,11690,ADI5178P,A,2024-ADN-02-G216,TUBE,N,8,1,71.00 X 50.00,,CZ0141
ADNPR2180.1,2024,7,3,140,140,QFN,6537174.1,2/13/2024 19:00,B-A,P,ADI,TQ-300E300B016K,LTC3851ECPC-A0Z,8466,ADI3757P,A,2024-ADN-02-G199,TUBE,N,6,1,57.00 X 44.00,,CZ0141
ADNPR2181.1,2024,7,3,140,140,QFN,6537175.1,2/13/2024 19:00,B-A,P,ADI,TQ-300E300B016K,LTC3851ECPC-A0Z,8584,ADI3757P,A,2024-ADN-02-G191,TUBE,N,6,1,57.00 X 44.00,,CZ0141
ADNPR2571.1,2024,7,7,140,140,QFN,6542091.1,2/17/2024 19:00,B-A,P,ADI,TQ-300E300B016K,LTC3851ECPC-A0Z,17020,ADI3757P,A,2024-ADN-02-G237,TUBE,N,6,1,57.00 X 44.00,,CZ0141
ADNPR2158.1,2024,7,3,140,140,QFN,6537171.1,2/13/2024 19:00,B-A,P,ADI,TQ-300E300B016K,LTC3879ECPC-A0Z,7791,ADI5450P,A,2024-ADN-02-G198,TUBE,N,6,1,50.00 X 49.00,,CZ0141
ADNPR1689.1,2024,6,3,140,140,QFN,6525936.1,2/6/2024 19:00,B-A,P,ADI,TQ-300E300B016K,LTC4120-42ECPC-A0Z,4512,ADI5929P,A,2024-ADN-02-G133,TUBE,N,6,1,68.00 X 67.00,,CZ0141
ADNPR2822.1,2024,8,5,140,140,QFN,6545356.1,2/22/2024 19:00,B-A,P,ADI,TQ-300E300B016K,LTC4121ECPC-A0Z,33966,ADI5225P,A,2024-ADN-03-G014,TUBE,N,6,1,68.00 X 67.00,,CZ0141
ADNPR2823.1,2024,8,5,140,140,QFN,6545357.1,2/22/2024 19:00,B-A,P,ADI,TQ-300E300B016K,LTC4121ECPC-A0Z,22339,ADI5225P,A,2024-ADN-03-G026,TUBE,N,6,1,68.00 X 67.00,,CZ0141
ADNPR2439.1,2024,7,6,140,140,QFN,6541956.1,2/16/2024 19:00,B-A,P,ADI,TQ-400E400B020K,LT3477ECPC-A0Z,15153,ADI4210P,B,2024-ADN-02-G237,TUBE,N,6,1,96.00 X 81.00,,CZ0141
ADNPR2744.1,2024,8,4,140,140,QFN,6544294.1,2/21/2024 19:00,B-A,P,ADI,TQ-400E400B020K,LT3477ICPC-A0Z,2717,ADI4210P,B,2024-ADN-03-G023,TUBE,N,6,1,96.00 X 81.00,,CZ0141
ADNPR1678.1,2024,6,3,140,140,QFN,6525850.1,2/6/2024 19:00,B-A,P,ADI,TQ-400E400B020K,LTC2952CCPC-A0Z,10256,ADI4219P,A,2024-ADN-02-G115,TUBE,N,6,1,85.00 X 96.00,,CZ0141
ADNPR1666.1,2024,6,3,140,140,QFN,6525885.1,2/6/2024 19:00,B-A,P,ADI,TQ-400E400B020K,LTC3603ICPC-A0Z,15077,ADI4217P,A,2024-ADN-02-G115,TUBE,N,6,1,96.00 X 62.00,,CZ0141
ADNPR2271.1,2024,7,4,140,140,QFN,6538518.1,2/14/2024 19:00,B-A,P,ADI,TQ-400E400B020K,LTC4418CCPC-A0Z,30874,ADI3826P,B,2024-ADN-02-G187,TUBE,N,6,1,74.00 X 74.00,,CZ0141
ADNPR2273.1,2024,7,4,140,140,QFN,6538519.1,2/14/2024 19:00,B-A,P,ADI,TQ-400E400B020K,LTC4418CCPC-A0Z,19554,ADI3826P,B,2024-ADN-02-G182,TUBE,N,6,1,74.00 X 74.00,,CZ0141
ADNPR2274.1,2024,7,4,140,140,QFN,6538520.1,2/14/2024 19:00,B-A,P,ADI,TQ-400E400B020K,LTC4418ICPC-A0Z,7896,ADI3826P,B,2024-ADN-02-G223,TUBE,N,6,1,74.00 X 74.00,,CZ0141
ADNPR2576.1,2024,8,2,140,140,QFN,6542114.1,2/19/2024 19:00,B-A,P,ADI,TQ-400E400B020K,LTC4418ICPC-A0Z,7854,ADI3826P,B,2024-ADN-03-G014,TUBE,N,6,1,74.00 X 74.00,,CZ0141
ADNPR1853.1,2024,6,5,140,140,QFN,6525857.1,2/8/2024 19:00,B-A,P,ADI,TQ-400E400B024A,LTC3110ECPC-A0Z,11831,ADI3790P,B,2024-ADN-02-G148,TUBE,N,6,1,93.00 X 104.00,,CZ0141
ADNPR2162.1,2024,7,3,140,140,QFN,6537202.1,2/13/2024 19:00,B-A,P,ADI,TQ-400E400B024A,LTC3110ICPC-A0Z,7729,ADI3790P,B,2024-ADN-02-G177,TUBE,N,6,1,93.00 X 104.00,,CZ0141
ADNPR2531.1,2024,8,2,140,140,QFN,6541941.1,2/19/2024 19:00,B-A,P,ADI,TQ-400E400B024K,LT1942ECPC-A0Z,4270,ADI4087P,A,2024-ADN-03-G009,TUBE,N,6,1,96.00 X 91.00,,CZ0141
ADNPR2276.1,2024,7,4,140,140,QFN,6537302.1,2/14/2024 19:00,B-A,P,ADI,TQ-400E400B024K,LT3598ECPC-A0Z,9996,ADI4070P,B,2024-ADN-02-G223,TUBE,N,6,1,72.00 X 78.00,,CZ0141
A5PPR0323.1,2024,8,1,140,140,QFN,6542032.1,2/18/2024 19:00,B-A,P,ADI,TQ-400E400B024K,LTC2308CCPC-A0Z,3752,ADI4345P,A,2024-A5P-03-G002,TUBE,N,6,1,86.00 X 65.00,,CZ0141
A5PPR0259.1,2024,7,2,140,140,QFN,6537226.1,2/12/2024 19:00,B-A,P,ADI,TQ-400E400B024K,LTC2308ICPC-A0Z,2602,ADI4345P,A,2024-A5P-02-G053,TUBE,N,6,1,86.00 X 65.00,,CZ0141
A5PPR0260.1,2024,7,2,140,140,QFN,6537227.1,2/12/2024 19:00,B-A,P,ADI,TQ-400E400B024K,LTC2308ICPC-A0Z,4142,ADI4345P,A,2024-A5P-02-G053,TUBE,N,6,1,86.00 X 65.00,,CZ0141
A5PPR0261.1,2024,7,2,140,140,QFN,6537228.1,2/12/2024 19:00,B-A,P,ADI,TQ-400E400B024K,LTC2308ICPC-A0Z,3880,ADI4345P,A,2024-A5P-02-G053,TUBE,N,6,1,86.00 X 65.00,,CZ0141
A5PPR0262.1,2024,7,2,140,140,QFN,6537229.1,2/12/2024 19:00,B-A,P,ADI,TQ-400E400B024K,LTC2308ICPC-A0Z,6595,ADI4345P,A,2024-A5P-02-G052,TUBE,N,6,1,86.00 X 65.00,,CZ0141
A5PPR0371.1,2024,8,6,140,140,QFN,6547603.1,2/23/2024 19:00,B-A,P,ADI,TQ-400E400B024K,LTC2309ICPC-A0Z,8186,ADI4091P,A,2024-A5P-03-G010,TUBE,N,6,1,86.00 X 65.00,,CZ0141
ADNPR1533.1,2024,6,2,140,140,QFN,6525846.1,2/5/2024 19:00,B-A,P,ADI,TQ-400E400B024K,LTC2925ICPC-A0Z,6480,ADI4090P,A,2024-ADN-02-G124,TUBE,N,6,1,75.00 X 86.00,,CZ0141
ADNPR2860.1,2024,8,6,140,140,QFN,6547580.1,2/23/2024 19:00,B-A,P,ADI,TQ-400E400B024K,LTC3207ECPC-A0Z,3968,ADI4908P,A,2024-ADN-03-G009,TUBE,N,6,1,57.00 X 87.00,,CZ0141
ADNPR1849.1,2024,6,5,140,140,QFN,6525876.1,2/8/2024 19:00,B-A,P,ADI,TQ-400E400B024K,LTC3521ECPC-A0Z,2605,ADI4080P,B,2024-ADN-02-G143,TUBE,N,6,1,85.00 X 89.00,,CZ0141
ADNPR1850.1,2024,6,5,140,140,QFN,6525877.1,2/8/2024 19:00,B-A,P,ADI,TQ-400E400B024K,LTC3521ECPC-A0Z,13343,ADI4080P,B,2024-ADN-02-G143,TUBE,N,6,1,85.00 X 89.00,,CZ0141
ADNPR1851.1,2024,6,5,140,140,QFN,6525878.1,2/8/2024 19:00,B-A,P,ADI,TQ-400E400B024K,LTC3521ECPC-A0Z,15754,ADI4080P,B,2024-ADN-02-G147,TUBE,N,6,1,85.00 X 89.00,,CZ0141
ADNPR1528.1,2024,6,2,140,140,QFN,6525886.1,2/5/2024 19:00,B-A,P,ADI,TQ-400E400B024K,LTC3615ECPC-A0Z,13216,ADI3775P,B,2024-ADN-02-G115,TUBE,N,6,1,81.00 X 96.00,,CZ0141
ADNPR1529.1,2024,6,2,140,140,QFN,6525887.1,2/5/2024 19:00,B-A,P,ADI,TQ-400E400B024K,LTC3615HCPC-A0Z,10725,ADI3778P,B,2024-ADN-02-G115,TUBE,N,6,1,81.00 X 96.00,,CZ0141
ADNPR1530.1,2024,6,2,140,140,QFN,6525888.1,2/5/2024 19:00,B-A,P,ADI,TQ-400E400B024K,LTC3615ICPC-A0Z,32035,ADI3775P,B,2024-ADN-02-G124,TUBE,N,6,1,81.00 X 96.00,,CZ0141
ADNPR2525.1,2024,8,1,140,140,QFN,6542086.1,2/18/2024 19:00,B-A,P,ADI,TQ-400E400B024K,LTC3769ECPC-A0Z,13770,ADI4071P,A,2024-ADN-03-G005,TUBE,N,6,1,77.00 X 63.00,,CZ0141
ADNPR1562.1,2024,6,3,140,140,QFN,6525941.1,2/6/2024 19:00,B-A,P,ADI,TQ-400E400B024K,LTC4291-1ICPC-A0Z,13034,ADI4088P,B,2024-ADN-02-G124,TUBE,N,8,1,96.00 X 68.00,,CZ0141
ADNPR1852.1,2024,6,5,140,140,QFN,6525942.1,2/8/2024 19:00,B-A,P,ADI,TQ-400E400B024K,LTC4291-1ICPC-A0Z,6517,ADI4088P,B,2024-ADN-02-G115,TUBE,N,8,1,96.00 X 68.00,,CZ0141
A5PPR0368.1,2024,8,6,140,140,QFN,6537147.1,2/23/2024 19:00,B-A,P,ADI,TQ-400E400B024K,LTC5589ICPC-A0Z,11170,ADI4457P,B,2024-A5P-03-G010,TUBE,N,8,1,67.00 X 50.00,,CZ0141
ADNPR3075.1,2024,9,4,140,140,QFN,6548868.1,2/28/2024 19:00,B-A,P,ADI,TQ-400E400B024K,LTC6431A-20ICPC-A0Z,20281,ADI4341P,A,2024-ADN-03-G072,TUBE,N,8,1,66.00 X 66.00,,CZ0141
ADNPR3074.1,2024,9,4,140,140,QFN,6547532.1,2/28/2024 19:00,B-A,P,ADI,TQ-400E400B024K,LTC6431B-15ICPC-A0Z,26060,ADI4074P,A,2024-ADN-03-G054,TUBE,N,8,1,66.00 X 66.00,,CZ0141
ADNPR2859.1,2024,8,6,140,140,QFN,6547531.1,2/23/2024 19:00,B-A,P,ADI,TQ-400E400B024K,LTC6433A-15ICPC-A0Z,8748,ADI4077P,B,2024-ADN-03-G042,TUBE,N,8,1,66.00 X 66.00,,CZ0141
ADNPR1657.1,2024,6,2,140,140,QFN,6525964.1,2/5/2024 19:00,B-A,P,ADI,TQ-400E400B024K,LTC6433B-15ICPC-A0Z,8966,ADI4077P,B,2024-ADN-02-G124,TUBE,N,8,1,66.00 X 66.00,,CZ0141
ADNPR2275.1,2024,7,4,140,140,QFN,6537142.1,2/14/2024 19:00,B-A,P,ADI,TQ-400E400B024K,LTC6602CCPC-A0Z,14168,ADI4714P,A,2024-ADN-02-G182,TUBE,N,8,1,92.00 X 81.00,,CZ0141
ADNPR2187.1,2024,7,3,140,140,QFN,6537289.1,2/13/2024 19:00,B-A,P,ADI,TQ-400E400C016A,LT4321HCPC-A0Z,12623,ADI6450P,A,2024-ADN-02-G177,TUBE,N,6,1,76.00 X 81.00,,CZ0141
ADNPR3040.1,2024,9,3,140,140,QFN,6548861.1,2/27/2024 19:00,B-A,P,ADI,TQ-400E400C016A,LT4321HCPC-A0Z,17475,ADI6450P,A,2024-ADN-03-G054,TUBE,N,6,1,76.00 X 81.00,,CZ0141
ADNPR1949.1,2024,6,6,140,140,QFN,6525743.1,2/9/2024 19:00,B-A,P,ADI,TQ-400E400C016A,LT4321ICPC-A0Z,8630,ADI6450P,A,2024-ADN-02-G143,TUBE,N,6,1,76.00 X 81.00,,CZ0141
ADNPR1950.1,2024,6,6,140,140,QFN,6525744.1,2/9/2024 19:00,B-A,P,ADI,TQ-400E400C016A,LT4321ICPC-A0Z,17434,ADI6450P,A,2024-ADN-02-G147,TUBE,N,6,1,76.00 X 81.00,,CZ0141
ADNPR2185.1,2024,7,3,140,140,QFN,6537287.1,2/13/2024 19:00,B-A,P,ADI,TQ-400E400C016A,LT4321ICPC-A0Z,14989,ADI6450P,A,2024-ADN-02-G177,TUBE,N,6,1,76.00 X 81.00,,CZ0141
ADNPR2186.1,2024,7,3,140,140,QFN,6537288.1,2/13/2024 19:00,B-A,P,ADI,TQ-400E400C016A,LT4321ICPC-A0Z,16007,ADI6450P,A,2024-ADN-02-G177,TUBE,N,6,1,76.00 X 81.00,,CZ0141
ADNPR3039.1,2024,9,3,140,140,QFN,6547647.1,2/27/2024 19:00,B-A,P,ADI,TQ-400E400C016A,LT4321ICPC-A0Z,18005,ADI6450P,A,2024-ADN-03-G054,TUBE,N,6,1,76.00 X 81.00,,CZ0141
ADNPR1906.1,2024,6,6,140,140,QFN,6525711.1,2/9/2024 19:00,B-A,P,ADI,TQ-400E400C016K,LT3517ICPC-A0Z,8894,ADI6291P,A,2024-ADN-02-G155,TUBE,N,6,1,65.00 X 71.00,,CZ0141
A5PPR0326.1,2024,8,2,140,140,QFN,6542116.1,2/19/2024 19:00,B-A,P,ADI,TQ-400E400C016K,LTC5551ICPC-A0Z,9967,ADI6501P,A,2024-A5P-03-G002,TUBE,N,8,1,62.00 X 62.00,,CZ0141
ADNPR1844.1,2024,6,5,140,140,QFN,6525861.1,2/8/2024 19:00,B-A,P,ADI,TQ-400E500B020K,LTC3128ICPC-A0Z,6948,ADI5107P,A,2024-ADN-02-G143,TUBE,N,6,1,93.00 X 113.00,,CZ0141
ADNPR2060.1,2024,7,2,140,140,QFN,6537158.1,2/12/2024 19:00,B-A,P,ADI,TQ-400E500B020K,LTC4279ICPC-A0Z,6617,ADI4916P,B,2024-ADN-02-G155,TUBE,N,6,1,80.00 X 113.00,,CZ0141
ADNPR2061.1,2024,7,2,140,140,QFN,6537159.1,2/12/2024 19:00,B-A,P,ADI,TQ-400E500B020K,LTC4279ICPC-A0Z,3856,ADI4916P,B,2024-ADN-02-G148,TUBE,N,6,1,80.00 X 113.00,,CZ0141
ADNPR1563.1,2024,6,3,140,140,QFN,6525924.1,2/6/2024 19:00,B-A,P,ADI,TQ-400E500B024A,LTC4041ECPC-A0Z,2181,ADI4237P,A,2024-ADN-02-G147,TUBE,N,6,1,63.00 X 97.00,,CZ0141
ADNPR1564.1,2024,6,3,140,140,QFN,6525925.1,2/6/2024 19:00,B-A,P,ADI,TQ-400E500B024A,LTC4041ECPC-A0Z,13976,ADI4237P,A,2024-ADN-02-G143,TUBE,N,6,1,63.00 X 97.00,,CZ0141
ADNPR2480.1,2024,7,7,140,140,QFN,6542096.1,2/17/2024 19:00,B-A,P,ADI,TQ-400E500B024A,LTC4041ECPC-A0Z,13884,ADI4237P,A,2024-ADN-02-G226,TUBE,N,6,1,63.00 X 97.00,,CZ0141
ADNPR1871.1,2024,6,6,140,140,QFN,6525926.1,2/9/2024 19:00,B-A,P,ADI,TQ-400E500B024A,LTC4041ICPC-A0Z,10399,ADI4237P,A,2024-ADN-02-G148,TUBE,N,6,1,63.00 X 97.00,,CZ0141
ADNPR2054.1,2024,7,2,140,140,QFN,6537137.1,2/12/2024 19:00,B-A,P,ADI,TQ-400E500B024A,LTC7801ECPC-A0Z,30705,ADI4256P,A,2024-ADN-02-G159,TUBE,N,6,1,74.00 X 106.00,,CZ0141
ADNPR2981.1,2024,9,2,140,140,QFN,6547547.1,2/26/2024 19:00,B-A,P,ADI,TQ-400E500B024K,LTC4215-1CCPC-A0Z,5953,ADI7195P,A,2024-ADN-03-G036,TUBE,N,6,1,85.00 X 115.00,,CZ0141
ADNPR2057.1,2024,7,2,140,140,QFN,6537162.1,2/12/2024 19:00,B-A,P,ADI,TQ-400E500B024K,LTC4215-3CCPC-A0Z,4418,ADI6160P,A,2024-ADN-02-G148,TUBE,N,6,1,85.00 X 115.00,,CZ0141
ADNPR2058.1,2024,7,2,140,140,QFN,6537163.1,2/12/2024 19:00,B-A,P,ADI,TQ-400E500B024K,LTC4215-3CCPC-A0Z,2015,ADI6160P,A,2024-ADN-02-G147,TUBE,N,6,1,85.00 X 115.00,,CZ0141
ADNPR2059.1,2024,7,2,140,140,QFN,6537164.1,2/12/2024 19:00,B-A,P,ADI,TQ-400E500B024K,LTC4215-3CCPC-A0Z,9717,ADI6160P,A,2024-ADN-02-G155,TUBE,N,6,1,85.00 X 115.00,,CZ0141
ADNPR2980.1,2024,9,2,140,140,QFN,6547546.1,2/26/2024 19:00,B-A,P,ADI,TQ-400E500B024K,LTC4215-3CCPC-A0Z,5719,ADI6160P,A,2024-ADN-03-G036,TUBE,N,6,1,85.00 X 115.00,,CZ0141
ADNPR1965.1,2024,6,6,140,140,QFN,6525937.1,2/9/2024 19:00,B-A,P,ADI,TQ-400E500B024K,LTC4229ICPC-A0Z,2007,ADI7424P,A,2024-ADN-02-G147,TUBE,N,6,1,98.00 X 96.00,,CZ0141
ADNPR1966.1,2024,6,6,140,140,QFN,6525938.1,2/9/2024 19:00,B-A,P,ADI,TQ-400E500B024K,LTC4229ICPC-A0Z,6032,ADI7424P,A,2024-ADN-02-G147,TUBE,N,6,1,98.00 X 96.00,,CZ0141
ADNPR2332.2,2024,7,5,140,140,QFN,6537322.1,2/15/2024 19:00,B-A,P,ADI,TQ-400E500B028K,LT3071ECPC-A0Z,11860,ADI5062P,B,2024-ADN-02-G223,TUBE,N,8,1,72.00 X 115.00,,CZ0141
ADNPR2332.1,2024,7,5,140,140,QFN,6537322.1,2/15/2024 19:00,B-A,P,ADI,TQ-400E500B028K,LT3071ECPC-A0Z,22000,ADI5062P,B,2024-ADN-02-G223,TUBE,N,8,1,72.00 X 115.00,,CZ0141
ADNPR2333.1,2024,7,5,140,140,QFN,6537323.1,2/15/2024 19:00,B-A,P,ADI,TQ-400E500B028K,LT3071ECPC-A0Z,24096,ADI5062P,B,2024-ADN-02-G226,TUBE,N,8,1,72.00 X 115.00,,CZ0141
ADNPR1983.1,2024,6,7,140,140,QFN,6537321.1,2/10/2024 19:00,B-A,P,ADI,TQ-400E500B028K,LT3071ICPC-A0Z,9125,ADI5062P,B,2024-ADN-02-G155,TUBE,N,8,1,72.00 X 115.00,,CZ0141
ADNPR1515.1,2024,6,1,140,140,QFN,6525719.1,2/4/2024 19:00,B-A,P,ADI,TQ-400E500B028K,LT3669ICPC-A0Z,13621,ADI5506P,A,2024-ADN-02-G115,TUBE,N,6,1,110 X 132,,CZ0141
ADNPR1512.1,2024,6,1,140,140,QFN,6525730.1,2/4/2024 19:00,B-A,P,ADI,TQ-400E500B028K,LT3922-1ACPC-A1Z,10804,ADI4411P,A,2024-ADN-02-G143,TUBE,N,8,1,68.30 X 113.30,,CZ0141
ADNPR1549.1,2024,6,2,140,140,QFN,6525731.1,2/5/2024 19:00,B-A,P,ADI,TQ-400E500B028K,LT3922-1ICPC-A1Z,21990,ADI4411P,A,2024-ADN-02-G140,TUBE,N,8,1,68.30 X 113.30,,CZ0141
ADNPR1550.1,2024,6,2,140,140,QFN,6525732.1,2/5/2024 19:00,B-A,P,ADI,TQ-400E500B028K,LT3922-1ICPC-A1Z,10790,ADI4411P,A,2024-ADN-02-G140,TUBE,N,8,1,68.30 X 113.30,,CZ0141
ADNPR1551.1,2024,6,2,140,140,QFN,6525733.1,2/5/2024 19:00,B-A,P,ADI,TQ-400E500B028K,LT3922-1ICPC-A1Z,10943,ADI4411P,A,2024-ADN-02-G140,TUBE,N,8,1,68.30 X 113.30,,CZ0141
ADNPR2580.1,2024,8,2,140,140,QFN,6541977.1,2/19/2024 19:00,B-A,P,ADI,TQ-400E500B028K,LT4276AHCPC-A0Z,24426,ADI5470P,B,2024-ADN-03-G002,TUBE,N,6,1,75.00 X 105.00,,CZ0141
ADNPR2578.1,2024,8,2,140,140,QFN,6541978.1,2/19/2024 19:00,B-A,P,ADI,TQ-400E500B028K,LT4295HCPC-A0Z,7789,ADI4739P,A,2024-ADN-02-G231,TUBE,N,6,1,75.00 X 105.00,,CZ0141
ADNPR2579.1,2024,8,2,140,140,QFN,6541979.1,2/19/2024 19:00,B-A,P,ADI,TQ-400E500B028K,LT4295ICPC-A0Z,14920,ADI4739P,A,2024-ADN-02-G231,TUBE,N,6,1,75.00 X 105.00,,CZ0141
ADNPR2801.1,2024,8,5,140,140,QFN,6542006.1,2/22/2024 19:00,B-A,P,ADI,TQ-400E500B028K,LT8390AHCPC-A1Z,7191,ADI4419P,B,2024-ADN-03-G002,TUBE,N,8,1,60.30 X 96.30,,CZ0141
A5PPR0349.1,2024,8,4,140,140,QFN,6542033.1,2/21/2024 19:00,B-A,P,ADI,TQ-400E500B028K,LTC2321-16ICPC-A0Z,6075,ADI4528P,A,2024-A5P-03-G001,TUBE,N,8,1,71.00 X 95.00,,CZ0141
A5PPR0312.1,2024,7,5,140,140,QFN,6537224.1,2/15/2024 19:00,B-A,P,ADI,TQ-400E500B028K,LTC2323-12ICPC-A0Z,6075,ADI4548P,A,2024-A5P-02-G070,TUBE,N,8,1,71.00 X 95.00,,CZ0141
ADNPR2041.1,2024,7,2,140,140,QFN,6537199.1,2/12/2024 19:00,B-A,P,ADI,TQ-400E500B028K,LTC3126ICPC-A1Z,5676,ADI4559P,A,2024-ADN-02-G159,TUBE,N,8,1,93.3 X 144.3,,CZ0141
ADNPR2042.1,2024,7,2,140,140,QFN,6537200.1,2/12/2024 19:00,B-A,P,ADI,TQ-400E500B028K,LTC3126ICPC-A1Z,2816,ADI4559P,A,2024-ADN-02-G155,TUBE,N,8,1,93.3 X 144.3,,CZ0141
ADNPR2863.1,2024,8,6,140,140,QFN,6547566.1,2/23/2024 19:00,B-A,P,ADI,TQ-400E500B028K,LTC3546ECPC-A0Z,13779,ADI4704P,B,2024-ADN-03-G036,TUBE,N,6,1,87.00 X 99.00,,CZ0141
ADNPR1880.2,2024,6,6,140,140,QFN,6525898.1,2/9/2024 19:00,B-A,P,ADI,TQ-400E500B028K,LTC3633AECPC-A0Z,24723,ADI5418P,B,2024-ADN-02-G147,TUBE,N,8,1,59.00 X 134.00,,CZ0141
ADNPR1880.1,2024,6,6,140,140,QFN,6525898.1,2/9/2024 19:00,B-A,P,ADI,TQ-400E500B028K,LTC3633AECPC-A0Z,22000,ADI5418P,B,2024-ADN-02-G147,TUBE,N,8,1,59.00 X 134.00,,CZ0141
ADNPR2423.3,2024,7,6,140,140,QFN,6542078.1,2/16/2024 19:00,B-A,P,ADI,TQ-400E500B028K,LTC3633AECPC-A0Z,13078,ADI5418P,B,2024-ADN-02-G231,TUBE,N,8,1,59.00 X 134.00,,CZ0141
ADNPR2423.2,2024,7,6,140,140,QFN,6542078.1,2/16/2024 19:00,B-A,P,ADI,TQ-400E500B028K,LTC3633AECPC-A0Z,22000,ADI5418P,B,2024-ADN-02-G231,TUBE,N,8,1,59.00 X 134.00,,CZ0141
ADNPR2423.1,2024,7,6,140,140,QFN,6542078.1,2/16/2024 19:00,B-A,P,ADI,TQ-400E500B028K,LTC3633AECPC-A0Z,22000,ADI5418P,B,2024-ADN-02-G231,TUBE,N,8,1,59.00 X 134.00,,CZ0141
ADNPR1974.1,2024,6,7,140,140,QFN,6525899.1,2/10/2024 19:00,B-A,P,ADI,TQ-400E500B028K,LTC3633ECPC-A0Z,15746,ADI5422P,B,2024-ADN-02-G148,TUBE,N,8,1,58.00 X 134.00,,CZ0141
ADNPR1585.1,2024,6,1,140,140,QFN,6525902.1,2/4/2024 19:00,B-A,P,ADI,TQ-400E500B028K,LTC3649ECPC-A1Z,6841,ADI4996P,B,2024-ADN-02-G107,TUBE,N,8,1,93.3 X 131.3,,CZ0141
ADNPR2570.1,2024,7,7,140,140,QFN,6542082.1,2/17/2024 19:00,B-A,P,ADI,TQ-400E500B028K,LTC3649ICPC-A1Z,6894,ADI4996P,B,2024-ADN-02-G226,TUBE,N,8,1,93.3 X 131.3,,CZ0141
ADNPR1462.1,2024,5,7,140,140,QFN,6524011.1,2/3/2024 19:00,B-A,P,ADI,TQ-400E500B028K,LTC3784ICPC-A0Z,13583,ADI4549P,A,2024-ADN-02-G140,TUBE,N,6,1,63.00 X 77.00,,CZ0141
ADNPR2045.1,2024,7,2,140,140,QFN,6537177.1,2/12/2024 19:00,B-A,P,ADI,TQ-400E500B028K,LTC3789ECPC-A0Z,15394,ADI3794P,B,2024-ADN-02-G155,TUBE,N,6,1,74.00 X 72.00,,CZ0141
ADNPR1455.1,2024,5,6,140,140,QFN,6525913.1,2/2/2024 19:00,B-A,P,ADI,TQ-400E500B028K,LTC3850ECPC-A0UFDZ,22000,ADI4530P,B,2024-ADN-02-G140,TUBE,N,6,1,62.00 X 60.00,,CZ0141
ADNPR1455.2,2024,5,6,140,140,QFN,6525913.1,2/2/2024 19:00,B-A,P,ADI,TQ-400E500B028K,LTC3850ECPC-A0UFDZ,12868,ADI4530P,B,2024-ADN-02-G140,TUBE,N,6,1,62.00 X 60.00,,CZ0141
ADNPR1456.1,2024,5,6,140,140,QFN,6525914.1,2/2/2024 19:00,B-A,P,ADI,TQ-400E500B028K,LTC3850ECPC-A0UFDZ,23571,ADI4530P,B,2024-ADN-02-G115,TUBE,N,6,1,62.00 X 60.00,,CZ0141
ADNPR2862.1,2024,8,6,140,140,QFN,6547551.1,2/23/2024 19:00,B-A,P,ADI,TQ-400E500B028K,LTC4013ICPC-A0Z,19121,ADI4722P,B,2024-ADN-03-G036,TUBE,N,6,1,84.00 X 107.00,,CZ0141
A5PPR0247.1,2024,6,6,140,140,QFN,6525967.1,2/9/2024 19:00,B-A,P,ADI,TQ-400E500B028K,LTC6947ICPC-A0Z,8434,ADI5106P,A,2024-A5P-02-G048,TUBE,N,8,1,71.00 X 122.00,,CZ0141
A5PPR0351.1,2024,8,4,140,140,QFN,6544297.1,2/21/2024 19:00,B-A,P,ADI,TQ-400E500B028K,LTC6948-1ICPC-A0Z,9978,ADI4706P,A,2024-A5P-03-G017,TUBE,N,8,1,71.00 X 122.00,,CZ0141
A5PPR0352.1,2024,8,4,140,140,QFN,6544298.1,2/21/2024 19:00,B-A,P,ADI,TQ-400E500B028K,LTC6948-1ICPC-A0Z,4299,ADI4706P,A,2024-A5P-03-G001,TUBE,N,8,1,71.00 X 122.00,,CZ0141
A5PPR0353.1,2024,8,4,140,140,QFN,6544299.1,2/21/2024 19:00,B-A,P,ADI,TQ-400E500B028K,LTC6948-1ICPC-A0Z,4476,ADI4706P,A,2024-A5P-03-G001,TUBE,N,8,1,71.00 X 122.00,,CZ0141
ADNPR2040.1,2024,7,2,140,140,QFN,6537138.1,2/12/2024 19:00,B-A,P,ADI,TQ-400E500B028K,LTC7149ECPC-A1Z,6900,ADI4985P,B,2024-ADN-02-G155,TUBE,N,8,1,93.30 X 131.30,,CZ0141
ADNPR2568.1,2024,7,7,140,140,QFN,6538611.1,2/17/2024 19:00,B-A,P,ADI,TQ-400M500B020K,LTC4331CCPC-A0Z,15796,ADI4788P,A,2024-ADN-02-G231,TUBE,N,6,"1,1","87.00 X 65.00,65.00 X 48.00",,CZ0141
A5PPR0254.1,2024,6,7,140,140,QFN,6525809.1,2/10/2024 19:00,B-A,P,ADI,TQ-500E500B032K,LTC2226CCPC-A0Z,13725,ADI5472P,A,2024-A5P-02-G060,TUBE,N,8,1,92.00 X 89.00,,CZ0141
A5PPR0241.1,2024,6,5,140,140,QFN,6525810.1,2/8/2024 19:00,B-A,P,ADI,TQ-500E500B032K,LTC2246ICPC-A0Z,5038,ADI5382P,A,2024-A5P-02-G046,TUBE,N,8,1,92.00 X 89.00,,CZ0141
A5PPR0242.1,2024,6,5,140,140,QFN,6525818.1,2/8/2024 19:00,B-A,P,ADI,TQ-500E500B032K,LTC2351-14CCPC-A0Z,2363,ADI5007P,A,2024-A5P-02-G058,TUBE,N,8,1,97.00 X 136.00,,CZ0141
A5PPR0243.1,2024,6,5,140,140,QFN,6525819.1,2/8/2024 19:00,B-A,P,ADI,TQ-500E500B032K,LTC2351-14CCPC-A0Z,5155,ADI5007P,A,2024-A5P-02-G046,TUBE,N,8,1,97.00 X 136.00,,CZ0141
A5PPR0350.1,2024,8,4,140,140,QFN,6544254.1,2/21/2024 19:00,B-A,P,ADI,TQ-500E500B032K,LTC2386-16CCPC-A0Z,3778,ADI5182P,A,2024-A5P-03-G013,TUBE,N,8,1,103.00 X 103.00,,CZ0141
A5PPR0276.1,2024,7,3,140,140,QFN,6537221.1,2/13/2024 19:00,B-A,P,ADI,TQ-500E500B032K,LTC2386-16ICPC-A0Z,3767,ADI5182P,A,2024-A5P-02-G062,TUBE,N,8,1,103.00 X 103.00,,CZ0141
A5PPR0275.1,2024,7,3,140,140,QFN,6537220.1,2/13/2024 19:00,B-A,P,ADI,TQ-500E500B032K,LTC2387-18ICPC-A0PFZ,7552,ADI5350P,A,2024-A5P-02-G062,TUBE,N,8,1,103.00 X 103.00,,CZ0141
A5PPR0327.1,2024,8,2,140,140,QFN,6539808.1,2/19/2024 19:00,B-A,P,ADI,TQ-500E500B032K,LTC2387-18ICPC-A0PFZ,3777,ADI5350P,A,2024-A5P-03-G002,TUBE,N,8,1,103.00 X 103.00,,CZ0141
A5PPR0328.1,2024,8,2,140,140,QFN,6539809.1,2/19/2024 19:00,B-A,P,ADI,TQ-500E500B032K,LTC2387-18ICPC-A0PFZ,3765,ADI5350P,A,2024-A5P-03-G002,TUBE,N,8,1,103.00 X 103.00,,CZ0141
A5PPR0369.1,2024,8,6,140,140,QFN,6542044.1,2/23/2024 19:00,B-A,P,ADI,TQ-500E500B032K,LTC2666-12ICPC-A0Z,845,ADI5915P,A,2024-A5P-03-G013,TUBE,N,6,1,142.00 X 140.00,,CZ0141
A5PPR0277.1,2024,7,3,140,140,QFN,6537212.1,2/13/2024 19:00,B-A,P,ADI,TQ-500E500B032K,LTC2666-16CCPC-A0Z,723,ADI6442P,A,2024-A5P-02-G062,TUBE,N,6,1,142.00 X 140.00,,CZ0141
ADNPR1650.1,2024,6,2,140,140,QFN,6525865.1,2/5/2024 19:00,B-A,P,ADI,TQ-500E500B032K,LTC3370ECPC-A0Z,7680,ADI5201P,A,2024-ADN-02-G140,TUBE,N,6,1,78.00 X 129.00,,CZ0141
ADNPR2174.1,2024,7,3,140,140,QFN,6537178.1,2/13/2024 19:00,B-A,P,ADI,TQ-500E500B032K,LTC3788ECPC-A0Z,4418,ADI5389P,A,2024-ADN-02-G191,TUBE,N,6,1,63.00 X 77.00,,CZ0141
ADNPR2365.1,2024,7,5,140,140,QFN,6537173.1,2/15/2024 19:00,B-A,P,ADI,TQ-500E500B032K,LTC3857ECPC-A1Z,17839,ADI5601P,A,2024-ADN-02-G233,TUBE,N,8,1,60.3 X 76.3,,CZ0141
ADNPR1582.1,2024,6,1,140,140,QFN,6525917.1,2/4/2024 19:00,B-A,P,ADI,TQ-500E500B032K,LTC3890ECPC-A1Z,18038,ADI5603P,A,2024-ADN-02-G140,TUBE,N,8,1,60.3 X 76.3,,CZ0141
ADNPR1690.1,2024,6,3,140,140,QFN,6525918.1,2/6/2024 19:00,B-A,P,ADI,TQ-500E500B032K,LTC3890ICPC-A1Z,8152,ADI5603P,A,2024-ADN-02-G133,TUBE,N,8,1,60.3 X 76.3,,CZ0141
A5PPR0227.1,2024,6,3,140,140,QFN,6525940.1,2/6/2024 19:00,B-A,P,ADI,TQ-500E500B032K,LTC4282ICPC-A1Z,2876,ADI5065P,B,2024-A5P-02-G045,TRAY,N,6,1,89.00 X 135.00,,CZ0141
A5PPR0329.1,2024,8,3,140,140,QFN,6542103.1,2/20/2024 19:00,B-A,P,ADI,TQ-500E500B032K,LTC4282ICPC-A1Z,4338,ADI5065P,B,2024-A5P-03-G002,TRAY,N,6,1,89.00 X 135.00,,CZ0141
ADNPR1763.1,2024,6,4,140,140,QFN,6525994.1,2/7/2024 19:00,B-A,P,ADI,TQ-500E500B032K,LTC997CCPC-A010329Z,4472,ADI5190P,A,2024-ADN-02-G133,TUBE,N,6,1,105.00 X 108.00,,CZ0141
ADNPR1764.1,2024,6,4,140,140,QFN,6525995.1,2/7/2024 19:00,B-A,P,ADI,TQ-500E500B032K,LTC997CCPC-A010329Z,9693,ADI5190P,A,2024-ADN-02-G143,TUBE,N,6,1,105.00 X 108.00,,CZ0141
ADNPR1765.1,2024,6,4,140,140,QFN,6525996.1,2/7/2024 19:00,B-A,P,ADI,TQ-500E500B032K,LTC997CCPC-A010329Z,5161,ADI5190P,A,2024-ADN-02-G143,TUBE,N,6,1,105.00 X 108.00,,CZ0141
ADNPR3076.1,2024,9,4,140,140,QFN,6547661.1,2/28/2024 19:00,B-A,P,ADI,TQ-500E700B038A,LT3476ICPC-A0Z,11002,ADI7123P,A,2024-ADN-03-G066,TUBE,N,6,1,78.00 X 177.00,,CZ0141
ADNPR2971.1,2024,9,2,140,140,QFN,6547608.1,2/26/2024 19:00,B-A,P,ADI,TQ-500E700B038A,LT8705ECPC-A0Z,10786,ADI4555P,B,2024-ADN-03-G042,TUBE,N,6,1,93.00 X 187.00,,CZ0141
ADNPR1925.1,2024,6,6,140,140,QFN,6525866.1,2/9/2024 19:00,B-A,P,ADI,TQ-500E700B038A,LTC3374AECPC-A0Z,12800,ADI3580P,B,2024-ADN-02-G148,TUBE,N,6,1,76.00 X 157.00,,CZ0141
ADNPR1925.2,2024,6,6,140,140,QFN,6525866.1,2/9/2024 19:00,B-A,P,ADI,TQ-500E700B038A,LTC3374AECPC-A0Z,8918,ADI3580P,B,2024-ADN-02-G148,TUBE,N,6,1,76.00 X 157.00,,CZ0141
ADNPR2224.1,2024,7,4,140,140,QFN,6537195.1,2/14/2024 19:00,B-A,P,ADI,TQ-500E700B038A,LTC3374AICPC-A0Z,10533,ADI3580P,B,2024-ADN-02-G198,TUBE,N,6,1,76.00 X 157.00,,CZ0141
ADNPR2478.1,2024,7,7,140,140,QFN,6542088.1,2/17/2024 19:00,B-A,P,ADI,TQ-500E700B038A,LTC3816ECPC-A0Z,4469,ADI5884P,A,2024-ADN-02-G231,TUBE,N,6,1,65.00 X 75.00,,CZ0141
ADNPR2749.1,2024,8,4,140,140,QFN,6542089.1,2/21/2024 19:00,B-A,P,ADI,TQ-500E700B038A,LTC3838ECPC-A0Z,17476,ADI4738P,B,2024-ADN-03-G026,TUBE,N,6,1,65.00 X 94.00,,CZ0141
ADNPR2896.1,2024,8,6,140,140,QFN,6547556.1,2/23/2024 19:00,B-A,P,ADI,TQ-500E700B038A,LTC3838ECPC-A0Z,10534,ADI4738P,B,2024-ADN-03-G032,TUBE,N,6,1,65.00 X 94.00,,CZ0141
ADNPR2897.1,2024,8,6,140,140,QFN,6547557.1,2/23/2024 19:00,B-A,P,ADI,TQ-500E700B038A,LTC3838ECPC-A0Z,3451,ADI4738P,B,2024-ADN-03-G036,TUBE,N,6,1,65.00 X 94.00,,CZ0141
ADNPR2750.1,2024,8,4,140,140,QFN,6544255.1,2/21/2024 19:00,B-A,P,ADI,TQ-500E700B038A,LTC4015ICPC-A0Z,8021,ADI5101P,A,2024-ADN-03-G026,TUBE,N,8,1,80.00 X 126.00,,CZ0141
ADNPR2612.1,2024,8,3,140,140,QFN,6542094.1,2/20/2024 19:00,B-A,P,ADI,TQ-500E700B038A,LTC4020ECPC-A0Z,15712,ADI4424P,B,2024-ADN-03-G005,TUBE,N,6,1,78.00 X 106.00,,CZ0141
ADNPR2613.1,2024,8,3,140,140,QFN,6542095.1,2/20/2024 19:00,B-A,P,ADI,TQ-500E700B038A,LTC4020ECPC-A0Z,18328,ADI4424P,B,2024-ADN-03-G009,TUBE,N,6,1,78.00 X 106.00,,CZ0141
ADNPR1932.1,2024,6,6,140,140,QFN,6525939.1,2/9/2024 19:00,B-A,P,ADI,TQ-500E700B038A,LTC4242CCPC-A0Z,1500,ADI5896P,A,2024-ADN-02-G148,TUBE,N,6,1,74.00 X 168.00,,CZ0141
ADNPR2476.1,2024,7,7,140,140,QFN,6542102.1,2/17/2024 19:00,B-A,P,ADI,TQ-500E700B038A,LTC4242CCPC-A0Z,1547,ADI5896P,A,2024-ADN-02-G231,TUBE,N,6,1,74.00 X 168.00,,CZ0141
ADNPR2176.1,2024,7,3,140,140,QFN,6537307.1,2/13/2024 19:00,B-A,P,ADI,TQ-500E700B038K,LT3507ECPC-A0Z,9235,ADI5701P,B,2024-ADN-02-G198,TUBE,N,6,1,113.00 X 97.00,,CZ0141
ADNPR2572.1,2024,8,2,140,140,QFN,6541964.1,2/19/2024 19:00,B-A,P,ADI,TQ-500E700B038K,LT3507ECPC-A0Z,16738,ADI5701P,B,2024-ADN-02-G233,TUBE,N,6,1,113.00 X 97.00,,CZ0141
ADNPR2573.1,2024,8,2,140,140,QFN,6541965.1,2/19/2024 19:00,B-A,P,ADI,TQ-500E700B038K,LT3507HCPC-A0Z,3712,ADI5701P,B,2024-ADN-02-G233,TUBE,N,6,1,113.00 X 97.00,,CZ0141
ADNPR2175.1,2024,7,3,140,140,QFN,6537306.1,2/13/2024 19:00,B-A,P,ADI,TQ-500E700B038K,LT3507ICPC-A0Z,5579,ADI5701P,B,2024-ADN-02-G198,TUBE,N,6,1,113.00 X 97.00,,CZ0141
ADNPR2574.1,2024,8,2,140,140,QFN,6541966.1,2/19/2024 19:00,B-A,P,ADI,TQ-500E700B038K,LT3507ICPC-A0Z,11184,ADI5701P,B,2024-ADN-02-G233,TUBE,N,6,1,113.00 X 97.00,,CZ0141
ADNPR2034.1,2024,6,7,140,140,QFN,6526310.1,2/10/2024 19:00,B-A,P,ADI,TQ-600M600B040K,LTC3880-1ICPC-A0Z,5317,ADI7428P,A,2024-ADN-02-G199,TUBE,N,6,"1,1","89.00 X 73.00,112.00 X 60.00",,CZ0177
ADNPR2025.1,2024,6,7,140,140,QFN,6526311.1,2/10/2024 19:00,B-A,P,ADI,TQ-600M600B040K,LTC3880ECPC-A0Z,6382,ADI6240P,A,2024-ADN-02-G198,TUBE,N,6,"1,1","89.00 X 73.00,112.00 X 60.00",,CZ0177
ADNPR2028.1,2024,6,7,140,140,QFN,6527254.1,2/10/2024 19:00,B-A,P,ADI,TQ-600M600B040K,LTC3882-1ECPC-A0Z,16638,ADI6230P,A,2024-ADN-02-G187,TUBE,N,6,"1,1","90.00 X 74.00,112.00 X 60.00",,CZ0177
ADNPR2389.1,2024,7,5,140,140,QFN,6537707.1,2/15/2024 19:00,B-A,P,ADI,TQ-600M600B040K,LTC3882-1ECPC-A0Z,17116,ADI6230P,A,2024-ADN-02-G237,TUBE,N,6,"1,1","90.00 X 74.00,112.00 X 60.00",,CZ0177
ADNPR2814.1,2024,8,5,140,140,QFN,6543403.1,2/22/2024 19:00,B-A,P,ADI,TQ-600M600B040K,LTC3882-1ECPC-A0Z,2428,ADI6230P,A,2024-ADN-03-G042,TUBE,N,6,"1,1","90.00 X 74.00,112.00 X 60.00",,CZ0177
ALPPR0336.1,2024,5,6,140,140,QFN,2406163JDAA,2/2/2024 19:00,B-A,P,AL9,TQC400E400B024A,893011WES-99999,23072,AL90103P,A,2024-ALP-02-G055,TUBE,N,8,1,101.5 X 98.4,,CZ0288
ALPPR0337.1,2024,5,7,140,140,QFN,2406163JDAB,2/3/2024 19:00,B-A,P,AL9,TQC400E400B024A,893011WES-99999,22933,AL90103P,A,2024-ALP-02-G055,TUBE,N,8,1,101.5 X 98.4,,CZ0288
ALPPR0353.1,2024,5,7,140,140,QFN,2406300JDAA,2/3/2024 19:00,B-A,P,AL9,TQC400E400B024A,893011WES-99999,19293,AL90103P,A,2024-ALP-02-G055,TUBE,N,8,1,101.5 X 98.4,,CZ0288
ALPPR0371.1,2024,6,2,140,140,QFN,2406530JDAA,2/5/2024 19:00,B-A,P,AL9,TQC400E400B024A,893011WES-99999,23182,AL90103P,A,2024-ALP-02-G087,TUBE,N,8,1,101.5 X 98.4,,CZ0288
ALPPR0372.1,2024,6,2,140,140,QFN,2406530JDAB,2/5/2024 19:00,B-A,P,AL9,TQC400E400B024A,893011WES-99999,23420,AL90103P,A,2024-ALP-02-G087,TUBE,N,8,1,101.5 X 98.4,,CZ0288
ALPPR0373.1,2024,6,3,140,140,QFN,2406530JDAC,2/6/2024 19:00,B-A,P,AL9,TQC400E400B024A,893011WES-99999,23434,AL90103P,A,2024-ALP-02-G062,TUBE,N,8,1,101.5 X 98.4,,CZ0288
ALPPR0374.1,2024,6,3,140,140,QFN,2406530JDAD,2/6/2024 19:00,B-A,P,AL9,TQC400E400B024A,893011WES-99999,19671,AL90103P,A,2024-ALP-02-G097,TUBE,N,8,1,101.5 X 98.4,,CZ0288
ALPPR0575.1,2024,8,5,140,140,QFN,2409234JDAA,2/22/2024 19:00,B-A,P,AL9,TQC400E400B024A,893011WES-99999,24344,AL90103P,A,2024-ALP-03-G017,TUBE,N,8,1,101.5 X 98.4,,CZ0288
ALPPR0576.1,2024,8,5,140,140,QFN,2409234JDAB,2/22/2024 19:00,B-A,P,AL9,TQC400E400B024A,893011WES-99999,24240,AL90103P,A,2024-ALP-03-G017,TUBE,N,8,1,101.5 X 98.4,,CZ0288
ALPPR0588.1,2024,8,6,140,140,QFN,2409234JDAC,2/23/2024 19:00,B-A,P,AL9,TQC400E400B024A,893011WES-99999,24129,AL90103P,A,2024-ALP-03-G019,TUBE,N,8,1,101.5 X 98.4,,CZ0288
ALPPR0589.1,2024,8,6,140,140,QFN,2409234JDAD,2/23/2024 19:00,B-A,P,AL9,TQC400E400B024A,893011WES-99999,23851,AL90103P,A,2024-ALP-03-G023,TUBE,N,8,1,101.5 X 98.4,,CZ0288
ALPPR0590.1,2024,9,1,140,140,QFN,2409235JDAA,2/25/2024 19:00,B-A,P,AL9,TQC400E400B024A,893011WES-99999,24298,AL90103P,A,2024-ALP-03-G018,TUBE,N,8,1,101.5 X 98.4,,CZ0288
ALPPR0591.1,2024,9,1,140,140,QFN,2409236JDAA,2/25/2024 19:00,B-A,P,AL9,TQC400E400B024A,893011WES-99999,23078,AL90103P,A,2024-ALP-03-G018,TUBE,N,8,1,101.5 X 98.4,,CZ0288
ALPPR0592.1,2024,9,1,140,140,QFN,2409236JDAB,2/25/2024 19:00,B-A,P,AL9,TQC400E400B024A,893011WES-99999,22997,AL90103P,A,2024-ALP-03-G018,TUBE,N,8,1,101.5 X 98.4,,CZ0288
ALPPR0593.1,2024,9,2,140,140,QFN,2409236JDAC,2/26/2024 19:00,B-A,P,AL9,TQC400E400B024A,893011WES-99999,27344,AL90103P,A,2024-ALP-03-G018,TUBE,N,8,1,101.5 X 98.4,,CZ0288
ALPPR0594.1,2024,9,2,140,140,QFN,2409238JDAA,2/26/2024 19:00,B-A,P,AL9,TQC400E400B024A,893011WES-99999,23880,AL90103P,A,2024-ALP-03-G023,TUBE,N,8,1,101.5 X 98.4,,CZ0288
ALPPR0595.1,2024,9,2,140,140,QFN,2409238JDAB,2/26/2024 19:00,B-A,P,AL9,TQC400E400B024A,893011WES-99999,23410,AL90103P,A,2024-ALP-03-G046,TUBE,N,8,1,101.5 X 98.4,,CZ0288
ALPPR0596.1,2024,9,3,140,140,QFN,2409238JDAC,2/27/2024 19:00,B-A,P,AL9,TQC400E400B024A,893011WES-99999,22920,AL90103P,A,2024-ALP-03-G046,TUBE,N,8,1,101.5 X 98.4,,CZ0288
ALPPR0597.1,2024,9,3,140,140,QFN,2409238JDAD,2/27/2024 19:00,B-A,P,AL9,TQC400E400B024A,893011WES-99999,7753,AL90103P,A,2024-ALP-03-G023,TUBE,N,8,1,101.5 X 98.4,,CZ0288
ALPPR0352.1,2024,5,7,140,140,QFN,2406301JDAA,2/3/2024 19:00,B-A,P,AL9,TQC400E400B024A,959315WES-99999,17603,AL90101P,A,2024-ALP-02-G059,TUBE,N,8,1,103.9 X 103.9,,CZ0288
ALPPR0388.1,2024,6,5,140,140,QFN,2407785JDAA,2/8/2024 19:00,B-A,P,AL9,TQC400E400B024A,959315WES-99999,10631,AL90101P,A,2024-ALP-02-G096,TUBE,N,8,1,103.9 X 103.9,,CZ0288
ALPPR0406.1,2024,6,6,140,140,QFN,2407884JDAA,2/9/2024 19:00,B-A,P,AL9,TQC400E400B024A,959315WES-99999,6761,AL90101P,A,2024-ALP-02-G096,TUBE,N,8,1,103.9 X 103.9,,CZ0288
ALPPR0407.1,2024,6,6,140,140,QFN,2407885JDAA,2/9/2024 19:00,B-A,P,AL9,TQC400E400B024A,959315WES-99999,17738,AL90101P,A,2024-ALP-02-G103,TUBE,N,8,1,103.9 X 103.9,,CZ0288
ALPPR0408.1,2024,6,6,140,140,QFN,2407886JDAA,2/9/2024 19:00,B-A,P,AL9,TQC400E400B024A,959315WES-99999,25382,AL90101P,A,2024-ALP-02-G103,TUBE,N,8,1,103.9 X 103.9,,CZ0288
ALPPR0424.1,2024,6,7,140,140,QFN,2407004JDAA,2/10/2024 19:00,B-A,P,AL9,TQC400E400B024A,959315WES-99999,24761,AL90101P,A,2024-ALP-02-G103,TUBE,N,8,1,103.9 X 103.9,,CZ0288
ALPPR0436.1,2024,7,2,140,140,QFN,2407224JDAA,2/12/2024 19:00,B-A,P,AL9,TQC400E400B024A,959315WES-99999,21313,AL90101P,A,2024-ALP-02-G133,TUBE,N,8,1,103.9 X 103.9,,CZ0288
ALPPR0460.1,2024,7,5,140,140,QFN,2408434JDAA,2/15/2024 19:00,B-A,P,AL9,TQC400E400B024A,959315WES-99999,17614,AL90101P,A,2024-ALP-02-G133,TUBE,N,8,1,103.9 X 103.9,,CZ0288
ALPPR0497.1,2024,7,6,140,140,QFN,2408649JDAA,2/16/2024 19:00,B-A,P,AL9,TQC400E400B024A,959315WES-99999,21849,AL90101P,A,2024-ALP-02-G146,TUBE,N,8,1,103.9 X 103.9,,CZ0288
ALPPR0498.1,2024,7,6,140,140,QFN,2408649JDAB,2/16/2024 19:00,B-A,P,AL9,TQC400E400B024A,959315WES-99999,21726,AL90101P,A,2024-ALP-02-G133,TUBE,N,8,1,103.9 X 103.9,,CZ0288
ALPPR0499.1,2024,7,7,140,140,QFN,2408649JDAC,2/17/2024 19:00,B-A,P,AL9,TQC400E400B024A,959315WES-99999,21529,AL90101P,A,2024-ALP-03-G001,TUBE,N,8,1,103.9 X 103.9,,CZ0288
ALPPR0500.1,2024,7,7,140,140,QFN,2408649JDAD,2/17/2024 19:00,B-A,P,AL9,TQC400E400B024A,959315WES-99999,24710,AL90101P,A,2024-ALP-02-G165,TUBE,N,8,1,103.9 X 103.9,,CZ0288
ALPPR0501.1,2024,8,1,140,140,QFN,2408650JDAA,2/18/2024 19:00,B-A,P,AL9,TQC400E400B024A,959315WES-99999,21043,AL90101P,A,2024-ALP-02-G166,TUBE,N,8,1,103.9 X 103.9,,CZ0288
ALPPR0502.1,2024,8,1,140,140,QFN,2408650JDAB,2/18/2024 19:00,B-A,P,AL9,TQC400E400B024A,959315WES-99999,21503,AL90101P,A,2024-ALP-02-G167,TUBE,N,8,1,103.9 X 103.9,,CZ0288
ALPPR0503.1,2024,8,2,140,140,QFN,2408650JDAC,2/19/2024 19:00,B-A,P,AL9,TQC400E400B024A,959315WES-99999,21419,AL90101P,A,2024-ALP-03-G001,TUBE,N,8,1,103.9 X 103.9,,CZ0288
ALPPR0504.1,2024,8,2,140,140,QFN,2408650JDAD,2/19/2024 19:00,B-A,P,AL9,TQC400E400B024A,959315WES-99999,24619,AL90101P,A,2024-ALP-03-G001,TUBE,N,8,1,103.9 X 103.9,,CZ0288
ALPPR0505.1,2024,8,3,140,140,QFN,2408651JDAA,2/20/2024 19:00,B-A,P,AL9,TQC400E400B024A,959315WES-99999,25667,AL90101P,A,2024-ALP-03-G016,TUBE,N,8,1,103.9 X 103.9,,CZ0288
ALPPR0559.1,2024,8,4,140,140,QFN,2408894JDAA,2/21/2024 19:00,B-A,P,AL9,TQC400E400B024A,959315WES-99999,22293,AL90101P,B,2024-ALP-03-G016,TUBE,N,8,1,103.9X103.9,,CZ0288
ALPPR0560.1,2024,8,4,140,140,QFN,2408894JDAB,2/21/2024 19:00,B-A,P,AL9,TQC400E400B024A,959315WES-99999,22321,AL90101P,B,2024-ALP-03-G013,TUBE,N,8,1,103.9X103.9,,CZ0288
ALPPR0608.1,2024,9,3,140,140,QFN,2409670JDAA,2/27/2024 19:00,B-A,P,AL9,TQC400E400B024A,959315WES-99999,22254,AL90101P,B,2024-ALP-03-G035,TUBE,N,8,1,103.9X103.9,,CZ0288
ALPPR0615.1,2024,9,4,140,140,QFN,2409670JDAB,2/28/2024 19:00,B-A,P,AL9,TQC400E400B024A,959315WES-99999,25932,AL90101P,B,2024-ALP-03-G042,TUBE,N,8,1,103.9X103.9,,CZ0288
ALPPR0616.1,2024,9,4,140,140,QFN,2409671JDAA,2/28/2024 19:00,B-A,P,AL9,TQC400E400B024A,959315WES-99999,22266,AL90101P,B,2024-ALP-03-G049,TUBE,N,8,1,103.9X103.9,,CZ0288
ALPPR0617.1,2024,9,4,140,140,QFN,2409671JDAB,2/28/2024 19:00,B-A,P,AL9,TQC400E400B024A,959315WES-99999,22258,AL90101P,B,2024-ALP-03-G056,TUBE,N,8,1,103.9X103.9,,CZ0288
AOWFR0016.1,2024,6,1,140,140,QFN,AOS24060002,2/4/2024 19:00,B-A,F,AO0,NQC600E600A052D,AOZ71137QI#A,6930,AO00018P,C,2024-AOW-02-G003,TUBE,N,8,1,139.4 X 130.3,,CZ0289
AOWFR0016.6,2024,6,1,140,140,QFN,AOS24060007,2/4/2024 19:00,B-A,F,AO0,NQC600E600A052D,AOZ71137QI#A,6930,AO00018P,C,2024-AOW-02-G003,TUBE,N,8,1,139.4 X 130.3,,CZ0289
AOWFR0016.2,2024,6,1,140,140,QFN,AOS24060003,2/4/2024 19:00,B-A,F,AO0,NQC600E600A052D,AOZ71137QI#A,6930,AO00018P,C,2024-AOW-02-G005,TUBE,N,8,1,139.4 X 130.3,,CZ0289
AOWFR0016.3,2024,6,1,140,140,QFN,AOS24060004,2/4/2024 19:00,B-A,F,AO0,NQC600E600A052D,AOZ71137QI#A,6930,AO00018P,C,2024-AOW-02-G005,TUBE,N,8,1,139.4 X 130.3,,CZ0289
AOWFR0016.5,2024,6,1,140,140,QFN,AOS24060006,2/4/2024 19:00,B-A,F,AO0,NQC600E600A052D,AOZ71137QI#A,6930,AO00018P,C,2024-AOW-02-G005,TUBE,N,8,1,139.4 X 130.3,,CZ0289
AOWFR0016.4,2024,6,1,140,140,QFN,AOS24060005,2/4/2024 19:00,B-A,F,AO0,NQC600E600A052D,AOZ71137QI#A,6930,AO00018P,C,2024-AOW-02-G005,TUBE,N,8,1,139.4 X 130.3,,CZ0289
AOWFR0016.7,2024,6,1,140,140,QFN,AOS24060008,2/4/2024 19:00,B-A,F,AO0,NQC600E600A052D,AOZ71137QI#A,6930,AO00018P,C,2024-AOW-02-G006,TUBE,N,8,1,139.4 X 130.3,,CZ0289
AOWFR0016.8,2024,6,1,140,140,QFN,AOS24060009,2/4/2024 19:00,B-A,F,AO0,NQC600E600A052D,AOZ71137QI#A,6930,AO00018P,C,2024-AOW-02-G005,TUBE,N,8,1,139.4 X 130.3,,CZ0289
AOWFR0016.9,2024,6,1,140,140,QFN,AOS24060010,2/4/2024 19:00,B-A,F,AO0,NQC600E600A052D,AOZ71137QI#A,3760,AO00018P,C,2024-AOW-02-G006,TUBE,N,8,1,139.4 X 130.3,,CZ0289
AOWFR0017.1,2024,6,2,140,140,QFN,AOS24060011,2/5/2024 19:00,B-A,F,AO0,NQC600E600A052D,AOZ71137QI#A,6930,AO00018P,C,2024-AOW-02-G003,TUBE,N,8,1,139.4 X 130.3,,CZ0289
AOWFR0017.2,2024,6,2,140,140,QFN,AOS24060012,2/5/2024 19:00,B-A,F,AO0,NQC600E600A052D,AOZ71137QI#A,6930,AO00018P,C,2024-AOW-02-G003,TUBE,N,8,1,139.4 X 130.3,,CZ0289
AOWFR0017.3,2024,6,2,140,140,QFN,AOS24060013,2/5/2024 19:00,B-A,F,AO0,NQC600E600A052D,AOZ71137QI#A,6930,AO00018P,C,2024-AOW-02-G005,TUBE,N,8,1,139.4 X 130.3,,CZ0289
AOWFR0017.4,2024,6,2,140,140,QFN,AOS24060014,2/5/2024 19:00,B-A,F,AO0,NQC600E600A052D,AOZ71137QI#A,6930,AO00018P,C,2024-AOW-02-G006,TUBE,N,8,1,139.4 X 130.3,,CZ0289
AOWFR0017.5,2024,6,2,140,140,QFN,AOS24060015,2/5/2024 19:00,B-A,F,AO0,NQC600E600A052D,AOZ71137QI#A,6930,AO00018P,C,2024-AOW-02-G006,TUBE,N,8,1,139.4 X 130.3,,CZ0289
AOWFR0017.6,2024,6,2,140,140,QFN,AOS24060016,2/5/2024 19:00,B-A,F,AO0,NQC600E600A052D,AOZ71137QI#A,6930,AO00018P,C,2024-AOW-02-G006,TUBE,N,8,1,139.4 X 130.3,,CZ0289
AOWFR0017.7,2024,6,2,140,140,QFN,AOS24060017,2/5/2024 19:00,B-A,F,AO0,NQC600E600A052D,AOZ71137QI#A,6930,AO00018P,C,2024-AOW-02-G006,TUBE,N,8,1,139.4 X 130.3,,CZ0289
AOWFR0017.8,2024,6,2,140,140,QFN,AOS24060018,2/5/2024 19:00,B-A,F,AO0,NQC600E600A052D,AOZ71137QI#A,6930,AO00018P,C,2024-AOW-02-G003,TUBE,N,8,1,139.4 X 130.3,,CZ0289
AOWFR0017.9,2024,6,2,140,140,QFN,AOS24060019,2/5/2024 19:00,B-A,F,AO0,NQC600E600A052D,AOZ71137QI#A,3760,AO00018P,C,2024-AOW-02-G006,TUBE,N,8,1,139.4 X 130.3,,CZ0289
AOWFR0018.9,2024,6,3,140,140,QFN,AOS24060028,2/6/2024 19:00,B-A,F,AO0,NQC600E600A052D,AOZ71137QI#A,3760,AO00018P,C,2024-AOW-02-G006,TUBE,N,8,1,139.4 X 130.3,,CZ0289
AOWFR0018.8,2024,6,3,140,140,QFN,AOS24060027,2/6/2024 19:00,B-A,F,AO0,NQC600E600A052D,AOZ71137QI#A,6930,AO00018P,C,2024-AOW-02-G006,TUBE,N,8,1,139.4 X 130.3,,CZ0289
AOWFR0018.1,2024,6,3,140,140,QFN,AOS24060020,2/6/2024 19:00,B-A,F,AO0,NQC600E600A052D,AOZ71137QI#A,6930,AO00018P,C,2024-AOW-02-G006,TUBE,N,8,1,139.4 X 130.3,,CZ0289
AOWFR0018.3,2024,6,3,140,140,QFN,AOS24060022,2/6/2024 19:00,B-A,F,AO0,NQC600E600A052D,AOZ71137QI#A,6930,AO00018P,C,2024-AOW-02-G006,TUBE,N,8,1,139.4 X 130.3,,CZ0289
AOWFR0018.2,2024,6,3,140,140,QFN,AOS24060021,2/6/2024 19:00,B-A,F,AO0,NQC600E600A052D,AOZ71137QI#A,6930,AO00018P,C,2024-AOW-02-G006,TUBE,N,8,1,139.4 X 130.3,,CZ0289
AOWFR0018.4,2024,6,3,140,140,QFN,AOS24060023,2/6/2024 19:00,B-A,F,AO0,NQC600E600A052D,AOZ71137QI#A,6930,AO00018P,C,2024-AOW-02-G006,TUBE,N,8,1,139.4 X 130.3,,CZ0289
AOWFR0018.5,2024,6,3,140,140,QFN,AOS24060024,2/6/2024 19:00,B-A,F,AO0,NQC600E600A052D,AOZ71137QI#A,6930,AO00018P,C,2024-AOW-02-G005,TUBE,N,8,1,139.4 X 130.3,,CZ0289
AOWFR0018.6,2024,6,3,140,140,QFN,AOS24060025,2/6/2024 19:00,B-A,F,AO0,NQC600E600A052D,AOZ71137QI#A,6930,AO00018P,C,2024-AOW-02-G005,TUBE,N,8,1,139.4 X 130.3,,CZ0289
AOWFR0018.7,2024,6,3,140,140,QFN,AOS24060026,2/6/2024 19:00,B-A,F,AO0,NQC600E600A052D,AOZ71137QI#A,6930,AO00018P,C,2024-AOW-02-G006,TUBE,N,8,1,139.4 X 130.3,,CZ0289
AOWFR0019.7,2024,6,4,140,140,QFN,AOS24060035,2/7/2024 19:00,B-A,F,AO0,NQC600E600A052D,AOZ71137QI#A,6930,AO00018P,C,2024-AOW-02-G006,TUBE,N,8,1,139.4 X 130.3,,CZ0289
AOWFR0019.2,2024,6,4,140,140,QFN,AOS24060030,2/7/2024 19:00,B-A,F,AO0,NQC600E600A052D,AOZ71137QI#A,6930,AO00018P,C,2024-AOW-02-G006,TUBE,N,8,1,139.4 X 130.3,,CZ0289
AOWFR0019.3,2024,6,4,140,140,QFN,AOS24060031,2/7/2024 19:00,B-A,F,AO0,NQC600E600A052D,AOZ71137QI#A,6930,AO00018P,C,2024-AOW-02-G006,TUBE,N,8,1,139.4 X 130.3,,CZ0289
AOWFR0019.6,2024,6,4,140,140,QFN,AOS24060034,2/7/2024 19:00,B-A,F,AO0,NQC600E600A052D,AOZ71137QI#A,6930,AO00018P,C,2024-AOW-02-G006,TUBE,N,8,1,139.4 X 130.3,,CZ0289
AOWFR0019.1,2024,6,4,140,140,QFN,AOS24060029,2/7/2024 19:00,B-A,F,AO0,NQC600E600A052D,AOZ71137QI#A,6930,AO00018P,C,2024-AOW-02-G006,TUBE,N,8,1,139.4 X 130.3,,CZ0289
AOWFR0019.8,2024,6,4,140,140,QFN,AOS24060036,2/7/2024 19:00,B-A,F,AO0,NQC600E600A052D,AOZ71137QI#A,6930,AO00018P,C,2024-AOW-02-G006,TUBE,N,8,1,139.4 X 130.3,,CZ0289
AOWFR0019.5,2024,6,4,140,140,QFN,AOS24060033,2/7/2024 19:00,B-A,F,AO0,NQC600E600A052D,AOZ71137QI#A,6930,AO00018P,C,2024-AOW-02-G006,TUBE,N,8,1,139.4 X 130.3,,CZ0289
AOWFR0019.4,2024,6,4,140,140,QFN,AOS24060032,2/7/2024 19:00,B-A,F,AO0,NQC600E600A052D,AOZ71137QI#A,6930,AO00018P,C,2024-AOW-02-G006,TUBE,N,8,1,139.4 X 130.3,,CZ0289
AOWFR0019.9,2024,6,4,140,140,QFN,AOS24060037,2/7/2024 19:00,B-A,F,AO0,NQC600E600A052D,AOZ71137QI#A,3760,AO00018P,C,2024-AOW-02-G006,TUBE,N,8,1,139.4 X 130.3,,CZ0289
AOWFR0028.5,2024,7,1,140,140,QFN,AOS24070006,2/11/2024 19:00,B-A,F,AO0,NQC600E600A052D,AOZ71137QI#A,6930,AO00018P,C,2024-AOW-02-G007,TUBE,N,8,1,139.4 X 130.3,,CZ0289
AOWFR0028.4,2024,7,1,140,140,QFN,AOS24070005,2/11/2024 19:00,B-A,F,AO0,NQC600E600A052D,AOZ71137QI#A,6930,AO00018P,C,2024-AOW-02-G007,TUBE,N,8,1,139.4 X 130.3,,CZ0289
AOWFR0028.3,2024,7,1,140,140,QFN,AOS24070004,2/11/2024 19:00,B-A,F,AO0,NQC600E600A052D,AOZ71137QI#A,6930,AO00018P,C,2024-AOW-02-G007,TUBE,N,8,1,139.4 X 130.3,,CZ0289
AOWFR0028.8,2024,7,1,140,140,QFN,AOS24070009,2/11/2024 19:00,B-A,F,AO0,NQC600E600A052D,AOZ71137QI#A,6930,AO00018P,C,2024-AOW-02-G007,TUBE,N,8,1,139.4 X 130.3,,CZ0289
AOWFR0028.7,2024,7,1,140,140,QFN,AOS24070008,2/11/2024 19:00,B-A,F,AO0,NQC600E600A052D,AOZ71137QI#A,6930,AO00018P,C,2024-AOW-02-G007,TUBE,N,8,1,139.4 X 130.3,,CZ0289
AOWFR0028.2,2024,7,1,140,140,QFN,AOS24070003,2/11/2024 19:00,B-A,F,AO0,NQC600E600A052D,AOZ71137QI#A,6930,AO00018P,C,2024-AOW-02-G007,TUBE,N,8,1,139.4 X 130.3,,CZ0289
AOWFR0028.1,2024,7,1,140,140,QFN,AOS24070002,2/11/2024 19:00,B-A,F,AO0,NQC600E600A052D,AOZ71137QI#A,6930,AO00018P,C,2024-AOW-02-G007,TUBE,N,8,1,139.4 X 130.3,,CZ0289
AOWFR0028.9,2024,7,1,140,140,QFN,AOS24070010,2/11/2024 19:00,B-A,F,AO0,NQC600E600A052D,AOZ71137QI#A,3760,AO00018P,C,2024-AOW-02-G007,TUBE,N,8,1,139.4 X 130.3,,CZ0289
AOWFR0028.6,2024,7,1,140,140,QFN,AOS24070007,2/11/2024 19:00,B-A,F,AO0,NQC600E600A052D,AOZ71137QI#A,6930,AO00018P,C,2024-AOW-02-G007,TUBE,N,8,1,139.4 X 130.3,,CZ0289
AOWFR0030.4,2024,7,2,140,140,QFN,AOS24070018,2/12/2024 19:00,B-A,F,AO0,NQC600E600A052D,AOZ71137QI#A,6930,AO00018P,C,2024-AOW-02-G007,TUBE,N,8,1,139.4 X 130.3,,CZ0289
AOWFR0030.3,2024,7,2,140,140,QFN,AOS24070017,2/12/2024 19:00,B-A,F,AO0,NQC600E600A052D,AOZ71137QI#A,6930,AO00018P,C,2024-AOW-02-G007,TUBE,N,8,1,139.4 X 130.3,,CZ0289
AOWFR0030.2,2024,7,2,140,140,QFN,AOS24070016,2/12/2024 19:00,B-A,F,AO0,NQC600E600A052D,AOZ71137QI#A,6930,AO00018P,C,2024-AOW-02-G007,TUBE,N,8,1,139.4 X 130.3,,CZ0289
AOWFR0030.1,2024,7,2,140,140,QFN,AOS24070015,2/12/2024 19:00,B-A,F,AO0,NQC600E600A052D,AOZ71137QI#A,6930,AO00018P,C,2024-AOW-02-G007,TUBE,N,8,1,139.4 X 130.3,,CZ0289
AOWFR0030.9,2024,7,2,140,140,QFN,AOS24070023,2/12/2024 19:00,B-A,F,AO0,NQC600E600A052D,AOZ71137QI#A,3760,AO00018P,C,2024-AOW-02-G007,TUBE,N,8,1,139.4 X 130.3,,CZ0289
AOWFR0030.6,2024,7,2,140,140,QFN,AOS24070020,2/12/2024 19:00,B-A,F,AO0,NQC600E600A052D,AOZ71137QI#A,6930,AO00018P,C,2024-AOW-02-G007,TUBE,N,8,1,139.4 X 130.3,,CZ0289
AOWFR0030.7,2024,7,2,140,140,QFN,AOS24070021,2/12/2024 19:00,B-A,F,AO0,NQC600E600A052D,AOZ71137QI#A,6930,AO00018P,C,2024-AOW-02-G007,TUBE,N,8,1,139.4 X 130.3,,CZ0289
AOWFR0030.8,2024,7,2,140,140,QFN,AOS24070022,2/12/2024 19:00,B-A,F,AO0,NQC600E600A052D,AOZ71137QI#A,6930,AO00018P,C,2024-AOW-02-G007,TUBE,N,8,1,139.4 X 130.3,,CZ0289
AOWFR0030.5,2024,7,2,140,140,QFN,AOS24070019,2/12/2024 19:00,B-A,F,AO0,NQC600E600A052D,AOZ71137QI#A,6930,AO00018P,C,2024-AOW-02-G007,TUBE,N,8,1,139.4 X 130.3,,CZ0289
AOWFR0031.4,2024,7,2,140,140,QFN,AOS24070027,2/12/2024 19:00,B-A,F,AO0,NQC600E600A052D,AOZ71137QI#A,6930,AO00018P,C,2024-AOW-02-G007,TUBE,N,8,1,139.4 X 130.3,,CZ0289
AOWFR0031.3,2024,7,2,140,140,QFN,AOS24070026,2/12/2024 19:00,B-A,F,AO0,NQC600E600A052D,AOZ71137QI#A,6930,AO00018P,C,2024-AOW-02-G007,TUBE,N,8,1,139.4 X 130.3,,CZ0289
AOWFR0031.2,2024,7,2,140,140,QFN,AOS24070025,2/12/2024 19:00,B-A,F,AO0,NQC600E600A052D,AOZ71137QI#A,6930,AO00018P,C,2024-AOW-02-G007,TUBE,N,8,1,139.4 X 130.3,,CZ0289
AOWFR0031.1,2024,7,2,140,140,QFN,AOS24070024,2/12/2024 19:00,B-A,F,AO0,NQC600E600A052D,AOZ71137QI#A,6930,AO00018P,C,2024-AOW-02-G007,TUBE,N,8,1,139.4 X 130.3,,CZ0289
AOWFR0031.9,2024,7,2,140,140,QFN,AOS24070032,2/12/2024 19:00,B-A,F,AO0,NQC600E600A052D,AOZ71137QI#A,3760,AO00018P,C,2024-AOW-02-G007,TUBE,N,8,1,139.4 X 130.3,,CZ0289
AOWFR0031.8,2024,7,2,140,140,QFN,AOS24070031,2/12/2024 19:00,B-A,F,AO0,NQC600E600A052D,AOZ71137QI#A,6930,AO00018P,C,2024-AOW-02-G007,TUBE,N,8,1,139.4 X 130.3,,CZ0289
AOWFR0031.7,2024,7,2,140,140,QFN,AOS24070030,2/12/2024 19:00,B-A,F,AO0,NQC600E600A052D,AOZ71137QI#A,6930,AO00018P,C,2024-AOW-02-G007,TUBE,N,8,1,139.4 X 130.3,,CZ0289
AOWFR0031.6,2024,7,2,140,140,QFN,AOS24070029,2/12/2024 19:00,B-A,F,AO0,NQC600E600A052D,AOZ71137QI#A,6930,AO00018P,C,2024-AOW-02-G007,TUBE,N,8,1,139.4 X 130.3,,CZ0289
AOWFR0031.5,2024,7,2,140,140,QFN,AOS24070028,2/12/2024 19:00,B-A,F,AO0,NQC600E600A052D,AOZ71137QI#A,6930,AO00018P,C,2024-AOW-02-G007,TUBE,N,8,1,139.4 X 130.3,,CZ0289
AOWFR0032.4,2024,7,3,140,140,QFN,AOS24070036,2/13/2024 19:00,B-A,F,AO0,NQC600E600A052D,AOZ71137QI#A,6930,AO00018P,C,2024-AOW-02-G007,TUBE,N,8,1,139.4 X 130.3,,CZ0289
AOWFR0032.7,2024,7,3,140,140,QFN,AOS24070039,2/13/2024 19:00,B-A,F,AO0,NQC600E600A052D,AOZ71137QI#A,8148,AO00018P,C,2024-AOW-02-G007,TUBE,N,8,1,139.4 X 130.3,,CZ0289
AOWFR0032.1,2024,7,3,140,140,QFN,AOS24070033,2/13/2024 19:00,B-A,F,AO0,NQC600E600A052D,AOZ71137QI#A,6930,AO00018P,C,2024-AOW-02-G007,TUBE,N,8,1,139.4 X 130.3,,CZ0289
AOWFR0032.3,2024,7,3,140,140,QFN,AOS24070035,2/13/2024 19:00,B-A,F,AO0,NQC600E600A052D,AOZ71137QI#A,6930,AO00018P,C,2024-AOW-02-G007,TUBE,N,8,1,139.4 X 130.3,,CZ0289
AOWFR0032.2,2024,7,3,140,140,QFN,AOS24070034,2/13/2024 19:00,B-A,F,AO0,NQC600E600A052D,AOZ71137QI#A,6930,AO00018P,C,2024-AOW-02-G007,TUBE,N,8,1,139.4 X 130.3,,CZ0289
AOWFR0032.5,2024,7,3,140,140,QFN,AOS24070037,2/13/2024 19:00,B-A,F,AO0,NQC600E600A052D,AOZ71137QI#A,6930,AO00018P,C,2024-AOW-02-G007,TUBE,N,8,1,139.4 X 130.3,,CZ0289
AOWFR0032.6,2024,7,3,140,140,QFN,AOS24070038,2/13/2024 19:00,B-A,F,AO0,NQC600E600A052D,AOZ71137QI#A,6930,AO00018P,C,2024-AOW-02-G007,TUBE,N,8,1,139.4 X 130.3,,CZ0289
AOAER0002.1,2024,5,6,140,140,QFN,UTAC-0220,2/2/2024 19:00,B-A,E,AO0,NQC600E600A052D,AOZ98251QI-000,1890,AO00044E,C,2024-AOA-02-G001,TUBE,N,8,1,157.8X137.6,,CZ0289
AOAQR0008.1,2024,6,3,140,140,QFN,UTAC-0226,2/6/2024 19:00,B-A,Q,AO0,NQC700E700A056D,AOZ73016QI-000,3498,AO00043E,D,2024-AOA-02-G003,TRAY,N,8,1,162.6X142.1,,CZ0289
AOCUR0010.1,2024,6,3,140,140,QFN,UTAC-0226,2/6/2024 19:00,B-A,U,AO0,NQC700E700A056D,AOZ73016QI-000,100,AO00043E,D,2024-AOC-02-G003,TUBE,N,8,1,162.6X142.1,,CZ0289
AOCER0007.1,2024,6,2,140,140,QFN,UTAC-0224,2/5/2024 19:00,B-A,E,AO0,NQC700E700A060D,AOZ71031QI#A,3100,AO00056E,B,2024-AOC-02-G002,TUBE,N,8,1,132.8 X 171.6,,CZ0289
AOCER0015.1,2024,8,5,140,140,QFN,UTAC-0231,2/22/2024 19:00,B-A,E,AO0,NQC700E700A060D,AOZ71031QI#A,3100,AO00056E,C,2024-AOC-03-G002,TUBE,N,8,1,132.8X171.6,,CZ0289
AOAER0006.1,2024,6,2,140,140,QFN,UTAC-0223,2/5/2024 19:00,B-A,E,AO0,NQC700E700A060D,AOZ71031QI-000,500,AO00056E,B,2024-AOA-02-G002,TUBE,N,8,1,132.8 X 171.6,,CZ0289
AOAER0010.1,2024,8,5,140,140,QFN,UTAC-0230,2/22/2024 19:00,B-A,E,AO0,NQC700E700A060D,AOZ71031QI-000,500,AO00056E,C,2024-AOA-03-G002,TUBE,N,8,1,132.8X171.6,,CZ0289
AOCER0006.1,2024,6,2,140,140,QFN,UTAC-0222,2/5/2024 19:00,B-A,E,AO0,NQC700E700A060D,AOZ71131QI#A,1357,AO00056E,B,2024-AOC-02-G001,TUBE,N,8,1,132.8 X 171.6,,CZ0289
AOCER0008.1,2024,6,2,140,140,QFN,UTAC-0225,2/5/2024 19:00,B-A,E,AO0,NQC700E700A060D,AOZ71131QI#A,1680,AO00056E,B,2024-AOC-02-G001,TUBE,N,8,1,132.8 X 171.6,,CZ0289
AOCER0014.1,2024,8,5,140,140,QFN,UTAC-0229,2/22/2024 19:00,B-A,E,AO0,NQC700E700A060D,AOZ71131QI#A,1357,AO00056E,C,2024-AOC-03-G002,TUBE,N,8,1,132.8X171.6,,CZ0289
AOAER0005.1,2024,6,2,140,140,QFN,UTAC-0221,2/5/2024 19:00,B-A,E,AO0,NQC700E700A060D,AOZ71131QI-000,500,AO00056E,B,2024-AOA-02-G002,TUBE,N,8,1,132.8 X 171.6,,CZ0289
AOAER0009.1,2024,8,5,140,140,QFN,UTAC-0228,2/22/2024 19:00,B-A,E,AO0,NQC700E700A060D,AOZ71131QI-000,500,AO00056E,C,2024-AOA-03-G001,TUBE,N,8,1,132.8X171.6,,CZ0289
CYHER0014.1,2024,8,2,140,140,QFN,612402456,2/19/2024 19:00,B-A,E,CYP,NQC600E6001032U,CY8C4146LCE-HVS113XES,2701,CYP0565E,B,SFG2000,TRAY,Y,8,1,138.8 X 103.8,,CZ0289
CYHER0015.1,2024,8,2,140,140,QFN,612402455,2/19/2024 19:00,B-A,E,CYP,NQC800E8001056U,CY8C4146LWE-HVS115XES,2792,CYP0448E,F,SFG2000,TRAY,Y,8,1,138.8 X 103.8,,CZ0289
CYHER0018.1,2024,9,3,140,140,QFN,612403462,2/27/2024 19:00,B-A,E,CYP,NQC800E8001056U,CY8C4146LWE-HVS115XES,2790,CYP0448E,F,SFG2000,TRAY,Y,8,1,138.8 X 103.8,,CZ0289
CYHER0019.1,2024,9,3,140,140,QFN,612403180,2/27/2024 19:00,B-A,E,CYP,NQC800E8001056U,CY8C4146LWE-HVS115XES,2735,CYP0448E,F,SFG2000,TRAY,Y,8,1,138.8 X 103.8,,CZ0289
CYOQR0025.1,2024,7,6,140,140,QFN,612401051,2/16/2024 19:00,B-A,Q,CYP,UQ-400E400B024P,CY8C4014LQA-422Z_A,2000,CYP0580E,A,2024-CYO-02-G010,TRAY,Y,8,1,58.1 X 62.4,,CZ0297
CKGFR0300.1,2024,6,5,140,140,QFN,612402222,2/8/2024 7:00,B-A-T-P,F,CYP,UQC300E300B016D,CY8C4025LQI-T411,6800,CYP0211P,A,SFG2200,TRAY,N,8,1,78.1X81.5,,CZ0297
CKGFR0301.1,2024,6,5,140,140,QFN,612402671,2/8/2024 7:00,B-A-T-P,F,CYP,UQC300E300B016D,CY8C4025LQI-T411,6741,CYP0211P,A,SFG2000,TRAY,N,8,1,78.1X81.5,,CZ0297
CKGFR0353.1,2024,8,3,140,140,QFN,612403081,2/20/2024 7:00,B-A-T-P,F,CYP,UQC300E300B016D,CY8C4026LQI-T411,6674,CYP0211P,B,SFG0000,TRAY,N,8,1,78.1X81.5,,CZ0297
CKGFR0350.1,2024,8,2,140,140,QFN,612403082,2/19/2024 19:00,B-A-T-P,F,CYP,UQC300E300B016D,CY8C4045LQI-T411,6739,CYP0211P,B,SFG0000,TRAY,N,8,1,78.1X81.5,,CZ0297
CKGFR0351.1,2024,8,2,140,140,QFN,612403084,2/19/2024 19:00,B-A-T-P,F,CYP,UQC300E300B016D,CY8C4046LQI-T411,6649,CYP0211P,B,SFG0000,TRAY,N,8,1,78.1X81.5,,CZ0297
CKGPR0412.1,2024,9,4,140,140,QFN,612404145,2/28/2024 7:00,B-A-T-P,P,CYP,UQC400E400B024P,CY8C4025LQI-T412,13297,CYP0210P,B,SFG2000,TRAY,N,8,1,78.1X81.5,,CZ0297
CKGFR0303.1,2024,6,5,140,140,QFN,612402142,2/8/2024 19:00,B-A-T-P,F,CYP,UQC400E400B024P,CY8C4026LQI-T412,6813,CYP0210P,B,SFG2000,TRAY,N,8,1,78.1X81.5,,CZ0297
CKGFR0413.1,2024,9,4,140,140,QFN,612404146,2/28/2024 7:00,B-A-T-P,F,CYP,UQC400E400B024P,CY8C4026LQI-T412,13452,CYP0210P,B,SFG2000,TRAY,N,8,1,78.1X81.5,,CZ0297
CKGFR0232.1,2024,6,2,140,140,QFN,612402143,2/5/2024 7:00,B-A-T-P,F,CYP,UQC400E400B024P,CY8C4045LQI-T412,6626,CYP0210P,A,SFG2000,TRAY,N,8,1,78.1X81.5,,CZ0297
CKGFR0352.1,2024,8,2,140,140,QFN,612403083,2/19/2024 19:00,B-A-T-P,F,CYP,UQC400E400B024P,CY8C4045LQI-T412,6630,CYP0210P,B,SFG0000,TRAY,N,8,1,78.1X81.5,,CZ0297
CKGFR0304.1,2024,6,5,140,140,QFN,612402144,2/8/2024 19:00,B-A-T-P,F,CYP,UQC400E400B024P,CY8C4046LQI-T412,6678,CYP0210P,B,SFG2000,TRAY,N,8,1,78.1X81.5,,CZ0297
D1WER0024.1,2024,6,3,140,140,QFN,DMFKR.1I,2/6/2024 19:00,B-A-T-P,E,DL1,TDC500E400B016A,D3073ABX0DZ0Q02B,4805,DL10724E,D,2024-D1W-03-G003,TUBE,N,8,1,85.00 X 104.00,,CZ0288
D1WER0025.1,2024,6,3,140,140,QFN,DMFKR.1J,2/6/2024 19:00,B-A-T-P,E,DL1,TDC500E400B016A,D3073ABX0DZ0Q03B,4410,DL10724E,D,2024-D1W-03-G004,TUBE,N,8,1,85.00 X 104.00,,CZ0288
DLIFR0515.1,2024,7,3,140,140,QFN,DMGAQ.1,2/13/2024 19:00,B-A,F,DLG,TDC500E400B016A,D3073ABX0-DZ0MQ02,24675,DLG0179P,A,SFG2000,TUBE,N,8,1,85.00 X 104.00,,CZ0288
DLIFR0516.1,2024,7,4,140,140,QFN,DMGAQ.30,2/14/2024 19:00,B-A,F,DLG,TDC500E400B016A,D3073ABX0-DZ0MQ02,24675,DLG0179P,A,SFG2000,TUBE,N,8,1,85.00 X 104.00,,CZ0288
DLIFR0517.1,2024,7,5,140,140,QFN,DMGAQ.31,2/15/2024 19:00,B-A,F,DLG,TDC500E400B016A,D3073ABX0-DZ0MQ02,24675,DLG0179P,A,SFG2000,TUBE,N,8,1,85.00 X 104.00,,CZ0288
DLIPR0482.1,2024,7,1,140,140,QFN,DMGAQ.32,2/11/2024 19:00,B-A,P,DLG,TDC500E400B016A,D3073ABX0-DZ0MQ02,24675,DLG0179P,A,SFG2000,TUBE,N,8,1,85.00 X 104.00,,CZ0288
DLIPR0483.1,2024,7,2,140,140,QFN,DMGAQ.33,2/12/2024 19:00,B-A,P,DLG,TDC500E400B016A,D3073ABX0-DZ0MQ02,24675,DLG0179P,A,SFG2000,TUBE,N,8,1,85.00 X 104.00,,CZ0288
DLIPR0671.1,2024,8,6,140,140,QFN,DMGAN.32,2/23/2024 19:00,B-A,P,DLG,TDC500E400B016A,D3073ABX0-DZ0MQ02,19740,DLG0179P,A,SFG2000,TUBE,N,8,1,85.00 X 104.00,,CZ0288
DLIPR0551.1,2024,7,6,140,140,QFN,DMGAP.31,2/16/2024 19:00,B-A,P,DLG,TDC500E400B016A,D3073ABX0-DZ0MQ03,24675,DLG0179P,A,SFG2000,TUBE,N,8,1,85.00 X 104.00,,CZ0288
DLIPR0552.1,2024,7,7,140,140,QFN,DMGAP.32,2/17/2024 19:00,B-A,P,DLG,TDC500E400B016A,D3073ABX0-DZ0MQ03,24675,DLG0179P,A,SFG2000,TUBE,N,8,1,85.00 X 104.00,,CZ0288
DLIPR0555.1,2024,8,1,140,140,QFN,DMGAP.1,2/18/2024 19:00,B-A,P,DLG,TDC500E400B016A,D3073ABX0-DZ0MQ03,9870,DLG0179P,A,SFG2000,TUBE,N,8,1,85.00 X 104.00,,CZ0288
DLIPR0556.1,2024,8,2,140,140,QFN,DMGAP.30,2/19/2024 19:00,B-A,P,DLG,TDC500E400B016A,D3073ABX0-DZ0MQ03,24675,DLG0179P,A,SFG2000,TUBE,N,8,1,85.00 X 104.00,,CZ0288
DLIPR0582.1,2024,8,3,140,140,QFN,DMGAN.33,2/20/2024 19:00,B-A,P,DLG,TDC500E400B016A,D3073ABX0-DZ0MQ03,24675,DLG0179P,A,SFG2000,TUBE,N,8,1,85.00 X 104.00,,CZ0288
DLIPR0583.1,2024,8,4,140,140,QFN,DMGAN.34,2/21/2024 19:00,B-A,P,DLG,TDC500E400B016A,D3073ABX0-DZ0MQ03,14805,DLG0179P,A,SFG2000,TUBE,N,8,1,85.00 X 104.00,,CZ0288
DLIPR0670.1,2024,8,6,140,140,QFN,DMGAN.31,2/23/2024 19:00,B-A,P,DLG,TDC500E400B016A,D3073ABX0-DZ0MQ03,19740,DLG0179P,A,SFG2000,TUBE,N,8,1,85.00 X 104.00,,CZ0288
DSMPR0205.1,2024,8,5,140,140,QFN,FJ515434AB,2/22/2024 19:00,G-A,P,DSC,NQ-600E600Z002D,87-24B33+SFN,12600,DSC2677P,B,2024-DSM-03-G007,CANISTER,N,8,1,74.0 X 70.4,,CZ0142
DSMPR0205.3,2024,8,5,140,140,QFN,FJ515434AB,2/22/2024 19:00,G-A,P,DSC,NQ-600E600Z002D,87-24B33+SFN,8430,DSC2677P,B,DSMPR0205.1,CANISTER,N,8,1,74.0 X 70.4,,CZ0142
DSMPR0205.2,2024,8,5,140,140,QFN,FJ515434AB,2/22/2024 19:00,G-A,P,DSC,NQ-600E600Z002D,87-24B33+SFN,12600,DSC2677P,B,DSMPR0205.1,CANISTER,N,8,1,74.0 X 70.4,,CZ0142
DSMPR0133.2,2024,5,7,140,140,QFN,FJ616055AB,2/3/2024 19:00,G-A,P,DSC,TD-300E300C008E,87-31725+TX0,43560,DSC2961P,B,DSMPR0133.1,TUBE,N,8,1,72.00 X 94.00,,CZ0141
DSMPR0133.1,2024,5,7,140,140,QFN,FJ616055AB,2/3/2024 19:00,G-A,P,DSC,TD-300E300C008E,87-31725+TX0,35100,DSC2961P,B,2024-DSM-02-G018,TUBE,N,8,1,72.00 X 94.00,,CZ0141
DSMPR0160.2,2024,7,3,140,140,QFN,FJ615902AC,2/13/2024 19:00,G-A,P,DSC,TD-300E300C008E,87-31725+TX0,30425,DSC2961P,B,DSMPR0160.1,TUBE,N,8,1,72.00 X 94.00,,CZ0141
DSMPR0160.1,2024,7,3,140,140,QFN,FJ615902AC,2/13/2024 19:00,G-A,P,DSC,TD-300E300C008E,87-31725+TX0,35100,DSC2961P,B,2024-DSM-02-G030,TUBE,N,8,1,72.00 X 94.00,,CZ0141
DSMPR0166.1,2024,7,6,140,140,QFN,FJ616055AC,2/16/2024 19:00,G-A,P,DSC,TD-300E300C008E,87-31725+TX0,35100,DSC2961P,B,2024-DSM-02-G035,TUBE,N,8,1,72.00 X 94.00,,CZ0141
DSMPR0166.2,2024,7,6,140,140,QFN,FJ616055AC,2/16/2024 19:00,G-A,P,DSC,TD-300E300C008E,87-31725+TX0,43558,DSC2961P,B,DSMPR0166.1,TUBE,N,8,1,72.00 X 94.00,,CZ0141
DSMPR0194.1,2024,8,6,140,140,QFN,FJ514961AG,2/23/2024 19:00,G-A,P,DSC,TD-300E300E006A,87-2431Q+000,35100,DSC2652P,B,2024-DSM-03-G005,TUBE,N,8,1,51.90 X 62.50,,CZ0141
DSMPR0194.2,2024,8,6,140,140,QFN,FJ514961AG,2/23/2024 19:00,G-A,P,DSC,TD-300E300E006A,87-2431Q+000,18519,DSC2652P,B,DSMPR0194.1,TUBE,N,8,1,51.90 X 62.50,,CZ0141
DSMPR0120.1,2024,5,6,140,140,QFN,FJ515434AD,2/2/2024 19:00,G-A,P,DSC,TD-300E300E006A,87-24B33+Q00,33751,DSC2748P,B,2024-DSM-02-G014,TUBE,N,8,1,70.40 X 74.00,,CZ0141
DSMPR0175.1,2024,7,7,140,140,QFN,GJ615953AC,2/17/2024 19:00,G-A,P,DSC,TD-300E300E006A,87-2836Q+000,12701,DSC2729P,A,2024-DSM-02-G035,TUBE,N,8,1,65.20 X 89.20,,CZ0141
DSMPR0121.1,2024,5,6,140,140,QFN,GJ515004AH,2/2/2024 19:00,G-A,P,DSC,TD-300E300E006A,87-28C36+BQ0,6045,DSC2836P,G,2024-DSM-02-G014,TUBE,N,8,1,70.00 X 94.00,,CZ0141
DSMPR0188.1,2024,8,4,140,140,QFN,GJ616211AB,2/21/2024 19:00,G-A,P,DSC,TD-300E300E006A,87-28E15+Q00,34353,DSC2741P,G,2024-DSM-03-G001,TUBE,N,8,1,36.2X70.1,,CZ0141
DSMPR0176.1,2024,7,7,140,140,QFN,FJ616204AB,2/17/2024 19:00,G-A,P,DSC,TD-300E300E006A,87-A232Q+500,40148,DSC2748P,B,2024-DSM-02-G035,TUBE,N,8,1,70.40 X 74.00,,CZ0141
DSMPR0184.2,2024,8,3,140,140,QFN,GJ514785AB,2/20/2024 19:00,G-A,P,DSC,TD-300E300E006A,87-B051Q+04E,18669,DSC2823P,J,DSMPR0184.1,TUBE,N,8,1,70X89,,CZ0141
DSMPR0184.1,2024,8,3,140,140,QFN,GJ514785AB,2/20/2024 19:00,G-A,P,DSC,TD-300E300E006A,87-B051Q+04E,35100,DSC2823P,J,2024-DSM-02-G039,TUBE,N,8,1,70X89,,CZ0141
DSMPR0119.1,2024,5,6,140,140,QFN,FJ515429AE,2/2/2024 19:00,G-A,P,DSC,TD-300E300E006A,87-F431Q+000,16567,DSC2560P,C,2024-DSM-02-G014,TUBE,N,8,1,69.60X74.80,,CZ0141
DSMPR0187.1,2024,8,3,140,140,QFN,FJ615860AB,2/20/2024 19:00,G-A,P,DSC,TD-300E300E006A,87-F431Q+000,8399,DSC2560P,C,2024-DSM-02-G039,TUBE,N,8,1,69.60X74.80,,CZ0141
DSMFR0118.1,2024,5,6,140,140,QFN,FJ615866AB,2/2/2024 19:00,G-A,F,DSC,TD-300E400B010D,87-2780G+A03,13123,DSC2835P,B,2024-DSM-02-G020,TUBE,N,8,1,108.00 X 97.00,,CZ0141
DSMPR0161.4,2024,7,4,140,140,QFN,NCAT5IY,2/14/2024 19:00,B-A,P,DSC,TD-300S300E006A,87-Q2FG1+J00,34512,DSC2856P,D,DSMPR0161.1,TUBE,N,8,"1,1","69.60 X 74.80,62.50X60.20",,CZ0141
DSMPR0161.3,2024,7,4,140,140,QFN,NCAT5IY,2/14/2024 19:00,B-A,P,DSC,TD-300S300E006A,87-Q2FG1+J00,46800,DSC2856P,D,DSMPR0161.1,TUBE,N,8,"1,1","69.60 X 74.80,62.50X60.20",,CZ0141
DSMPR0161.2,2024,7,4,140,140,QFN,NCAT5IY,2/14/2024 19:00,B-A,P,DSC,TD-300S300E006A,87-Q2FG1+J00,46800,DSC2856P,D,DSMPR0161.1,TUBE,N,8,"1,1","69.60 X 74.80,62.50X60.20",,CZ0141
DSMPR0161.1,2024,7,4,140,140,QFN,NCAT5IY,2/14/2024 19:00,B-A,P,DSC,TD-300S300E006A,87-Q2FG1+J00,46800,DSC2856P,D,2024-DSM-02-G031,TUBE,N,8,"1,1","69.60 X 74.80,62.50X60.20",,CZ0141
DSMPR0169.2,2024,7,5,140,140,QFN,NCAT5IX,2/15/2024 0:00,B-A,P,DSC,TD-300S300E006A,87-Q2FG1+J00,46800,DSC2856P,D,DSMPR0169.1,TUBE,N,8,"1,1","69.60 X 74.80,62.50X60.20",,CZ0141
DSMPR0169.1,2024,7,5,140,140,QFN,NCAT5IX,2/15/2024 0:00,B-A,P,DSC,TD-300S300E006A,87-Q2FG1+J00,46800,DSC2856P,D,2024-DSM-02-G034,TUBE,N,8,"1,1","69.60 X 74.80,62.50X60.20",,CZ0141
DSMPR0169.3,2024,7,5,140,140,QFN,NCAT5IX,2/15/2024 0:00,B-A,P,DSC,TD-300S300E006A,87-Q2FG1+J00,53886,DSC2856P,D,DSMPR0169.1,TUBE,N,8,"1,1","69.60 X 74.80,62.50X60.20",,CZ0141
DSMPR0193.3,2024,8,5,140,140,QFN,NCAT5IZ,2/22/2024 19:00,B-A,P,DSC,TD-300S300E006A,87-Q2FG1+J00,33933,DSC2856P,D,DSMPR0193.1,TUBE,N,8,"1,1","69.60 X 74.80,62.50X60.20",,CZ0141
DSMPR0193.2,2024,8,5,140,140,QFN,NCAT5IZ,2/22/2024 19:00,B-A,P,DSC,TD-300S300E006A,87-Q2FG1+J00,46800,DSC2856P,D,DSMPR0193.1,TUBE,N,8,"1,1","69.60 X 74.80,62.50X60.20",,CZ0141
DSMPR0193.1,2024,8,5,140,140,QFN,NCAT5IZ,2/22/2024 19:00,B-A,P,DSC,TD-300S300E006A,87-Q2FG1+J00,46800,DSC2856P,D,2024-DSM-03-G002,TUBE,N,8,"1,1","69.60 X 74.80,62.50X60.20",,CZ0141
DSMPR0134.1,2024,5,7,140,140,QFN,NCFK2DF,2/3/2024 19:00,B-A,P,DSC,TD-300S300E006A,87-Q2FG2+J00,8396,DSC2856P,D,2024-DSM-02-G015,TUBE,N,8,"1,1","69.60 X 74.80,62.50X60.20",,CZ0141
DSMPR0221.5,2024,9,3,140,140,QFN,GJ616100AB,2/27/2024 19:00,G-A,P,DSC,TD-350E650Z002D,87-2816G+PPS,19200,DSC2924P,A,DSMPR0221.1,CANISTER,N,8,1,39.70 X 50.30,,CZ0141
DSMPR0221.6,2024,9,3,140,140,QFN,GJ616100AB,2/27/2024 19:00,G-A,P,DSC,TD-350E650Z002D,87-2816G+PPS,14519,DSC2924P,A,DSMPR0221.1,CANISTER,N,8,1,39.70 X 50.30,,CZ0141
DSMPR0221.3,2024,9,3,140,140,QFN,GJ616100AB,2/27/2024 19:00,G-A,P,DSC,TD-350E650Z002D,87-2816G+PPS,19200,DSC2924P,A,DSMPR0221.1,CANISTER,N,8,1,39.70 X 50.30,,CZ0141
DSMPR0221.2,2024,9,3,140,140,QFN,GJ616100AB,2/27/2024 19:00,G-A,P,DSC,TD-350E650Z002D,87-2816G+PPS,19200,DSC2924P,A,DSMPR0221.1,CANISTER,N,8,1,39.70 X 50.30,,CZ0141
DSMPR0221.4,2024,9,3,140,140,QFN,GJ616100AB,2/27/2024 19:00,G-A,P,DSC,TD-350E650Z002D,87-2816G+PPS,19200,DSC2924P,A,DSMPR0221.1,CANISTER,N,8,1,39.70 X 50.30,,CZ0141
DSMPR0221.1,2024,9,3,140,140,QFN,GJ616100AB,2/27/2024 19:00,G-A,P,DSC,TD-350E650Z002D,87-2816G+PPS,19200,DSC2924P,A,2024-DSM-03-G008,CANISTER,N,8,1,39.70 X 50.30,,CZ0141
DSMPR0222.1,2024,9,4,140,140,QFN,GJ616100AC,2/28/2024 19:00,G-A,P,DSC,TD-350E650Z002D,87-2816G+PPS,19200,DSC2924P,A,2024-DSM-03-G009,CANISTER,N,8,1,39.70 X 50.30,,CZ0141
DSMPR0222.2,2024,9,4,140,140,QFN,GJ616100AC,2/28/2024 19:00,G-A,P,DSC,TD-350E650Z002D,87-2816G+PPS,19200,DSC2924P,A,DSMPR0222.1,CANISTER,N,8,1,39.70 X 50.30,,CZ0141
DSMPR0222.6,2024,9,4,140,140,QFN,GJ616100AC,2/28/2024 19:00,G-A,P,DSC,TD-350E650Z002D,87-2816G+PPS,14447,DSC2924P,A,DSMPR0222.1,CANISTER,N,8,1,39.70 X 50.30,,CZ0141
DSMPR0222.5,2024,9,4,140,140,QFN,GJ616100AC,2/28/2024 19:00,G-A,P,DSC,TD-350E650Z002D,87-2816G+PPS,19200,DSC2924P,A,DSMPR0222.1,CANISTER,N,8,1,39.70 X 50.30,,CZ0141
DSMPR0222.3,2024,9,4,140,140,QFN,GJ616100AC,2/28/2024 19:00,G-A,P,DSC,TD-350E650Z002D,87-2816G+PPS,19200,DSC2924P,A,DSMPR0222.1,CANISTER,N,8,1,39.70 X 50.30,,CZ0141
DSMPR0222.4,2024,9,4,140,140,QFN,GJ616100AC,2/28/2024 19:00,G-A,P,DSC,TD-350E650Z002D,87-2816G+PPS,19200,DSC2924P,A,DSMPR0222.1,CANISTER,N,8,1,39.70 X 50.30,,CZ0141
DSMPR0141.2,2024,6,6,140,140,QFN,FJ615878AB,2/9/2024 19:00,G-A,P,DSC,TD-350E650Z002D,87-A2D1G+046,19200,DSC2555P,B,DSMPR0141.1,CANISTER,N,8,1,51.90 X 62.50,,CZ0141
DSMPR0141.1,2024,6,6,140,140,QFN,FJ615878AB,2/9/2024 19:00,G-A,P,DSC,TD-350E650Z002D,87-A2D1G+046,19200,DSC2555P,B,2024-DSM-02-G023,CANISTER,N,8,1,51.90 X 62.50,,CZ0141
DSMPR0141.3,2024,6,6,140,140,QFN,FJ615878AB,2/9/2024 19:00,G-A,P,DSC,TD-350E650Z002D,87-A2D1G+046,16038,DSC2555P,B,DSMPR0141.1,CANISTER,N,8,1,51.90 X 62.50,,CZ0141
DSMPR0142.1,2024,6,6,140,140,QFN,FJ615878AC,2/9/2024 19:00,G-A,P,DSC,TD-350E650Z002D,87-A2D1G+046,19200,DSC2555P,B,2024-DSM-02-G022,CANISTER,N,8,1,51.90 X 62.50,,CZ0141
DSMPR0142.2,2024,6,6,140,140,QFN,FJ615878AC,2/9/2024 19:00,G-A,P,DSC,TD-350E650Z002D,87-A2D1G+046,19200,DSC2555P,B,DSMPR0142.1,CANISTER,N,8,1,51.90 X 62.50,,CZ0141
DSMPR0142.4,2024,6,6,140,140,QFN,FJ615878AC,2/9/2024 19:00,G-A,P,DSC,TD-350E650Z002D,87-A2D1G+046,19200,DSC2555P,B,DSMPR0142.1,CANISTER,N,8,1,51.90 X 62.50,,CZ0141
DSMPR0142.3,2024,6,6,140,140,QFN,FJ615878AC,2/9/2024 19:00,G-A,P,DSC,TD-350E650Z002D,87-A2D1G+046,19200,DSC2555P,B,DSMPR0142.1,CANISTER,N,8,1,51.90 X 62.50,,CZ0141
DSMPR0142.5,2024,6,6,140,140,QFN,FJ615878AC,2/9/2024 19:00,G-A,P,DSC,TD-350E650Z002D,87-A2D1G+046,18401,DSC2555P,B,DSMPR0142.1,CANISTER,N,8,1,51.90 X 62.50,,CZ0141
DSMPR0143.1,2024,6,7,140,140,QFN,FJ615878AD,2/10/2024 19:00,G-A,P,DSC,TD-350E650Z002D,87-A2D1G+046,19200,DSC2555P,B,2024-DSM-02-G027,CANISTER,N,8,1,51.90 X 62.50,,CZ0141
DSMPR0143.2,2024,6,7,140,140,QFN,FJ615878AD,2/10/2024 19:00,G-A,P,DSC,TD-350E650Z002D,87-A2D1G+046,19200,DSC2555P,B,DSMPR0143.1,CANISTER,N,8,1,51.90 X 62.50,,CZ0141
DSMPR0143.3,2024,6,7,140,140,QFN,FJ615878AD,2/10/2024 19:00,G-A,P,DSC,TD-350E650Z002D,87-A2D1G+046,19200,DSC2555P,B,DSMPR0143.1,CANISTER,N,8,1,51.90 X 62.50,,CZ0141
DSMPR0143.4,2024,6,7,140,140,QFN,FJ615878AD,2/10/2024 19:00,G-A,P,DSC,TD-350E650Z002D,87-A2D1G+046,19200,DSC2555P,B,DSMPR0143.1,CANISTER,N,8,1,51.90 X 62.50,,CZ0141
DSMPR0143.5,2024,6,7,140,140,QFN,FJ615878AD,2/10/2024 19:00,G-A,P,DSC,TD-350E650Z002D,87-A2D1G+046,18339,DSC2555P,B,DSMPR0143.1,CANISTER,N,8,1,51.90 X 62.50,,CZ0141
DSMPR0144.2,2024,7,1,140,140,QFN,FJ615878AE,2/11/2024 19:00,G-A,P,DSC,TD-350E650Z002D,87-A2D1G+046,19200,DSC2555P,B,DSMPR0144.1,CANISTER,N,8,1,51.90 X 62.50,,CZ0141
DSMPR0144.1,2024,7,1,140,140,QFN,FJ615878AE,2/11/2024 19:00,G-A,P,DSC,TD-350E650Z002D,87-A2D1G+046,19200,DSC2555P,B,2024-DSM-02-G025,CANISTER,N,8,1,51.90 X 62.50,,CZ0141
DSMPR0144.3,2024,7,1,140,140,QFN,FJ615878AE,2/11/2024 19:00,G-A,P,DSC,TD-350E650Z002D,87-A2D1G+046,19200,DSC2555P,B,DSMPR0144.1,CANISTER,N,8,1,51.90 X 62.50,,CZ0141
DSMPR0144.5,2024,7,1,140,140,QFN,FJ615878AE,2/11/2024 19:00,G-A,P,DSC,TD-350E650Z002D,87-A2D1G+046,18235,DSC2555P,B,DSMPR0144.1,CANISTER,N,8,1,51.90 X 62.50,,CZ0141
DSMPR0144.4,2024,7,1,140,140,QFN,FJ615878AE,2/11/2024 19:00,G-A,P,DSC,TD-350E650Z002D,87-A2D1G+046,19200,DSC2555P,B,DSMPR0144.1,CANISTER,N,8,1,51.90 X 62.50,,CZ0141
DSMPR0145.1,2024,7,2,140,140,QFN,FJ515636AD,2/12/2024 19:00,G-A,P,DSC,TD-350E650Z002D,87-A2D1G+046,19200,DSC2555P,B,2024-DSM-02-G028,CANISTER,N,8,1,51.90 X 62.50,,CZ0141
DSMPR0145.2,2024,7,2,140,140,QFN,FJ515636AD,2/12/2024 19:00,G-A,P,DSC,TD-350E650Z002D,87-A2D1G+046,19200,DSC2555P,B,DSMPR0145.1,CANISTER,N,8,1,51.90 X 62.50,,CZ0141
DSMPR0145.3,2024,7,2,140,140,QFN,FJ515636AD,2/12/2024 19:00,G-A,P,DSC,TD-350E650Z002D,87-A2D1G+046,19200,DSC2555P,B,DSMPR0145.1,CANISTER,N,8,1,51.90 X 62.50,,CZ0141
DSMPR0145.4,2024,7,2,140,140,QFN,FJ515636AD,2/12/2024 19:00,G-A,P,DSC,TD-350E650Z002D,87-A2D1G+046,19200,DSC2555P,B,DSMPR0145.1,CANISTER,N,8,1,51.90 X 62.50,,CZ0141
DSMPR0145.5,2024,7,2,140,140,QFN,FJ515636AD,2/12/2024 19:00,G-A,P,DSC,TD-350E650Z002D,87-A2D1G+046,17945,DSC2555P,B,DSMPR0145.1,CANISTER,N,8,1,51.90 X 62.50,,CZ0141
DSMPR0146.3,2024,7,3,140,140,QFN,FJ515636AC,2/13/2024 0:00,G-A,P,DSC,TD-350E650Z002D,87-A2D1G+046,19200,DSC2555P,B,DSMPR0146.1,CANISTER,N,8,1,51.90 X 62.50,,CZ0141
DSMPR0146.5,2024,7,3,140,140,QFN,FJ515636AC,2/13/2024 0:00,G-A,P,DSC,TD-350E650Z002D,87-A2D1G+046,17846,DSC2555P,B,DSMPR0146.1,CANISTER,N,8,1,51.90 X 62.50,,CZ0141
DSMPR0146.4,2024,7,3,140,140,QFN,FJ515636AC,2/13/2024 0:00,G-A,P,DSC,TD-350E650Z002D,87-A2D1G+046,19200,DSC2555P,B,DSMPR0146.1,CANISTER,N,8,1,51.90 X 62.50,,CZ0141
DSMPR0146.2,2024,7,3,140,140,QFN,FJ515636AC,2/13/2024 0:00,G-A,P,DSC,TD-350E650Z002D,87-A2D1G+046,19200,DSC2555P,B,DSMPR0146.1,CANISTER,N,8,1,51.90 X 62.50,,CZ0141
DSMPR0146.1,2024,7,3,140,140,QFN,FJ515636AC,2/13/2024 0:00,G-A,P,DSC,TD-350E650Z002D,87-A2D1G+046,19200,DSC2555P,B,2024-DSM-02-G029,CANISTER,N,8,1,51.90 X 62.50,,CZ0141
DSMPR0147.3,2024,7,3,140,140,QFN,FJ515636AE,2/13/2024 0:00,G-A,P,DSC,TD-350E650Z002D,87-A2D1G+046,19200,DSC2555P,B,DSMPR0147.1,CANISTER,N,8,1,51.90 X 62.50,,CZ0141
DSMPR0147.2,2024,7,3,140,140,QFN,FJ515636AE,2/13/2024 0:00,G-A,P,DSC,TD-350E650Z002D,87-A2D1G+046,19200,DSC2555P,B,DSMPR0147.1,CANISTER,N,8,1,51.90 X 62.50,,CZ0141
DSMPR0147.4,2024,7,3,140,140,QFN,FJ515636AE,2/13/2024 0:00,G-A,P,DSC,TD-350E650Z002D,87-A2D1G+046,19200,DSC2555P,B,DSMPR0147.1,CANISTER,N,8,1,51.90 X 62.50,,CZ0141
DSMPR0147.5,2024,7,3,140,140,QFN,FJ515636AE,2/13/2024 0:00,G-A,P,DSC,TD-350E650Z002D,87-A2D1G+046,17810,DSC2555P,B,DSMPR0147.1,CANISTER,N,8,1,51.90 X 62.50,,CZ0141
DSMPR0147.1,2024,7,3,140,140,QFN,FJ515636AE,2/13/2024 0:00,G-A,P,DSC,TD-350E650Z002D,87-A2D1G+046,19200,DSC2555P,B,2024-DSM-02-G030,CANISTER,N,8,1,51.90 X 62.50,,CZ0141
DSMPR0181.2,2024,8,2,140,140,QFN,FJ515709AC,2/19/2024 19:00,G-A,P,DSC,TD-350E650Z002D,87-A2D1G+046,19200,DSC2555P,B,DSMPR0181.1,CANISTER,N,8,1,51.90 X 62.50,,CZ0141
DSMPR0181.1,2024,8,2,140,140,QFN,FJ515709AC,2/19/2024 19:00,G-A,P,DSC,TD-350E650Z002D,87-A2D1G+046,19200,DSC2555P,B,2024-DSM-02-G037,CANISTER,N,8,1,51.90 X 62.50,,CZ0141
DSMPR0181.3,2024,8,2,140,140,QFN,FJ515709AC,2/19/2024 19:00,G-A,P,DSC,TD-350E650Z002D,87-A2D1G+046,19200,DSC2555P,B,DSMPR0181.1,CANISTER,N,8,1,51.90 X 62.50,,CZ0141
DSMPR0181.6,2024,8,2,140,140,QFN,FJ515709AC,2/19/2024 19:00,G-A,P,DSC,TD-350E650Z002D,87-A2D1G+046,22255,DSC2555P,B,DSMPR0181.1,CANISTER,N,8,1,51.90 X 62.50,,CZ0141
DSMPR0181.5,2024,8,2,140,140,QFN,FJ515709AC,2/19/2024 19:00,G-A,P,DSC,TD-350E650Z002D,87-A2D1G+046,19200,DSC2555P,B,DSMPR0181.1,CANISTER,N,8,1,51.90 X 62.50,,CZ0141
DSMPR0181.4,2024,8,2,140,140,QFN,FJ515709AC,2/19/2024 19:00,G-A,P,DSC,TD-350E650Z002D,87-A2D1G+046,19200,DSC2555P,B,DSMPR0181.1,CANISTER,N,8,1,51.90 X 62.50,,CZ0141
DSMPR0185.4,2024,8,3,140,140,QFN,FJ615991AB,2/20/2024 19:00,G-A,P,DSC,TD-350E650Z002D,87-A2D1G+046,19200,DSC2555P,B,DSMPR0185.1,CANISTER,N,8,1,51.90 X 62.50,,CZ0141
DSMPR0185.1,2024,8,3,140,140,QFN,FJ615991AB,2/20/2024 19:00,G-A,P,DSC,TD-350E650Z002D,87-A2D1G+046,19200,DSC2555P,B,2024-DSM-02-G040,CANISTER,N,8,1,51.90 X 62.50,,CZ0141
DSMPR0185.2,2024,8,3,140,140,QFN,FJ615991AB,2/20/2024 19:00,G-A,P,DSC,TD-350E650Z002D,87-A2D1G+046,19200,DSC2555P,B,DSMPR0185.1,CANISTER,N,8,1,51.90 X 62.50,,CZ0141
DSMPR0185.5,2024,8,3,140,140,QFN,FJ615991AB,2/20/2024 19:00,G-A,P,DSC,TD-350E650Z002D,87-A2D1G+046,17445,DSC2555P,B,DSMPR0185.1,CANISTER,N,8,1,51.90 X 62.50,,CZ0141
DSMPR0185.3,2024,8,3,140,140,QFN,FJ615991AB,2/20/2024 19:00,G-A,P,DSC,TD-350E650Z002D,87-A2D1G+046,19200,DSC2555P,B,DSMPR0185.1,CANISTER,N,8,1,51.90 X 62.50,,CZ0141
DSMPR0186.4,2024,8,4,140,140,QFN,FJ615991AC,2/21/2024 19:00,G-A,P,DSC,TD-350E650Z002D,87-A2D1G+046,19200,DSC2555P,B,DSMPR0186.1,CANISTER,N,8,1,51.90 X 62.50,,CZ0141
DSMPR0186.5,2024,8,4,140,140,QFN,FJ615991AC,2/21/2024 19:00,G-A,P,DSC,TD-350E650Z002D,87-A2D1G+046,17631,DSC2555P,B,DSMPR0186.1,CANISTER,N,8,1,51.90 X 62.50,,CZ0141
DSMPR0186.1,2024,8,4,140,140,QFN,FJ615991AC,2/21/2024 19:00,G-A,P,DSC,TD-350E650Z002D,87-A2D1G+046,19200,DSC2555P,B,2024-DSM-03-G003,CANISTER,N,8,1,51.90 X 62.50,,CZ0141
DSMPR0186.2,2024,8,4,140,140,QFN,FJ615991AC,2/21/2024 19:00,G-A,P,DSC,TD-350E650Z002D,87-A2D1G+046,19200,DSC2555P,B,DSMPR0186.1,CANISTER,N,8,1,51.90 X 62.50,,CZ0141
DSMPR0186.3,2024,8,4,140,140,QFN,FJ615991AC,2/21/2024 19:00,G-A,P,DSC,TD-350E650Z002D,87-A2D1G+046,19200,DSC2555P,B,DSMPR0186.1,CANISTER,N,8,1,51.90 X 62.50,,CZ0141
DSMPR0177.2,2024,8,2,140,140,QFN,FJ515466AB,2/19/2024 19:00,G-A,P,DSC,TQ-400E400A028E,87-31790+TX0,22630,DSC2969P,A,DSMPR0177.1,TUBE,N,8,1,103.9 X 84.2,,CZ0141
DSMPR0177.1,2024,8,2,140,140,QFN,FJ515466AB,2/19/2024 19:00,G-A,P,DSC,TQ-400E400A028E,87-31790+TX0,28000,DSC2969P,A,2024-DSM-03-G003,TUBE,N,8,1,103.9 X 84.2,,CZ0141
DSBPR0002.1,2024,6,7,140,140,QFN,GJ615890AB,2/10/2024 19:00,B-A,P,DSC,TQ-600E600B040E,90-02173+TAV,12600,DSC2943P,A,2024-DSB-02-G001,TRAY,N,12,1,109.8 X 109.8,,CZ0141
DSBPR0002.2,2024,6,7,140,140,QFN,GJ615890AB,2/10/2024 19:00,B-A,P,DSC,TQ-600E600B040E,90-02173+TAV,12723,DSC2943P,A,DSBPR0002.1,TRAY,N,12,1,109.8 X 109.8,,CZ0141
DSBPR0003.1,2024,7,3,140,140,QFN,GJ514267AC,2/13/2024 19:00,B-A,P,DSC,TQ-600E600B040E,90-02173+TAV,12600,DSC2943P,A,2024-DSB-02-G002,TRAY,N,12,1,109.8 X 109.8,,CZ0141
DSBPR0003.2,2024,7,3,140,140,QFN,GJ514267AC,2/13/2024 19:00,B-A,P,DSC,TQ-600E600B040E,90-02173+TAV,12681,DSC2943P,A,DSBPR0003.1,TRAY,N,12,1,109.8 X 109.8,,CZ0141
DSBPR0004.1,2024,7,6,140,140,QFN,GJ515656AB,2/16/2024 19:00,B-A,P,DSC,TQ-600E600B040E,90-02173+TAV,12600,DSC2943P,A,2024-DSB-02-G003,TRAY,N,12,1,109.8 X 109.8,,CZ0141
DSBPR0004.2,2024,7,6,140,140,QFN,GJ515656AB,2/16/2024 19:00,B-A,P,DSC,TQ-600E600B040E,90-02173+TAV,12668,DSC2943P,A,DSBPR0004.1,TRAY,N,12,1,109.8 X 109.8,,CZ0141
DSBPR0005.1,2024,8,1,140,140,QFN,GJ515656AC,2/18/2024 19:00,B-A,P,DSC,TQ-600E600B040E,90-02173+TAV,12600,DSC2943P,A,2024-DSB-02-G004,TRAY,N,12,1,109.8 X 109.8,,CZ0141
DSBPR0005.2,2024,8,1,140,140,QFN,GJ515656AC,2/18/2024 19:00,B-A,P,DSC,TQ-600E600B040E,90-02173+TAV,12689,DSC2943P,A,DSBPR0005.1,TRAY,N,12,1,109.8 X 109.8,,CZ0141
DSBPR0007.1,2024,8,4,140,140,QFN,GJ515656AD,2/21/2024 19:00,B-A,P,DSC,TQ-600E600B040E,90-02173+TAV,12600,DSC2943P,A,2024-DSB-02-G005,TRAY,N,12,1,109.8 X 109.8,,CZ0141
DSBPR0007.2,2024,8,4,140,140,QFN,GJ515656AD,2/21/2024 19:00,B-A,P,DSC,TQ-600E600B040E,90-02173+TAV,12610,DSC2943P,A,DSBPR0007.1,TRAY,N,12,1,109.8 X 109.8,,CZ0141
DSMPR0170.1,2024,7,3,140,140,QFN,GJ514690AC,2/13/2024 19:00,G-A,P,DSC,TQ-700E700A056E,87-34451+X02,9600,DSC2750P,E,2024-DSM-02-G031,TUBE,N,8,1,104.70X109.00,,CZ0141
DSMPR0170.2,2024,7,3,140,140,QFN,GJ514690AC,2/13/2024 19:00,G-A,P,DSC,TQ-700E700A056E,87-34451+X02,5229,DSC2750P,E,DSMPR0170.1,TUBE,N,8,1,104.70X109.00,,CZ0141
DSMPR0171.2,2024,7,3,140,140,QFN,GJ514690AD,2/13/2024 19:00,G-A,P,DSC,TQ-700E700A056E,87-34451+X02,5077,DSC2750P,E,DSMPR0171.1,TUBE,N,8,1,104.70X109.00,,CZ0141
DSMPR0171.1,2024,7,3,140,140,QFN,GJ514690AD,2/13/2024 19:00,G-A,P,DSC,TQ-700E700A056E,87-34451+X02,9600,DSC2750P,E,2024-DSM-02-G031,TUBE,N,8,1,104.70X109.00,,CZ0141
EMSPR0546.1,2024,5,7,140,140,QFN,181806,2/3/2024 19:00,G-A,P,EMS,NQ-400E4001020U,149.01A,28000,EMS0997P,B,2024-EMS-02-G167,TUBE,Y,8,1,85.8 X 82.7,,CZ0289
EMSPR0546.2,2024,5,7,140,140,QFN,181806,2/3/2024 19:00,G-A,P,EMS,NQ-400E4001020U,149.01A,41323,EMS0997P,B,2024-EMS-02-G167,TUBE,Y,8,1,85.8 X 82.7,,CZ0289
EMSPR0683.1,2024,7,5,140,140,QFN,181806,2/15/2024 19:00,G-A,P,EMS,NQ-400E4001020U,149.01A,28000,EMS0997P,B,2024-EMS-02-G287,TUBE,Y,8,1,85.8 X 82.7,,CZ0289
EMSPR0683.2,2024,7,5,140,140,QFN,181806,2/15/2024 19:00,G-A,P,EMS,NQ-400E4001020U,149.01A,28000,EMS0997P,B,2024-EMS-02-G294,TUBE,Y,8,1,85.8 X 82.7,,CZ0289
EMSPR0683.3,2024,7,5,140,140,QFN,181806,2/15/2024 19:00,G-A,P,EMS,NQ-400E4001020U,149.01A,18536,EMS0997P,B,2024-EMS-02-G311,TUBE,Y,8,1,85.8 X 82.7,,CZ0289
EMSPR0807.2,2024,8,4,140,140,QFN,181810,2/21/2024 19:00,G-A,P,EMS,NQ-400E4001020U,149.01A,28000,EMS0997P,B,2024-EMS-03-G023,TUBE,Y,8,1,85.8 X 82.7,,CZ0289
EMSPR0807.3,2024,8,4,140,140,QFN,181810,2/21/2024 19:00,G-A,P,EMS,NQ-400E4001020U,149.01A,18587,EMS0997P,B,2024-EMS-03-G023,TUBE,Y,8,1,85.8 X 82.7,,CZ0289
EMSPR0807.1,2024,8,4,140,140,QFN,181810,2/21/2024 19:00,G-A,P,EMS,NQ-400E4001020U,149.01A,28000,EMS0997P,B,2024-EMS-03-G033,TUBE,Y,8,1,85.8 X 82.7,,CZ0289
EMSPR0534.4,2024,5,7,140,140,QFN,180196,2/3/2024 19:00,G-A-T-P,P,EMS,NQ-400E4001020U,520.47A,28000,EMS0994P,A,EMSPR0534.1,TRAY,Y,8,1,85.8 X 82.7,,CZ0289
EMSPR0534.5,2024,5,7,140,140,QFN,180196,2/3/2024 19:00,G-A-T-P,P,EMS,NQ-400E4001020U,520.47A,34094,EMS0994P,A,EMSPR0534.1,TRAY,Y,8,1,85.8 X 82.7,,CZ0289
EMSPR0534.2,2024,5,7,140,140,QFN,180196,2/3/2024 19:00,G-A-T-P,P,EMS,NQ-400E4001020U,520.47A,28000,EMS0994P,A,EMSPR0534.1,TRAY,Y,8,1,85.8 X 82.7,,CZ0289
EMSPR0534.3,2024,5,7,140,140,QFN,180196,2/3/2024 19:00,G-A-T-P,P,EMS,NQ-400E4001020U,520.47A,28000,EMS0994P,A,EMSPR0534.1,TRAY,Y,8,1,85.8 X 82.7,,CZ0289
EMSPR0534.1,2024,5,7,140,140,QFN,180196,2/3/2024 19:00,G-A-T-P,P,EMS,NQ-400E4001020U,520.47A,28000,EMS0994P,A,2024-EMS-02-G313,TRAY,Y,8,1,85.8 X 82.7,,CZ0289
EMSPR0535.1,2024,6,1,140,140,QFN,180195,2/4/2024 19:00,G-A-T-P,P,EMS,NQ-400E4001020U,520.47A,28000,EMS0994P,A,2024-EMS-02-G234,TRAY,Y,8,1,85.8 X 82.7,,CZ0289
EMSPR0535.2,2024,6,1,140,140,QFN,180195,2/4/2024 19:00,G-A-T-P,P,EMS,NQ-400E4001020U,520.47A,28000,EMS0994P,A,EMSPR0535.1,TRAY,Y,8,1,85.8 X 82.7,,CZ0289
EMSPR0535.3,2024,6,1,140,140,QFN,180195,2/4/2024 19:00,G-A-T-P,P,EMS,NQ-400E4001020U,520.47A,28000,EMS0994P,A,EMSPR0535.1,TRAY,Y,8,1,85.8 X 82.7,,CZ0289
EMSPR0535.4,2024,6,1,140,140,QFN,180195,2/4/2024 19:00,G-A-T-P,P,EMS,NQ-400E4001020U,520.47A,28000,EMS0994P,A,EMSPR0535.1,TRAY,Y,8,1,85.8 X 82.7,,CZ0289
EMSPR0535.5,2024,6,1,140,140,QFN,180195,2/4/2024 19:00,G-A-T-P,P,EMS,NQ-400E4001020U,520.47A,23506,EMS0994P,A,EMSPR0535.1,TRAY,Y,8,1,85.8 X 82.7,,CZ0289
EMSPR0608.4,2024,6,2,140,140,QFN,180187,2/5/2024 19:00,G-A-T-P,P,EMS,NQ-400E4001020U,520.47A,28000,EMS0994P,A,EMSPR0608.1,TRAY,Y,8,1,85.8 X 82.7,,CZ0289
EMSPR0608.2,2024,6,2,140,140,QFN,180187,2/5/2024 19:00,G-A-T-P,P,EMS,NQ-400E4001020U,520.47A,28000,EMS0994P,A,EMSPR0608.1,TRAY,Y,8,1,85.8 X 82.7,,CZ0289
EMSPR0608.1,2024,6,2,140,140,QFN,180187,2/5/2024 19:00,G-A-T-P,P,EMS,NQ-400E4001020U,520.47A,28000,EMS0994P,A,2024-EMS-02-G258,TRAY,Y,8,1,85.8 X 82.7,,CZ0289
EMSPR0608.5,2024,6,2,140,140,QFN,180187,2/5/2024 19:00,G-A-T-P,P,EMS,NQ-400E4001020U,520.47A,34885,EMS0994P,A,EMSPR0608.1,TRAY,Y,8,1,85.8 X 82.7,,CZ0289
EMSPR0608.3,2024,6,2,140,140,QFN,180187,2/5/2024 19:00,G-A-T-P,P,EMS,NQ-400E4001020U,520.47A,28000,EMS0994P,A,EMSPR0608.1,TRAY,Y,8,1,85.8 X 82.7,,CZ0289
EMSPR0609.3,2024,6,4,140,140,QFN,180189,2/7/2024 19:00,G-A-T-P,P,EMS,NQ-400E4001020U,520.47A,28000,EMS0994P,A,EMSPR0609.1,TRAY,Y,8,1,85.8 X 82.7,,CZ0289
EMSPR0609.5,2024,6,4,140,140,QFN,180189,2/7/2024 19:00,G-A-T-P,P,EMS,NQ-400E4001020U,520.47A,27185,EMS0994P,A,EMSPR0609.1,TRAY,Y,8,1,85.8 X 82.7,,CZ0289
EMSPR0609.1,2024,6,4,140,140,QFN,180189,2/7/2024 19:00,G-A-T-P,P,EMS,NQ-400E4001020U,520.47A,28000,EMS0994P,A,2024-EMS-02-G281,TRAY,Y,8,1,85.8 X 82.7,,CZ0289
EMSPR0609.2,2024,6,4,140,140,QFN,180189,2/7/2024 19:00,G-A-T-P,P,EMS,NQ-400E4001020U,520.47A,28000,EMS0994P,A,EMSPR0609.1,TRAY,Y,8,1,85.8 X 82.7,,CZ0289
EMSPR0609.4,2024,6,4,140,140,QFN,180189,2/7/2024 19:00,G-A-T-P,P,EMS,NQ-400E4001020U,520.47A,28000,EMS0994P,A,EMSPR0609.1,TRAY,Y,8,1,85.8 X 82.7,,CZ0289
EMSPR0610.3,2024,6,6,140,140,QFN,180190,2/9/2024 19:00,G-A-T-P,P,EMS,NQ-400E4001020U,520.47A,28000,EMS0994P,A,EMSPR0610.1,TRAY,Y,8,1,85.8 X 82.7,,CZ0289
EMSPR0610.2,2024,6,6,140,140,QFN,180190,2/9/2024 19:00,G-A-T-P,P,EMS,NQ-400E4001020U,520.47A,28000,EMS0994P,A,EMSPR0610.1,TRAY,Y,8,1,85.8 X 82.7,,CZ0289
EMSPR0610.5,2024,6,6,140,140,QFN,180190,2/9/2024 19:00,G-A-T-P,P,EMS,NQ-400E4001020U,520.47A,24339,EMS0994P,A,EMSPR0610.1,TRAY,Y,8,1,85.8 X 82.7,,CZ0289
EMSPR0610.4,2024,6,6,140,140,QFN,180190,2/9/2024 19:00,G-A-T-P,P,EMS,NQ-400E4001020U,520.47A,28000,EMS0994P,A,EMSPR0610.1,TRAY,Y,8,1,85.8 X 82.7,,CZ0289
EMSPR0610.1,2024,6,6,140,140,QFN,180190,2/9/2024 19:00,G-A-T-P,P,EMS,NQ-400E4001020U,520.47A,28000,EMS0994P,A,2024-EMS-02-G293,TRAY,Y,8,1,85.8 X 82.7,,CZ0289
EMSPR0611.1,2024,6,7,140,140,QFN,180197,2/10/2024 19:00,G-A-T-P,P,EMS,NQ-400E4001020U,520.47A,28000,EMS0994P,A,2024-EMS-02-G295,TRAY,Y,8,1,85.8 X 82.7,,CZ0289
EMSPR0611.4,2024,6,7,140,140,QFN,180197,2/10/2024 19:00,G-A-T-P,P,EMS,NQ-400E4001020U,520.47A,28000,EMS0994P,A,EMSPR0611.1,TRAY,Y,8,1,85.8 X 82.7,,CZ0289
EMSPR0611.5,2024,6,7,140,140,QFN,180197,2/10/2024 19:00,G-A-T-P,P,EMS,NQ-400E4001020U,520.47A,19084,EMS0994P,A,EMSPR0611.1,TRAY,Y,8,1,85.8 X 82.7,,CZ0289
EMSPR0611.3,2024,6,7,140,140,QFN,180197,2/10/2024 19:00,G-A-T-P,P,EMS,NQ-400E4001020U,520.47A,28000,EMS0994P,A,EMSPR0611.1,TRAY,Y,8,1,85.8 X 82.7,,CZ0289
EMSPR0611.2,2024,6,7,140,140,QFN,180197,2/10/2024 19:00,G-A-T-P,P,EMS,NQ-400E4001020U,520.47A,28000,EMS0994P,A,EMSPR0611.1,TRAY,Y,8,1,85.8 X 82.7,,CZ0289
EMSPR0612.3,2024,6,7,140,140,QFN,180198,2/10/2024 19:00,G-A-T-P,P,EMS,NQ-400E4001020U,520.47A,28000,EMS0994P,A,EMSPR0612.1,TRAY,Y,8,1,85.8 X 82.7,,CZ0289
EMSPR0612.2,2024,6,7,140,140,QFN,180198,2/10/2024 19:00,G-A-T-P,P,EMS,NQ-400E4001020U,520.47A,28000,EMS0994P,A,EMSPR0612.1,TRAY,Y,8,1,85.8 X 82.7,,CZ0289
EMSPR0612.4,2024,6,7,140,140,QFN,180198,2/10/2024 19:00,G-A-T-P,P,EMS,NQ-400E4001020U,520.47A,28000,EMS0994P,A,EMSPR0612.1,TRAY,Y,8,1,85.8 X 82.7,,CZ0289
EMSPR0612.5,2024,6,7,140,140,QFN,180198,2/10/2024 19:00,G-A-T-P,P,EMS,NQ-400E4001020U,520.47A,24101,EMS0994P,A,EMSPR0612.1,TRAY,Y,8,1,85.8 X 82.7,,CZ0289
EMSPR0612.1,2024,6,7,140,140,QFN,180198,2/10/2024 19:00,G-A-T-P,P,EMS,NQ-400E4001020U,520.47A,28000,EMS0994P,A,2024-EMS-03-G177,TRAY,Y,8,1,85.8 X 82.7,,CZ0289
EMSPR0613.2,2024,7,1,140,140,QFN,180200,2/11/2024 19:00,G-A-T-P,P,EMS,NQ-400E4001020U,520.47A,28000,EMS0994P,A,EMSPR0613.1,TRAY,Y,8,1,85.8 X 82.7,,CZ0289
EMSPR0613.3,2024,7,1,140,140,QFN,180200,2/11/2024 19:00,G-A-T-P,P,EMS,NQ-400E4001020U,520.47A,28000,EMS0994P,A,EMSPR0613.1,TRAY,Y,8,1,85.8 X 82.7,,CZ0289
EMSPR0613.5,2024,7,1,140,140,QFN,180200,2/11/2024 19:00,G-A-T-P,P,EMS,NQ-400E4001020U,520.47A,35287,EMS0994P,A,EMSPR0613.1,TRAY,Y,8,1,85.8 X 82.7,,CZ0289
EMSPR0613.1,2024,7,1,140,140,QFN,180200,2/11/2024 19:00,G-A-T-P,P,EMS,NQ-400E4001020U,520.47A,28000,EMS0994P,A,2024-EMS-03-G002,TRAY,Y,8,1,85.8 X 82.7,,CZ0289
EMSPR0613.4,2024,7,1,140,140,QFN,180200,2/11/2024 19:00,G-A-T-P,P,EMS,NQ-400E4001020U,520.47A,28000,EMS0994P,A,EMSPR0613.1,TRAY,Y,8,1,85.8 X 82.7,,CZ0289
EMSPR0614.4,2024,7,2,140,140,QFN,181800,2/12/2024 19:00,G-A-T-P,P,EMS,NQ-400E4001020U,520.47A,28000,EMS0994P,A,EMSPR0614.1,TRAY,Y,8,1,85.8 X 82.7,,CZ0289
EMSPR0614.5,2024,7,2,140,140,QFN,181800,2/12/2024 19:00,G-A-T-P,P,EMS,NQ-400E4001020U,520.47A,26838,EMS0994P,A,EMSPR0614.1,TRAY,Y,8,1,85.8 X 82.7,,CZ0289
EMSPR0614.3,2024,7,2,140,140,QFN,181800,2/12/2024 19:00,G-A-T-P,P,EMS,NQ-400E4001020U,520.47A,28000,EMS0994P,A,EMSPR0614.1,TRAY,Y,8,1,85.8 X 82.7,,CZ0289
EMSPR0614.1,2024,7,2,140,140,QFN,181800,2/12/2024 19:00,G-A-T-P,P,EMS,NQ-400E4001020U,520.47A,28000,EMS0994P,A,2024-EMS-03-G057,TRAY,Y,8,1,85.8 X 82.7,,CZ0289
EMSPR0614.2,2024,7,2,140,140,QFN,181800,2/12/2024 19:00,G-A-T-P,P,EMS,NQ-400E4001020U,520.47A,28000,EMS0994P,A,EMSPR0614.1,TRAY,Y,8,1,85.8 X 82.7,,CZ0289
EMSPR0664.2,2024,7,2,140,140,QFN,181801,2/12/2024 19:00,G-A-T-P,P,EMS,NQ-400E4001020U,520.47A,28000,EMS0994P,A,EMSPR0664.1,TRAY,Y,8,1,85.8 X 82.7,,CZ0289
EMSPR0664.1,2024,7,2,140,140,QFN,181801,2/12/2024 19:00,G-A-T-P,P,EMS,NQ-400E4001020U,520.47A,28000,EMS0994P,A,2024-EMS-03-G039,TRAY,Y,8,1,85.8 X 82.7,,CZ0289
EMSPR0664.4,2024,7,2,140,140,QFN,181801,2/12/2024 19:00,G-A-T-P,P,EMS,NQ-400E4001020U,520.47A,28000,EMS0994P,A,EMSPR0664.1,TRAY,Y,8,1,85.8 X 82.7,,CZ0289
EMSPR0664.5,2024,7,2,140,140,QFN,181801,2/12/2024 19:00,G-A-T-P,P,EMS,NQ-400E4001020U,520.47A,33838,EMS0994P,A,EMSPR0664.1,TRAY,Y,8,1,85.8 X 82.7,,CZ0289
EMSPR0664.3,2024,7,2,140,140,QFN,181801,2/12/2024 19:00,G-A-T-P,P,EMS,NQ-400E4001020U,520.47A,28000,EMS0994P,A,EMSPR0664.1,TRAY,Y,8,1,85.8 X 82.7,,CZ0289
EMSPR0689.2,2024,7,3,140,140,QFN,181815,2/13/2024 19:00,G-A-T-P,P,EMS,NQ-400E4001020U,520.47A,28000,EMS0994P,A,EMSPR0689.1,TRAY,Y,8,1,85.8 X 82.7,,CZ0289
EMSPR0689.3,2024,7,3,140,140,QFN,181815,2/13/2024 19:00,G-A-T-P,P,EMS,NQ-400E4001020U,520.47A,28000,EMS0994P,A,EMSPR0689.1,TRAY,Y,8,1,85.8 X 82.7,,CZ0289
EMSPR0689.4,2024,7,3,140,140,QFN,181815,2/13/2024 19:00,G-A-T-P,P,EMS,NQ-400E4001020U,520.47A,28000,EMS0994P,A,EMSPR0689.1,TRAY,Y,8,1,85.8 X 82.7,,CZ0289
EMSPR0689.1,2024,7,3,140,140,QFN,181815,2/13/2024 19:00,G-A-T-P,P,EMS,NQ-400E4001020U,520.47A,28000,EMS0994P,A,2024-EMS-03-G089,TRAY,Y,8,1,85.8 X 82.7,,CZ0289
EMSPR0689.5,2024,7,3,140,140,QFN,181815,2/13/2024 19:00,G-A-T-P,P,EMS,NQ-400E4001020U,520.47A,22841,EMS0994P,A,EMSPR0689.1,TRAY,Y,8,1,85.8 X 82.7,,CZ0289
EMSPR0690.3,2024,7,4,140,140,QFN,181816,2/14/2024 19:00,G-A-T-P,P,EMS,NQ-400E4001020U,520.47A,28000,EMS0994P,A,EMSPR0690.1,TRAY,Y,8,1,85.8 X 82.7,,CZ0289
EMSPR0690.4,2024,7,4,140,140,QFN,181816,2/14/2024 19:00,G-A-T-P,P,EMS,NQ-400E4001020U,520.47A,28000,EMS0994P,A,EMSPR0690.1,TRAY,Y,8,1,85.8 X 82.7,,CZ0289
EMSPR0690.2,2024,7,4,140,140,QFN,181816,2/14/2024 19:00,G-A-T-P,P,EMS,NQ-400E4001020U,520.47A,28000,EMS0994P,A,EMSPR0690.1,TRAY,Y,8,1,85.8 X 82.7,,CZ0289
EMSPR0690.5,2024,7,4,140,140,QFN,181816,2/14/2024 19:00,G-A-T-P,P,EMS,NQ-400E4001020U,520.47A,27202,EMS0994P,A,EMSPR0690.1,TRAY,Y,8,1,85.8 X 82.7,,CZ0289
EMSPR0690.1,2024,7,4,140,140,QFN,181816,2/14/2024 19:00,G-A-T-P,P,EMS,NQ-400E4001020U,520.47A,28000,EMS0994P,A,2024-EMS-03-G103,TRAY,Y,8,1,85.8 X 82.7,,CZ0289
EMSPR0691.2,2024,7,5,140,140,QFN,181823,2/15/2024 19:00,G-A-T-P,P,EMS,NQ-400E4001020U,520.47A,28000,EMS0994P,A,EMSPR0691.1,TRAY,Y,8,1,85.8 X 82.7,,CZ0289
EMSPR0691.5,2024,7,5,140,140,QFN,181823,2/15/2024 19:00,G-A-T-P,P,EMS,NQ-400E4001020U,520.47A,33900,EMS0994P,A,EMSPR0691.1,TRAY,Y,8,1,85.8 X 82.7,,CZ0289
EMSPR0691.4,2024,7,5,140,140,QFN,181823,2/15/2024 19:00,G-A-T-P,P,EMS,NQ-400E4001020U,520.47A,28000,EMS0994P,A,EMSPR0691.1,TRAY,Y,8,1,85.8 X 82.7,,CZ0289
EMSPR0691.3,2024,7,5,140,140,QFN,181823,2/15/2024 19:00,G-A-T-P,P,EMS,NQ-400E4001020U,520.47A,28000,EMS0994P,A,EMSPR0691.1,TRAY,Y,8,1,85.8 X 82.7,,CZ0289
EMSPR0691.1,2024,7,5,140,140,QFN,181823,2/15/2024 19:00,G-A-T-P,P,EMS,NQ-400E4001020U,520.47A,28000,EMS0994P,A,2024-EMS-03-G082,TRAY,Y,8,1,85.8 X 82.7,,CZ0289
EMSPR0692.1,2024,7,6,140,140,QFN,183744,2/16/2024 19:00,G-A-T-P,P,EMS,NQ-400E4001020U,520.47A,28000,EMS0994P,A,2024-EMS-03-G102,TRAY,Y,8,1,85.8 X 82.7,,CZ0289
EMSPR0692.2,2024,7,6,140,140,QFN,183744,2/16/2024 19:00,G-A-T-P,P,EMS,NQ-400E4001020U,520.47A,28000,EMS0994P,A,EMSPR0692.1,TRAY,Y,8,1,85.8 X 82.7,,CZ0289
EMSPR0692.5,2024,7,6,140,140,QFN,183744,2/16/2024 19:00,G-A-T-P,P,EMS,NQ-400E4001020U,520.47A,32723,EMS0994P,A,EMSPR0692.1,TRAY,Y,8,1,85.8 X 82.7,,CZ0289
EMSPR0692.4,2024,7,6,140,140,QFN,183744,2/16/2024 19:00,G-A-T-P,P,EMS,NQ-400E4001020U,520.47A,28000,EMS0994P,A,EMSPR0692.1,TRAY,Y,8,1,85.8 X 82.7,,CZ0289
EMSPR0692.3,2024,7,6,140,140,QFN,183744,2/16/2024 19:00,G-A-T-P,P,EMS,NQ-400E4001020U,520.47A,28000,EMS0994P,A,EMSPR0692.1,TRAY,Y,8,1,85.8 X 82.7,,CZ0289
EMSPR0693.1,2024,7,6,140,140,QFN,183746,2/16/2024 19:00,G-A-T-P,P,EMS,NQ-400E4001020U,520.47A,28000,EMS0994P,A,2024-EMS-03-G122,TRAY,Y,8,1,85.8 X 82.7,,CZ0289
EMSPR0693.2,2024,7,6,140,140,QFN,183746,2/16/2024 19:00,G-A-T-P,P,EMS,NQ-400E4001020U,520.47A,28000,EMS0994P,A,EMSPR0693.1,TRAY,Y,8,1,85.8 X 82.7,,CZ0289
EMSPR0693.3,2024,7,6,140,140,QFN,183746,2/16/2024 19:00,G-A-T-P,P,EMS,NQ-400E4001020U,520.47A,28000,EMS0994P,A,EMSPR0693.1,TRAY,Y,8,1,85.8 X 82.7,,CZ0289
EMSPR0693.5,2024,7,6,140,140,QFN,183746,2/16/2024 19:00,G-A-T-P,P,EMS,NQ-400E4001020U,520.47A,34003,EMS0994P,A,EMSPR0693.1,TRAY,Y,8,1,85.8 X 82.7,,CZ0289
EMSPR0693.4,2024,7,6,140,140,QFN,183746,2/16/2024 19:00,G-A-T-P,P,EMS,NQ-400E4001020U,520.47A,28000,EMS0994P,A,EMSPR0693.1,TRAY,Y,8,1,85.8 X 82.7,,CZ0289
EMSPR0694.5,2024,7,7,140,140,QFN,181802,2/17/2024 19:00,G-A-T-P,P,EMS,NQ-400E4001020U,520.47A,27369,EMS0994P,A,EMSPR0694.1,TRAY,Y,8,1,85.8 X 82.7,,CZ0289
EMSPR0694.4,2024,7,7,140,140,QFN,181802,2/17/2024 19:00,G-A-T-P,P,EMS,NQ-400E4001020U,520.47A,28000,EMS0994P,A,EMSPR0694.1,TRAY,Y,8,1,85.8 X 82.7,,CZ0289
EMSPR0694.3,2024,7,7,140,140,QFN,181802,2/17/2024 19:00,G-A-T-P,P,EMS,NQ-400E4001020U,520.47A,28000,EMS0994P,A,EMSPR0694.1,TRAY,Y,8,1,85.8 X 82.7,,CZ0289
EMSPR0694.2,2024,7,7,140,140,QFN,181802,2/17/2024 19:00,G-A-T-P,P,EMS,NQ-400E4001020U,520.47A,28000,EMS0994P,A,EMSPR0694.1,TRAY,Y,8,1,85.8 X 82.7,,CZ0289
EMSPR0694.1,2024,7,7,140,140,QFN,181802,2/17/2024 19:00,G-A-T-P,P,EMS,NQ-400E4001020U,520.47A,28000,EMS0994P,A,2024-EMS-03-G131,TRAY,Y,8,1,85.8 X 82.7,,CZ0289
EMSPR0704.2,2024,8,1,140,140,QFN,170562,2/18/2024 19:00,G-A-T-P,P,EMS,NQ-400E4001020U,520.47A,28000,EMS0994P,A,EMSPR0704.1,TRAY,Y,8,1,85.8 X 82.7,,CZ0289
EMSPR0704.1,2024,8,1,140,140,QFN,170562,2/18/2024 19:00,G-A-T-P,P,EMS,NQ-400E4001020U,520.47A,28000,EMS0994P,A,2024-EMS-03-G219,TRAY,Y,8,1,85.8 X 82.7,,CZ0289
EMSPR0704.4,2024,8,1,140,140,QFN,170562,2/18/2024 19:00,G-A-T-P,P,EMS,NQ-400E4001020U,520.47A,28000,EMS0994P,A,EMSPR0704.1,TRAY,Y,8,1,85.8 X 82.7,,CZ0289
EMSPR0704.5,2024,8,1,140,140,QFN,170562,2/18/2024 19:00,G-A-T-P,P,EMS,NQ-400E4001020U,520.47A,28221,EMS0994P,A,EMSPR0704.1,TRAY,Y,8,1,85.8 X 82.7,,CZ0289
EMSPR0704.3,2024,8,1,140,140,QFN,170562,2/18/2024 19:00,G-A-T-P,P,EMS,NQ-400E4001020U,520.47A,28000,EMS0994P,A,EMSPR0704.1,TRAY,Y,8,1,85.8 X 82.7,,CZ0289
EMSPR0927.4,2024,8,6,140,140,QFN,181804,2/23/2024 19:00,G-A-T-P,P,EMS,NQ-400E4001020U,520.47A,28000,EMS0994P,A,EMSPR0927.1,TRAY,Y,8,1,85.8 X 82.7,,CZ0289
EMSPR0927.5,2024,8,6,140,140,QFN,181804,2/23/2024 19:00,G-A-T-P,P,EMS,NQ-400E4001020U,520.47A,31884,EMS0994P,A,EMSPR0927.1,TRAY,Y,8,1,85.8 X 82.7,,CZ0289
EMSPR0927.3,2024,8,6,140,140,QFN,181804,2/23/2024 19:00,G-A-T-P,P,EMS,NQ-400E4001020U,520.47A,28000,EMS0994P,A,EMSPR0927.1,TRAY,Y,8,1,85.8 X 82.7,,CZ0289
EMSPR0927.2,2024,8,6,140,140,QFN,181804,2/23/2024 19:00,G-A-T-P,P,EMS,NQ-400E4001020U,520.47A,28000,EMS0994P,A,EMSPR0927.1,TRAY,Y,8,1,85.8 X 82.7,,CZ0289
EMSPR0927.1,2024,8,6,140,140,QFN,181804,2/23/2024 19:00,G-A-T-P,P,EMS,NQ-400E4001020U,520.47A,28000,EMS0994P,A,2024-EMS-03-G155,TRAY,Y,8,1,85.8 X 82.7,,CZ0289
EMSPR0928.1,2024,9,1,140,140,QFN,181805,2/25/2024 19:00,G-A-T-P,P,EMS,NQ-400E4001020U,520.47A,28000,EMS0994P,A,2024-EMS-03-G176,TRAY,Y,8,1,85.8 X 82.7,,CZ0289
EMSPR0928.2,2024,9,1,140,140,QFN,181805,2/25/2024 19:00,G-A-T-P,P,EMS,NQ-400E4001020U,520.47A,28000,EMS0994P,A,EMSPR0928.1,TRAY,Y,8,1,85.8 X 82.7,,CZ0289
EMSPR0928.3,2024,9,1,140,140,QFN,181805,2/25/2024 19:00,G-A-T-P,P,EMS,NQ-400E4001020U,520.47A,28000,EMS0994P,A,EMSPR0928.1,TRAY,Y,8,1,85.8 X 82.7,,CZ0289
EMSPR0928.4,2024,9,1,140,140,QFN,181805,2/25/2024 19:00,G-A-T-P,P,EMS,NQ-400E4001020U,520.47A,28000,EMS0994P,A,EMSPR0928.1,TRAY,Y,8,1,85.8 X 82.7,,CZ0289
EMSPR0928.5,2024,9,1,140,140,QFN,181805,2/25/2024 19:00,G-A-T-P,P,EMS,NQ-400E4001020U,520.47A,27852,EMS0994P,A,EMSPR0928.1,TRAY,Y,8,1,85.8 X 82.7,,CZ0289
EMSPR0929.1,2024,9,2,140,140,QFN,181812,2/26/2024 19:00,G-A-T-P,P,EMS,NQ-400E4001020U,520.47A,28000,EMS0994P,A,2024-EMS-03-G241,TRAY,Y,8,1,85.8 X 82.7,,CZ0289
EMSPR0929.2,2024,9,2,140,140,QFN,181812,2/26/2024 19:00,G-A-T-P,P,EMS,NQ-400E4001020U,520.47A,28000,EMS0994P,A,EMSPR0929.1,TRAY,Y,8,1,85.8 X 82.7,,CZ0289
EMSPR0929.3,2024,9,2,140,140,QFN,181812,2/26/2024 19:00,G-A-T-P,P,EMS,NQ-400E4001020U,520.47A,28000,EMS0994P,A,EMSPR0929.1,TRAY,Y,8,1,85.8 X 82.7,,CZ0289
EMSPR0929.5,2024,9,2,140,140,QFN,181812,2/26/2024 19:00,G-A-T-P,P,EMS,NQ-400E4001020U,520.47A,26450,EMS0994P,A,EMSPR0929.1,TRAY,Y,8,1,85.8 X 82.7,,CZ0289
EMSPR0929.4,2024,9,2,140,140,QFN,181812,2/26/2024 19:00,G-A-T-P,P,EMS,NQ-400E4001020U,520.47A,28000,EMS0994P,A,EMSPR0929.1,TRAY,Y,8,1,85.8 X 82.7,,CZ0289
EMSFR0537.3,2024,6,3,140,140,QFN,180194,2/6/2024 19:00,G-A,F,EMS,NQ-400E4001020U,520.47A,28000,EMS1186P,A,2024-EMS-02-G213,TRAY,Y,8,1,85.8 X 82.7,,CZ0289
EMSFR0537.1,2024,6,3,140,140,QFN,180194,2/6/2024 19:00,G-A,F,EMS,NQ-400E4001020U,520.47A,28000,EMS1186P,A,2024-EMS-02-G213,TRAY,Y,8,1,85.8 X 82.7,,CZ0289
EMSFR0537.4,2024,6,3,140,140,QFN,180194,2/6/2024 19:00,G-A,F,EMS,NQ-400E4001020U,520.47A,28000,EMS1186P,A,2024-EMS-02-G213,TRAY,Y,8,1,85.8 X 82.7,,CZ0289
EMSFR0537.5,2024,6,3,140,140,QFN,180194,2/6/2024 19:00,G-A,F,EMS,NQ-400E4001020U,520.47A,32721,EMS1186P,A,2024-EMS-02-G213,TRAY,Y,8,1,85.8 X 82.7,,CZ0289
EMSFR0537.2,2024,6,3,140,140,QFN,180194,2/6/2024 19:00,G-A,F,EMS,NQ-400E4001020U,520.47A,28000,EMS1186P,A,2024-EMS-02-G213,TRAY,Y,8,1,85.8 X 82.7,,CZ0289
EMSFR0538.2,2024,6,4,140,140,QFN,180193,2/7/2024 19:00,G-A,F,EMS,NQ-400E4001020U,520.47A,28000,EMS1186P,A,2024-EMS-02-G213,TRAY,Y,8,1,85.8 X 82.7,,CZ0289
EMSFR0538.3,2024,6,4,140,140,QFN,180193,2/7/2024 19:00,G-A,F,EMS,NQ-400E4001020U,520.47A,28000,EMS1186P,A,2024-EMS-02-G226,TRAY,Y,8,1,85.8 X 82.7,,CZ0289
EMSFR0538.1,2024,6,4,140,140,QFN,180193,2/7/2024 19:00,G-A,F,EMS,NQ-400E4001020U,520.47A,28000,EMS1186P,A,2024-EMS-02-G213,TRAY,Y,8,1,85.8 X 82.7,,CZ0289
EMSFR0538.4,2024,6,4,140,140,QFN,180193,2/7/2024 19:00,G-A,F,EMS,NQ-400E4001020U,520.47A,28000,EMS1186P,A,2024-EMS-02-G214,TRAY,Y,8,1,85.8 X 82.7,,CZ0289
EMSFR0538.5,2024,6,4,140,140,QFN,180193,2/7/2024 19:00,G-A,F,EMS,NQ-400E4001020U,520.47A,24484,EMS1186P,A,2024-EMS-02-G213,TRAY,Y,8,1,85.8 X 82.7,,CZ0289
EMSFR0539.5,2024,6,5,140,140,QFN,180191,2/8/2024 19:00,G-A,F,EMS,NQ-400E4001020U,520.47A,36617,EMS1186P,A,2024-EMS-02-G238,TRAY,Y,8,1,85.8 X 82.7,,CZ0289
EMSFR0539.4,2024,6,5,140,140,QFN,180191,2/8/2024 19:00,G-A,F,EMS,NQ-400E4001020U,520.47A,28000,EMS1186P,A,2024-EMS-02-G226,TRAY,Y,8,1,85.8 X 82.7,,CZ0289
EMSFR0539.3,2024,6,5,140,140,QFN,180191,2/8/2024 19:00,G-A,F,EMS,NQ-400E4001020U,520.47A,28000,EMS1186P,A,2024-EMS-02-G226,TRAY,Y,8,1,85.8 X 82.7,,CZ0289
EMSFR0539.1,2024,6,5,140,140,QFN,180191,2/8/2024 19:00,G-A,F,EMS,NQ-400E4001020U,520.47A,28000,EMS1186P,A,2024-EMS-02-G238,TRAY,Y,8,1,85.8 X 82.7,,CZ0289
EMSFR0539.2,2024,6,5,140,140,QFN,180191,2/8/2024 19:00,G-A,F,EMS,NQ-400E4001020U,520.47A,28000,EMS1186P,A,2024-EMS-02-G238,TRAY,Y,8,1,85.8 X 82.7,,CZ0289
EMSMR0594.1,2024,5,6,140,140,QFN,167172,2/2/2024 19:00,G-A,M,EMS,NQ-400E4001020U,520.47A,33382,EMS1186P,A,2024-EMS-02-G056,TRAY,Y,8,1,85.8 X 82.7,,CZ0289
EMSPR0595.5,2024,6,2,140,140,QFN,180183,2/5/2024 19:00,G-A,P,EMS,NQ-400E4001020U,520.47A,26245,EMS1186P,A,2024-EMS-02-G175,TRAY,Y,8,1,85.8 X 82.7,,CZ0289
EMSPR0595.4,2024,6,2,140,140,QFN,180183,2/5/2024 19:00,G-A,P,EMS,NQ-400E4001020U,520.47A,28000,EMS1186P,A,2024-EMS-02-G188,TRAY,Y,8,1,85.8 X 82.7,,CZ0289
EMSPR0595.3,2024,6,2,140,140,QFN,180183,2/5/2024 19:00,G-A,P,EMS,NQ-400E4001020U,520.47A,28000,EMS1186P,A,2024-EMS-02-G170,TRAY,Y,8,1,85.8 X 82.7,,CZ0289
EMSPR0595.1,2024,6,2,140,140,QFN,180183,2/5/2024 19:00,G-A,P,EMS,NQ-400E4001020U,520.47A,28000,EMS1186P,A,2024-EMS-02-G181,TRAY,Y,8,1,85.8 X 82.7,,CZ0289
EMSPR0595.2,2024,6,2,140,140,QFN,180183,2/5/2024 19:00,G-A,P,EMS,NQ-400E4001020U,520.47A,28000,EMS1186P,A,2024-EMS-02-G175,TRAY,Y,8,1,85.8 X 82.7,,CZ0289
EMSPR0597.4,2024,6,3,140,140,QFN,180184,2/6/2024 19:00,G-A,P,EMS,NQ-400E4001020U,520.47A,28000,EMS1186P,A,2024-EMS-02-G197,TRAY,Y,8,1,85.8 X 82.7,,CZ0289
EMSPR0597.3,2024,6,3,140,140,QFN,180184,2/6/2024 19:00,G-A,P,EMS,NQ-400E4001020U,520.47A,28000,EMS1186P,A,2024-EMS-02-G192,TRAY,Y,8,1,85.8 X 82.7,,CZ0289
EMSPR0597.2,2024,6,3,140,140,QFN,180184,2/6/2024 19:00,G-A,P,EMS,NQ-400E4001020U,520.47A,28000,EMS1186P,A,2024-EMS-02-G199,TRAY,Y,8,1,85.8 X 82.7,,CZ0289
EMSPR0597.1,2024,6,3,140,140,QFN,180184,2/6/2024 19:00,G-A,P,EMS,NQ-400E4001020U,520.47A,28000,EMS1186P,A,2024-EMS-02-G199,TRAY,Y,8,1,85.8 X 82.7,,CZ0289
EMSPR0597.5,2024,6,3,140,140,QFN,180184,2/6/2024 19:00,G-A,P,EMS,NQ-400E4001020U,520.47A,24419,EMS1186P,A,2024-EMS-02-G192,TRAY,Y,8,1,85.8 X 82.7,,CZ0289
EMSPR0536.2,2024,6,1,140,140,QFN,179829,2/4/2024 19:00,G-A,P,EMS,NQ-400E4001020U,522.01A,28000,EMS1028P,A,2024-EMS-02-G158,TUBE,Y,8,1,64.6 X 65.4,,CZ0142
EMSPR0536.1,2024,6,1,140,140,QFN,179829,2/4/2024 19:00,G-A,P,EMS,NQ-400E4001020U,522.01A,28000,EMS1028P,A,2024-EMS-02-G176,TUBE,Y,8,1,64.6 X 65.4,,CZ0142
EMSPR0536.3,2024,6,1,140,140,QFN,179829,2/4/2024 19:00,G-A,P,EMS,NQ-400E4001020U,522.01A,14413,EMS1028P,A,2024-EMS-02-G180,TUBE,Y,8,1,64.6 X 65.4,,CZ0142
EMSPR0577.2,2024,7,1,140,140,QFN,179829,2/11/2024 19:00,G-A,P,EMS,NQ-400E4001020U,522.01A,32297,EMS1028P,A,2024-EMS-02-G275,TUBE,Y,8,1,64.6 X 65.4,,CZ0142
EMSPR0577.1,2024,7,1,140,140,QFN,179829,2/11/2024 19:00,G-A,P,EMS,NQ-400E4001020U,522.01A,28000,EMS1028P,A,2024-EMS-02-G282,TUBE,Y,8,1,64.6 X 65.4,,CZ0142
EMSPR0578.1,2024,7,1,140,140,QFN,179829,2/11/2024 19:00,G-A,P,EMS,NQ-400E4001020U,522.01A,28000,EMS1028P,A,2024-EMS-02-G275,TUBE,Y,8,1,64.6 X 65.4,,CZ0142
EMSPR0578.2,2024,7,1,140,140,QFN,179829,2/11/2024 19:00,G-A,P,EMS,NQ-400E4001020U,522.01A,32416,EMS1028P,A,2024-EMS-02-G239,TUBE,Y,8,1,64.6 X 65.4,,CZ0142
EMSPR0891.1,2024,8,5,140,140,QFN,179829,2/22/2024 19:00,G-A,P,EMS,NQ-400E4001020U,522.01A,28000,EMS1028P,A,2024-EMS-03-G045,TUBE,Y,8,1,64.6 X 65.4,,CZ0142
EMSPR0891.2,2024,8,5,140,140,QFN,179829,2/22/2024 19:00,G-A,P,EMS,NQ-400E4001020U,522.01A,32330,EMS1028P,A,2024-EMS-03-G045,TUBE,Y,8,1,64.6 X 65.4,,CZ0142
EMSPR0892.1,2024,8,6,140,140,QFN,181161,2/23/2024 19:00,G-A,P,EMS,NQ-400E4001020U,522.01A,28000,EMS1028P,A,2024-EMS-03-G059,TUBE,Y,8,1,64.6 X 65.4,,CZ0142
EMSPR0892.2,2024,8,6,140,140,QFN,181161,2/23/2024 19:00,G-A,P,EMS,NQ-400E4001020U,522.01A,28000,EMS1028P,A,2024-EMS-03-G045,TUBE,Y,8,1,64.6 X 65.4,,CZ0142
EMSPR0892.3,2024,8,6,140,140,QFN,181161,2/23/2024 19:00,G-A,P,EMS,NQ-400E4001020U,522.01A,14389,EMS1028P,A,2024-EMS-03-G034,TUBE,Y,8,1,64.6 X 65.4,,CZ0142
EMSPR0893.1,2024,9,2,140,140,QFN,181161,2/26/2024 19:00,G-A,P,EMS,NQ-400E4001020U,522.05A,28000,EMS1025P,A,2024-EMS-03-G062,TUBE,Y,8,1,64.6 X 65.4,,CZ0142
EMSPR0893.2,2024,9,2,140,140,QFN,181161,2/26/2024 19:00,G-A,P,EMS,NQ-400E4001020U,522.05A,32491,EMS1025P,A,2024-EMS-03-G069,TUBE,Y,8,1,64.6 X 65.4,,CZ0142
EMSPR0866.1,2024,9,2,140,140,QFN,183654,2/26/2024 19:00,G-A,P,EMS,NQ-400E4001020U,524.33A,28000,EMS1096P,A,2024-EMS-03-G070,TUBE,Y,8,1,98.4 X 96.1,,CZ0289
EMSPR0866.4,2024,9,2,140,140,QFN,183654,2/26/2024 19:00,G-A,P,EMS,NQ-400E4001020U,524.33A,29995,EMS1096P,A,2024-EMS-03-G070,TUBE,Y,8,1,98.4 X 96.1,,CZ0289
EMSPR0866.3,2024,9,2,140,140,QFN,183654,2/26/2024 19:00,G-A,P,EMS,NQ-400E4001020U,524.33A,28000,EMS1096P,A,2024-EMS-03-G069,TUBE,Y,8,1,98.4 X 96.1,,CZ0289
EMSPR0866.2,2024,9,2,140,140,QFN,183654,2/26/2024 19:00,G-A,P,EMS,NQ-400E4001020U,524.33A,28000,EMS1096P,A,2024-EMS-03-G069,TUBE,Y,8,1,98.4 X 96.1,,CZ0289
EMSPR0589.5,2024,6,1,140,140,QFN,181397,2/4/2024 19:00,B-A-T-P,P,EMS,NQ-400E400B020E,524.03A,23916,EMS0713P,B,EMSPR0589.1,TUBE,Y,8,1,82.30 X 93.30,,CZ0142
EMSPR0589.4,2024,6,1,140,140,QFN,181397,2/4/2024 19:00,B-A-T-P,P,EMS,NQ-400E400B020E,524.03A,28000,EMS0713P,B,EMSPR0589.1,TUBE,Y,8,1,82.30 X 93.30,,CZ0142
EMSPR0589.3,2024,6,1,140,140,QFN,181397,2/4/2024 19:00,B-A-T-P,P,EMS,NQ-400E400B020E,524.03A,28000,EMS0713P,B,EMSPR0589.1,TUBE,Y,8,1,82.30 X 93.30,,CZ0142
EMSPR0589.2,2024,6,1,140,140,QFN,181397,2/4/2024 19:00,B-A-T-P,P,EMS,NQ-400E400B020E,524.03A,28000,EMS0713P,B,EMSPR0589.1,TUBE,Y,8,1,82.30 X 93.30,,CZ0142
EMSPR0589.1,2024,6,1,140,140,QFN,181397,2/4/2024 19:00,B-A-T-P,P,EMS,NQ-400E400B020E,524.03A,28000,EMS0713P,B,2024-EMS-03-G043,TUBE,Y,8,1,82.30 X 93.30,,CZ0142
EMSPR0632.1,2024,6,4,140,140,QFN,182466,2/7/2024 19:00,B-A-T-P,P,EMS,NQ-400E400B020E,524.03A,16123,EMS0713P,B,2024-EMS-03-G048,TUBE,Y,8,1,82.30 X 93.30,,CZ0142
EMSPR0633.1,2024,6,4,140,140,QFN,182466,2/7/2024 19:00,B-A-T-P,P,EMS,NQ-400E400B020E,524.03A,16115,EMS0713P,B,2024-EMS-03-G283,TUBE,Y,8,1,82.30 X 93.30,,CZ0142
EMSPR0634.1,2024,6,4,140,140,QFN,182466,2/7/2024 19:00,B-A-T-P,P,EMS,NQ-400E400B020E,524.03A,16093,EMS0713P,B,2024-EMS-03-G283,TUBE,Y,8,1,82.30 X 93.30,,CZ0142
EMSPR0645.3,2024,6,4,140,140,QFN,181395,2/7/2024 19:00,B-A-T-P,P,EMS,NQ-400E400B020E,524.03A,28000,EMS0713P,B,EMSPR0645.1,TUBE,Y,8,1,82.30 X 93.30,,CZ0142
EMSPR0645.1,2024,6,4,140,140,QFN,181395,2/7/2024 19:00,B-A-T-P,P,EMS,NQ-400E400B020E,524.03A,28000,EMS0713P,B,2024-EMS-03-G083,TUBE,Y,8,1,82.30 X 93.30,,CZ0142
EMSPR0645.2,2024,6,4,140,140,QFN,181395,2/7/2024 19:00,B-A-T-P,P,EMS,NQ-400E400B020E,524.03A,28000,EMS0713P,B,EMSPR0645.1,TUBE,Y,8,1,82.30 X 93.30,,CZ0142
EMSPR0645.4,2024,6,4,140,140,QFN,181395,2/7/2024 19:00,B-A-T-P,P,EMS,NQ-400E400B020E,524.03A,40737,EMS0713P,B,EMSPR0645.1,TUBE,Y,8,1,82.30 X 93.30,,CZ0142
EMSPR0654.5,2024,6,5,140,140,QFN,180004,2/8/2024 19:00,B-A-T-P,P,EMS,NQ-400E400B020E,524.03A,17251,EMS0713P,B,EMSPR0654.1,TUBE,Y,8,1,82.30 X 93.30,,CZ0142
EMSPR0654.4,2024,6,5,140,140,QFN,180004,2/8/2024 19:00,B-A-T-P,P,EMS,NQ-400E400B020E,524.03A,28000,EMS0713P,B,EMSPR0654.1,TUBE,Y,8,1,82.30 X 93.30,,CZ0142
EMSPR0654.3,2024,6,5,140,140,QFN,180004,2/8/2024 19:00,B-A-T-P,P,EMS,NQ-400E400B020E,524.03A,28000,EMS0713P,B,EMSPR0654.1,TUBE,Y,8,1,82.30 X 93.30,,CZ0142
EMSPR0654.1,2024,6,5,140,140,QFN,180004,2/8/2024 19:00,B-A-T-P,P,EMS,NQ-400E400B020E,524.03A,28000,EMS0713P,B,2024-EMS-03-G140,TUBE,Y,8,1,82.30 X 93.30,,CZ0142
EMSPR0654.2,2024,6,5,140,140,QFN,180004,2/8/2024 19:00,B-A-T-P,P,EMS,NQ-400E400B020E,524.03A,28000,EMS0713P,B,EMSPR0654.1,TUBE,Y,8,1,82.30 X 93.30,,CZ0142
EMSPR0685.1,2024,6,7,140,140,QFN,179999,2/10/2024 19:00,B-A-T-P,P,EMS,NQ-400E400B020E,524.03A,28000,EMS0713P,B,2024-EMS-03-G277,TUBE,Y,8,1,82.30 X 93.30,,CZ0142
EMSPR0685.2,2024,6,7,140,140,QFN,179999,2/10/2024 19:00,B-A-T-P,P,EMS,NQ-400E400B020E,524.03A,28000,EMS0713P,B,EMSPR0685.1,TUBE,Y,8,1,82.30 X 93.30,,CZ0142
EMSPR0685.3,2024,6,7,140,140,QFN,179999,2/10/2024 19:00,B-A-T-P,P,EMS,NQ-400E400B020E,524.03A,28000,EMS0713P,B,EMSPR0685.1,TUBE,Y,8,1,82.30 X 93.30,,CZ0142
EMSPR0685.4,2024,6,7,140,140,QFN,179999,2/10/2024 19:00,B-A-T-P,P,EMS,NQ-400E400B020E,524.03A,28000,EMS0713P,B,EMSPR0685.1,TUBE,Y,8,1,82.30 X 93.30,,CZ0142
EMSPR0685.5,2024,6,7,140,140,QFN,179999,2/10/2024 19:00,B-A-T-P,P,EMS,NQ-400E400B020E,524.03A,23008,EMS0713P,B,EMSPR0685.1,TUBE,Y,8,1,82.30 X 93.30,,CZ0142
EMSPR0686.3,2024,6,7,140,140,QFN,180002,2/10/2024 19:00,B-A-T-P,P,EMS,NQ-400E400B020E,524.03A,28000,EMS0713P,B,EMSPR0686.1,TUBE,Y,8,1,82.30 X 93.30,,CZ0142
EMSPR0686.1,2024,6,7,140,140,QFN,180002,2/10/2024 19:00,B-A-T-P,P,EMS,NQ-400E400B020E,524.03A,28000,EMS0713P,B,2024-EMS-03-G067,TUBE,Y,8,1,82.30 X 93.30,,CZ0142
EMSPR0686.2,2024,6,7,140,140,QFN,180002,2/10/2024 19:00,B-A-T-P,P,EMS,NQ-400E400B020E,524.03A,28000,EMS0713P,B,EMSPR0686.1,TUBE,Y,8,1,82.30 X 93.30,,CZ0142
EMSPR0686.5,2024,6,7,140,140,QFN,180002,2/10/2024 19:00,B-A-T-P,P,EMS,NQ-400E400B020E,524.03A,17655,EMS0713P,B,EMSPR0686.1,TUBE,Y,8,1,82.30 X 93.30,,CZ0142
EMSPR0686.4,2024,6,7,140,140,QFN,180002,2/10/2024 19:00,B-A-T-P,P,EMS,NQ-400E400B020E,524.03A,28000,EMS0713P,B,EMSPR0686.1,TUBE,Y,8,1,82.30 X 93.30,,CZ0142
EMSPR0813.4,2024,7,7,140,140,QFN,180003,2/17/2024 19:00,B-A-T-P,P,EMS,NQ-400E400B020E,524.03A,36817,EMS0713P,B,EMSPR0813.1,TUBE,Y,8,1,82.30 X 93.30,,CZ0142
EMSPR0813.1,2024,7,7,140,140,QFN,180003,2/17/2024 19:00,B-A-T-P,P,EMS,NQ-400E400B020E,524.03A,28000,EMS0713P,B,2024-EMS-03-G286,TUBE,Y,8,1,82.30 X 93.30,,CZ0142
EMSPR0813.2,2024,7,7,140,140,QFN,180003,2/17/2024 19:00,B-A-T-P,P,EMS,NQ-400E400B020E,524.03A,28000,EMS0713P,B,EMSPR0813.1,TUBE,Y,8,1,82.30 X 93.30,,CZ0142
EMSPR0813.3,2024,7,7,140,140,QFN,180003,2/17/2024 19:00,B-A-T-P,P,EMS,NQ-400E400B020E,524.03A,28000,EMS0713P,B,EMSPR0813.1,TUBE,Y,8,1,82.30 X 93.30,,CZ0142
EMSPR0823.2,2024,8,1,140,140,QFN,181396,2/18/2024 19:00,B-A-T-P,P,EMS,NQ-400E400B020E,524.03A,28000,EMS0713P,B,EMSPR0823.1,TUBE,Y,8,1,82.30 X 93.30,,CZ0142
EMSPR0823.4,2024,8,1,140,140,QFN,181396,2/18/2024 19:00,B-A-T-P,P,EMS,NQ-400E400B020E,524.03A,28000,EMS0713P,B,EMSPR0823.1,TUBE,Y,8,1,82.30 X 93.30,,CZ0142
EMSPR0823.3,2024,8,1,140,140,QFN,181396,2/18/2024 19:00,B-A-T-P,P,EMS,NQ-400E400B020E,524.03A,28000,EMS0713P,B,EMSPR0823.1,TUBE,Y,8,1,82.30 X 93.30,,CZ0142
EMSPR0823.5,2024,8,1,140,140,QFN,181396,2/18/2024 19:00,B-A-T-P,P,EMS,NQ-400E400B020E,524.03A,22209,EMS0713P,B,EMSPR0823.1,TUBE,Y,8,1,82.30 X 93.30,,CZ0142
EMSPR0823.1,2024,8,1,140,140,QFN,181396,2/18/2024 19:00,B-A-T-P,P,EMS,NQ-400E400B020E,524.03A,28000,EMS0713P,B,2024-EMS-03-G293,TUBE,Y,8,1,82.30 X 93.30,,CZ0142
EMSPR0859.2,2024,8,2,140,140,QFN,181394,2/19/2024 19:00,B-A-T-P,P,EMS,NQ-400E400B020E,524.03A,28000,EMS0713P,B,EMSPR0859.1,TUBE,Y,8,1,82.30 X 93.30,,CZ0142
EMSPR0859.5,2024,8,2,140,140,QFN,181394,2/19/2024 19:00,B-A-T-P,P,EMS,NQ-400E400B020E,524.03A,22417,EMS0713P,B,EMSPR0859.1,TUBE,Y,8,1,82.30 X 93.30,,CZ0142
EMSPR0859.4,2024,8,2,140,140,QFN,181394,2/19/2024 19:00,B-A-T-P,P,EMS,NQ-400E400B020E,524.03A,28000,EMS0713P,B,EMSPR0859.1,TUBE,Y,8,1,82.30 X 93.30,,CZ0142
EMSPR0859.3,2024,8,2,140,140,QFN,181394,2/19/2024 19:00,B-A-T-P,P,EMS,NQ-400E400B020E,524.03A,28000,EMS0713P,B,EMSPR0859.1,TUBE,Y,8,1,82.30 X 93.30,,CZ0142
EMSPR0859.1,2024,8,2,140,140,QFN,181394,2/19/2024 19:00,B-A-T-P,P,EMS,NQ-400E400B020E,524.03A,28000,EMS0713P,B,2024-EMS-03-G314,TUBE,Y,8,1,82.30 X 93.30,,CZ0142
EMSPR0557.3,2024,5,6,140,140,QFN,168343,2/2/2024 19:00,B-A-T-P,P,EMS,NQ-400E400B020E,524.09A,16791,EMS0790P,B,EMSPR0557.1,TUBE,Y,8,1,87.8 X 78.3,,CZ0289
EMSPR0557.2,2024,5,6,140,140,QFN,168343,2/2/2024 19:00,B-A-T-P,P,EMS,NQ-400E400B020E,524.09A,28000,EMS0790P,B,EMSPR0557.1,TUBE,Y,8,1,87.8 X 78.3,,CZ0289
EMSPR0557.1,2024,5,6,140,140,QFN,168343,2/2/2024 19:00,B-A-T-P,P,EMS,NQ-400E400B020E,524.09A,28000,EMS0790P,B,SFG2000,TUBE,Y,8,1,87.8 X 78.3,,CZ0289
EMSPR0558.1,2024,5,6,140,140,QFN,168343,2/2/2024 19:00,B-A-T-P,P,EMS,NQ-400E400B020E,524.09A,28000,EMS0790P,B,SFG2000,TUBE,Y,8,1,87.8 X 78.3,,CZ0289
EMSPR0558.3,2024,5,6,140,140,QFN,168343,2/2/2024 19:00,B-A-T-P,P,EMS,NQ-400E400B020E,524.09A,17298,EMS0790P,B,EMSPR0558.1,TUBE,Y,8,1,87.8 X 78.3,,CZ0289
EMSPR0558.2,2024,5,6,140,140,QFN,168343,2/2/2024 19:00,B-A-T-P,P,EMS,NQ-400E400B020E,524.09A,28000,EMS0790P,B,EMSPR0558.1,TUBE,Y,8,1,87.8 X 78.3,,CZ0289
EMSPR0567.2,2024,5,6,140,140,QFN,166342,2/2/2024 19:00,B-A,P,EMS,NQ-400E400B020E,524.09A,28000,EMS0790P,B,2024-EMS-02-G130,TUBE,Y,8,1,87.8 X 78.3,,CZ0289
EMSPR0567.1,2024,5,6,140,140,QFN,166342,2/2/2024 19:00,B-A,P,EMS,NQ-400E400B020E,524.09A,28000,EMS0790P,B,2024-EMS-02-G130,TUBE,Y,8,1,87.8 X 78.3,,CZ0289
EMSPR0567.3,2024,5,6,140,140,QFN,166342,2/2/2024 19:00,B-A,P,EMS,NQ-400E400B020E,524.09A,18079,EMS0790P,B,2024-EMS-02-G152,TUBE,Y,8,1,87.8 X 78.3,,CZ0289
EMSPR0568.3,2024,5,6,140,140,QFN,166342,2/2/2024 19:00,B-A,P,EMS,NQ-400E400B020E,524.09A,17495,EMS0790P,B,2024-EMS-02-G152,TUBE,Y,8,1,87.8 X 78.3,,CZ0289
EMSPR0568.1,2024,5,6,140,140,QFN,166342,2/2/2024 19:00,B-A,P,EMS,NQ-400E400B020E,524.09A,28000,EMS0790P,B,2024-EMS-02-G130,TUBE,Y,8,1,87.8 X 78.3,,CZ0289
EMSPR0568.2,2024,5,6,140,140,QFN,166342,2/2/2024 19:00,B-A,P,EMS,NQ-400E400B020E,524.09A,28000,EMS0790P,B,2024-EMS-02-G152,TUBE,Y,8,1,87.8 X 78.3,,CZ0289
EMSPR0618.3,2024,6,3,140,140,QFN,168334,2/6/2024 19:00,B-A,P,EMS,NQ-400E400B020E,524.09A,18751,EMS0790P,B,2024-EMS-02-G180,TUBE,Y,8,1,87.8 X 78.3,,CZ0289
EMSPR0618.2,2024,6,3,140,140,QFN,168334,2/6/2024 19:00,B-A,P,EMS,NQ-400E400B020E,524.09A,28000,EMS0790P,B,2024-EMS-02-G176,TUBE,Y,8,1,87.8 X 78.3,,CZ0289
EMSPR0618.1,2024,6,3,140,140,QFN,168334,2/6/2024 19:00,B-A,P,EMS,NQ-400E400B020E,524.09A,28000,EMS0790P,B,2024-EMS-02-G188,TUBE,Y,8,1,87.8 X 78.3,,CZ0289
EMSPR0619.3,2024,6,3,140,140,QFN,168334,2/6/2024 19:00,B-A,P,EMS,NQ-400E400B020E,524.09A,18605,EMS0790P,B,2024-EMS-02-G168,TUBE,Y,8,1,87.8 X 78.3,,CZ0289
EMSPR0619.2,2024,6,3,140,140,QFN,168334,2/6/2024 19:00,B-A,P,EMS,NQ-400E400B020E,524.09A,28000,EMS0790P,B,2024-EMS-02-G167,TUBE,Y,8,1,87.8 X 78.3,,CZ0289
EMSPR0619.1,2024,6,3,140,140,QFN,168334,2/6/2024 19:00,B-A,P,EMS,NQ-400E400B020E,524.09A,28000,EMS0790P,B,2024-EMS-02-G158,TUBE,Y,8,1,87.8 X 78.3,,CZ0289
EMSPR0646.3,2024,6,4,140,140,QFN,168335,2/7/2024 19:00,B-A,P,EMS,NQ-400E400B020E,524.09A,19100,EMS0790P,B,2024-EMS-02-G188,TUBE,Y,8,1,87.8 X 78.3,,CZ0289
EMSPR0646.1,2024,6,4,140,140,QFN,168335,2/7/2024 19:00,B-A,P,EMS,NQ-400E400B020E,524.09A,28000,EMS0790P,B,2024-EMS-02-G193,TUBE,Y,8,1,87.8 X 78.3,,CZ0289
EMSPR0646.2,2024,6,4,140,140,QFN,168335,2/7/2024 19:00,B-A,P,EMS,NQ-400E400B020E,524.09A,28000,EMS0790P,B,2024-EMS-02-G188,TUBE,Y,8,1,87.8 X 78.3,,CZ0289
EMSPR0647.2,2024,6,4,140,140,QFN,168335,2/7/2024 19:00,B-A,P,EMS,NQ-400E400B020E,524.09A,28000,EMS0790P,B,2024-EMS-02-G180,TUBE,Y,8,1,87.8 X 78.3,,CZ0289
EMSPR0647.1,2024,6,4,140,140,QFN,168335,2/7/2024 19:00,B-A,P,EMS,NQ-400E400B020E,524.09A,28000,EMS0790P,B,2024-EMS-02-G176,TUBE,Y,8,1,87.8 X 78.3,,CZ0289
EMSPR0647.3,2024,6,4,140,140,QFN,168335,2/7/2024 19:00,B-A,P,EMS,NQ-400E400B020E,524.09A,24880,EMS0790P,B,2024-EMS-02-G197,TUBE,Y,8,1,87.8 X 78.3,,CZ0289
EMSPR0648.1,2024,6,4,140,140,QFN,175475,2/7/2024 19:00,B-A,P,EMS,NQ-400E400B020E,524.09A,28000,EMS0790P,B,2024-EMS-02-G180,TUBE,Y,8,1,87.8 X 78.3,,CZ0289
EMSPR0648.2,2024,6,4,140,140,QFN,175475,2/7/2024 19:00,B-A,P,EMS,NQ-400E400B020E,524.09A,28000,EMS0790P,B,2024-EMS-02-G193,TUBE,Y,8,1,87.8 X 78.3,,CZ0289
EMSPR0648.3,2024,6,4,140,140,QFN,175475,2/7/2024 19:00,B-A,P,EMS,NQ-400E400B020E,524.09A,18798,EMS0790P,B,2024-EMS-02-G168,TUBE,Y,8,1,87.8 X 78.3,,CZ0289
EMSPR0653.2,2024,6,5,140,140,QFN,175475,2/8/2024 19:00,B-A,P,EMS,NQ-400E400B020E,524.09A,28000,EMS0790P,B,2024-EMS-02-G188,TUBE,Y,8,1,87.8 X 78.3,,CZ0289
EMSPR0653.3,2024,6,5,140,140,QFN,175475,2/8/2024 19:00,B-A,P,EMS,NQ-400E400B020E,524.09A,25586,EMS0790P,B,2024-EMS-02-G201,TUBE,Y,8,1,87.8 X 78.3,,CZ0289
EMSPR0653.1,2024,6,5,140,140,QFN,175475,2/8/2024 19:00,B-A,P,EMS,NQ-400E400B020E,524.09A,28000,EMS0790P,B,2024-EMS-02-G197,TUBE,Y,8,1,87.8 X 78.3,,CZ0289
EMSPR0673.3,2024,6,6,140,140,QFN,168321,2/9/2024 19:00,B-A,P,EMS,NQ-400E400B020E,524.09A,17809,EMS0790P,B,2024-EMS-02-G201,TUBE,Y,8,1,87.8 X 78.3,,CZ0289
EMSPR0673.2,2024,6,6,140,140,QFN,168321,2/9/2024 19:00,B-A,P,EMS,NQ-400E400B020E,524.09A,28000,EMS0790P,B,2024-EMS-02-G204,TUBE,Y,8,1,87.8 X 78.3,,CZ0289
EMSPR0673.1,2024,6,6,140,140,QFN,168321,2/9/2024 19:00,B-A,P,EMS,NQ-400E400B020E,524.09A,28000,EMS0790P,B,2024-EMS-02-G201,TUBE,Y,8,1,87.8 X 78.3,,CZ0289
EMSPR0674.1,2024,6,6,140,140,QFN,168321,2/9/2024 19:00,B-A,P,EMS,NQ-400E400B020E,524.09A,28000,EMS0790P,B,2024-EMS-02-G204,TUBE,Y,8,1,87.8 X 78.3,,CZ0289
EMSPR0674.2,2024,6,6,140,140,QFN,168321,2/9/2024 19:00,B-A,P,EMS,NQ-400E400B020E,524.09A,28000,EMS0790P,B,2024-EMS-02-G204,TUBE,Y,8,1,87.8 X 78.3,,CZ0289
EMSPR0674.3,2024,6,6,140,140,QFN,168321,2/9/2024 19:00,B-A,P,EMS,NQ-400E400B020E,524.09A,17913,EMS0790P,B,2024-EMS-02-G207,TUBE,Y,8,1,87.8 X 78.3,,CZ0289
EMSPR0781.2,2024,7,6,140,140,QFN,172620,2/16/2024 19:00,B-A,P,EMS,NQ-400E400B020E,524.09A,28000,EMS0790P,B,2024-EMS-02-G249,TUBE,Y,8,1,87.8 X 78.3,,CZ0289
EMSPR0781.1,2024,7,6,140,140,QFN,172620,2/16/2024 19:00,B-A,P,EMS,NQ-400E400B020E,524.09A,28000,EMS0790P,B,2024-EMS-02-G262,TUBE,Y,8,1,87.8 X 78.3,,CZ0289
EMSPR0781.3,2024,7,6,140,140,QFN,172620,2/16/2024 19:00,B-A,P,EMS,NQ-400E400B020E,524.09A,25669,EMS0790P,B,2024-EMS-02-G271,TUBE,Y,8,1,87.8 X 78.3,,CZ0289
EMSPR0782.2,2024,7,6,140,140,QFN,172620,2/16/2024 19:00,B-A,P,EMS,NQ-400E400B020E,524.09A,28000,EMS0790P,B,2024-EMS-02-G279,TUBE,Y,8,1,87.8 X 78.3,,CZ0289
EMSPR0782.1,2024,7,6,140,140,QFN,172620,2/16/2024 19:00,B-A,P,EMS,NQ-400E400B020E,524.09A,28000,EMS0790P,B,2024-EMS-02-G282,TUBE,Y,8,1,87.8 X 78.3,,CZ0289
EMSPR0782.3,2024,7,6,140,140,QFN,172620,2/16/2024 19:00,B-A,P,EMS,NQ-400E400B020E,524.09A,19230,EMS0790P,B,2024-EMS-02-G282,TUBE,Y,8,1,87.8 X 78.3,,CZ0289
EMSPR0790.1,2024,7,7,140,140,QFN,169670,2/17/2024 19:00,B-A,P,EMS,NQ-400E400B020E,524.09A,28000,EMS0790P,B,2024-EMS-02-G282,TUBE,Y,8,1,87.8 X 78.3,,CZ0289
EMSPR0790.2,2024,7,7,140,140,QFN,169670,2/17/2024 19:00,B-A,P,EMS,NQ-400E400B020E,524.09A,28000,EMS0790P,B,2024-EMS-03-G005,TUBE,Y,8,1,87.8 X 78.3,,CZ0289
EMSPR0790.3,2024,7,7,140,140,QFN,169670,2/17/2024 19:00,B-A,P,EMS,NQ-400E400B020E,524.09A,25676,EMS0790P,B,2024-EMS-02-G297,TUBE,Y,8,1,87.8 X 78.3,,CZ0289
EMSPR0791.1,2024,7,7,140,140,QFN,169670,2/17/2024 19:00,B-A,P,EMS,NQ-400E400B020E,524.09A,28000,EMS0790P,B,2024-EMS-02-G321,TUBE,Y,8,1,87.8 X 78.3,,CZ0289
EMSPR0791.2,2024,7,7,140,140,QFN,169670,2/17/2024 19:00,B-A,P,EMS,NQ-400E400B020E,524.09A,28000,EMS0790P,B,2024-EMS-02-G287,TUBE,Y,8,1,87.8 X 78.3,,CZ0289
EMSPR0791.3,2024,7,7,140,140,QFN,169670,2/17/2024 19:00,B-A,P,EMS,NQ-400E400B020E,524.09A,18828,EMS0790P,B,2024-EMS-02-G305,TUBE,Y,8,1,87.8 X 78.3,,CZ0289
EMSPR0808.2,2024,7,7,140,140,QFN,168331,2/17/2024 19:00,B-A,P,EMS,NQ-400E400B020E,524.09A,28000,EMS0790P,B,2024-EMS-02-G311,TUBE,Y,8,1,87.8 X 78.3,,CZ0289
EMSPR0808.1,2024,7,7,140,140,QFN,168331,2/17/2024 19:00,B-A,P,EMS,NQ-400E400B020E,524.09A,28000,EMS0790P,B,2024-EMS-02-G297,TUBE,Y,8,1,87.8 X 78.3,,CZ0289
EMSPR0808.3,2024,7,7,140,140,QFN,168331,2/17/2024 19:00,B-A,P,EMS,NQ-400E400B020E,524.09A,24242,EMS0790P,B,2024-EMS-02-G317,TUBE,Y,8,1,87.8 X 78.3,,CZ0289
EMSPR0809.1,2024,7,7,140,140,QFN,168331,2/17/2024 19:00,B-A,P,EMS,NQ-400E400B020E,524.09A,28000,EMS0790P,B,2024-EMS-02-G321,TUBE,Y,8,1,87.8 X 78.3,,CZ0289
EMSPR0809.2,2024,7,7,140,140,QFN,168331,2/17/2024 19:00,B-A,P,EMS,NQ-400E400B020E,524.09A,39056,EMS0790P,B,2024-EMS-02-G305,TUBE,Y,8,1,87.8 X 78.3,,CZ0289
EMSPR0851.1,2024,8,2,140,140,QFN,168337,2/19/2024 19:00,B-A,P,EMS,NQ-400E400B020E,524.09A,28000,EMS0790P,B,2024-EMS-03-G008,TUBE,Y,8,1,87.8 X 78.3,,CZ0289
EMSPR0851.2,2024,8,2,140,140,QFN,168337,2/19/2024 19:00,B-A,P,EMS,NQ-400E400B020E,524.09A,28000,EMS0790P,B,2024-EMS-02-G311,TUBE,Y,8,1,87.8 X 78.3,,CZ0289
EMSPR0851.3,2024,8,2,140,140,QFN,168337,2/19/2024 19:00,B-A,P,EMS,NQ-400E400B020E,524.09A,25268,EMS0790P,B,2024-EMS-03-G005,TUBE,Y,8,1,87.8 X 78.3,,CZ0289
EMSPR0852.2,2024,8,2,140,140,QFN,168337,2/19/2024 19:00,B-A,P,EMS,NQ-400E400B020E,524.09A,28000,EMS0790P,B,2024-EMS-02-G321,TUBE,Y,8,1,87.8 X 78.3,,CZ0289
EMSPR0852.3,2024,8,2,140,140,QFN,168337,2/19/2024 19:00,B-A,P,EMS,NQ-400E400B020E,524.09A,19060,EMS0790P,B,2024-EMS-02-G321,TUBE,Y,8,1,87.8 X 78.3,,CZ0289
EMSPR0852.1,2024,8,2,140,140,QFN,168337,2/19/2024 19:00,B-A,P,EMS,NQ-400E400B020E,524.09A,28000,EMS0790P,B,2024-EMS-03-G005,TUBE,Y,8,1,87.8 X 78.3,,CZ0289
EMSPR0886.3,2024,8,4,140,140,QFN,171726,2/21/2024 19:00,B-A,P,EMS,NQ-400E400B020E,524.09A,23823,EMS0790P,B,2024-EMS-03-G023,TUBE,Y,8,1,87.8 X 78.3,,CZ0289
EMSPR0886.1,2024,8,4,140,140,QFN,171726,2/21/2024 19:00,B-A,P,EMS,NQ-400E400B020E,524.09A,28000,EMS0790P,B,2024-EMS-03-G008,TUBE,Y,8,1,87.8 X 78.3,,CZ0289
EMSPR0886.2,2024,8,4,140,140,QFN,171726,2/21/2024 19:00,B-A,P,EMS,NQ-400E400B020E,524.09A,28000,EMS0790P,B,2024-EMS-03-G015,TUBE,Y,8,1,87.8 X 78.3,,CZ0289
EMSPR0887.3,2024,8,4,140,140,QFN,171726,2/21/2024 19:00,B-A,P,EMS,NQ-400E400B020E,524.09A,17203,EMS0790P,B,2024-EMS-03-G023,TUBE,Y,8,1,87.8 X 78.3,,CZ0289
EMSPR0887.2,2024,8,4,140,140,QFN,171726,2/21/2024 19:00,B-A,P,EMS,NQ-400E400B020E,524.09A,28000,EMS0790P,B,2024-EMS-03-G005,TUBE,Y,8,1,87.8 X 78.3,,CZ0289
EMSPR0887.1,2024,8,4,140,140,QFN,171726,2/21/2024 19:00,B-A,P,EMS,NQ-400E400B020E,524.09A,28000,EMS0790P,B,2024-EMS-03-G023,TUBE,Y,8,1,87.8 X 78.3,,CZ0289
EMSPR0888.4,2024,8,4,140,140,QFN,169668,2/21/2024 19:00,B-A,P,EMS,NQ-400E400B020E,524.09A,34847,EMS0790P,B,2024-EMS-03-G023,TUBE,Y,8,1,87.8 X 78.3,,CZ0289
EMSPR0888.3,2024,8,4,140,140,QFN,169668,2/21/2024 19:00,B-A,P,EMS,NQ-400E400B020E,524.09A,28000,EMS0790P,B,2024-EMS-03-G023,TUBE,Y,8,1,87.8 X 78.3,,CZ0289
EMSPR0888.2,2024,8,4,140,140,QFN,169668,2/21/2024 19:00,B-A,P,EMS,NQ-400E400B020E,524.09A,28000,EMS0790P,B,2024-EMS-03-G023,TUBE,Y,8,1,87.8 X 78.3,,CZ0289
EMSPR0888.1,2024,8,4,140,140,QFN,169668,2/21/2024 19:00,B-A,P,EMS,NQ-400E400B020E,524.09A,28000,EMS0790P,B,2024-EMS-03-G023,TUBE,Y,8,1,87.8 X 78.3,,CZ0289
EMSPR0889.1,2024,8,4,140,140,QFN,169668,2/21/2024 19:00,B-A,P,EMS,NQ-400E400B020E,524.09A,33115,EMS0790P,B,2024-EMS-03-G023,TUBE,Y,8,1,87.8 X 78.3,,CZ0289
EMSPR0949.1,2024,9,2,140,140,QFN,170744,2/26/2024 19:00,B-A,P,EMS,NQ-400E400B020E,524.09A,28000,EMS0790P,B,2024-EMS-03-G034,TUBE,Y,8,1,87.8 X 78.3,,CZ0289
EMSPR0949.2,2024,9,2,140,140,QFN,170744,2/26/2024 19:00,B-A,P,EMS,NQ-400E400B020E,524.09A,28000,EMS0790P,B,2024-EMS-03-G034,TUBE,Y,8,1,87.8 X 78.3,,CZ0289
EMSPR0949.3,2024,9,2,140,140,QFN,170744,2/26/2024 19:00,B-A,P,EMS,NQ-400E400B020E,524.09A,23747,EMS0790P,B,2024-EMS-03-G034,TUBE,Y,8,1,87.8 X 78.3,,CZ0289
EMSPR0950.2,2024,9,2,140,140,QFN,170744,2/26/2024 19:00,B-A,P,EMS,NQ-400E400B020E,524.09A,28000,EMS0790P,B,2024-EMS-03-G034,TUBE,Y,8,1,87.8 X 78.3,,CZ0289
EMSPR0950.3,2024,9,2,140,140,QFN,170744,2/26/2024 19:00,B-A,P,EMS,NQ-400E400B020E,524.09A,17300,EMS0790P,B,2024-EMS-03-G034,TUBE,Y,8,1,87.8 X 78.3,,CZ0289
EMSPR0950.1,2024,9,2,140,140,QFN,170744,2/26/2024 19:00,B-A,P,EMS,NQ-400E400B020E,524.09A,28000,EMS0790P,B,2024-EMS-03-G034,TUBE,Y,8,1,87.8 X 78.3,,CZ0289
EMSPR0965.2,2024,9,2,140,140,QFN,169676,2/26/2024 19:00,B-A,P,EMS,NQ-400E400B020E,524.09A,28000,EMS0790P,B,2024-EMS-03-G034,TUBE,Y,8,1,87.8 X 78.3,,CZ0289
EMSPR0965.3,2024,9,2,140,140,QFN,169676,2/26/2024 19:00,B-A,P,EMS,NQ-400E400B020E,524.09A,24364,EMS0790P,B,2024-EMS-03-G034,TUBE,Y,8,1,87.8 X 78.3,,CZ0289
EMSPR0965.1,2024,9,2,140,140,QFN,169676,2/26/2024 19:00,B-A,P,EMS,NQ-400E400B020E,524.09A,28000,EMS0790P,B,2024-EMS-03-G034,TUBE,Y,8,1,87.8 X 78.3,,CZ0289
EMSPR0966.3,2024,9,3,140,140,QFN,169676,2/27/2024 19:00,B-A,P,EMS,NQ-400E400B020E,524.09A,18159,EMS0790P,B,2024-EMS-03-G059,TUBE,Y,8,1,87.8 X 78.3,,CZ0289
EMSPR0966.1,2024,9,3,140,140,QFN,169676,2/27/2024 19:00,B-A,P,EMS,NQ-400E400B020E,524.09A,28000,EMS0790P,B,2024-EMS-03-G045,TUBE,Y,8,1,87.8 X 78.3,,CZ0289
EMSPR0966.2,2024,9,3,140,140,QFN,169676,2/27/2024 19:00,B-A,P,EMS,NQ-400E400B020E,524.09A,28000,EMS0790P,B,2024-EMS-03-G045,TUBE,Y,8,1,87.8 X 78.3,,CZ0289
EMSPR0967.1,2024,9,3,140,140,QFN,170740,2/27/2024 19:00,B-A,P,EMS,NQ-400E400B020E,524.09A,28000,EMS0790P,B,2024-EMS-03-G062,TUBE,Y,8,1,87.8 X 78.3,,CZ0289
EMSPR0967.2,2024,9,3,140,140,QFN,170740,2/27/2024 19:00,B-A,P,EMS,NQ-400E400B020E,524.09A,28000,EMS0790P,B,2024-EMS-03-G062,TUBE,Y,8,1,87.8 X 78.3,,CZ0289
EMSPR0967.3,2024,9,3,140,140,QFN,170740,2/27/2024 19:00,B-A,P,EMS,NQ-400E400B020E,524.09A,16328,EMS0790P,B,2024-EMS-03-G062,TUBE,Y,8,1,87.8 X 78.3,,CZ0289
EMSPR0968.3,2024,9,3,140,140,QFN,170740,2/27/2024 19:00,B-A,P,EMS,NQ-400E400B020E,524.09A,15665,EMS0790P,B,2024-EMS-03-G062,TUBE,Y,8,1,87.8 X 78.3,,CZ0289
EMSPR0968.1,2024,9,3,140,140,QFN,170740,2/27/2024 19:00,B-A,P,EMS,NQ-400E400B020E,524.09A,28000,EMS0790P,B,2024-EMS-03-G062,TUBE,Y,8,1,87.8 X 78.3,,CZ0289
EMSPR0968.2,2024,9,3,140,140,QFN,170740,2/27/2024 19:00,B-A,P,EMS,NQ-400E400B020E,524.09A,28000,EMS0790P,B,2024-EMS-03-G059,TUBE,Y,8,1,87.8 X 78.3,,CZ0289
EMSPR0969.2,2024,9,4,140,140,QFN,170742,2/28/2024 19:00,B-A,P,EMS,NQ-400E400B020E,524.09A,28000,EMS0790P,B,2024-EMS-03-G069,TUBE,Y,8,1,87.8 X 78.3,,CZ0289
EMSPR0969.3,2024,9,4,140,140,QFN,170742,2/28/2024 19:00,B-A,P,EMS,NQ-400E400B020E,524.09A,22790,EMS0790P,B,2024-EMS-03-G070,TUBE,Y,8,1,87.8 X 78.3,,CZ0289
EMSPR0969.1,2024,9,4,140,140,QFN,170742,2/28/2024 19:00,B-A,P,EMS,NQ-400E400B020E,524.09A,28000,EMS0790P,B,2024-EMS-03-G062,TUBE,Y,8,1,87.8 X 78.3,,CZ0289
EMSPR0970.1,2024,9,4,140,140,QFN,170742,2/28/2024 19:00,B-A,P,EMS,NQ-400E400B020E,524.09A,28000,EMS0790P,B,2024-EMS-03-G070,TUBE,Y,8,1,87.8 X 78.3,,CZ0289
EMSPR0970.2,2024,9,4,140,140,QFN,170742,2/28/2024 19:00,B-A,P,EMS,NQ-400E400B020E,524.09A,28000,EMS0790P,B,2024-EMS-03-G069,TUBE,Y,8,1,87.8 X 78.3,,CZ0289
EMSPR0970.3,2024,9,4,140,140,QFN,170742,2/28/2024 19:00,B-A,P,EMS,NQ-400E400B020E,524.09A,16571,EMS0790P,B,2024-EMS-03-G069,TUBE,Y,8,1,87.8 X 78.3,,CZ0289
EMSPR0981.3,2024,9,3,140,140,QFN,170738,2/27/2024 19:00,B-A,P,EMS,NQ-400E400B020E,524.09A,22434,EMS0790P,B,2024-EMS-03-G062,TUBE,Y,8,1,87.8 X 78.3,,CZ0289
EMSPR0981.2,2024,9,3,140,140,QFN,170738,2/27/2024 19:00,B-A,P,EMS,NQ-400E400B020E,524.09A,28000,EMS0790P,B,2024-EMS-03-G062,TUBE,Y,8,1,87.8 X 78.3,,CZ0289
EMSPR0981.1,2024,9,3,140,140,QFN,170738,2/27/2024 19:00,B-A,P,EMS,NQ-400E400B020E,524.09A,28000,EMS0790P,B,2024-EMS-03-G062,TUBE,Y,8,1,87.8 X 78.3,,CZ0289
EMSPR0982.3,2024,9,3,140,140,QFN,170738,2/27/2024 19:00,B-A,P,EMS,NQ-400E400B020E,524.09A,16245,EMS0790P,B,2024-EMS-03-G045,TUBE,Y,8,1,87.8 X 78.3,,CZ0289
EMSPR0982.2,2024,9,3,140,140,QFN,170738,2/27/2024 19:00,B-A,P,EMS,NQ-400E400B020E,524.09A,28000,EMS0790P,B,2024-EMS-03-G050,TUBE,Y,8,1,87.8 X 78.3,,CZ0289
EMSPR0982.1,2024,9,3,140,140,QFN,170738,2/27/2024 19:00,B-A,P,EMS,NQ-400E400B020E,524.09A,28000,EMS0790P,B,2024-EMS-03-G045,TUBE,Y,8,1,87.8 X 78.3,,CZ0289
EMSPR0984.1,2024,9,4,140,140,QFN,174265,2/28/2024 19:00,B-A,P,EMS,NQ-400E400B020E,524.09A,28000,EMS0790P,B,2024-EMS-03-G069,TUBE,Y,8,1,87.8 X 78.3,,CZ0289
EMSPR0984.3,2024,9,4,140,140,QFN,174265,2/28/2024 19:00,B-A,P,EMS,NQ-400E400B020E,524.09A,18157,EMS0790P,B,2024-EMS-03-G069,TUBE,Y,8,1,87.8 X 78.3,,CZ0289
EMSPR0984.2,2024,9,4,140,140,QFN,174265,2/28/2024 19:00,B-A,P,EMS,NQ-400E400B020E,524.09A,28000,EMS0790P,B,2024-EMS-03-G070,TUBE,Y,8,1,87.8 X 78.3,,CZ0289
EMSPR0985.2,2024,9,4,140,140,QFN,174265,2/28/2024 19:00,B-A,P,EMS,NQ-400E400B020E,524.09A,28000,EMS0790P,B,2024-EMS-03-G076,TUBE,Y,8,1,87.8 X 78.3,,CZ0289
EMSPR0985.1,2024,9,4,140,140,QFN,174265,2/28/2024 19:00,B-A,P,EMS,NQ-400E400B020E,524.09A,28000,EMS0790P,B,2024-EMS-03-G076,TUBE,Y,8,1,87.8 X 78.3,,CZ0289
EMSPR0985.3,2024,9,4,140,140,QFN,174265,2/28/2024 19:00,B-A,P,EMS,NQ-400E400B020E,524.09A,19288,EMS0790P,B,2024-EMS-03-G070,TUBE,Y,8,1,87.8 X 78.3,,CZ0289
EMSPR0554.1,2024,5,6,140,140,QFN,181691,2/2/2024 19:00,B-A,P,EMS,NQ-400E400B020E,524.33A,28000,EMS0708P,B,2024-EMS-02-G110,TUBE,Y,8,1,98.40 X 96.10,,CZ0289
EMSPR0554.3,2024,5,6,140,140,QFN,181691,2/2/2024 19:00,B-A,P,EMS,NQ-400E400B020E,524.33A,28000,EMS0708P,B,2024-EMS-02-G130,TUBE,Y,8,1,98.40 X 96.10,,CZ0289
EMSPR0554.2,2024,5,6,140,140,QFN,181691,2/2/2024 19:00,B-A,P,EMS,NQ-400E400B020E,524.33A,28000,EMS0708P,B,2024-EMS-02-G142,TUBE,Y,8,1,98.40 X 96.10,,CZ0289
EMSPR0554.4,2024,5,6,140,140,QFN,181691,2/2/2024 19:00,B-A,P,EMS,NQ-400E400B020E,524.33A,28844,EMS0708P,B,2024-EMS-02-G142,TUBE,Y,8,1,98.40 X 96.10,,CZ0289
EMSPR0573.1,2024,5,6,140,140,QFN,175508,2/2/2024 19:00,B-A,P,EMS,NQ-400E400B020E,524.33A,28000,EMS0708P,B,2024-EMS-02-G134,TUBE,Y,8,1,98.40 X 96.10,,CZ0289
EMSPR0573.4,2024,5,6,140,140,QFN,175508,2/2/2024 19:00,B-A,P,EMS,NQ-400E400B020E,524.33A,25767,EMS0708P,B,2024-EMS-02-G115,TUBE,Y,8,1,98.40 X 96.10,,CZ0289
EMSPR0573.3,2024,5,6,140,140,QFN,175508,2/2/2024 19:00,B-A,P,EMS,NQ-400E400B020E,524.33A,28000,EMS0708P,B,2024-EMS-02-G134,TUBE,Y,8,1,98.40 X 96.10,,CZ0289
EMSPR0573.2,2024,5,6,140,140,QFN,175508,2/2/2024 19:00,B-A,P,EMS,NQ-400E400B020E,524.33A,28000,EMS0708P,B,2024-EMS-02-G130,TUBE,Y,8,1,98.40 X 96.10,,CZ0289
EMSPR0574.2,2024,5,7,140,140,QFN,175516,2/3/2024 19:00,B-A,P,EMS,NQ-400E400B020E,524.33A,28000,EMS0708P,B,2024-EMS-02-G142,TUBE,Y,8,1,98.40 X 96.10,,CZ0289
EMSPR0574.1,2024,5,7,140,140,QFN,175516,2/3/2024 19:00,B-A,P,EMS,NQ-400E400B020E,524.33A,28000,EMS0708P,B,2024-EMS-02-G152,TUBE,Y,8,1,98.40 X 96.10,,CZ0289
EMSPR0574.3,2024,5,7,140,140,QFN,175516,2/3/2024 19:00,B-A,P,EMS,NQ-400E400B020E,524.33A,28000,EMS0708P,B,2024-EMS-02-G142,TUBE,Y,8,1,98.40 X 96.10,,CZ0289
EMSPR0574.4,2024,5,7,140,140,QFN,175516,2/3/2024 19:00,B-A,P,EMS,NQ-400E400B020E,524.33A,25570,EMS0708P,B,2024-EMS-02-G158,TUBE,Y,8,1,98.40 X 96.10,,CZ0289
EMSPR0638.3,2024,6,4,140,140,QFN,175492,2/7/2024 19:00,B-A,P,EMS,NQ-400E400B020E,524.33A,28000,EMS0708P,B,2024-EMS-02-G168,TUBE,Y,8,1,98.40 X 96.10,,CZ0289
EMSPR0638.4,2024,6,4,140,140,QFN,175492,2/7/2024 19:00,B-A,P,EMS,NQ-400E400B020E,524.33A,25947,EMS0708P,B,2024-EMS-02-G167,TUBE,Y,8,1,98.40 X 96.10,,CZ0289
EMSPR0638.2,2024,6,4,140,140,QFN,175492,2/7/2024 19:00,B-A,P,EMS,NQ-400E400B020E,524.33A,28000,EMS0708P,B,2024-EMS-02-G197,TUBE,Y,8,1,98.40 X 96.10,,CZ0289
EMSPR0638.1,2024,6,4,140,140,QFN,175492,2/7/2024 19:00,B-A,P,EMS,NQ-400E400B020E,524.33A,28000,EMS0708P,B,2024-EMS-02-G176,TUBE,Y,8,1,98.40 X 96.10,,CZ0289
EMSPR0644.1,2024,6,4,140,140,QFN,174310,2/7/2024 19:00,B-A,P,EMS,NQ-400E400B020E,524.33A,28000,EMS0708P,B,2024-EMS-02-G188,TUBE,Y,8,1,98.40 X 96.10,,CZ0289
EMSPR0644.2,2024,6,4,140,140,QFN,174310,2/7/2024 19:00,B-A,P,EMS,NQ-400E400B020E,524.33A,28000,EMS0708P,B,2024-EMS-02-G176,TUBE,Y,8,1,98.40 X 96.10,,CZ0289
EMSPR0644.3,2024,6,4,140,140,QFN,174310,2/7/2024 19:00,B-A,P,EMS,NQ-400E400B020E,524.33A,28000,EMS0708P,B,2024-EMS-02-G167,TUBE,Y,8,1,98.40 X 96.10,,CZ0289
EMSPR0644.4,2024,6,4,140,140,QFN,174310,2/7/2024 19:00,B-A,P,EMS,NQ-400E400B020E,524.33A,29114,EMS0708P,B,2024-EMS-02-G188,TUBE,Y,8,1,98.40 X 96.10,,CZ0289
EMSPR0655.3,2024,6,5,140,140,QFN,179135,2/8/2024 19:00,B-A,P,EMS,NQ-400E400B020E,524.33A,28000,EMS0708P,B,2024-EMS-02-G197,TUBE,Y,8,1,98.40 X 96.10,,CZ0289
EMSPR0655.4,2024,6,5,140,140,QFN,179135,2/8/2024 19:00,B-A,P,EMS,NQ-400E400B020E,524.33A,29676,EMS0708P,B,2024-EMS-02-G204,TUBE,Y,8,1,98.40 X 96.10,,CZ0289
EMSPR0655.2,2024,6,5,140,140,QFN,179135,2/8/2024 19:00,B-A,P,EMS,NQ-400E400B020E,524.33A,28000,EMS0708P,B,2024-EMS-02-G188,TUBE,Y,8,1,98.40 X 96.10,,CZ0289
EMSPR0655.1,2024,6,5,140,140,QFN,179135,2/8/2024 19:00,B-A,P,EMS,NQ-400E400B020E,524.33A,28000,EMS0708P,B,2024-EMS-02-G188,TUBE,Y,8,1,98.40 X 96.10,,CZ0289
EMSPR0656.2,2024,6,6,140,140,QFN,180617,2/9/2024 19:00,B-A,P,EMS,NQ-400E400B020E,524.33A,28000,EMS0708P,B,2024-EMS-02-G207,TUBE,Y,8,1,98.40 X 96.10,,CZ0289
EMSPR0656.3,2024,6,6,140,140,QFN,180617,2/9/2024 19:00,B-A,P,EMS,NQ-400E400B020E,524.33A,28000,EMS0708P,B,2024-EMS-02-G204,TUBE,Y,8,1,98.40 X 96.10,,CZ0289
EMSPR0656.4,2024,6,6,140,140,QFN,180617,2/9/2024 19:00,B-A,P,EMS,NQ-400E400B020E,524.33A,28780,EMS0708P,B,2024-EMS-02-G207,TUBE,Y,8,1,98.40 X 96.10,,CZ0289
EMSPR0656.1,2024,6,6,140,140,QFN,180617,2/9/2024 19:00,B-A,P,EMS,NQ-400E400B020E,524.33A,28000,EMS0708P,B,2024-EMS-02-G211,TUBE,Y,8,1,98.40 X 96.10,,CZ0289
EMSPR0657.4,2024,6,6,140,140,QFN,181692,2/9/2024 19:00,B-A,P,EMS,NQ-400E400B020E,524.33A,29687,EMS0708P,B,2024-EMS-02-G207,TUBE,Y,8,1,98.40 X 96.10,,CZ0289
EMSPR0657.1,2024,6,6,140,140,QFN,181692,2/9/2024 19:00,B-A,P,EMS,NQ-400E400B020E,524.33A,28000,EMS0708P,B,2024-EMS-02-G207,TUBE,Y,8,1,98.40 X 96.10,,CZ0289
EMSPR0657.2,2024,6,6,140,140,QFN,181692,2/9/2024 19:00,B-A,P,EMS,NQ-400E400B020E,524.33A,28000,EMS0708P,B,2024-EMS-02-G188,TUBE,Y,8,1,98.40 X 96.10,,CZ0289
EMSPR0657.3,2024,6,6,140,140,QFN,181692,2/9/2024 19:00,B-A,P,EMS,NQ-400E400B020E,524.33A,28000,EMS0708P,B,2024-EMS-02-G204,TUBE,Y,8,1,98.40 X 96.10,,CZ0289
EMSPR0684.4,2024,6,6,140,140,QFN,183642,2/9/2024 19:00,B-A,P,EMS,NQ-400E400B020E,524.33A,29603,EMS0708P,B,2024-EMS-02-G204,TUBE,Y,8,1,98.40 X 96.10,,CZ0289
EMSPR0684.3,2024,6,6,140,140,QFN,183642,2/9/2024 19:00,B-A,P,EMS,NQ-400E400B020E,524.33A,28000,EMS0708P,B,2024-EMS-02-G204,TUBE,Y,8,1,98.40 X 96.10,,CZ0289
EMSPR0684.1,2024,6,6,140,140,QFN,183642,2/9/2024 19:00,B-A,P,EMS,NQ-400E400B020E,524.33A,28000,EMS0708P,B,2024-EMS-02-G218,TUBE,Y,8,1,98.40 X 96.10,,CZ0289
EMSPR0684.2,2024,6,6,140,140,QFN,183642,2/9/2024 19:00,B-A,P,EMS,NQ-400E400B020E,524.33A,28000,EMS0708P,B,2024-EMS-02-G207,TUBE,Y,8,1,98.40 X 96.10,,CZ0289
EMSPR0706.4,2024,7,3,140,140,QFN,175519,2/13/2024 19:00,B-A,P,EMS,NQ-400E400B020E,524.33A,27961,EMS0708P,B,2024-EMS-02-G232,TUBE,Y,8,1,98.40 X 96.10,,CZ0289
EMSPR0706.2,2024,7,3,140,140,QFN,175519,2/13/2024 19:00,B-A,P,EMS,NQ-400E400B020E,524.33A,28000,EMS0708P,B,2024-EMS-02-G232,TUBE,Y,8,1,98.40 X 96.10,,CZ0289
EMSPR0706.3,2024,7,3,140,140,QFN,175519,2/13/2024 19:00,B-A,P,EMS,NQ-400E400B020E,524.33A,28000,EMS0708P,B,2024-EMS-02-G232,TUBE,Y,8,1,98.40 X 96.10,,CZ0289
EMSPR0706.1,2024,7,3,140,140,QFN,175519,2/13/2024 19:00,B-A,P,EMS,NQ-400E400B020E,524.33A,28000,EMS0708P,B,2024-EMS-02-G227,TUBE,Y,8,1,98.40 X 96.10,,CZ0289
EMSPR0710.2,2024,7,3,140,140,QFN,179131,2/13/2024 19:00,B-A,P,EMS,NQ-400E400B020E,524.33A,28000,EMS0708P,B,2024-EMS-02-G227,TUBE,Y,8,1,98.40 X 96.10,,CZ0289
EMSPR0710.3,2024,7,3,140,140,QFN,179131,2/13/2024 19:00,B-A,P,EMS,NQ-400E400B020E,524.33A,28000,EMS0708P,B,2024-EMS-02-G232,TUBE,Y,8,1,98.40 X 96.10,,CZ0289
EMSPR0710.1,2024,7,3,140,140,QFN,179131,2/13/2024 19:00,B-A,P,EMS,NQ-400E400B020E,524.33A,28000,EMS0708P,B,2024-EMS-02-G239,TUBE,Y,8,1,98.40 X 96.10,,CZ0289
EMSPR0710.4,2024,7,3,140,140,QFN,179131,2/13/2024 19:00,B-A,P,EMS,NQ-400E400B020E,524.33A,29667,EMS0708P,B,2024-EMS-02-G239,TUBE,Y,8,1,98.40 X 96.10,,CZ0289
EMSPR0736.1,2024,7,4,140,140,QFN,175522,2/14/2024 19:00,B-A,P,EMS,NQ-400E400B020E,524.33A,28000,EMS0708P,B,2024-EMS-02-G239,TUBE,Y,8,1,98.40 X 96.10,,CZ0289
EMSPR0736.3,2024,7,4,140,140,QFN,175522,2/14/2024 19:00,B-A,P,EMS,NQ-400E400B020E,524.33A,28000,EMS0708P,B,2024-EMS-02-G232,TUBE,Y,8,1,98.40 X 96.10,,CZ0289
EMSPR0736.2,2024,7,4,140,140,QFN,175522,2/14/2024 19:00,B-A,P,EMS,NQ-400E400B020E,524.33A,28000,EMS0708P,B,2024-EMS-02-G239,TUBE,Y,8,1,98.40 X 96.10,,CZ0289
EMSPR0736.4,2024,7,4,140,140,QFN,175522,2/14/2024 19:00,B-A,P,EMS,NQ-400E400B020E,524.33A,23527,EMS0708P,B,2024-EMS-02-G239,TUBE,Y,8,1,98.40 X 96.10,,CZ0289
EMSPR0738.3,2024,7,5,140,140,QFN,176495,2/15/2024 19:00,B-A,P,EMS,NQ-400E400B020E,524.33A,28000,EMS0708P,B,2024-EMS-02-G249,TUBE,Y,8,1,98.40 X 96.10,,CZ0289
EMSPR0738.2,2024,7,5,140,140,QFN,176495,2/15/2024 19:00,B-A,P,EMS,NQ-400E400B020E,524.33A,28000,EMS0708P,B,2024-EMS-02-G243,TUBE,Y,8,1,98.40 X 96.10,,CZ0289
EMSPR0738.1,2024,7,5,140,140,QFN,176495,2/15/2024 19:00,B-A,P,EMS,NQ-400E400B020E,524.33A,28000,EMS0708P,B,2024-EMS-02-G243,TUBE,Y,8,1,98.40 X 96.10,,CZ0289
EMSPR0738.4,2024,7,5,140,140,QFN,176495,2/15/2024 19:00,B-A,P,EMS,NQ-400E400B020E,524.33A,17618,EMS0708P,B,2024-EMS-02-G249,TUBE,Y,8,1,98.40 X 96.10,,CZ0289
EMSPR0739.2,2024,7,5,140,140,QFN,183640,2/15/2024 19:00,B-A,P,EMS,NQ-400E400B020E,524.33A,28000,EMS0708P,B,2024-EMS-02-G239,TUBE,Y,8,1,98.40 X 96.10,,CZ0289
EMSPR0739.3,2024,7,5,140,140,QFN,183640,2/15/2024 19:00,B-A,P,EMS,NQ-400E400B020E,524.33A,28000,EMS0708P,B,2024-EMS-02-G243,TUBE,Y,8,1,98.40 X 96.10,,CZ0289
EMSPR0739.1,2024,7,5,140,140,QFN,183640,2/15/2024 19:00,B-A,P,EMS,NQ-400E400B020E,524.33A,28000,EMS0708P,B,2024-EMS-02-G249,TUBE,Y,8,1,98.40 X 96.10,,CZ0289
EMSPR0739.4,2024,7,5,140,140,QFN,183640,2/15/2024 19:00,B-A,P,EMS,NQ-400E400B020E,524.33A,30194,EMS0708P,B,2024-EMS-02-G249,TUBE,Y,8,1,98.40 X 96.10,,CZ0289
EMSPR0740.1,2024,7,6,140,140,QFN,183643,2/16/2024 19:00,B-A,P,EMS,NQ-400E400B020E,524.33A,28000,EMS0708P,B,2024-EMS-02-G262,TUBE,Y,8,1,98.40 X 96.10,,CZ0289
EMSPR0740.3,2024,7,6,140,140,QFN,183643,2/16/2024 19:00,B-A,P,EMS,NQ-400E400B020E,524.33A,28000,EMS0708P,B,2024-EMS-02-G262,TUBE,Y,8,1,98.40 X 96.10,,CZ0289
EMSPR0740.4,2024,7,6,140,140,QFN,183643,2/16/2024 19:00,B-A,P,EMS,NQ-400E400B020E,524.33A,29510,EMS0708P,B,2024-EMS-02-G282,TUBE,Y,8,1,98.40 X 96.10,,CZ0289
EMSPR0740.2,2024,7,6,140,140,QFN,183643,2/16/2024 19:00,B-A,P,EMS,NQ-400E400B020E,524.33A,28000,EMS0708P,B,2024-EMS-02-G279,TUBE,Y,8,1,98.40 X 96.10,,CZ0289
EMSPR0741.3,2024,7,6,140,140,QFN,183649,2/16/2024 19:00,B-A,P,EMS,NQ-400E400B020E,524.33A,28000,EMS0708P,B,2024-EMS-02-G271,TUBE,Y,8,1,98.40 X 96.10,,CZ0289
EMSPR0741.2,2024,7,6,140,140,QFN,183649,2/16/2024 19:00,B-A,P,EMS,NQ-400E400B020E,524.33A,28000,EMS0708P,B,2024-EMS-02-G279,TUBE,Y,8,1,98.40 X 96.10,,CZ0289
EMSPR0741.4,2024,7,6,140,140,QFN,183649,2/16/2024 19:00,B-A,P,EMS,NQ-400E400B020E,524.33A,29871,EMS0708P,B,2024-EMS-02-G287,TUBE,Y,8,1,98.40 X 96.10,,CZ0289
EMSPR0741.1,2024,7,6,140,140,QFN,183649,2/16/2024 19:00,B-A,P,EMS,NQ-400E400B020E,524.33A,28000,EMS0708P,B,2024-EMS-02-G262,TUBE,Y,8,1,98.40 X 96.10,,CZ0289
EMSPR0785.3,2024,7,6,140,140,QFN,174298,2/16/2024 19:00,B-A,P,EMS,NQ-400E400B020E,524.33A,28000,EMS0708P,B,2024-EMS-02-G294,TUBE,Y,8,1,98.40 X 96.10,,CZ0289
EMSPR0785.2,2024,7,6,140,140,QFN,174298,2/16/2024 19:00,B-A,P,EMS,NQ-400E400B020E,524.33A,28000,EMS0708P,B,2024-EMS-02-G287,TUBE,Y,8,1,98.40 X 96.10,,CZ0289
EMSPR0785.1,2024,7,6,140,140,QFN,174298,2/16/2024 19:00,B-A,P,EMS,NQ-400E400B020E,524.33A,28000,EMS0708P,B,2024-EMS-02-G287,TUBE,Y,8,1,98.40 X 96.10,,CZ0289
EMSPR0785.4,2024,7,6,140,140,QFN,174298,2/16/2024 19:00,B-A,P,EMS,NQ-400E400B020E,524.33A,23351,EMS0708P,B,2024-EMS-02-G297,TUBE,Y,8,1,98.40 X 96.10,,CZ0289
EMSPR0787.4,2024,7,6,140,140,QFN,181689,2/16/2024 19:00,B-A,P,EMS,NQ-400E400B020E,524.33A,27420,EMS0708P,B,2024-EMS-02-G294,TUBE,Y,8,1,98.40 X 96.10,,CZ0289
EMSPR0787.3,2024,7,6,140,140,QFN,181689,2/16/2024 19:00,B-A,P,EMS,NQ-400E400B020E,524.33A,28000,EMS0708P,B,2024-EMS-02-G279,TUBE,Y,8,1,98.40 X 96.10,,CZ0289
EMSPR0787.2,2024,7,6,140,140,QFN,181689,2/16/2024 19:00,B-A,P,EMS,NQ-400E400B020E,524.33A,28000,EMS0708P,B,2024-EMS-02-G279,TUBE,Y,8,1,98.40 X 96.10,,CZ0289
EMSPR0787.1,2024,7,6,140,140,QFN,181689,2/16/2024 19:00,B-A,P,EMS,NQ-400E400B020E,524.33A,28000,EMS0708P,B,2024-EMS-02-G282,TUBE,Y,8,1,98.40 X 96.10,,CZ0289
EMSPR0792.3,2024,7,7,140,140,QFN,183644,2/17/2024 19:00,B-A,P,EMS,NQ-400E400B020E,524.33A,28000,EMS0708P,B,2024-EMS-02-G297,TUBE,Y,8,1,98.40 X 96.10,,CZ0289
EMSPR0792.2,2024,7,7,140,140,QFN,183644,2/17/2024 19:00,B-A,P,EMS,NQ-400E400B020E,524.33A,28000,EMS0708P,B,2024-EMS-02-G297,TUBE,Y,8,1,98.40 X 96.10,,CZ0289
EMSPR0792.1,2024,7,7,140,140,QFN,183644,2/17/2024 19:00,B-A,P,EMS,NQ-400E400B020E,524.33A,28000,EMS0708P,B,2024-EMS-02-G311,TUBE,Y,8,1,98.40 X 96.10,,CZ0289
EMSPR0792.4,2024,7,7,140,140,QFN,183644,2/17/2024 19:00,B-A,P,EMS,NQ-400E400B020E,524.33A,28686,EMS0708P,B,2024-EMS-02-G305,TUBE,Y,8,1,98.40 X 96.10,,CZ0289
EMSPR0830.4,2024,8,1,140,140,QFN,183650,2/18/2024 19:00,B-A,P,EMS,NQ-400E400B020E,524.33A,29604,EMS0708P,B,2024-EMS-02-G311,TUBE,Y,8,1,98.40 X 96.10,,CZ0289
EMSPR0830.1,2024,8,1,140,140,QFN,183650,2/18/2024 19:00,B-A,P,EMS,NQ-400E400B020E,524.33A,28000,EMS0708P,B,2024-EMS-02-G317,TUBE,Y,8,1,98.40 X 96.10,,CZ0289
EMSPR0830.2,2024,8,1,140,140,QFN,183650,2/18/2024 19:00,B-A,P,EMS,NQ-400E400B020E,524.33A,28000,EMS0708P,B,2024-EMS-02-G317,TUBE,Y,8,1,98.40 X 96.10,,CZ0289
EMSPR0830.3,2024,8,1,140,140,QFN,183650,2/18/2024 19:00,B-A,P,EMS,NQ-400E400B020E,524.33A,28000,EMS0708P,B,2024-EMS-02-G317,TUBE,Y,8,1,98.40 X 96.10,,CZ0289
EMSPR0853.2,2024,8,2,140,140,QFN,175524,2/19/2024 19:00,B-A,P,EMS,NQ-400E400B020E,524.33A,28000,EMS0708P,B,2024-EMS-02-G305,TUBE,Y,8,1,98.40 X 96.10,,CZ0289
EMSPR0853.1,2024,8,2,140,140,QFN,175524,2/19/2024 19:00,B-A,P,EMS,NQ-400E400B020E,524.33A,28000,EMS0708P,B,2024-EMS-02-G321,TUBE,Y,8,1,98.40 X 96.10,,CZ0289
EMSPR0853.3,2024,8,2,140,140,QFN,175524,2/19/2024 19:00,B-A,P,EMS,NQ-400E400B020E,524.33A,28000,EMS0708P,B,2024-EMS-02-G317,TUBE,Y,8,1,98.40 X 96.10,,CZ0289
EMSPR0853.4,2024,8,2,140,140,QFN,175524,2/19/2024 19:00,B-A,P,EMS,NQ-400E400B020E,524.33A,28637,EMS0708P,B,2024-EMS-02-G321,TUBE,Y,8,1,98.40 X 96.10,,CZ0289
EMSPR0868.1,2024,8,3,140,140,QFN,180625,2/20/2024 19:00,B-A,P,EMS,NQ-400E400B020E,524.33A,28000,EMS0708P,B,2024-EMS-03-G008,TUBE,Y,8,1,98.40 X 96.10,,CZ0289
EMSPR0868.2,2024,8,3,140,140,QFN,180625,2/20/2024 19:00,B-A,P,EMS,NQ-400E400B020E,524.33A,28000,EMS0708P,B,2024-EMS-03-G008,TUBE,Y,8,1,98.40 X 96.10,,CZ0289
EMSPR0868.3,2024,8,3,140,140,QFN,180625,2/20/2024 19:00,B-A,P,EMS,NQ-400E400B020E,524.33A,28000,EMS0708P,B,2024-EMS-03-G005,TUBE,Y,8,1,98.40 X 96.10,,CZ0289
EMSPR0868.4,2024,8,3,140,140,QFN,180625,2/20/2024 19:00,B-A,P,EMS,NQ-400E400B020E,524.33A,28342,EMS0708P,B,2024-EMS-03-G015,TUBE,Y,8,1,98.40 X 96.10,,CZ0289
EMSPR0870.1,2024,8,3,140,140,QFN,183629,2/20/2024 19:00,B-A,P,EMS,NQ-400E400B020E,524.33A,28000,EMS0708P,B,2024-EMS-03-G005,TUBE,Y,8,1,98.40 X 96.10,,CZ0289
EMSPR0870.4,2024,8,3,140,140,QFN,183629,2/20/2024 19:00,B-A,P,EMS,NQ-400E400B020E,524.33A,29615,EMS0708P,B,2024-EMS-03-G015,TUBE,Y,8,1,98.40 X 96.10,,CZ0289
EMSPR0870.2,2024,8,3,140,140,QFN,183629,2/20/2024 19:00,B-A,P,EMS,NQ-400E400B020E,524.33A,28000,EMS0708P,B,2024-EMS-03-G008,TUBE,Y,8,1,98.40 X 96.10,,CZ0289
EMSPR0870.3,2024,8,3,140,140,QFN,183629,2/20/2024 19:00,B-A,P,EMS,NQ-400E400B020E,524.33A,28000,EMS0708P,B,2024-EMS-02-G321,TUBE,Y,8,1,98.40 X 96.10,,CZ0289
EMSPR0871.3,2024,8,3,140,140,QFN,183648,2/20/2024 19:00,B-A,P,EMS,NQ-400E400B020E,524.33A,28000,EMS0708P,B,2024-EMS-03-G015,TUBE,Y,8,1,98.40 X 96.10,,CZ0289
EMSPR0871.4,2024,8,3,140,140,QFN,183648,2/20/2024 19:00,B-A,P,EMS,NQ-400E400B020E,524.33A,29957,EMS0708P,B,2024-EMS-03-G008,TUBE,Y,8,1,98.40 X 96.10,,CZ0289
EMSPR0871.2,2024,8,3,140,140,QFN,183648,2/20/2024 19:00,B-A,P,EMS,NQ-400E400B020E,524.33A,28000,EMS0708P,B,2024-EMS-03-G015,TUBE,Y,8,1,98.40 X 96.10,,CZ0289
EMSPR0871.1,2024,8,3,140,140,QFN,183648,2/20/2024 19:00,B-A,P,EMS,NQ-400E400B020E,524.33A,28000,EMS0708P,B,2024-EMS-03-G005,TUBE,Y,8,1,98.40 X 96.10,,CZ0289
EMSPR0972.3,2024,9,4,140,140,QFN,175526,2/28/2024 19:00,B-A,P,EMS,NQ-400E400B020E,524.33A,28000,EMS0708P,B,2024-EMS-03-G050,TUBE,Y,8,1,98.40 X 96.10,,CZ0289
EMSPR0972.1,2024,9,4,140,140,QFN,175526,2/28/2024 19:00,B-A,P,EMS,NQ-400E400B020E,524.33A,28000,EMS0708P,B,2024-EMS-03-G070,TUBE,Y,8,1,98.40 X 96.10,,CZ0289
EMSPR0972.2,2024,9,4,140,140,QFN,175526,2/28/2024 19:00,B-A,P,EMS,NQ-400E400B020E,524.33A,28000,EMS0708P,B,2024-EMS-03-G069,TUBE,Y,8,1,98.40 X 96.10,,CZ0289
EMSPR0972.4,2024,9,4,140,140,QFN,175526,2/28/2024 19:00,B-A,P,EMS,NQ-400E400B020E,524.33A,18777,EMS0708P,B,2024-EMS-03-G069,TUBE,Y,8,1,98.40 X 96.10,,CZ0289
EMSPR0983.1,2024,9,3,140,140,QFN,183651,2/27/2024 19:00,B-A,P,EMS,NQ-400E400B020E,524.33A,28000,EMS0708P,B,2024-EMS-03-G045,TUBE,Y,8,1,98.40 X 96.10,,CZ0289
EMSPR0983.2,2024,9,3,140,140,QFN,183651,2/27/2024 19:00,B-A,P,EMS,NQ-400E400B020E,524.33A,28000,EMS0708P,B,2024-EMS-03-G062,TUBE,Y,8,1,98.40 X 96.10,,CZ0289
EMSPR0983.3,2024,9,3,140,140,QFN,183651,2/27/2024 19:00,B-A,P,EMS,NQ-400E400B020E,524.33A,28000,EMS0708P,B,2024-EMS-03-G050,TUBE,Y,8,1,98.40 X 96.10,,CZ0289
EMSPR0983.4,2024,9,3,140,140,QFN,183651,2/27/2024 19:00,B-A,P,EMS,NQ-400E400B020E,524.33A,28151,EMS0708P,B,2024-EMS-03-G059,TUBE,Y,8,1,98.40 X 96.10,,CZ0289
EMSMR0730.1,2024,7,4,140,140,QFN,179209,2/14/2024 19:00,G-A,M,EMS,NQ-400E400B020U,139.02A,28000,EMS0905P,A,2024-EMS-02-G217,TUBE,Y,8,1,93.7 X 91.7,,CZ0289
EMSMR0730.2,2024,7,4,140,140,QFN,179209,2/14/2024 19:00,G-A,M,EMS,NQ-400E400B020U,139.02A,28000,EMS0905P,A,2024-EMS-02-G210,TUBE,Y,8,1,93.7 X 91.7,,CZ0289
EMSMR0730.3,2024,7,4,140,140,QFN,179209,2/14/2024 19:00,G-A,M,EMS,NQ-400E400B020U,139.02A,28000,EMS0905P,A,2024-EMS-02-G217,TUBE,Y,8,1,93.7 X 91.7,,CZ0289
EMSMR0730.4,2024,7,4,140,140,QFN,179209,2/14/2024 19:00,G-A,M,EMS,NQ-400E400B020U,139.02A,28969,EMS0905P,A,2024-EMS-02-G217,TUBE,Y,8,1,93.7 X 91.7,,CZ0289
EMSMR0731.1,2024,7,4,140,140,QFN,179214,2/14/2024 19:00,G-A,M,EMS,NQ-400E400B020U,139.02A,28000,EMS0905P,A,2024-EMS-02-G228,TUBE,Y,8,1,93.7 X 91.7,,CZ0289
EMSMR0731.2,2024,7,4,140,140,QFN,179214,2/14/2024 19:00,G-A,M,EMS,NQ-400E400B020U,139.02A,28000,EMS0905P,A,2024-EMS-02-G228,TUBE,Y,8,1,93.7 X 91.7,,CZ0289
EMSMR0731.3,2024,7,4,140,140,QFN,179214,2/14/2024 19:00,G-A,M,EMS,NQ-400E400B020U,139.02A,28000,EMS0905P,A,2024-EMS-02-G206,TUBE,Y,8,1,93.7 X 91.7,,CZ0289
EMSMR0731.4,2024,7,4,140,140,QFN,179214,2/14/2024 19:00,G-A,M,EMS,NQ-400E400B020U,139.02A,29024,EMS0905P,A,2024-EMS-02-G217,TUBE,Y,8,1,93.7 X 91.7,,CZ0289
EMSPR0818.1,2024,7,7,140,140,QFN,179211,2/17/2024 19:00,G-A,P,EMS,NQ-400E400B020U,139.02A,28000,EMS0905P,A,2024-EMS-02-G311,TUBE,Y,8,1,93.7 X 91.7,,CZ0289
EMSPR0818.2,2024,7,7,140,140,QFN,179211,2/17/2024 19:00,G-A,P,EMS,NQ-400E400B020U,139.02A,28000,EMS0905P,A,2024-EMS-02-G297,TUBE,Y,8,1,93.7 X 91.7,,CZ0289
EMSPR0818.4,2024,7,7,140,140,QFN,179211,2/17/2024 19:00,G-A,P,EMS,NQ-400E400B020U,139.02A,27444,EMS0905P,A,2024-EMS-02-G317,TUBE,Y,8,1,93.7 X 91.7,,CZ0289
EMSPR0818.3,2024,7,7,140,140,QFN,179211,2/17/2024 19:00,G-A,P,EMS,NQ-400E400B020U,139.02A,28000,EMS0905P,A,2024-EMS-02-G317,TUBE,Y,8,1,93.7 X 91.7,,CZ0289
EMSPR0940.2,2024,9,1,140,140,QFN,178400,2/25/2024 19:00,G-A,P,EMS,NQ-400E400B020U,139.02A,15959,EMS0905P,A,2024-EMS-03-G034,TUBE,Y,8,1,93.7 X 91.7,,CZ0289
EMSPR0940.1,2024,9,1,140,140,QFN,178400,2/25/2024 19:00,G-A,P,EMS,NQ-400E400B020U,139.02A,28000,EMS0905P,A,2024-EMS-03-G033,TUBE,Y,8,1,93.7 X 91.7,,CZ0289
EMSPR0941.1,2024,9,1,140,140,QFN,178400,2/25/2024 19:00,G-A,P,EMS,NQ-400E400B020U,139.02A,16531,EMS0905P,A,2024-EMS-03-G033,TUBE,Y,8,1,93.7 X 91.7,,CZ0289
EMSPR0948.1,2024,9,1,140,140,QFN,177526,2/25/2024 19:00,G-A,P,EMS,NQ-400E400B020U,139.02A,28000,EMS0905P,A,2024-EMS-03-G033,TUBE,Y,8,1,93.7 X 91.7,,CZ0289
EMSPR0948.4,2024,9,1,140,140,QFN,177526,2/25/2024 19:00,G-A,P,EMS,NQ-400E400B020U,139.02A,27969,EMS0905P,A,2024-EMS-03-G033,TUBE,Y,8,1,93.7 X 91.7,,CZ0289
EMSPR0948.2,2024,9,1,140,140,QFN,177526,2/25/2024 19:00,G-A,P,EMS,NQ-400E400B020U,139.02A,28000,EMS0905P,A,2024-EMS-03-G033,TUBE,Y,8,1,93.7 X 91.7,,CZ0289
EMSPR0948.3,2024,9,1,140,140,QFN,177526,2/25/2024 19:00,G-A,P,EMS,NQ-400E400B020U,139.02A,28000,EMS0905P,A,2024-EMS-03-G033,TUBE,Y,8,1,93.7 X 91.7,,CZ0289
EMQPR0060.2,2024,6,2,140,140,QFN,182409,2/5/2024 19:00,G-A,P,EMS,NQ-500E5001020E,521.25A,17600,EMS1116P,A,2024-EMQ-02-G020,TUBE,Y,8,1,58.7 X 98.4,,CZ0289
EMQPR0060.5,2024,6,2,140,140,QFN,182409,2/5/2024 19:00,G-A,P,EMS,NQ-500E5001020E,521.25A,17807,EMS1116P,A,2024-EMQ-02-G020,TUBE,Y,8,1,58.7 X 98.4,,CZ0289
EMQPR0060.4,2024,6,2,140,140,QFN,182409,2/5/2024 19:00,G-A,P,EMS,NQ-500E5001020E,521.25A,17600,EMS1116P,A,2024-EMQ-02-G020,TUBE,Y,8,1,58.7 X 98.4,,CZ0289
EMQPR0060.1,2024,6,2,140,140,QFN,182409,2/5/2024 19:00,G-A,P,EMS,NQ-500E5001020E,521.25A,17600,EMS1116P,A,2024-EMQ-02-G020,TUBE,Y,8,1,58.7 X 98.4,,CZ0289
EMQPR0060.3,2024,6,2,140,140,QFN,182409,2/5/2024 19:00,G-A,P,EMS,NQ-500E5001020E,521.25A,17600,EMS1116P,A,2024-EMQ-02-G020,TUBE,Y,8,1,58.7 X 98.4,,CZ0289
EMQPR0061.1,2024,6,3,140,140,QFN,182409,2/6/2024 19:00,G-A,P,EMS,NQ-500E5001020E,521.25A,17600,EMS1116P,A,2024-EMQ-02-G022,TUBE,Y,8,1,58.7 X 98.4,,CZ0289
EMQPR0061.2,2024,6,3,140,140,QFN,182409,2/6/2024 19:00,G-A,P,EMS,NQ-500E5001020E,521.25A,17600,EMS1116P,A,2024-EMQ-02-G022,TUBE,Y,8,1,58.7 X 98.4,,CZ0289
EMQPR0061.3,2024,6,3,140,140,QFN,182409,2/6/2024 19:00,G-A,P,EMS,NQ-500E5001020E,521.25A,17600,EMS1116P,A,2024-EMQ-02-G022,TUBE,Y,8,1,58.7 X 98.4,,CZ0289
EMQPR0061.4,2024,6,3,140,140,QFN,182409,2/6/2024 19:00,G-A,P,EMS,NQ-500E5001020E,521.25A,17600,EMS1116P,A,2024-EMQ-02-G022,TUBE,Y,8,1,58.7 X 98.4,,CZ0289
EMQPR0061.5,2024,6,3,140,140,QFN,182409,2/6/2024 19:00,G-A,P,EMS,NQ-500E5001020E,521.25A,25247,EMS1116P,A,2024-EMQ-02-G022,TUBE,Y,8,1,58.7 X 98.4,,CZ0289
EMQPR0068.5,2024,6,4,140,140,QFN,182504,2/7/2024 19:00,G-A,P,EMS,NQ-500E5001020E,521.25A,17870,EMS1116P,A,2024-EMQ-02-G023,TUBE,Y,8,1,58.7 X 98.4,,CZ0289
EMQPR0068.4,2024,6,4,140,140,QFN,182504,2/7/2024 19:00,G-A,P,EMS,NQ-500E5001020E,521.25A,17600,EMS1116P,A,2024-EMQ-02-G023,TUBE,Y,8,1,58.7 X 98.4,,CZ0289
EMQPR0068.3,2024,6,4,140,140,QFN,182504,2/7/2024 19:00,G-A,P,EMS,NQ-500E5001020E,521.25A,17600,EMS1116P,A,2024-EMQ-02-G023,TUBE,Y,8,1,58.7 X 98.4,,CZ0289
EMQPR0068.2,2024,6,4,140,140,QFN,182504,2/7/2024 19:00,G-A,P,EMS,NQ-500E5001020E,521.25A,17600,EMS1116P,A,2024-EMQ-02-G023,TUBE,Y,8,1,58.7 X 98.4,,CZ0289
EMQPR0068.1,2024,6,4,140,140,QFN,182504,2/7/2024 19:00,G-A,P,EMS,NQ-500E5001020E,521.25A,17600,EMS1116P,A,2024-EMQ-02-G023,TUBE,Y,8,1,58.7 X 98.4,,CZ0289
EMQPR0069.4,2024,6,5,140,140,QFN,182504,2/8/2024 19:00,G-A,P,EMS,NQ-500E5001020E,521.25A,17600,EMS1116P,A,2024-EMQ-02-G024,TUBE,Y,8,1,58.7 X 98.4,,CZ0289
EMQPR0069.3,2024,6,5,140,140,QFN,182504,2/8/2024 19:00,G-A,P,EMS,NQ-500E5001020E,521.25A,17600,EMS1116P,A,2024-EMQ-02-G024,TUBE,Y,8,1,58.7 X 98.4,,CZ0289
EMQPR0069.2,2024,6,5,140,140,QFN,182504,2/8/2024 19:00,G-A,P,EMS,NQ-500E5001020E,521.25A,17600,EMS1116P,A,2024-EMQ-02-G024,TUBE,Y,8,1,58.7 X 98.4,,CZ0289
EMQPR0069.1,2024,6,5,140,140,QFN,182504,2/8/2024 19:00,G-A,P,EMS,NQ-500E5001020E,521.25A,17600,EMS1116P,A,2024-EMQ-02-G024,TUBE,Y,8,1,58.7 X 98.4,,CZ0289
EMQPR0069.5,2024,6,5,140,140,QFN,182504,2/8/2024 19:00,G-A,P,EMS,NQ-500E5001020E,521.25A,25245,EMS1116P,A,2024-EMQ-02-G024,TUBE,Y,8,1,58.7 X 98.4,,CZ0289
EMQPR0071.2,2024,6,6,140,140,QFN,181442,2/9/2024 19:00,G-A,P,EMS,NQ-500E5001020E,521.25A,17600,EMS1116P,A,2024-EMQ-02-G025,TUBE,Y,8,1,58.7 X 98.4,,CZ0289
EMQPR0071.1,2024,6,6,140,140,QFN,181442,2/9/2024 19:00,G-A,P,EMS,NQ-500E5001020E,521.25A,17600,EMS1116P,A,2024-EMQ-02-G025,TUBE,Y,8,1,58.7 X 98.4,,CZ0289
EMQPR0071.5,2024,6,6,140,140,QFN,181442,2/9/2024 19:00,G-A,P,EMS,NQ-500E5001020E,521.25A,24032,EMS1116P,A,2024-EMQ-02-G025,TUBE,Y,8,1,58.7 X 98.4,,CZ0289
EMQPR0071.4,2024,6,6,140,140,QFN,181442,2/9/2024 19:00,G-A,P,EMS,NQ-500E5001020E,521.25A,17600,EMS1116P,A,2024-EMQ-02-G025,TUBE,Y,8,1,58.7 X 98.4,,CZ0289
EMQPR0071.3,2024,6,6,140,140,QFN,181442,2/9/2024 19:00,G-A,P,EMS,NQ-500E5001020E,521.25A,17600,EMS1116P,A,2024-EMQ-02-G025,TUBE,Y,8,1,58.7 X 98.4,,CZ0289
EMQPR0072.1,2024,7,1,140,140,QFN,183187,2/11/2024 19:00,G-A,P,EMS,NQ-500E5001020E,521.25A,17600,EMS1116P,A,2024-EMQ-02-G026,TUBE,Y,8,1,58.7 X 98.4,,CZ0289
EMQPR0072.2,2024,7,1,140,140,QFN,183187,2/11/2024 19:00,G-A,P,EMS,NQ-500E5001020E,521.25A,17600,EMS1116P,A,2024-EMQ-02-G026,TUBE,Y,8,1,58.7 X 98.4,,CZ0289
EMQPR0072.5,2024,7,1,140,140,QFN,183187,2/11/2024 19:00,G-A,P,EMS,NQ-500E5001020E,521.25A,17600,EMS1116P,A,2024-EMQ-02-G026,TUBE,Y,8,1,58.7 X 98.4,,CZ0289
EMQPR0072.4,2024,7,1,140,140,QFN,183187,2/11/2024 19:00,G-A,P,EMS,NQ-500E5001020E,521.25A,17600,EMS1116P,A,2024-EMQ-02-G026,TUBE,Y,8,1,58.7 X 98.4,,CZ0289
EMQPR0072.3,2024,7,1,140,140,QFN,183187,2/11/2024 19:00,G-A,P,EMS,NQ-500E5001020E,521.25A,17600,EMS1116P,A,2024-EMQ-02-G026,TUBE,Y,8,1,58.7 X 98.4,,CZ0289
EMQPR0073.1,2024,7,2,140,140,QFN,183187,2/12/2024 19:00,G-A,P,EMS,NQ-500E5001020E,521.25A,17600,EMS1116P,A,2024-EMQ-02-G028,TUBE,Y,8,1,58.7 X 98.4,,CZ0289
EMQPR0073.2,2024,7,2,140,140,QFN,183187,2/12/2024 19:00,G-A,P,EMS,NQ-500E5001020E,521.25A,17600,EMS1116P,A,2024-EMQ-02-G028,TUBE,Y,8,1,58.7 X 98.4,,CZ0289
EMQPR0073.4,2024,7,2,140,140,QFN,183187,2/12/2024 19:00,G-A,P,EMS,NQ-500E5001020E,521.25A,17600,EMS1116P,A,2024-EMQ-02-G028,TUBE,Y,8,1,58.7 X 98.4,,CZ0289
EMQPR0073.3,2024,7,2,140,140,QFN,183187,2/12/2024 19:00,G-A,P,EMS,NQ-500E5001020E,521.25A,17600,EMS1116P,A,2024-EMQ-02-G028,TUBE,Y,8,1,58.7 X 98.4,,CZ0289
EMQPR0073.5,2024,7,2,140,140,QFN,183187,2/12/2024 19:00,G-A,P,EMS,NQ-500E5001020E,521.25A,18050,EMS1116P,A,2024-EMQ-02-G028,TUBE,Y,8,1,58.7 X 98.4,,CZ0289
EMQPR0076.5,2024,8,1,140,140,QFN,181442,2/18/2024 19:00,G-A,P,EMS,NQ-500E5001020E,521.25A,17722,EMS1116P,A,2024-EMQ-02-G030,TUBE,Y,8,1,58.7 X 98.4,,CZ0289
EMQPR0076.4,2024,8,1,140,140,QFN,181442,2/18/2024 19:00,G-A,P,EMS,NQ-500E5001020E,521.25A,17600,EMS1116P,A,2024-EMQ-02-G030,TUBE,Y,8,1,58.7 X 98.4,,CZ0289
EMQPR0076.1,2024,8,1,140,140,QFN,181442,2/18/2024 19:00,G-A,P,EMS,NQ-500E5001020E,521.25A,17600,EMS1116P,A,2024-EMQ-02-G030,TUBE,Y,8,1,58.7 X 98.4,,CZ0289
EMQPR0076.2,2024,8,1,140,140,QFN,181442,2/18/2024 19:00,G-A,P,EMS,NQ-500E5001020E,521.25A,17600,EMS1116P,A,2024-EMQ-02-G030,TUBE,Y,8,1,58.7 X 98.4,,CZ0289
EMQPR0076.3,2024,8,1,140,140,QFN,181442,2/18/2024 19:00,G-A,P,EMS,NQ-500E5001020E,521.25A,17600,EMS1116P,A,2024-EMQ-02-G030,TUBE,Y,8,1,58.7 X 98.4,,CZ0289
EMQPR0077.5,2024,8,2,140,140,QFN,183185,2/19/2024 19:00,G-A,P,EMS,NQ-500E5001020E,521.25A,24451,EMS1116P,A,2024-EMQ-02-G031,TUBE,Y,8,1,58.7 X 98.4,,CZ0289
EMQPR0077.4,2024,8,2,140,140,QFN,183185,2/19/2024 19:00,G-A,P,EMS,NQ-500E5001020E,521.25A,17600,EMS1116P,A,2024-EMQ-02-G031,TUBE,Y,8,1,58.7 X 98.4,,CZ0289
EMQPR0077.3,2024,8,2,140,140,QFN,183185,2/19/2024 19:00,G-A,P,EMS,NQ-500E5001020E,521.25A,17600,EMS1116P,A,2024-EMQ-02-G031,TUBE,Y,8,1,58.7 X 98.4,,CZ0289
EMQPR0077.2,2024,8,2,140,140,QFN,183185,2/19/2024 19:00,G-A,P,EMS,NQ-500E5001020E,521.25A,17600,EMS1116P,A,2024-EMQ-02-G031,TUBE,Y,8,1,58.7 X 98.4,,CZ0289
EMQPR0077.1,2024,8,2,140,140,QFN,183185,2/19/2024 19:00,G-A,P,EMS,NQ-500E5001020E,521.25A,17600,EMS1116P,A,2024-EMQ-02-G031,TUBE,Y,8,1,58.7 X 98.4,,CZ0289
EMQPR0078.2,2024,8,3,140,140,QFN,183185,2/20/2024 19:00,G-A,P,EMS,NQ-500E5001020E,521.25A,17600,EMS1116P,A,2024-EMQ-03-G001,TUBE,Y,8,1,58.7 X 98.4,,CZ0289
EMQPR0078.1,2024,8,3,140,140,QFN,183185,2/20/2024 19:00,G-A,P,EMS,NQ-500E5001020E,521.25A,17600,EMS1116P,A,2024-EMQ-03-G001,TUBE,Y,8,1,58.7 X 98.4,,CZ0289
EMQPR0078.3,2024,8,3,140,140,QFN,183185,2/20/2024 19:00,G-A,P,EMS,NQ-500E5001020E,521.25A,17600,EMS1116P,A,2024-EMQ-03-G001,TUBE,Y,8,1,58.7 X 98.4,,CZ0289
EMQPR0078.5,2024,8,3,140,140,QFN,183185,2/20/2024 19:00,G-A,P,EMS,NQ-500E5001020E,521.25A,16607,EMS1116P,A,2024-EMQ-03-G001,TUBE,Y,8,1,58.7 X 98.4,,CZ0289
EMQPR0078.4,2024,8,3,140,140,QFN,183185,2/20/2024 19:00,G-A,P,EMS,NQ-500E5001020E,521.25A,17600,EMS1116P,A,2024-EMQ-03-G001,TUBE,Y,8,1,58.7 X 98.4,,CZ0289
EMQPR0079.2,2024,8,4,140,140,QFN,183101,2/21/2024 19:00,G-A,P,EMS,NQ-500E5001020E,521.25A,17600,EMS1116P,A,2024-EMQ-03-G003,TUBE,Y,8,1,58.7 X 98.4,,CZ0289
EMQPR0079.5,2024,8,4,140,140,QFN,183101,2/21/2024 19:00,G-A,P,EMS,NQ-500E5001020E,521.25A,16385,EMS1116P,A,2024-EMQ-03-G003,TUBE,Y,8,1,58.7 X 98.4,,CZ0289
EMQPR0079.4,2024,8,4,140,140,QFN,183101,2/21/2024 19:00,G-A,P,EMS,NQ-500E5001020E,521.25A,17600,EMS1116P,A,2024-EMQ-03-G003,TUBE,Y,8,1,58.7 X 98.4,,CZ0289
EMQPR0079.3,2024,8,4,140,140,QFN,183101,2/21/2024 19:00,G-A,P,EMS,NQ-500E5001020E,521.25A,17600,EMS1116P,A,2024-EMQ-03-G003,TUBE,Y,8,1,58.7 X 98.4,,CZ0289
EMQPR0079.1,2024,8,4,140,140,QFN,183101,2/21/2024 19:00,G-A,P,EMS,NQ-500E5001020E,521.25A,17600,EMS1116P,A,2024-EMQ-03-G003,TUBE,Y,8,1,58.7 X 98.4,,CZ0289
EMQPR0082.2,2024,8,5,140,140,QFN,183103,2/22/2024 19:00,G-A,P,EMS,NQ-500E5001020E,521.25A,17600,EMS1116P,A,2024-EMQ-03-G005,TUBE,Y,8,1,58.7 X 98.4,,CZ0289
EMQPR0082.1,2024,8,5,140,140,QFN,183103,2/22/2024 19:00,G-A,P,EMS,NQ-500E5001020E,521.25A,17600,EMS1116P,A,2024-EMQ-03-G005,TUBE,Y,8,1,58.7 X 98.4,,CZ0289
EMQPR0082.4,2024,8,5,140,140,QFN,183103,2/22/2024 19:00,G-A,P,EMS,NQ-500E5001020E,521.25A,17600,EMS1116P,A,2024-EMQ-03-G005,TUBE,Y,8,1,58.7 X 98.4,,CZ0289
EMQPR0082.3,2024,8,5,140,140,QFN,183103,2/22/2024 19:00,G-A,P,EMS,NQ-500E5001020E,521.25A,17600,EMS1116P,A,2024-EMQ-03-G005,TUBE,Y,8,1,58.7 X 98.4,,CZ0289
EMQPR0082.5,2024,8,5,140,140,QFN,183103,2/22/2024 19:00,G-A,P,EMS,NQ-500E5001020E,521.25A,25126,EMS1116P,A,2024-EMQ-03-G005,TUBE,Y,8,1,58.7 X 98.4,,CZ0289
EMQPR0083.1,2024,8,6,140,140,QFN,183103,2/23/2024 19:00,G-A,P,EMS,NQ-500E5001020E,521.25A,17600,EMS1116P,A,2024-EMQ-03-G006,TUBE,Y,8,1,58.7 X 98.4,,CZ0289
EMQPR0083.3,2024,8,6,140,140,QFN,183103,2/23/2024 19:00,G-A,P,EMS,NQ-500E5001020E,521.25A,17600,EMS1116P,A,2024-EMQ-03-G006,TUBE,Y,8,1,58.7 X 98.4,,CZ0289
EMQPR0083.2,2024,8,6,140,140,QFN,183103,2/23/2024 19:00,G-A,P,EMS,NQ-500E5001020E,521.25A,17600,EMS1116P,A,2024-EMQ-03-G006,TUBE,Y,8,1,58.7 X 98.4,,CZ0289
EMQPR0083.4,2024,8,6,140,140,QFN,183103,2/23/2024 19:00,G-A,P,EMS,NQ-500E5001020E,521.25A,17600,EMS1116P,A,2024-EMQ-03-G006,TUBE,Y,8,1,58.7 X 98.4,,CZ0289
EMQPR0083.5,2024,8,6,140,140,QFN,183103,2/23/2024 19:00,G-A,P,EMS,NQ-500E5001020E,521.25A,16492,EMS1116P,A,2024-EMQ-03-G006,TUBE,Y,8,1,58.7 X 98.4,,CZ0289
EMQPR0084.5,2024,9,1,140,140,QFN,183101,2/25/2024 19:00,G-A,P,EMS,NQ-500E5001020E,521.25A,16893,EMS1116P,A,2024-EMQ-03-G008,TUBE,Y,8,1,58.7 X 98.4,,CZ0289
EMQPR0084.4,2024,9,1,140,140,QFN,183101,2/25/2024 19:00,G-A,P,EMS,NQ-500E5001020E,521.25A,17600,EMS1116P,A,2024-EMQ-03-G008,TUBE,Y,8,1,58.7 X 98.4,,CZ0289
EMQPR0084.3,2024,9,1,140,140,QFN,183101,2/25/2024 19:00,G-A,P,EMS,NQ-500E5001020E,521.25A,17600,EMS1116P,A,2024-EMQ-03-G008,TUBE,Y,8,1,58.7 X 98.4,,CZ0289
EMQPR0084.2,2024,9,1,140,140,QFN,183101,2/25/2024 19:00,G-A,P,EMS,NQ-500E5001020E,521.25A,17600,EMS1116P,A,2024-EMQ-03-G008,TUBE,Y,8,1,58.7 X 98.4,,CZ0289
EMQPR0084.1,2024,9,1,140,140,QFN,183101,2/25/2024 19:00,G-A,P,EMS,NQ-500E5001020E,521.25A,17600,EMS1116P,A,2024-EMQ-03-G008,TUBE,Y,8,1,58.7 X 98.4,,CZ0289
EMQPR0087.4,2024,9,3,140,140,QFN,183104,2/27/2024 19:00,G-A,P,EMS,NQ-500E5001020E,521.25A,17600,EMS1116P,A,2024-EMQ-03-G010,TUBE,Y,8,1,58.7 X 98.4,,CZ0289
EMQPR0087.1,2024,9,3,140,140,QFN,183104,2/27/2024 19:00,G-A,P,EMS,NQ-500E5001020E,521.25A,17600,EMS1116P,A,2024-EMQ-03-G010,TUBE,Y,8,1,58.7 X 98.4,,CZ0289
EMQPR0087.2,2024,9,3,140,140,QFN,183104,2/27/2024 19:00,G-A,P,EMS,NQ-500E5001020E,521.25A,17600,EMS1116P,A,2024-EMQ-03-G010,TUBE,Y,8,1,58.7 X 98.4,,CZ0289
EMQPR0087.3,2024,9,3,140,140,QFN,183104,2/27/2024 19:00,G-A,P,EMS,NQ-500E5001020E,521.25A,17600,EMS1116P,A,2024-EMQ-03-G010,TUBE,Y,8,1,58.7 X 98.4,,CZ0289
EMQPR0087.5,2024,9,3,140,140,QFN,183104,2/27/2024 19:00,G-A,P,EMS,NQ-500E5001020E,521.25A,25458,EMS1116P,A,2024-EMQ-03-G010,TUBE,Y,8,1,58.7 X 98.4,,CZ0289
EMQPR0088.4,2024,9,4,140,140,QFN,183104,2/28/2024 19:00,G-A,P,EMS,NQ-500E5001020E,521.25A,17600,EMS1116P,A,2024-EMQ-03-G011,TUBE,Y,8,1,58.7 X 98.4,,CZ0289
EMQPR0088.5,2024,9,4,140,140,QFN,183104,2/28/2024 19:00,G-A,P,EMS,NQ-500E5001020E,521.25A,18003,EMS1116P,A,2024-EMQ-03-G011,TUBE,Y,8,1,58.7 X 98.4,,CZ0289
EMQPR0088.2,2024,9,4,140,140,QFN,183104,2/28/2024 19:00,G-A,P,EMS,NQ-500E5001020E,521.25A,17600,EMS1116P,A,2024-EMQ-03-G011,TUBE,Y,8,1,58.7 X 98.4,,CZ0289
EMQPR0088.3,2024,9,4,140,140,QFN,183104,2/28/2024 19:00,G-A,P,EMS,NQ-500E5001020E,521.25A,17600,EMS1116P,A,2024-EMQ-03-G011,TUBE,Y,8,1,58.7 X 98.4,,CZ0289
EMQPR0088.1,2024,9,4,140,140,QFN,183104,2/28/2024 19:00,G-A,P,EMS,NQ-500E5001020E,521.25A,17600,EMS1116P,A,2024-EMQ-03-G011,TUBE,Y,8,1,58.7 X 98.4,,CZ0289
EMSPR0551.5,2024,6,5,140,140,QFN,183738,2/8/2024 19:00,G-A,P,EMS,NQ-500E5001020U,174.02A,17600,EMS0917P,B,2024-EMS-02-G218,TUBE,Y,8,1,87.8 X 89.8,,CZ0289
EMSPR0551.6,2024,6,5,140,140,QFN,183738,2/8/2024 19:00,G-A,P,EMS,NQ-500E5001020U,174.02A,12940,EMS0917P,B,2024-EMS-02-G207,TUBE,Y,8,1,87.8 X 89.8,,CZ0289
EMSPR0551.3,2024,6,5,140,140,QFN,183738,2/8/2024 19:00,G-A,P,EMS,NQ-500E5001020U,174.02A,17600,EMS0917P,B,2024-EMS-02-G218,TUBE,Y,8,1,87.8 X 89.8,,CZ0289
EMSPR0551.2,2024,6,5,140,140,QFN,183738,2/8/2024 19:00,G-A,P,EMS,NQ-500E5001020U,174.02A,17600,EMS0917P,B,2024-EMS-02-G207,TUBE,Y,8,1,87.8 X 89.8,,CZ0289
EMSPR0551.1,2024,6,5,140,140,QFN,183738,2/8/2024 19:00,G-A,P,EMS,NQ-500E5001020U,174.02A,17600,EMS0917P,B,2024-EMS-02-G207,TUBE,Y,8,1,87.8 X 89.8,,CZ0289
EMSPR0551.4,2024,6,5,140,140,QFN,183738,2/8/2024 19:00,G-A,P,EMS,NQ-500E5001020U,174.02A,17600,EMS0917P,B,2024-EMS-02-G207,TUBE,Y,8,1,87.8 X 89.8,,CZ0289
EMSPR0677.3,2024,7,4,140,140,QFN,183740,2/14/2024 19:00,G-A,P,EMS,NQ-500E5001020U,174.02A,17600,EMS0917P,B,2024-EMS-02-G279,TUBE,Y,8,1,87.8 X 89.8,,CZ0289
EMSPR0677.4,2024,7,4,140,140,QFN,183740,2/14/2024 19:00,G-A,P,EMS,NQ-500E5001020U,174.02A,17600,EMS0917P,B,2024-EMS-02-G279,TUBE,Y,8,1,87.8 X 89.8,,CZ0289
EMSPR0677.5,2024,7,4,140,140,QFN,183740,2/14/2024 19:00,G-A,P,EMS,NQ-500E5001020U,174.02A,17600,EMS0917P,B,2024-EMS-02-G279,TUBE,Y,8,1,87.8 X 89.8,,CZ0289
EMSPR0677.6,2024,7,4,140,140,QFN,183740,2/14/2024 19:00,G-A,P,EMS,NQ-500E5001020U,174.02A,17600,EMS0917P,B,2024-EMS-02-G275,TUBE,Y,8,1,87.8 X 89.8,,CZ0289
EMSPR0677.1,2024,7,4,140,140,QFN,183740,2/14/2024 19:00,G-A,P,EMS,NQ-500E5001020U,174.02A,17600,EMS0917P,B,2024-EMS-02-G279,TUBE,Y,8,1,87.8 X 89.8,,CZ0289
EMSPR0677.2,2024,7,4,140,140,QFN,183740,2/14/2024 19:00,G-A,P,EMS,NQ-500E5001020U,174.02A,17600,EMS0917P,B,2024-EMS-02-G271,TUBE,Y,8,1,87.8 X 89.8,,CZ0289
EMSPR0677.7,2024,7,4,140,140,QFN,183740,2/14/2024 19:00,G-A,P,EMS,NQ-500E5001020U,174.02A,17600,EMS0917P,B,2024-EMS-02-G279,TUBE,Y,8,1,87.8 X 89.8,,CZ0289
EMSPR0677.8,2024,7,4,140,140,QFN,183740,2/14/2024 19:00,G-A,P,EMS,NQ-500E5001020U,174.02A,9801,EMS0917P,B,2024-EMS-02-G294,TUBE,Y,8,1,87.8 X 89.8,,CZ0289
EMSPR0816.7,2024,8,2,140,140,QFN,183743,2/19/2024 19:00,G-A,P,EMS,NQ-500E5001020U,174.02A,17600,EMS0917P,B,2024-EMS-02-G321,TUBE,Y,8,1,87.8 X 89.8,,CZ0289
EMSPR0816.8,2024,8,2,140,140,QFN,183743,2/19/2024 19:00,G-A,P,EMS,NQ-500E5001020U,174.02A,9230,EMS0917P,B,2024-EMS-02-G317,TUBE,Y,8,1,87.8 X 89.8,,CZ0289
EMSPR0816.6,2024,8,2,140,140,QFN,183743,2/19/2024 19:00,G-A,P,EMS,NQ-500E5001020U,174.02A,17600,EMS0917P,B,2024-EMS-03-G005,TUBE,Y,8,1,87.8 X 89.8,,CZ0289
EMSPR0816.5,2024,8,2,140,140,QFN,183743,2/19/2024 19:00,G-A,P,EMS,NQ-500E5001020U,174.02A,17600,EMS0917P,B,2024-EMS-02-G317,TUBE,Y,8,1,87.8 X 89.8,,CZ0289
EMSPR0816.4,2024,8,2,140,140,QFN,183743,2/19/2024 19:00,G-A,P,EMS,NQ-500E5001020U,174.02A,17600,EMS0917P,B,2024-EMS-02-G317,TUBE,Y,8,1,87.8 X 89.8,,CZ0289
EMSPR0816.3,2024,8,2,140,140,QFN,183743,2/19/2024 19:00,G-A,P,EMS,NQ-500E5001020U,174.02A,17600,EMS0917P,B,2024-EMS-02-G317,TUBE,Y,8,1,87.8 X 89.8,,CZ0289
EMSPR0816.2,2024,8,2,140,140,QFN,183743,2/19/2024 19:00,G-A,P,EMS,NQ-500E5001020U,174.02A,17600,EMS0917P,B,2024-EMS-02-G321,TUBE,Y,8,1,87.8 X 89.8,,CZ0289
EMSPR0816.1,2024,8,2,140,140,QFN,183743,2/19/2024 19:00,G-A,P,EMS,NQ-500E5001020U,174.02A,17600,EMS0917P,B,2024-EMS-02-G317,TUBE,Y,8,1,87.8 X 89.8,,CZ0289
EMSPR0894.6,2024,9,3,140,140,QFN,181799,2/27/2024 19:00,G-A,P,EMS,NQ-500E5001020U,174.02A,17600,EMS0917P,B,2024-EMS-03-G070,TUBE,Y,8,1,87.8 X 89.8,,CZ0289
EMSPR0894.5,2024,9,3,140,140,QFN,181799,2/27/2024 19:00,G-A,P,EMS,NQ-500E5001020U,174.02A,17600,EMS0917P,B,2024-EMS-03-G076,TUBE,Y,8,1,87.8 X 89.8,,CZ0289
EMSPR0894.7,2024,9,3,140,140,QFN,181799,2/27/2024 19:00,G-A,P,EMS,NQ-500E5001020U,174.02A,24128,EMS0917P,B,2024-EMS-03-G076,TUBE,Y,8,1,87.8 X 89.8,,CZ0289
EMSPR0894.1,2024,9,3,140,140,QFN,181799,2/27/2024 19:00,G-A,P,EMS,NQ-500E5001020U,174.02A,17600,EMS0917P,B,2024-EMS-03-G070,TUBE,Y,8,1,87.8 X 89.8,,CZ0289
EMSPR0894.2,2024,9,3,140,140,QFN,181799,2/27/2024 19:00,G-A,P,EMS,NQ-500E5001020U,174.02A,17600,EMS0917P,B,2024-EMS-03-G076,TUBE,Y,8,1,87.8 X 89.8,,CZ0289
EMSPR0894.3,2024,9,3,140,140,QFN,181799,2/27/2024 19:00,G-A,P,EMS,NQ-500E5001020U,174.02A,17600,EMS0917P,B,2024-EMS-03-G076,TUBE,Y,8,1,87.8 X 89.8,,CZ0289
EMSPR0894.4,2024,9,3,140,140,QFN,181799,2/27/2024 19:00,G-A,P,EMS,NQ-500E5001020U,174.02A,17600,EMS0917P,B,2024-EMS-03-G084,TUBE,Y,8,1,87.8 X 89.8,,CZ0289
EMSPR0575.1,2024,6,6,140,140,QFN,176946,2/9/2024 19:00,G-A,P,EMS,NQ-500E5001020U,521.40A,17600,EMS0899P,B,2024-EMS-02-G218,TUBE,Y,8,1,139.40 X 107.10,,CZ0142
EMSPR0575.4,2024,6,6,140,140,QFN,176946,2/9/2024 19:00,G-A,P,EMS,NQ-500E5001020U,521.40A,13200,EMS0899P,B,2024-EMS-02-G232,TUBE,Y,8,1,139.40 X 107.10,,CZ0142
EMSPR0575.2,2024,6,6,140,140,QFN,176946,2/9/2024 19:00,G-A,P,EMS,NQ-500E5001020U,521.40A,17600,EMS0899P,B,2024-EMS-02-G249,TUBE,Y,8,1,139.40 X 107.10,,CZ0142
EMSPR0575.3,2024,6,6,140,140,QFN,176946,2/9/2024 19:00,G-A,P,EMS,NQ-500E5001020U,521.40A,17600,EMS0899P,B,2024-EMS-02-G218,TUBE,Y,8,1,139.40 X 107.10,,CZ0142
EMSPR0576.1,2024,6,7,140,140,QFN,178075,2/10/2024 19:00,G-A,P,EMS,NQ-500E5001020U,521.40A,17600,EMS0899P,B,2024-EMS-02-G254,TUBE,Y,8,1,139.40 X 107.10,,CZ0142
EMSPR0576.4,2024,6,7,140,140,QFN,178075,2/10/2024 19:00,G-A,P,EMS,NQ-500E5001020U,521.40A,14549,EMS0899P,B,2024-EMS-02-G249,TUBE,Y,8,1,139.40 X 107.10,,CZ0142
EMSPR0576.3,2024,6,7,140,140,QFN,178075,2/10/2024 19:00,G-A,P,EMS,NQ-500E5001020U,521.40A,17600,EMS0899P,B,2024-EMS-02-G254,TUBE,Y,8,1,139.40 X 107.10,,CZ0142
EMSPR0576.2,2024,6,7,140,140,QFN,178075,2/10/2024 19:00,G-A,P,EMS,NQ-500E5001020U,521.40A,17600,EMS0899P,B,2024-EMS-02-G254,TUBE,Y,8,1,139.40 X 107.10,,CZ0142
EMSPR0606.1,2024,6,1,140,140,QFN,171103,2/4/2024 19:00,G-A,P,EMS,NQ-500E5001020U,521.41A,7905,EMS0908P,A,2024-EMS-02-G188,TUBE,Y,8,1,141.70 X 141.70,,CZ0142
EMSPR0607.3,2024,6,1,140,140,QFN,181086,2/4/2024 19:00,G-A,P,EMS,NQ-500E5001020U,521.41A,13083,EMS0908P,A,2024-EMS-02-G142,TUBE,Y,8,1,141.70 X 141.70,,CZ0142
EMSPR0607.1,2024,6,1,140,140,QFN,181086,2/4/2024 19:00,G-A,P,EMS,NQ-500E5001020U,521.41A,17600,EMS0908P,A,2024-EMS-02-G167,TUBE,Y,8,1,141.70 X 141.70,,CZ0142
EMSPR0607.2,2024,6,1,140,140,QFN,181086,2/4/2024 19:00,G-A,P,EMS,NQ-500E5001020U,521.41A,17600,EMS0908P,A,2024-EMS-02-G167,TUBE,Y,8,1,141.70 X 141.70,,CZ0142
EMSPR0820.3,2024,8,3,140,140,QFN,181159,2/20/2024 19:00,G-A,P,EMS,NQ-500E5001020U,521.41A,14466,EMS0908P,A,2024-EMS-03-G008,TUBE,Y,8,1,141.70 X 141.70,,CZ0142
EMSPR0820.2,2024,8,3,140,140,QFN,181159,2/20/2024 19:00,G-A,P,EMS,NQ-500E5001020U,521.41A,17600,EMS0908P,A,2024-EMS-03-G008,TUBE,Y,8,1,141.70 X 141.70,,CZ0142
EMSPR0820.1,2024,8,3,140,140,QFN,181159,2/20/2024 19:00,G-A,P,EMS,NQ-500E5001020U,521.41A,17600,EMS0908P,A,2024-EMS-03-G005,TUBE,Y,8,1,141.70 X 141.70,,CZ0142
EMSPR0857.3,2024,8,2,140,140,QFN,179563,2/19/2024 19:00,G-A,P,EMS,NQ-500E5001020U,521.41A,13255,EMS0908P,A,2024-EMS-03-G005,TUBE,Y,8,1,141.70 X 141.70,,CZ0142
EMSPR0857.1,2024,8,2,140,140,QFN,179563,2/19/2024 19:00,G-A,P,EMS,NQ-500E5001020U,521.41A,17600,EMS0908P,A,2024-EMS-03-G005,TUBE,Y,8,1,141.70 X 141.70,,CZ0142
EMSPR0857.2,2024,8,2,140,140,QFN,179563,2/19/2024 19:00,G-A,P,EMS,NQ-500E5001020U,521.41A,17600,EMS0908P,A,2024-EMS-02-G317,TUBE,Y,8,1,141.70 X 141.70,,CZ0142
EMSPR0786.1,2024,7,6,140,140,QFN,182673,2/16/2024 19:00,G-A,P,EMS,NQ-500E5001032U,403.02A,17600,EMS0902P,A,2024-EMS-02-G305,TUBE,Y,8,1,128.00 X 123.2,,CZ0289
EMSPR0786.3,2024,7,6,140,140,QFN,182673,2/16/2024 19:00,G-A,P,EMS,NQ-500E5001032U,403.02A,24880,EMS0902P,A,2024-EMS-02-G305,TUBE,Y,8,1,128.00 X 123.2,,CZ0289
EMSPR0786.2,2024,7,6,140,140,QFN,182673,2/16/2024 19:00,G-A,P,EMS,NQ-500E5001032U,403.02A,17600,EMS0902P,A,2024-EMS-02-G287,TUBE,Y,8,1,128.00 X 123.2,,CZ0289
EMSPR0569.3,2024,5,6,140,140,QFN,173847,2/2/2024 19:00,G-A,P,EMS,NQ-500E500B032U,117.21A,17600,EMS0967P,A,2024-EMS-02-G130,TUBE,Y,8,1,117.7 X 120.5,,CZ0289
EMSPR0569.4,2024,5,6,140,140,QFN,173847,2/2/2024 19:00,G-A,P,EMS,NQ-500E500B032U,117.21A,13628,EMS0967P,A,2024-EMS-02-G130,TUBE,Y,8,1,117.7 X 120.5,,CZ0289
EMSPR0569.1,2024,5,6,140,140,QFN,173847,2/2/2024 19:00,G-A,P,EMS,NQ-500E500B032U,117.21A,17600,EMS0967P,A,2024-EMS-02-G142,TUBE,Y,8,1,117.7 X 120.5,,CZ0289
EMSPR0569.2,2024,5,6,140,140,QFN,173847,2/2/2024 19:00,G-A,P,EMS,NQ-500E500B032U,117.21A,17600,EMS0967P,A,2024-EMS-02-G130,TUBE,Y,8,1,117.7 X 120.5,,CZ0289
EMSPR0570.3,2024,5,6,140,140,QFN,173848,2/2/2024 19:00,G-A,P,EMS,NQ-500E500B032U,117.21A,21352,EMS0967P,A,2024-EMS-02-G142,TUBE,Y,8,1,117.7 X 120.5,,CZ0289
EMSPR0570.2,2024,5,6,140,140,QFN,173848,2/2/2024 19:00,G-A,P,EMS,NQ-500E500B032U,117.21A,17600,EMS0967P,A,2024-EMS-02-G167,TUBE,Y,8,1,117.7 X 120.5,,CZ0289
EMSPR0570.1,2024,5,6,140,140,QFN,173848,2/2/2024 19:00,G-A,P,EMS,NQ-500E500B032U,117.21A,17600,EMS0967P,A,2024-EMS-02-G142,TUBE,Y,8,1,117.7 X 120.5,,CZ0289
EMSPR0571.2,2024,5,7,140,140,QFN,173849,2/3/2024 19:00,G-A,P,EMS,NQ-500E500B032U,117.21A,17600,EMS0967P,A,2024-EMS-02-G152,TUBE,Y,8,1,117.7 X 120.5,,CZ0289
EMSPR0571.1,2024,5,7,140,140,QFN,173849,2/3/2024 19:00,G-A,P,EMS,NQ-500E500B032U,117.21A,17600,EMS0967P,A,2024-EMS-02-G152,TUBE,Y,8,1,117.7 X 120.5,,CZ0289
EMSPR0571.3,2024,5,7,140,140,QFN,173849,2/3/2024 19:00,G-A,P,EMS,NQ-500E500B032U,117.21A,23253,EMS0967P,A,2024-EMS-02-G158,TUBE,Y,8,1,117.7 X 120.5,,CZ0289
EMSPR0572.2,2024,5,7,140,140,QFN,175061,2/3/2024 19:00,G-A,P,EMS,NQ-500E500B032U,117.21A,17600,EMS0967P,A,2024-EMS-02-G158,TUBE,Y,8,1,117.7 X 120.5,,CZ0289
EMSPR0572.1,2024,5,7,140,140,QFN,175061,2/3/2024 19:00,G-A,P,EMS,NQ-500E500B032U,117.21A,17600,EMS0967P,A,2024-EMS-02-G152,TUBE,Y,8,1,117.7 X 120.5,,CZ0289
EMSPR0572.3,2024,5,7,140,140,QFN,175061,2/3/2024 19:00,G-A,P,EMS,NQ-500E500B032U,117.21A,17600,EMS0967P,A,2024-EMS-02-G142,TUBE,Y,8,1,117.7 X 120.5,,CZ0289
EMSPR0572.4,2024,5,7,140,140,QFN,175061,2/3/2024 19:00,G-A,P,EMS,NQ-500E500B032U,117.21A,12942,EMS0967P,A,2024-EMS-02-G152,TUBE,Y,8,1,117.7 X 120.5,,CZ0289
EMSPR0598.1,2024,5,7,140,140,QFN,173824,2/3/2024 19:00,G-A,P,EMS,NQ-500E500B032U,117.21A,17600,EMS0967P,A,2024-EMS-02-G152,TUBE,Y,8,1,117.7 X 120.5,,CZ0289
EMSPR0598.4,2024,5,7,140,140,QFN,173824,2/3/2024 19:00,G-A,P,EMS,NQ-500E500B032U,117.21A,14372,EMS0967P,A,2024-EMS-02-G152,TUBE,Y,8,1,117.7 X 120.5,,CZ0289
EMSPR0598.3,2024,5,7,140,140,QFN,173824,2/3/2024 19:00,G-A,P,EMS,NQ-500E500B032U,117.21A,17600,EMS0967P,A,2024-EMS-02-G152,TUBE,Y,8,1,117.7 X 120.5,,CZ0289
EMSPR0598.2,2024,5,7,140,140,QFN,173824,2/3/2024 19:00,G-A,P,EMS,NQ-500E500B032U,117.21A,17600,EMS0967P,A,2024-EMS-02-G176,TUBE,Y,8,1,117.7 X 120.5,,CZ0289
EMSPR0599.4,2024,6,1,140,140,QFN,173827,2/4/2024 19:00,G-A,P,EMS,NQ-500E500B032U,117.21A,9879,EMS0967P,A,2024-EMS-02-G158,TUBE,Y,8,1,117.7 X 120.5,,CZ0289
EMSPR0599.1,2024,6,1,140,140,QFN,173827,2/4/2024 19:00,G-A,P,EMS,NQ-500E500B032U,117.21A,17600,EMS0967P,A,2024-EMS-02-G152,TUBE,Y,8,1,117.7 X 120.5,,CZ0289
EMSPR0599.2,2024,6,1,140,140,QFN,173827,2/4/2024 19:00,G-A,P,EMS,NQ-500E500B032U,117.21A,17600,EMS0967P,A,2024-EMS-02-G158,TUBE,Y,8,1,117.7 X 120.5,,CZ0289
EMSPR0599.3,2024,6,1,140,140,QFN,173827,2/4/2024 19:00,G-A,P,EMS,NQ-500E500B032U,117.21A,17600,EMS0967P,A,2024-EMS-02-G167,TUBE,Y,8,1,117.7 X 120.5,,CZ0289
EMSPR0600.2,2024,6,2,140,140,QFN,173830,2/5/2024 19:00,G-A,P,EMS,NQ-500E500B032U,117.21A,17600,EMS0967P,A,2024-EMS-02-G167,TUBE,Y,8,1,117.7 X 120.5,,CZ0289
EMSPR0600.3,2024,6,2,140,140,QFN,173830,2/5/2024 19:00,G-A,P,EMS,NQ-500E500B032U,117.21A,17600,EMS0967P,A,2024-EMS-02-G152,TUBE,Y,8,1,117.7 X 120.5,,CZ0289
EMSPR0600.4,2024,6,2,140,140,QFN,173830,2/5/2024 19:00,G-A,P,EMS,NQ-500E500B032U,117.21A,13574,EMS0967P,A,2024-EMS-02-G168,TUBE,Y,8,1,117.7 X 120.5,,CZ0289
EMSPR0600.1,2024,6,2,140,140,QFN,173830,2/5/2024 19:00,G-A,P,EMS,NQ-500E500B032U,117.21A,17600,EMS0967P,A,2024-EMS-02-G167,TUBE,Y,8,1,117.7 X 120.5,,CZ0289
EMSPR0705.4,2024,7,3,140,140,QFN,175062,2/13/2024 19:00,G-A,P,EMS,NQ-500E500B032U,117.21A,17707,EMS0967P,A,2024-EMS-02-G271,TUBE,Y,8,1,117.7 X 120.5,,CZ0289
EMSPR0705.3,2024,7,3,140,140,QFN,175062,2/13/2024 19:00,G-A,P,EMS,NQ-500E500B032U,117.21A,17600,EMS0967P,A,2024-EMS-02-G271,TUBE,Y,8,1,117.7 X 120.5,,CZ0289
EMSPR0705.2,2024,7,3,140,140,QFN,175062,2/13/2024 19:00,G-A,P,EMS,NQ-500E500B032U,117.21A,17600,EMS0967P,A,2024-EMS-02-G271,TUBE,Y,8,1,117.7 X 120.5,,CZ0289
EMSPR0705.1,2024,7,3,140,140,QFN,175062,2/13/2024 19:00,G-A,P,EMS,NQ-500E500B032U,117.21A,17600,EMS0967P,A,2024-EMS-02-G271,TUBE,Y,8,1,117.7 X 120.5,,CZ0289
EMSPR0707.4,2024,7,3,140,140,QFN,175649,2/13/2024 19:00,G-A,P,EMS,NQ-500E500B032U,117.21A,14194,EMS0967P,A,2024-EMS-02-G239,TUBE,Y,8,1,117.7 X 120.5,,CZ0289
EMSPR0707.3,2024,7,3,140,140,QFN,175649,2/13/2024 19:00,G-A,P,EMS,NQ-500E500B032U,117.21A,17600,EMS0967P,A,2024-EMS-02-G275,TUBE,Y,8,1,117.7 X 120.5,,CZ0289
EMSPR0707.2,2024,7,3,140,140,QFN,175649,2/13/2024 19:00,G-A,P,EMS,NQ-500E500B032U,117.21A,17600,EMS0967P,A,2024-EMS-02-G271,TUBE,Y,8,1,117.7 X 120.5,,CZ0289
EMSPR0707.1,2024,7,3,140,140,QFN,175649,2/13/2024 19:00,G-A,P,EMS,NQ-500E500B032U,117.21A,17600,EMS0967P,A,2024-EMS-02-G271,TUBE,Y,8,1,117.7 X 120.5,,CZ0289
EMSPR0708.1,2024,7,4,140,140,QFN,175650,2/14/2024 19:00,G-A,P,EMS,NQ-500E500B032U,117.21A,17600,EMS0967P,A,2024-EMS-02-G279,TUBE,Y,8,1,117.7 X 120.5,,CZ0289
EMSPR0708.2,2024,7,4,140,140,QFN,175650,2/14/2024 19:00,G-A,P,EMS,NQ-500E500B032U,117.21A,17600,EMS0967P,A,2024-EMS-02-G275,TUBE,Y,8,1,117.7 X 120.5,,CZ0289
EMSPR0708.3,2024,7,4,140,140,QFN,175650,2/14/2024 19:00,G-A,P,EMS,NQ-500E500B032U,117.21A,17600,EMS0967P,A,2024-EMS-02-G239,TUBE,Y,8,1,117.7 X 120.5,,CZ0289
EMSPR0708.4,2024,7,4,140,140,QFN,175650,2/14/2024 19:00,G-A,P,EMS,NQ-500E500B032U,117.21A,13371,EMS0967P,A,2024-EMS-02-G279,TUBE,Y,8,1,117.7 X 120.5,,CZ0289
EMSPR0709.2,2024,7,5,140,140,QFN,175651,2/15/2024 19:00,G-A,P,EMS,NQ-500E500B032U,117.21A,17600,EMS0967P,A,2024-EMS-02-G239,TUBE,Y,8,1,117.7 X 120.5,,CZ0289
EMSPR0709.4,2024,7,5,140,140,QFN,175651,2/15/2024 19:00,G-A,P,EMS,NQ-500E500B032U,117.21A,14343,EMS0967P,A,2024-EMS-02-G243,TUBE,Y,8,1,117.7 X 120.5,,CZ0289
EMSPR0709.1,2024,7,5,140,140,QFN,175651,2/15/2024 19:00,G-A,P,EMS,NQ-500E500B032U,117.21A,17600,EMS0967P,A,2024-EMS-02-G232,TUBE,Y,8,1,117.7 X 120.5,,CZ0289
EMSPR0709.3,2024,7,5,140,140,QFN,175651,2/15/2024 19:00,G-A,P,EMS,NQ-500E500B032U,117.21A,17600,EMS0967P,A,2024-EMS-02-G232,TUBE,Y,8,1,117.7 X 120.5,,CZ0289
EMSPR0925.1,2024,8,6,140,140,QFN,172732,2/23/2024 19:00,G-A,P,EMS,NQ-500E500B032U,117.21A,17600,EMS0967P,A,2024-EMS-03-G033,TUBE,Y,8,1,117.7 X 120.5,,CZ0289
EMSPR0925.2,2024,8,6,140,140,QFN,172732,2/23/2024 19:00,G-A,P,EMS,NQ-500E500B032U,117.21A,17600,EMS0967P,A,2024-EMS-03-G033,TUBE,Y,8,1,117.7 X 120.5,,CZ0289
EMSPR0925.3,2024,8,6,140,140,QFN,172732,2/23/2024 19:00,G-A,P,EMS,NQ-500E500B032U,117.21A,17600,EMS0967P,A,2024-EMS-03-G034,TUBE,Y,8,1,117.7 X 120.5,,CZ0289
EMSPR0925.4,2024,8,6,140,140,QFN,172732,2/23/2024 19:00,G-A,P,EMS,NQ-500E500B032U,117.21A,12998,EMS0967P,A,2024-EMS-03-G034,TUBE,Y,8,1,117.7 X 120.5,,CZ0289
EMSPR0926.1,2024,8,6,140,140,QFN,173834,2/23/2024 19:00,G-A,P,EMS,NQ-500E500B032U,117.21A,17600,EMS0967P,A,2024-EMS-03-G034,TUBE,Y,8,1,117.7 X 120.5,,CZ0289
EMSPR0926.3,2024,8,6,140,140,QFN,173834,2/23/2024 19:00,G-A,P,EMS,NQ-500E500B032U,117.21A,17600,EMS0967P,A,2024-EMS-03-G045,TUBE,Y,8,1,117.7 X 120.5,,CZ0289
EMSPR0926.2,2024,8,6,140,140,QFN,173834,2/23/2024 19:00,G-A,P,EMS,NQ-500E500B032U,117.21A,17600,EMS0967P,A,2024-EMS-03-G034,TUBE,Y,8,1,117.7 X 120.5,,CZ0289
EMSPR0926.4,2024,8,6,140,140,QFN,173834,2/23/2024 19:00,G-A,P,EMS,NQ-500E500B032U,117.21A,14466,EMS0967P,A,2024-EMS-03-G059,TUBE,Y,8,1,117.7 X 120.5,,CZ0289
EMSPR0805.2,2024,7,7,140,140,QFN,179116,2/17/2024 19:00,G-A,P,EMS,NQ-500E500C020E,524.14A,12484,EMS0751P,A,2024-EMS-02-G297,TUBE,Y,8,1,137.40 X 137.40,,CZ0142
EMSPR0805.1,2024,7,7,140,140,QFN,179116,2/17/2024 19:00,G-A,P,EMS,NQ-500E500C020E,524.14A,17600,EMS0751P,A,2024-EMS-02-G287,TUBE,Y,8,1,137.40 X 137.40,,CZ0142
EMKPR0090.2,2024,6,1,140,140,QFN,176693,2/4/2024 19:00,G-A,P,EMS,NQ-500E500C020E,524.17A,17600,EMS0752P,A,2024-EMK-02-G054,TRAY,Y,8,1,117.3 X 116.1,,CZ0289
EMKPR0090.4,2024,6,1,140,140,QFN,176693,2/4/2024 19:00,G-A,P,EMS,NQ-500E500C020E,524.17A,23952,EMS0752P,A,2024-EMK-02-G054,TRAY,Y,8,1,117.3 X 116.1,,CZ0289
EMKPR0090.3,2024,6,1,140,140,QFN,176693,2/4/2024 19:00,G-A,P,EMS,NQ-500E500C020E,524.17A,17600,EMS0752P,A,2024-EMK-02-G054,TRAY,Y,8,1,117.3 X 116.1,,CZ0289
EMKPR0090.1,2024,6,1,140,140,QFN,176693,2/4/2024 19:00,G-A,P,EMS,NQ-500E500C020E,524.17A,17600,EMS0752P,A,2024-EMK-02-G054,TRAY,Y,8,1,117.3 X 116.1,,CZ0289
EMKPR0091.1,2024,6,1,140,140,QFN,176695,2/4/2024 19:00,G-A,P,EMS,NQ-500E500C020E,524.17A,17600,EMS0752P,A,2024-EMK-02-G065,TRAY,Y,8,1,117.3 X 116.1,,CZ0289
EMKPR0091.3,2024,6,1,140,140,QFN,176695,2/4/2024 19:00,G-A,P,EMS,NQ-500E500C020E,524.17A,17600,EMS0752P,A,2024-EMK-02-G065,TRAY,Y,8,1,117.3 X 116.1,,CZ0289
EMKPR0091.2,2024,6,1,140,140,QFN,176695,2/4/2024 19:00,G-A,P,EMS,NQ-500E500C020E,524.17A,17600,EMS0752P,A,2024-EMK-02-G065,TRAY,Y,8,1,117.3 X 116.1,,CZ0289
EMKPR0091.4,2024,6,1,140,140,QFN,176695,2/4/2024 19:00,G-A,P,EMS,NQ-500E500C020E,524.17A,22565,EMS0752P,A,2024-EMK-02-G065,TRAY,Y,8,1,117.3 X 116.1,,CZ0289
EMKPR0092.4,2024,6,1,140,140,QFN,176707,2/4/2024 19:00,G-A,P,EMS,NQ-500E500C020E,524.17A,20547,EMS0752P,A,2024-EMK-02-G062,TRAY,Y,8,1,117.3 X 116.1,,CZ0289
EMKPR0092.3,2024,6,1,140,140,QFN,176707,2/4/2024 19:00,G-A,P,EMS,NQ-500E500C020E,524.17A,17600,EMS0752P,A,2024-EMK-02-G062,TRAY,Y,8,1,117.3 X 116.1,,CZ0289
EMKPR0092.1,2024,6,1,140,140,QFN,176707,2/4/2024 19:00,G-A,P,EMS,NQ-500E500C020E,524.17A,17600,EMS0752P,A,2024-EMK-02-G062,TRAY,Y,8,1,117.3 X 116.1,,CZ0289
EMKPR0092.2,2024,6,1,140,140,QFN,176707,2/4/2024 19:00,G-A,P,EMS,NQ-500E500C020E,524.17A,17600,EMS0752P,A,2024-EMK-02-G062,TRAY,Y,8,1,117.3 X 116.1,,CZ0289
EMKPR0093.2,2024,6,1,140,140,QFN,176710,2/4/2024 19:00,G-A,P,EMS,NQ-500E500C020E,524.17A,17600,EMS0752P,A,2024-EMK-02-G066,TRAY,Y,8,1,117.3 X 116.1,,CZ0289
EMKPR0093.3,2024,6,1,140,140,QFN,176710,2/4/2024 19:00,G-A,P,EMS,NQ-500E500C020E,524.17A,21854,EMS0752P,A,2024-EMK-02-G066,TRAY,Y,8,1,117.3 X 116.1,,CZ0289
EMKPR0093.1,2024,6,1,140,140,QFN,176710,2/4/2024 19:00,G-A,P,EMS,NQ-500E500C020E,524.17A,17600,EMS0752P,A,2024-EMK-02-G066,TRAY,Y,8,1,117.3 X 116.1,,CZ0289
EMKPR0098.2,2024,6,2,140,140,QFN,176711,2/5/2024 19:00,G-A,P,EMS,NQ-500E500C020E,524.17A,17600,EMS0752P,A,2024-EMK-02-G068,TRAY,Y,8,1,117.3 X 116.1,,CZ0289
EMKPR0098.1,2024,6,2,140,140,QFN,176711,2/5/2024 19:00,G-A,P,EMS,NQ-500E500C020E,524.17A,17600,EMS0752P,A,2024-EMK-02-G068,TRAY,Y,8,1,117.3 X 116.1,,CZ0289
EMKPR0098.4,2024,6,2,140,140,QFN,176711,2/5/2024 19:00,G-A,P,EMS,NQ-500E500C020E,524.17A,23396,EMS0752P,A,2024-EMK-02-G068,TRAY,Y,8,1,117.3 X 116.1,,CZ0289
EMKPR0098.3,2024,6,2,140,140,QFN,176711,2/5/2024 19:00,G-A,P,EMS,NQ-500E500C020E,524.17A,17600,EMS0752P,A,2024-EMK-02-G068,TRAY,Y,8,1,117.3 X 116.1,,CZ0289
EMKPR0099.1,2024,6,2,140,140,QFN,176712,2/5/2024 19:00,G-A,P,EMS,NQ-500E500C020E,524.17A,17600,EMS0752P,A,2024-EMK-02-G057,TRAY,Y,8,1,117.3 X 116.1,,CZ0289
EMKPR0099.2,2024,6,2,140,140,QFN,176712,2/5/2024 19:00,G-A,P,EMS,NQ-500E500C020E,524.17A,17600,EMS0752P,A,2024-EMK-02-G057,TRAY,Y,8,1,117.3 X 116.1,,CZ0289
EMKPR0099.3,2024,6,2,140,140,QFN,176712,2/5/2024 19:00,G-A,P,EMS,NQ-500E500C020E,524.17A,17600,EMS0752P,A,2024-EMK-02-G057,TRAY,Y,8,1,117.3 X 116.1,,CZ0289
EMKPR0099.4,2024,6,2,140,140,QFN,176712,2/5/2024 19:00,G-A,P,EMS,NQ-500E500C020E,524.17A,22800,EMS0752P,A,2024-EMK-02-G057,TRAY,Y,8,1,117.3 X 116.1,,CZ0289
EMKPR0100.4,2024,6,2,140,140,QFN,175812,2/5/2024 19:00,G-A,P,EMS,NQ-500E500C020E,524.17A,15687,EMS0752P,A,2024-EMK-02-G067,TRAY,Y,8,1,117.3 X 116.1,,CZ0289
EMKPR0100.1,2024,6,2,140,140,QFN,175812,2/5/2024 19:00,G-A,P,EMS,NQ-500E500C020E,524.17A,17600,EMS0752P,A,2024-EMK-02-G067,TRAY,Y,8,1,117.3 X 116.1,,CZ0289
EMKPR0100.2,2024,6,2,140,140,QFN,175812,2/5/2024 19:00,G-A,P,EMS,NQ-500E500C020E,524.17A,17600,EMS0752P,A,2024-EMK-02-G067,TRAY,Y,8,1,117.3 X 116.1,,CZ0289
EMKPR0100.3,2024,6,2,140,140,QFN,175812,2/5/2024 19:00,G-A,P,EMS,NQ-500E500C020E,524.17A,17600,EMS0752P,A,2024-EMK-02-G067,TRAY,Y,8,1,117.3 X 116.1,,CZ0289
EMKPR0101.3,2024,6,2,140,140,QFN,176683,2/5/2024 19:00,G-A,P,EMS,NQ-500E500C020E,524.17A,17600,EMS0752P,A,2024-EMK-02-G058,TRAY,Y,8,1,117.3 X 116.1,,CZ0289
EMKPR0101.4,2024,6,2,140,140,QFN,176683,2/5/2024 19:00,G-A,P,EMS,NQ-500E500C020E,524.17A,22580,EMS0752P,A,2024-EMK-02-G058,TRAY,Y,8,1,117.3 X 116.1,,CZ0289
EMKPR0101.1,2024,6,2,140,140,QFN,176683,2/5/2024 19:00,G-A,P,EMS,NQ-500E500C020E,524.17A,17600,EMS0752P,A,2024-EMK-02-G058,TRAY,Y,8,1,117.3 X 116.1,,CZ0289
EMKPR0101.2,2024,6,2,140,140,QFN,176683,2/5/2024 19:00,G-A,P,EMS,NQ-500E500C020E,524.17A,17600,EMS0752P,A,2024-EMK-02-G058,TRAY,Y,8,1,117.3 X 116.1,,CZ0289
EMKPR0103.4,2024,6,5,140,140,QFN,175841,2/8/2024 19:00,G-A,P,EMS,NQ-500E500C020E,524.17A,22825,EMS0752P,A,2024-EMK-02-G073,TRAY,Y,8,1,117.3 X 116.1,,CZ0289
EMKPR0103.3,2024,6,5,140,140,QFN,175841,2/8/2024 19:00,G-A,P,EMS,NQ-500E500C020E,524.17A,17600,EMS0752P,A,2024-EMK-02-G073,TRAY,Y,8,1,117.3 X 116.1,,CZ0289
EMKPR0103.1,2024,6,5,140,140,QFN,175841,2/8/2024 19:00,G-A,P,EMS,NQ-500E500C020E,524.17A,17600,EMS0752P,A,2024-EMK-02-G073,TRAY,Y,8,1,117.3 X 116.1,,CZ0289
EMKPR0103.2,2024,6,5,140,140,QFN,175841,2/8/2024 19:00,G-A,P,EMS,NQ-500E500C020E,524.17A,17600,EMS0752P,A,2024-EMK-02-G073,TRAY,Y,8,1,117.3 X 116.1,,CZ0289
EMKPR0104.4,2024,6,5,140,140,QFN,176682,2/8/2024 19:00,G-A,P,EMS,NQ-500E500C020E,524.17A,20594,EMS0752P,A,2024-EMK-02-G072,TRAY,Y,8,1,117.3 X 116.1,,CZ0289
EMKPR0104.3,2024,6,5,140,140,QFN,176682,2/8/2024 19:00,G-A,P,EMS,NQ-500E500C020E,524.17A,17600,EMS0752P,A,2024-EMK-02-G072,TRAY,Y,8,1,117.3 X 116.1,,CZ0289
EMKPR0104.1,2024,6,5,140,140,QFN,176682,2/8/2024 19:00,G-A,P,EMS,NQ-500E500C020E,524.17A,17600,EMS0752P,A,2024-EMK-02-G072,TRAY,Y,8,1,117.3 X 116.1,,CZ0289
EMKPR0104.2,2024,6,5,140,140,QFN,176682,2/8/2024 19:00,G-A,P,EMS,NQ-500E500C020E,524.17A,17600,EMS0752P,A,2024-EMK-02-G072,TRAY,Y,8,1,117.3 X 116.1,,CZ0289
EMKPR0105.2,2024,6,5,140,140,QFN,176692,2/8/2024 19:00,G-A,P,EMS,NQ-500E500C020E,524.17A,17600,EMS0752P,A,2024-EMK-02-G069,TRAY,Y,8,1,117.3 X 116.1,,CZ0289
EMKPR0105.4,2024,6,5,140,140,QFN,176692,2/8/2024 19:00,G-A,P,EMS,NQ-500E500C020E,524.17A,21031,EMS0752P,A,2024-EMK-02-G069,TRAY,Y,8,1,117.3 X 116.1,,CZ0289
EMKPR0105.3,2024,6,5,140,140,QFN,176692,2/8/2024 19:00,G-A,P,EMS,NQ-500E500C020E,524.17A,17600,EMS0752P,A,2024-EMK-02-G069,TRAY,Y,8,1,117.3 X 116.1,,CZ0289
EMKPR0105.1,2024,6,5,140,140,QFN,176692,2/8/2024 19:00,G-A,P,EMS,NQ-500E500C020E,524.17A,17600,EMS0752P,A,2024-EMK-02-G069,TRAY,Y,8,1,117.3 X 116.1,,CZ0289
EMKPR0106.4,2024,6,5,140,140,QFN,176694,2/8/2024 19:00,G-A,P,EMS,NQ-500E500C020E,524.17A,21584,EMS0752P,A,2024-EMK-02-G070,TRAY,Y,8,1,117.3 X 116.1,,CZ0289
EMKPR0106.3,2024,6,5,140,140,QFN,176694,2/8/2024 19:00,G-A,P,EMS,NQ-500E500C020E,524.17A,17600,EMS0752P,A,2024-EMK-02-G070,TRAY,Y,8,1,117.3 X 116.1,,CZ0289
EMKPR0106.2,2024,6,5,140,140,QFN,176694,2/8/2024 19:00,G-A,P,EMS,NQ-500E500C020E,524.17A,17600,EMS0752P,A,2024-EMK-02-G070,TRAY,Y,8,1,117.3 X 116.1,,CZ0289
EMKPR0106.1,2024,6,5,140,140,QFN,176694,2/8/2024 19:00,G-A,P,EMS,NQ-500E500C020E,524.17A,17600,EMS0752P,A,2024-EMK-02-G070,TRAY,Y,8,1,117.3 X 116.1,,CZ0289
EMKPR0107.2,2024,6,6,140,140,QFN,176702,2/9/2024 19:00,G-A,P,EMS,NQ-500E500C020E,524.17A,17600,EMS0752P,A,2024-EMK-02-G082,TRAY,Y,8,1,117.3 X 116.1,,CZ0289
EMKPR0107.1,2024,6,6,140,140,QFN,176702,2/9/2024 19:00,G-A,P,EMS,NQ-500E500C020E,524.17A,17600,EMS0752P,A,2024-EMK-02-G082,TRAY,Y,8,1,117.3 X 116.1,,CZ0289
EMKPR0107.3,2024,6,6,140,140,QFN,176702,2/9/2024 19:00,G-A,P,EMS,NQ-500E500C020E,524.17A,17600,EMS0752P,A,2024-EMK-02-G082,TRAY,Y,8,1,117.3 X 116.1,,CZ0289
EMKPR0107.4,2024,6,6,140,140,QFN,176702,2/9/2024 19:00,G-A,P,EMS,NQ-500E500C020E,524.17A,21867,EMS0752P,A,2024-EMK-02-G082,TRAY,Y,8,1,117.3 X 116.1,,CZ0289
EMKPR0108.4,2024,6,6,140,140,QFN,176703,2/9/2024 19:00,G-A,P,EMS,NQ-500E500C020E,524.17A,21075,EMS0752P,A,2024-EMK-02-G075,TRAY,Y,8,1,117.3 X 116.1,,CZ0289
EMKPR0108.3,2024,6,6,140,140,QFN,176703,2/9/2024 19:00,G-A,P,EMS,NQ-500E500C020E,524.17A,17600,EMS0752P,A,2024-EMK-02-G075,TRAY,Y,8,1,117.3 X 116.1,,CZ0289
EMKPR0108.1,2024,6,6,140,140,QFN,176703,2/9/2024 19:00,G-A,P,EMS,NQ-500E500C020E,524.17A,17600,EMS0752P,A,2024-EMK-02-G075,TRAY,Y,8,1,117.3 X 116.1,,CZ0289
EMKPR0108.2,2024,6,6,140,140,QFN,176703,2/9/2024 19:00,G-A,P,EMS,NQ-500E500C020E,524.17A,17600,EMS0752P,A,2024-EMK-02-G075,TRAY,Y,8,1,117.3 X 116.1,,CZ0289
EMKPR0109.3,2024,6,6,140,140,QFN,176706,2/9/2024 19:00,G-A,P,EMS,NQ-500E500C020E,524.17A,17600,EMS0752P,A,2024-EMK-02-G090,TRAY,Y,8,1,117.3 X 116.1,,CZ0289
EMKPR0109.4,2024,6,6,140,140,QFN,176706,2/9/2024 19:00,G-A,P,EMS,NQ-500E500C020E,524.17A,21205,EMS0752P,A,2024-EMK-02-G090,TRAY,Y,8,1,117.3 X 116.1,,CZ0289
EMKPR0109.1,2024,6,6,140,140,QFN,176706,2/9/2024 19:00,G-A,P,EMS,NQ-500E500C020E,524.17A,17600,EMS0752P,A,2024-EMK-02-G090,TRAY,Y,8,1,117.3 X 116.1,,CZ0289
EMKPR0109.2,2024,6,6,140,140,QFN,176706,2/9/2024 19:00,G-A,P,EMS,NQ-500E500C020E,524.17A,17600,EMS0752P,A,2024-EMK-02-G090,TRAY,Y,8,1,117.3 X 116.1,,CZ0289
EMKPR0110.1,2024,6,6,140,140,QFN,176708,2/9/2024 19:00,G-A,P,EMS,NQ-500E500C020E,524.17A,17600,EMS0752P,A,2024-EMK-02-G079,TRAY,Y,8,1,117.3 X 116.1,,CZ0289
EMKPR0110.2,2024,6,6,140,140,QFN,176708,2/9/2024 19:00,G-A,P,EMS,NQ-500E500C020E,524.17A,17600,EMS0752P,A,2024-EMK-02-G079,TRAY,Y,8,1,117.3 X 116.1,,CZ0289
EMKPR0110.3,2024,6,6,140,140,QFN,176708,2/9/2024 19:00,G-A,P,EMS,NQ-500E500C020E,524.17A,17600,EMS0752P,A,2024-EMK-02-G079,TRAY,Y,8,1,117.3 X 116.1,,CZ0289
EMKPR0110.4,2024,6,6,140,140,QFN,176708,2/9/2024 19:00,G-A,P,EMS,NQ-500E500C020E,524.17A,22660,EMS0752P,A,2024-EMK-02-G079,TRAY,Y,8,1,117.3 X 116.1,,CZ0289
EMKPR0111.2,2024,6,7,140,140,QFN,180411,2/10/2024 19:00,G-A,P,EMS,NQ-500E500C020E,524.17A,17600,EMS0752P,A,2024-EMK-02-G081,TRAY,Y,8,1,117.3 X 116.1,,CZ0289
EMKPR0111.1,2024,6,7,140,140,QFN,180411,2/10/2024 19:00,G-A,P,EMS,NQ-500E500C020E,524.17A,17600,EMS0752P,A,2024-EMK-02-G081,TRAY,Y,8,1,117.3 X 116.1,,CZ0289
EMKPR0111.3,2024,6,7,140,140,QFN,180411,2/10/2024 19:00,G-A,P,EMS,NQ-500E500C020E,524.17A,17600,EMS0752P,A,2024-EMK-02-G081,TRAY,Y,8,1,117.3 X 116.1,,CZ0289
EMKPR0111.4,2024,6,7,140,140,QFN,180411,2/10/2024 19:00,G-A,P,EMS,NQ-500E500C020E,524.17A,23027,EMS0752P,A,2024-EMK-02-G081,TRAY,Y,8,1,117.3 X 116.1,,CZ0289
EMKPR0112.1,2024,6,7,140,140,QFN,180413,2/10/2024 19:00,G-A,P,EMS,NQ-500E500C020E,524.17A,17600,EMS0752P,A,2024-EMK-02-G085,TRAY,Y,8,1,117.3 X 116.1,,CZ0289
EMKPR0112.2,2024,6,7,140,140,QFN,180413,2/10/2024 19:00,G-A,P,EMS,NQ-500E500C020E,524.17A,17600,EMS0752P,A,2024-EMK-02-G085,TRAY,Y,8,1,117.3 X 116.1,,CZ0289
EMKPR0112.3,2024,6,7,140,140,QFN,180413,2/10/2024 19:00,G-A,P,EMS,NQ-500E500C020E,524.17A,17600,EMS0752P,A,2024-EMK-02-G085,TRAY,Y,8,1,117.3 X 116.1,,CZ0289
EMKPR0112.4,2024,6,7,140,140,QFN,180413,2/10/2024 19:00,G-A,P,EMS,NQ-500E500C020E,524.17A,22262,EMS0752P,A,2024-EMK-02-G085,TRAY,Y,8,1,117.3 X 116.1,,CZ0289
EMKPR0113.4,2024,6,7,140,140,QFN,180401,2/10/2024 19:00,G-A,P,EMS,NQ-500E500C020E,524.17A,22618,EMS0752P,A,2024-EMK-02-G076,TRAY,Y,8,1,117.3 X 116.1,,CZ0289
EMKPR0113.3,2024,6,7,140,140,QFN,180401,2/10/2024 19:00,G-A,P,EMS,NQ-500E500C020E,524.17A,17600,EMS0752P,A,2024-EMK-02-G076,TRAY,Y,8,1,117.3 X 116.1,,CZ0289
EMKPR0113.2,2024,6,7,140,140,QFN,180401,2/10/2024 19:00,G-A,P,EMS,NQ-500E500C020E,524.17A,17600,EMS0752P,A,2024-EMK-02-G076,TRAY,Y,8,1,117.3 X 116.1,,CZ0289
EMKPR0113.1,2024,6,7,140,140,QFN,180401,2/10/2024 19:00,G-A,P,EMS,NQ-500E500C020E,524.17A,17600,EMS0752P,A,2024-EMK-02-G076,TRAY,Y,8,1,117.3 X 116.1,,CZ0289
EMKPR0114.2,2024,6,7,140,140,QFN,175842,2/10/2024 19:00,G-A,P,EMS,NQ-500E500C020E,524.17A,17600,EMS0752P,A,2024-EMK-02-G084,TRAY,Y,8,1,117.3 X 116.1,,CZ0289
EMKPR0114.1,2024,6,7,140,140,QFN,175842,2/10/2024 19:00,G-A,P,EMS,NQ-500E500C020E,524.17A,17600,EMS0752P,A,2024-EMK-02-G084,TRAY,Y,8,1,117.3 X 116.1,,CZ0289
EMKPR0114.4,2024,6,7,140,140,QFN,175842,2/10/2024 19:00,G-A,P,EMS,NQ-500E500C020E,524.17A,18734,EMS0752P,A,2024-EMK-02-G084,TRAY,Y,8,1,117.3 X 116.1,,CZ0289
EMKPR0114.3,2024,6,7,140,140,QFN,175842,2/10/2024 19:00,G-A,P,EMS,NQ-500E500C020E,524.17A,17600,EMS0752P,A,2024-EMK-02-G084,TRAY,Y,8,1,117.3 X 116.1,,CZ0289
EMKPR0115.1,2024,7,1,140,140,QFN,176685,2/11/2024 19:00,G-A,P,EMS,NQ-500E500C020E,524.17A,17600,EMS0752P,A,2024-EMK-02-G084,TRAY,Y,8,1,117.3 X 116.1,,CZ0289
EMKPR0115.2,2024,7,1,140,140,QFN,176685,2/11/2024 19:00,G-A,P,EMS,NQ-500E500C020E,524.17A,17600,EMS0752P,A,2024-EMK-02-G084,TRAY,Y,8,1,117.3 X 116.1,,CZ0289
EMKPR0115.3,2024,7,1,140,140,QFN,176685,2/11/2024 19:00,G-A,P,EMS,NQ-500E500C020E,524.17A,17600,EMS0752P,A,2024-EMK-02-G084,TRAY,Y,8,1,117.3 X 116.1,,CZ0289
EMKPR0115.4,2024,7,1,140,140,QFN,176685,2/11/2024 19:00,G-A,P,EMS,NQ-500E500C020E,524.17A,19864,EMS0752P,A,2024-EMK-02-G084,TRAY,Y,8,1,117.3 X 116.1,,CZ0289
EMKPR0116.3,2024,7,1,140,140,QFN,176701,2/11/2024 19:00,G-A,P,EMS,NQ-500E500C020E,524.17A,17600,EMS0752P,A,2024-EMK-02-G078,TRAY,Y,8,1,117.3 X 116.1,,CZ0289
EMKPR0116.4,2024,7,1,140,140,QFN,176701,2/11/2024 19:00,G-A,P,EMS,NQ-500E500C020E,524.17A,18890,EMS0752P,A,2024-EMK-02-G078,TRAY,Y,8,1,117.3 X 116.1,,CZ0289
EMKPR0116.1,2024,7,1,140,140,QFN,176701,2/11/2024 19:00,G-A,P,EMS,NQ-500E500C020E,524.17A,17600,EMS0752P,A,2024-EMK-02-G078,TRAY,Y,8,1,117.3 X 116.1,,CZ0289
EMKPR0116.2,2024,7,1,140,140,QFN,176701,2/11/2024 19:00,G-A,P,EMS,NQ-500E500C020E,524.17A,17600,EMS0752P,A,2024-EMK-02-G078,TRAY,Y,8,1,117.3 X 116.1,,CZ0289
EMKPR0118.1,2024,7,1,140,140,QFN,180400,2/11/2024 19:00,G-A,P,EMS,NQ-500E500C020E,524.17A,17600,EMS0752P,A,2024-EMK-02-G084,TRAY,Y,8,1,117.3 X 116.1,,CZ0289
EMKPR0118.2,2024,7,1,140,140,QFN,180400,2/11/2024 19:00,G-A,P,EMS,NQ-500E500C020E,524.17A,17600,EMS0752P,A,2024-EMK-02-G084,TRAY,Y,8,1,117.3 X 116.1,,CZ0289
EMKPR0118.3,2024,7,1,140,140,QFN,180400,2/11/2024 19:00,G-A,P,EMS,NQ-500E500C020E,524.17A,17600,EMS0752P,A,2024-EMK-02-G084,TRAY,Y,8,1,117.3 X 116.1,,CZ0289
EMKPR0118.4,2024,7,1,140,140,QFN,180400,2/11/2024 19:00,G-A,P,EMS,NQ-500E500C020E,524.17A,20289,EMS0752P,A,2024-EMK-02-G084,TRAY,Y,8,1,117.3 X 116.1,,CZ0289
EMKPR0119.1,2024,7,1,140,140,QFN,176714,2/11/2024 19:00,G-A,P,EMS,NQ-500E500C020E,524.17A,17600,EMS0752P,A,2024-EMK-02-G080,TRAY,Y,8,1,117.3 X 116.1,,CZ0289
EMKPR0119.2,2024,7,1,140,140,QFN,176714,2/11/2024 19:00,G-A,P,EMS,NQ-500E500C020E,524.17A,17600,EMS0752P,A,2024-EMK-02-G080,TRAY,Y,8,1,117.3 X 116.1,,CZ0289
EMKPR0119.3,2024,7,1,140,140,QFN,176714,2/11/2024 19:00,G-A,P,EMS,NQ-500E500C020E,524.17A,17600,EMS0752P,A,2024-EMK-02-G080,TRAY,Y,8,1,117.3 X 116.1,,CZ0289
EMKPR0119.4,2024,7,1,140,140,QFN,176714,2/11/2024 19:00,G-A,P,EMS,NQ-500E500C020E,524.17A,21132,EMS0752P,A,2024-EMK-02-G080,TRAY,Y,8,1,117.3 X 116.1,,CZ0289
EMKPR0120.3,2024,7,1,140,140,QFN,180416,2/11/2024 19:00,G-A,P,EMS,NQ-500E500C020E,524.17A,17600,EMS0752P,A,2024-EMK-02-G083,TRAY,Y,8,1,117.3 X 116.1,,CZ0289
EMKPR0120.2,2024,7,1,140,140,QFN,180416,2/11/2024 19:00,G-A,P,EMS,NQ-500E500C020E,524.17A,17600,EMS0752P,A,2024-EMK-02-G083,TRAY,Y,8,1,117.3 X 116.1,,CZ0289
EMKPR0120.1,2024,7,1,140,140,QFN,180416,2/11/2024 19:00,G-A,P,EMS,NQ-500E500C020E,524.17A,17600,EMS0752P,A,2024-EMK-02-G083,TRAY,Y,8,1,117.3 X 116.1,,CZ0289
EMKPR0120.4,2024,7,1,140,140,QFN,180416,2/11/2024 19:00,G-A,P,EMS,NQ-500E500C020E,524.17A,21499,EMS0752P,A,2024-EMK-02-G083,TRAY,Y,8,1,117.3 X 116.1,,CZ0289
EMKPR0121.4,2024,7,1,140,140,QFN,176698,2/11/2024 19:00,G-A,P,EMS,NQ-500E500C020E,524.17A,22678,EMS0752P,A,2024-EMK-02-G082,TRAY,Y,8,1,117.3 X 116.1,,CZ0289
EMKPR0121.1,2024,7,1,140,140,QFN,176698,2/11/2024 19:00,G-A,P,EMS,NQ-500E500C020E,524.17A,17600,EMS0752P,A,2024-EMK-02-G082,TRAY,Y,8,1,117.3 X 116.1,,CZ0289
EMKPR0121.2,2024,7,1,140,140,QFN,176698,2/11/2024 19:00,G-A,P,EMS,NQ-500E500C020E,524.17A,17600,EMS0752P,A,2024-EMK-02-G082,TRAY,Y,8,1,117.3 X 116.1,,CZ0289
EMKPR0121.3,2024,7,1,140,140,QFN,176698,2/11/2024 19:00,G-A,P,EMS,NQ-500E500C020E,524.17A,17600,EMS0752P,A,2024-EMK-02-G082,TRAY,Y,8,1,117.3 X 116.1,,CZ0289
EMKPR0122.4,2024,7,2,140,140,QFN,176699,2/12/2024 19:00,G-A,P,EMS,NQ-500E500C020E,524.17A,22293,EMS0752P,A,2024-EMK-02-G087,TRAY,Y,8,1,117.3 X 116.1,,CZ0289
EMKPR0122.3,2024,7,2,140,140,QFN,176699,2/12/2024 19:00,G-A,P,EMS,NQ-500E500C020E,524.17A,17600,EMS0752P,A,2024-EMK-02-G087,TRAY,Y,8,1,117.3 X 116.1,,CZ0289
EMKPR0122.1,2024,7,2,140,140,QFN,176699,2/12/2024 19:00,G-A,P,EMS,NQ-500E500C020E,524.17A,17600,EMS0752P,A,2024-EMK-02-G087,TRAY,Y,8,1,117.3 X 116.1,,CZ0289
EMKPR0122.2,2024,7,2,140,140,QFN,176699,2/12/2024 19:00,G-A,P,EMS,NQ-500E500C020E,524.17A,17600,EMS0752P,A,2024-EMK-02-G087,TRAY,Y,8,1,117.3 X 116.1,,CZ0289
EMKPR0123.1,2024,7,2,140,140,QFN,176704,2/12/2024 19:00,G-A,P,EMS,NQ-500E500C020E,524.17A,17600,EMS0752P,A,2024-EMK-02-G071,TRAY,Y,8,1,117.3 X 116.1,,CZ0289
EMKPR0123.2,2024,7,2,140,140,QFN,176704,2/12/2024 19:00,G-A,P,EMS,NQ-500E500C020E,524.17A,17600,EMS0752P,A,2024-EMK-02-G071,TRAY,Y,8,1,117.3 X 116.1,,CZ0289
EMKPR0123.3,2024,7,2,140,140,QFN,176704,2/12/2024 19:00,G-A,P,EMS,NQ-500E500C020E,524.17A,17600,EMS0752P,A,2024-EMK-02-G071,TRAY,Y,8,1,117.3 X 116.1,,CZ0289
EMKPR0123.4,2024,7,2,140,140,QFN,176704,2/12/2024 19:00,G-A,P,EMS,NQ-500E500C020E,524.17A,19631,EMS0752P,A,2024-EMK-02-G071,TRAY,Y,8,1,117.3 X 116.1,,CZ0289
EMKPR0124.4,2024,7,2,140,140,QFN,176709,2/12/2024 19:00,G-A,P,EMS,NQ-500E500C020E,524.17A,22972,EMS0752P,A,2024-EMK-02-G074,TRAY,Y,8,1,117.3 X 116.1,,CZ0289
EMKPR0124.1,2024,7,2,140,140,QFN,176709,2/12/2024 19:00,G-A,P,EMS,NQ-500E500C020E,524.17A,17600,EMS0752P,A,2024-EMK-02-G074,TRAY,Y,8,1,117.3 X 116.1,,CZ0289
EMKPR0124.2,2024,7,2,140,140,QFN,176709,2/12/2024 19:00,G-A,P,EMS,NQ-500E500C020E,524.17A,17600,EMS0752P,A,2024-EMK-02-G074,TRAY,Y,8,1,117.3 X 116.1,,CZ0289
EMKPR0124.3,2024,7,2,140,140,QFN,176709,2/12/2024 19:00,G-A,P,EMS,NQ-500E500C020E,524.17A,17600,EMS0752P,A,2024-EMK-02-G074,TRAY,Y,8,1,117.3 X 116.1,,CZ0289
EMKPR0125.4,2024,7,2,140,140,QFN,176686,2/12/2024 19:00,G-A,P,EMS,NQ-500E500C020E,524.17A,21060,EMS0752P,A,2024-EMK-02-G084,TRAY,Y,8,1,117.3 X 116.1,,CZ0289
EMKPR0125.1,2024,7,2,140,140,QFN,176686,2/12/2024 19:00,G-A,P,EMS,NQ-500E500C020E,524.17A,17600,EMS0752P,A,2024-EMK-02-G084,TRAY,Y,8,1,117.3 X 116.1,,CZ0289
EMKPR0125.2,2024,7,2,140,140,QFN,176686,2/12/2024 19:00,G-A,P,EMS,NQ-500E500C020E,524.17A,17600,EMS0752P,A,2024-EMK-02-G084,TRAY,Y,8,1,117.3 X 116.1,,CZ0289
EMKPR0125.3,2024,7,2,140,140,QFN,176686,2/12/2024 19:00,G-A,P,EMS,NQ-500E500C020E,524.17A,17600,EMS0752P,A,2024-EMK-02-G084,TRAY,Y,8,1,117.3 X 116.1,,CZ0289
EMKPR0126.1,2024,7,2,140,140,QFN,176713,2/12/2024 19:00,G-A,P,EMS,NQ-500E500C020E,524.17A,17600,EMS0752P,A,2024-EMK-02-G091,TRAY,Y,8,1,117.3 X 116.1,,CZ0289
EMKPR0126.2,2024,7,2,140,140,QFN,176713,2/12/2024 19:00,G-A,P,EMS,NQ-500E500C020E,524.17A,17600,EMS0752P,A,2024-EMK-02-G091,TRAY,Y,8,1,117.3 X 116.1,,CZ0289
EMKPR0126.3,2024,7,2,140,140,QFN,176713,2/12/2024 19:00,G-A,P,EMS,NQ-500E500C020E,524.17A,17600,EMS0752P,A,2024-EMK-02-G091,TRAY,Y,8,1,117.3 X 116.1,,CZ0289
EMKPR0126.4,2024,7,2,140,140,QFN,176713,2/12/2024 19:00,G-A,P,EMS,NQ-500E500C020E,524.17A,21241,EMS0752P,A,2024-EMK-02-G091,TRAY,Y,8,1,117.3 X 116.1,,CZ0289
EMKPR0127.4,2024,7,3,140,140,QFN,180375,2/13/2024 19:00,G-A,P,EMS,NQ-500E500C020E,524.17A,22976,EMS0752P,A,2024-EMK-02-G088,TRAY,Y,8,1,117.3 X 116.1,,CZ0289
EMKPR0127.1,2024,7,3,140,140,QFN,180375,2/13/2024 19:00,G-A,P,EMS,NQ-500E500C020E,524.17A,17600,EMS0752P,A,2024-EMK-02-G088,TRAY,Y,8,1,117.3 X 116.1,,CZ0289
EMKPR0127.2,2024,7,3,140,140,QFN,180375,2/13/2024 19:00,G-A,P,EMS,NQ-500E500C020E,524.17A,17600,EMS0752P,A,2024-EMK-02-G088,TRAY,Y,8,1,117.3 X 116.1,,CZ0289
EMKPR0127.3,2024,7,3,140,140,QFN,180375,2/13/2024 19:00,G-A,P,EMS,NQ-500E500C020E,524.17A,17600,EMS0752P,A,2024-EMK-02-G088,TRAY,Y,8,1,117.3 X 116.1,,CZ0289
EMKPR0128.4,2024,7,3,140,140,QFN,180383,2/13/2024 19:00,G-A,P,EMS,NQ-500E500C020E,524.17A,22018,EMS0752P,A,2024-EMK-02-G088,TRAY,Y,8,1,117.3 X 116.1,,CZ0289
EMKPR0128.1,2024,7,3,140,140,QFN,180383,2/13/2024 19:00,G-A,P,EMS,NQ-500E500C020E,524.17A,17600,EMS0752P,A,2024-EMK-02-G088,TRAY,Y,8,1,117.3 X 116.1,,CZ0289
EMKPR0128.2,2024,7,3,140,140,QFN,180383,2/13/2024 19:00,G-A,P,EMS,NQ-500E500C020E,524.17A,17600,EMS0752P,A,2024-EMK-02-G088,TRAY,Y,8,1,117.3 X 116.1,,CZ0289
EMKPR0128.3,2024,7,3,140,140,QFN,180383,2/13/2024 19:00,G-A,P,EMS,NQ-500E500C020E,524.17A,17600,EMS0752P,A,2024-EMK-02-G088,TRAY,Y,8,1,117.3 X 116.1,,CZ0289
EMKPR0129.1,2024,7,3,140,140,QFN,172978,2/13/2024 19:00,G-A,P,EMS,NQ-500E500C020E,524.17A,17600,EMS0752P,A,2024-EMK-02-G088,TRAY,Y,8,1,117.3 X 116.1,,CZ0289
EMKPR0129.2,2024,7,3,140,140,QFN,172978,2/13/2024 19:00,G-A,P,EMS,NQ-500E500C020E,524.17A,17600,EMS0752P,A,2024-EMK-02-G088,TRAY,Y,8,1,117.3 X 116.1,,CZ0289
EMKPR0129.3,2024,7,3,140,140,QFN,172978,2/13/2024 19:00,G-A,P,EMS,NQ-500E500C020E,524.17A,17600,EMS0752P,A,2024-EMK-02-G088,TRAY,Y,8,1,117.3 X 116.1,,CZ0289
EMKPR0129.4,2024,7,3,140,140,QFN,172978,2/13/2024 19:00,G-A,P,EMS,NQ-500E500C020E,524.17A,23452,EMS0752P,A,2024-EMK-02-G088,TRAY,Y,8,1,117.3 X 116.1,,CZ0289
EMKPR0130.1,2024,7,3,140,140,QFN,174942,2/13/2024 19:00,G-A,P,EMS,NQ-500E500C020E,524.17A,17600,EMS0752P,A,2024-EMK-02-G086,TRAY,Y,8,1,117.3 X 116.1,,CZ0289
EMKPR0130.2,2024,7,3,140,140,QFN,174942,2/13/2024 19:00,G-A,P,EMS,NQ-500E500C020E,524.17A,17600,EMS0752P,A,2024-EMK-02-G086,TRAY,Y,8,1,117.3 X 116.1,,CZ0289
EMKPR0130.4,2024,7,3,140,140,QFN,174942,2/13/2024 19:00,G-A,P,EMS,NQ-500E500C020E,524.17A,19071,EMS0752P,A,2024-EMK-02-G086,TRAY,Y,8,1,117.3 X 116.1,,CZ0289
EMKPR0130.3,2024,7,3,140,140,QFN,174942,2/13/2024 19:00,G-A,P,EMS,NQ-500E500C020E,524.17A,17600,EMS0752P,A,2024-EMK-02-G086,TRAY,Y,8,1,117.3 X 116.1,,CZ0289
EMKPR0131.3,2024,7,4,140,140,QFN,174989,2/14/2024 19:00,G-A,P,EMS,NQ-500E500C020E,524.17A,17600,EMS0752P,A,2024-EMK-02-G089,TRAY,Y,8,1,117.3 X 116.1,,CZ0289
EMKPR0131.2,2024,7,4,140,140,QFN,174989,2/14/2024 19:00,G-A,P,EMS,NQ-500E500C020E,524.17A,17600,EMS0752P,A,2024-EMK-02-G089,TRAY,Y,8,1,117.3 X 116.1,,CZ0289
EMKPR0131.4,2024,7,4,140,140,QFN,174989,2/14/2024 19:00,G-A,P,EMS,NQ-500E500C020E,524.17A,21122,EMS0752P,A,2024-EMK-02-G089,TRAY,Y,8,1,117.3 X 116.1,,CZ0289
EMKPR0131.1,2024,7,4,140,140,QFN,174989,2/14/2024 19:00,G-A,P,EMS,NQ-500E500C020E,524.17A,17600,EMS0752P,A,2024-EMK-02-G089,TRAY,Y,8,1,117.3 X 116.1,,CZ0289
EMKPR0132.1,2024,6,7,140,140,QFN,175837,2/10/2024 19:00,G-A,P,EMS,NQ-500E500C020E,524.17A,17600,EMS0752P,A,2024-EMK-02-G082,TRAY,Y,8,1,117.3 X 116.1,,CZ0289
EMKPR0132.3,2024,6,7,140,140,QFN,175837,2/10/2024 19:00,G-A,P,EMS,NQ-500E500C020E,524.17A,17600,EMS0752P,A,2024-EMK-02-G082,TRAY,Y,8,1,117.3 X 116.1,,CZ0289
EMKPR0132.2,2024,6,7,140,140,QFN,175837,2/10/2024 19:00,G-A,P,EMS,NQ-500E500C020E,524.17A,17600,EMS0752P,A,2024-EMK-02-G082,TRAY,Y,8,1,117.3 X 116.1,,CZ0289
EMKPR0132.4,2024,6,7,140,140,QFN,175837,2/10/2024 19:00,G-A,P,EMS,NQ-500E500C020E,524.17A,23668,EMS0752P,A,2024-EMK-02-G082,TRAY,Y,8,1,117.3 X 116.1,,CZ0289
EMKPR0133.4,2024,6,7,140,140,QFN,176705,2/10/2024 19:00,G-A,P,EMS,NQ-500E500C020E,524.17A,18474,EMS0752P,A,2024-EMK-02-G077,TRAY,Y,8,1,117.3 X 116.1,,CZ0289
EMKPR0133.2,2024,6,7,140,140,QFN,176705,2/10/2024 19:00,G-A,P,EMS,NQ-500E500C020E,524.17A,17600,EMS0752P,A,2024-EMK-02-G077,TRAY,Y,8,1,117.3 X 116.1,,CZ0289
EMKPR0133.3,2024,6,7,140,140,QFN,176705,2/10/2024 19:00,G-A,P,EMS,NQ-500E500C020E,524.17A,17600,EMS0752P,A,2024-EMK-02-G077,TRAY,Y,8,1,117.3 X 116.1,,CZ0289
EMKPR0133.1,2024,6,7,140,140,QFN,176705,2/10/2024 19:00,G-A,P,EMS,NQ-500E500C020E,524.17A,17600,EMS0752P,A,2024-EMK-02-G077,TRAY,Y,8,1,117.3 X 116.1,,CZ0289
EMKPR0134.1,2024,8,6,140,140,QFN,174047,2/23/2024 19:00,G-A,P,EMS,NQ-500E500C020E,524.17A,17600,EMS0752P,A,2024-EMK-03-G003,TRAY,Y,8,1,117.3 X 116.1,,CZ0289
EMKPR0134.4,2024,8,6,140,140,QFN,174047,2/23/2024 19:00,G-A,P,EMS,NQ-500E500C020E,524.17A,23517,EMS0752P,A,2024-EMK-03-G003,TRAY,Y,8,1,117.3 X 116.1,,CZ0289
EMKPR0134.2,2024,8,6,140,140,QFN,174047,2/23/2024 19:00,G-A,P,EMS,NQ-500E500C020E,524.17A,17600,EMS0752P,A,2024-EMK-03-G003,TRAY,Y,8,1,117.3 X 116.1,,CZ0289
EMKPR0134.3,2024,8,6,140,140,QFN,174047,2/23/2024 19:00,G-A,P,EMS,NQ-500E500C020E,524.17A,17600,EMS0752P,A,2024-EMK-03-G003,TRAY,Y,8,1,117.3 X 116.1,,CZ0289
EMKPR0135.4,2024,8,6,140,140,QFN,175601,2/23/2024 19:00,G-A,P,EMS,NQ-500E500C020E,524.17A,21915,EMS0752P,A,2024-EMK-03-G002,TRAY,Y,8,1,117.3 X 116.1,,CZ0289
EMKPR0135.3,2024,8,6,140,140,QFN,175601,2/23/2024 19:00,G-A,P,EMS,NQ-500E500C020E,524.17A,17600,EMS0752P,A,2024-EMK-03-G002,TRAY,Y,8,1,117.3 X 116.1,,CZ0289
EMKPR0135.2,2024,8,6,140,140,QFN,175601,2/23/2024 19:00,G-A,P,EMS,NQ-500E500C020E,524.17A,17600,EMS0752P,A,2024-EMK-03-G002,TRAY,Y,8,1,117.3 X 116.1,,CZ0289
EMKPR0135.1,2024,8,6,140,140,QFN,175601,2/23/2024 19:00,G-A,P,EMS,NQ-500E500C020E,524.17A,17600,EMS0752P,A,2024-EMK-03-G002,TRAY,Y,8,1,117.3 X 116.1,,CZ0289
EMKPR0136.3,2024,8,6,140,140,QFN,175602,2/23/2024 19:00,G-A,P,EMS,NQ-500E500C020E,524.17A,17600,EMS0752P,A,2024-EMK-03-G002,TRAY,Y,8,1,117.3 X 116.1,,CZ0289
EMKPR0136.4,2024,8,6,140,140,QFN,175602,2/23/2024 19:00,G-A,P,EMS,NQ-500E500C020E,524.17A,16986,EMS0752P,A,2024-EMK-03-G002,TRAY,Y,8,1,117.3 X 116.1,,CZ0289
EMKPR0136.1,2024,8,6,140,140,QFN,175602,2/23/2024 19:00,G-A,P,EMS,NQ-500E500C020E,524.17A,17600,EMS0752P,A,2024-EMK-03-G002,TRAY,Y,8,1,117.3 X 116.1,,CZ0289
EMKPR0136.2,2024,8,6,140,140,QFN,175602,2/23/2024 19:00,G-A,P,EMS,NQ-500E500C020E,524.17A,17600,EMS0752P,A,2024-EMK-03-G002,TRAY,Y,8,1,117.3 X 116.1,,CZ0289
EMKPR0137.1,2024,8,6,140,140,QFN,175603,2/23/2024 19:00,G-A,P,EMS,NQ-500E500C020E,524.17A,17600,EMS0752P,A,2024-EMK-03-G002,TRAY,Y,8,1,117.3 X 116.1,,CZ0289
EMKPR0137.3,2024,8,6,140,140,QFN,175603,2/23/2024 19:00,G-A,P,EMS,NQ-500E500C020E,524.17A,17600,EMS0752P,A,2024-EMK-03-G002,TRAY,Y,8,1,117.3 X 116.1,,CZ0289
EMKPR0137.4,2024,8,6,140,140,QFN,175603,2/23/2024 19:00,G-A,P,EMS,NQ-500E500C020E,524.17A,23254,EMS0752P,A,2024-EMK-03-G002,TRAY,Y,8,1,117.3 X 116.1,,CZ0289
EMKPR0137.2,2024,8,6,140,140,QFN,175603,2/23/2024 19:00,G-A,P,EMS,NQ-500E500C020E,524.17A,17600,EMS0752P,A,2024-EMK-03-G002,TRAY,Y,8,1,117.3 X 116.1,,CZ0289
EMKPR0138.4,2024,8,6,140,140,QFN,175606,2/23/2024 19:00,G-A,P,EMS,NQ-500E500C020E,524.17A,21965,EMS0752P,A,2024-EMK-03-G004,TRAY,Y,8,1,117.3 X 116.1,,CZ0289
EMKPR0138.3,2024,8,6,140,140,QFN,175606,2/23/2024 19:00,G-A,P,EMS,NQ-500E500C020E,524.17A,17600,EMS0752P,A,2024-EMK-03-G004,TRAY,Y,8,1,117.3 X 116.1,,CZ0289
EMKPR0138.2,2024,8,6,140,140,QFN,175606,2/23/2024 19:00,G-A,P,EMS,NQ-500E500C020E,524.17A,17600,EMS0752P,A,2024-EMK-03-G004,TRAY,Y,8,1,117.3 X 116.1,,CZ0289
EMKPR0138.1,2024,8,6,140,140,QFN,175606,2/23/2024 19:00,G-A,P,EMS,NQ-500E500C020E,524.17A,17600,EMS0752P,A,2024-EMK-03-G004,TRAY,Y,8,1,117.3 X 116.1,,CZ0289
EMKPR0139.3,2024,8,6,140,140,QFN,175607,2/23/2024 19:00,G-A,P,EMS,NQ-500E500C020E,524.17A,17600,EMS0752P,A,2024-EMK-03-G005,TRAY,Y,8,1,117.3 X 116.1,,CZ0289
EMKPR0139.1,2024,8,6,140,140,QFN,175607,2/23/2024 19:00,G-A,P,EMS,NQ-500E500C020E,524.17A,17600,EMS0752P,A,2024-EMK-03-G005,TRAY,Y,8,1,117.3 X 116.1,,CZ0289
EMKPR0139.4,2024,8,6,140,140,QFN,175607,2/23/2024 19:00,G-A,P,EMS,NQ-500E500C020E,524.17A,20630,EMS0752P,A,2024-EMK-03-G005,TRAY,Y,8,1,117.3 X 116.1,,CZ0289
EMKPR0139.2,2024,8,6,140,140,QFN,175607,2/23/2024 19:00,G-A,P,EMS,NQ-500E500C020E,524.17A,17600,EMS0752P,A,2024-EMK-03-G005,TRAY,Y,8,1,117.3 X 116.1,,CZ0289
EMKPR0140.1,2024,9,1,140,140,QFN,176688,2/25/2024 19:00,G-A,P,EMS,NQ-500E500C020E,524.17A,17600,EMS0752P,A,2024-EMK-03-G007,TRAY,Y,8,1,117.3 X 116.1,,CZ0289
EMKPR0140.2,2024,9,1,140,140,QFN,176688,2/25/2024 19:00,G-A,P,EMS,NQ-500E500C020E,524.17A,17600,EMS0752P,A,2024-EMK-03-G007,TRAY,Y,8,1,117.3 X 116.1,,CZ0289
EMKPR0140.3,2024,9,1,140,140,QFN,176688,2/25/2024 19:00,G-A,P,EMS,NQ-500E500C020E,524.17A,17600,EMS0752P,A,2024-EMK-03-G007,TRAY,Y,8,1,117.3 X 116.1,,CZ0289
EMKPR0140.4,2024,9,1,140,140,QFN,176688,2/25/2024 19:00,G-A,P,EMS,NQ-500E500C020E,524.17A,23850,EMS0752P,A,2024-EMK-03-G007,TRAY,Y,8,1,117.3 X 116.1,,CZ0289
EMKPR0141.2,2024,9,1,140,140,QFN,176696,2/25/2024 19:00,G-A,P,EMS,NQ-500E500C020E,524.17A,17600,EMS0752P,A,2024-EMK-03-G002,TRAY,Y,8,1,117.3 X 116.1,,CZ0289
EMKPR0141.1,2024,9,1,140,140,QFN,176696,2/25/2024 19:00,G-A,P,EMS,NQ-500E500C020E,524.17A,17600,EMS0752P,A,2024-EMK-03-G002,TRAY,Y,8,1,117.3 X 116.1,,CZ0289
EMKPR0141.3,2024,9,1,140,140,QFN,176696,2/25/2024 19:00,G-A,P,EMS,NQ-500E500C020E,524.17A,17600,EMS0752P,A,2024-EMK-03-G002,TRAY,Y,8,1,117.3 X 116.1,,CZ0289
EMKPR0141.4,2024,9,1,140,140,QFN,176696,2/25/2024 19:00,G-A,P,EMS,NQ-500E500C020E,524.17A,22840,EMS0752P,A,2024-EMK-03-G002,TRAY,Y,8,1,117.3 X 116.1,,CZ0289
EMKPR0142.2,2024,9,1,140,140,QFN,176700,2/25/2024 19:00,G-A,P,EMS,NQ-500E500C020E,524.17A,17600,EMS0752P,A,2024-EMK-03-G006,TRAY,Y,8,1,117.3 X 116.1,,CZ0289
EMKPR0142.1,2024,9,1,140,140,QFN,176700,2/25/2024 19:00,G-A,P,EMS,NQ-500E500C020E,524.17A,17600,EMS0752P,A,2024-EMK-03-G006,TRAY,Y,8,1,117.3 X 116.1,,CZ0289
EMKPR0142.3,2024,9,1,140,140,QFN,176700,2/25/2024 19:00,G-A,P,EMS,NQ-500E500C020E,524.17A,17600,EMS0752P,A,2024-EMK-03-G006,TRAY,Y,8,1,117.3 X 116.1,,CZ0289
EMKPR0142.4,2024,9,1,140,140,QFN,176700,2/25/2024 19:00,G-A,P,EMS,NQ-500E500C020E,524.17A,21928,EMS0752P,A,2024-EMK-03-G006,TRAY,Y,8,1,117.3 X 116.1,,CZ0289
EMKPR0143.1,2024,9,1,140,140,QFN,177650,2/25/2024 19:00,G-A,P,EMS,NQ-500E500C020E,524.17A,23096,EMS0752P,A,2024-EMK-03-G001,TRAY,Y,8,1,117.3 X 116.1,,CZ0289
EMKPR0144.1,2024,9,1,140,140,QFN,180377,2/25/2024 19:00,G-A,P,EMS,NQ-500E500C020E,524.17A,17600,EMS0752P,A,2024-EMK-03-G002,TRAY,Y,8,1,117.3 X 116.1,,CZ0289
EMKPR0144.2,2024,9,1,140,140,QFN,180377,2/25/2024 19:00,G-A,P,EMS,NQ-500E500C020E,524.17A,17600,EMS0752P,A,2024-EMK-03-G002,TRAY,Y,8,1,117.3 X 116.1,,CZ0289
EMKPR0144.3,2024,9,1,140,140,QFN,180377,2/25/2024 19:00,G-A,P,EMS,NQ-500E500C020E,524.17A,17600,EMS0752P,A,2024-EMK-03-G002,TRAY,Y,8,1,117.3 X 116.1,,CZ0289
EMKPR0144.4,2024,9,1,140,140,QFN,180377,2/25/2024 19:00,G-A,P,EMS,NQ-500E500C020E,524.17A,22307,EMS0752P,A,2024-EMK-03-G002,TRAY,Y,8,1,117.3 X 116.1,,CZ0289
EMKPR0145.4,2024,9,2,140,140,QFN,180381,2/26/2024 19:00,G-A,P,EMS,NQ-500E500C020E,524.17A,20847,EMS0752P,A,2024-EMK-03-G008,TRAY,Y,8,1,117.3 X 116.1,,CZ0289
EMKPR0145.3,2024,9,2,140,140,QFN,180381,2/26/2024 19:00,G-A,P,EMS,NQ-500E500C020E,524.17A,17600,EMS0752P,A,2024-EMK-03-G008,TRAY,Y,8,1,117.3 X 116.1,,CZ0289
EMKPR0145.2,2024,9,2,140,140,QFN,180381,2/26/2024 19:00,G-A,P,EMS,NQ-500E500C020E,524.17A,17600,EMS0752P,A,2024-EMK-03-G008,TRAY,Y,8,1,117.3 X 116.1,,CZ0289
EMKPR0145.1,2024,9,2,140,140,QFN,180381,2/26/2024 19:00,G-A,P,EMS,NQ-500E500C020E,524.17A,17600,EMS0752P,A,2024-EMK-03-G008,TRAY,Y,8,1,117.3 X 116.1,,CZ0289
EMKPR0152.4,2024,9,4,140,140,QFN,176681,2/28/2024 19:00,G-A,P,EMS,NQ-500E500C020E,524.17A,20129,EMS0752P,A,2024-EMK-03-G009,TRAY,Y,8,1,117.3 X 116.1,,CZ0289
EMKPR0152.2,2024,9,4,140,140,QFN,176681,2/28/2024 19:00,G-A,P,EMS,NQ-500E500C020E,524.17A,17600,EMS0752P,A,2024-EMK-03-G009,TRAY,Y,8,1,117.3 X 116.1,,CZ0289
EMKPR0152.1,2024,9,4,140,140,QFN,176681,2/28/2024 19:00,G-A,P,EMS,NQ-500E500C020E,524.17A,17600,EMS0752P,A,2024-EMK-03-G009,TRAY,Y,8,1,117.3 X 116.1,,CZ0289
EMKPR0152.3,2024,9,4,140,140,QFN,176681,2/28/2024 19:00,G-A,P,EMS,NQ-500E500C020E,524.17A,17600,EMS0752P,A,2024-EMK-03-G009,TRAY,Y,8,1,117.3 X 116.1,,CZ0289
EMKPR0153.4,2024,9,4,140,140,QFN,180410,2/28/2024 19:00,G-A,P,EMS,NQ-500E500C020E,524.17A,23242,EMS0752P,A,2024-EMK-03-G009,TRAY,Y,8,1,117.3 X 116.1,,CZ0289
EMKPR0153.3,2024,9,4,140,140,QFN,180410,2/28/2024 19:00,G-A,P,EMS,NQ-500E500C020E,524.17A,17600,EMS0752P,A,2024-EMK-03-G009,TRAY,Y,8,1,117.3 X 116.1,,CZ0289
EMKPR0153.2,2024,9,4,140,140,QFN,180410,2/28/2024 19:00,G-A,P,EMS,NQ-500E500C020E,524.17A,17600,EMS0752P,A,2024-EMK-03-G009,TRAY,Y,8,1,117.3 X 116.1,,CZ0289
EMKPR0153.1,2024,9,4,140,140,QFN,180410,2/28/2024 19:00,G-A,P,EMS,NQ-500E500C020E,524.17A,17600,EMS0752P,A,2024-EMK-03-G009,TRAY,Y,8,1,117.3 X 116.1,,CZ0289
EMKPR0154.3,2024,9,4,140,140,QFN,181955,2/28/2024 19:00,G-A,P,EMS,NQ-500E500C020E,524.17A,17600,EMS0752P,A,2024-EMK-03-G009,TRAY,Y,8,1,117.3 X 116.1,,CZ0289
EMKPR0154.4,2024,9,4,140,140,QFN,181955,2/28/2024 19:00,G-A,P,EMS,NQ-500E500C020E,524.17A,20641,EMS0752P,A,2024-EMK-03-G009,TRAY,Y,8,1,117.3 X 116.1,,CZ0289
EMKPR0154.1,2024,9,4,140,140,QFN,181955,2/28/2024 19:00,G-A,P,EMS,NQ-500E500C020E,524.17A,17600,EMS0752P,A,2024-EMK-03-G009,TRAY,Y,8,1,117.3 X 116.1,,CZ0289
EMKPR0154.2,2024,9,4,140,140,QFN,181955,2/28/2024 19:00,G-A,P,EMS,NQ-500E500C020E,524.17A,17600,EMS0752P,A,2024-EMK-03-G009,TRAY,Y,8,1,117.3 X 116.1,,CZ0289
EMSLR0896.1,2024,8,4,140,140,QFN,184539,2/21/2024 19:00,G-A,L,EMS,NQ-500E500C020E,524.17A,2513,EMS0752P,A,2024-EMS-03-G011,TRAY,Y,8,1,117.3 X 116.1,,CZ0289
EMSLR0897.1,2024,8,4,140,140,QFN,184539,2/21/2024 19:00,G-A,L,EMS,NQ-500E500C020E,524.17A,2742,EMS0752P,A,2024-EMS-03-G011,TRAY,Y,8,1,117.3 X 116.1,,CZ0289
EMSLR0898.1,2024,8,4,140,140,QFN,184539,2/21/2024 19:00,G-A,L,EMS,NQ-500E500C020E,524.17A,2755,EMS0752P,A,2024-EMS-03-G011,TRAY,Y,8,1,117.3 X 116.1,,CZ0289
EMSPR0579.4,2024,5,7,140,140,QFN,181093,2/3/2024 19:00,B-A,P,EMS,NQ-500E500C020U,522.40B,17600,EMS0704P,B,2024-EMS-02-G188,TRAY,Y,8,1,92.5 X 91.7,,CZ0142
EMSPR0579.5,2024,5,7,140,140,QFN,181093,2/3/2024 19:00,B-A,P,EMS,NQ-500E500C020U,522.40B,17600,EMS0704P,B,2024-EMS-02-G188,TRAY,Y,8,1,92.5 X 91.7,,CZ0142
EMSPR0579.3,2024,5,7,140,140,QFN,181093,2/3/2024 19:00,B-A,P,EMS,NQ-500E500C020U,522.40B,17600,EMS0704P,B,2024-EMS-02-G179,TRAY,Y,8,1,92.5 X 91.7,,CZ0142
EMSPR0579.6,2024,5,7,140,140,QFN,181093,2/3/2024 19:00,B-A,P,EMS,NQ-500E500C020U,522.40B,22989,EMS0704P,B,2024-EMS-02-G188,TRAY,Y,8,1,92.5 X 91.7,,CZ0142
EMSPR0579.1,2024,5,7,140,140,QFN,181093,2/3/2024 19:00,B-A,P,EMS,NQ-500E500C020U,522.40B,17600,EMS0704P,B,2024-EMS-02-G179,TRAY,Y,8,1,92.5 X 91.7,,CZ0142
EMSPR0579.2,2024,5,7,140,140,QFN,181093,2/3/2024 19:00,B-A,P,EMS,NQ-500E500C020U,522.40B,17600,EMS0704P,B,2024-EMS-02-G188,TRAY,Y,8,1,92.5 X 91.7,,CZ0142
EMSPR0580.4,2024,5,7,140,140,QFN,181162,2/3/2024 19:00,B-A,P,EMS,NQ-500E500C020U,522.40B,17600,EMS0704P,B,2024-EMS-02-G188,TRAY,Y,8,1,92.5 X 91.7,,CZ0142
EMSPR0580.3,2024,5,7,140,140,QFN,181162,2/3/2024 19:00,B-A,P,EMS,NQ-500E500C020U,522.40B,17600,EMS0704P,B,2024-EMS-02-G179,TRAY,Y,8,1,92.5 X 91.7,,CZ0142
EMSPR0580.2,2024,5,7,140,140,QFN,181162,2/3/2024 19:00,B-A,P,EMS,NQ-500E500C020U,522.40B,17600,EMS0704P,B,2024-EMS-02-G167,TRAY,Y,8,1,92.5 X 91.7,,CZ0142
EMSPR0580.1,2024,5,7,140,140,QFN,181162,2/3/2024 19:00,B-A,P,EMS,NQ-500E500C020U,522.40B,17600,EMS0704P,B,2024-EMS-02-G188,TRAY,Y,8,1,92.5 X 91.7,,CZ0142
EMSPR0580.5,2024,5,7,140,140,QFN,181162,2/3/2024 19:00,B-A,P,EMS,NQ-500E500C020U,522.40B,17408,EMS0704P,B,2024-EMS-02-G179,TRAY,Y,8,1,92.5 X 91.7,,CZ0142
EMSPR0626.1,2024,6,3,140,140,QFN,181242,2/6/2024 19:00,B-A,P,EMS,NQ-500E500C020U,522.40B,17600,EMS0704P,B,2024-EMS-02-G188,TRAY,Y,8,1,92.5 X 91.7,,CZ0142
EMSPR0626.2,2024,6,3,140,140,QFN,181242,2/6/2024 19:00,B-A,P,EMS,NQ-500E500C020U,522.40B,17600,EMS0704P,B,2024-EMS-02-G199,TRAY,Y,8,1,92.5 X 91.7,,CZ0142
EMSPR0626.3,2024,6,3,140,140,QFN,181242,2/6/2024 19:00,B-A,P,EMS,NQ-500E500C020U,522.40B,17600,EMS0704P,B,2024-EMS-02-G199,TRAY,Y,8,1,92.5 X 91.7,,CZ0142
EMSPR0626.4,2024,6,3,140,140,QFN,181242,2/6/2024 19:00,B-A,P,EMS,NQ-500E500C020U,522.40B,17600,EMS0704P,B,2024-EMS-02-G191,TRAY,Y,8,1,92.5 X 91.7,,CZ0142
EMSPR0626.5,2024,6,3,140,140,QFN,181242,2/6/2024 19:00,B-A,P,EMS,NQ-500E500C020U,522.40B,17600,EMS0704P,B,2024-EMS-02-G199,TRAY,Y,8,1,92.5 X 91.7,,CZ0142
EMSPR0626.6,2024,6,3,140,140,QFN,181242,2/6/2024 19:00,B-A,P,EMS,NQ-500E500C020U,522.40B,17600,EMS0704P,B,2024-EMS-02-G199,TRAY,Y,8,1,92.5 X 91.7,,CZ0142
EMSPR0626.7,2024,6,3,140,140,QFN,181242,2/6/2024 19:00,B-A,P,EMS,NQ-500E500C020U,522.40B,15786,EMS0704P,B,2024-EMS-02-G191,TRAY,Y,8,1,92.5 X 91.7,,CZ0142
EMSPR0627.1,2024,6,3,140,140,QFN,182401,2/6/2024 19:00,B-A,P,EMS,NQ-500E500C020U,522.40B,17600,EMS0704P,B,2024-EMS-02-G199,TRAY,Y,8,1,92.5 X 91.7,,CZ0142
EMSPR0627.2,2024,6,3,140,140,QFN,182401,2/6/2024 19:00,B-A,P,EMS,NQ-500E500C020U,522.40B,17600,EMS0704P,B,2024-EMS-02-G199,TRAY,Y,8,1,92.5 X 91.7,,CZ0142
EMSPR0627.3,2024,6,3,140,140,QFN,182401,2/6/2024 19:00,B-A,P,EMS,NQ-500E500C020U,522.40B,17600,EMS0704P,B,2024-EMS-02-G199,TRAY,Y,8,1,92.5 X 91.7,,CZ0142
EMSPR0627.4,2024,6,3,140,140,QFN,182401,2/6/2024 19:00,B-A,P,EMS,NQ-500E500C020U,522.40B,17600,EMS0704P,B,2024-EMS-02-G191,TRAY,Y,8,1,92.5 X 91.7,,CZ0142
EMSPR0627.7,2024,6,3,140,140,QFN,182401,2/6/2024 19:00,B-A,P,EMS,NQ-500E500C020U,522.40B,10909,EMS0704P,B,2024-EMS-02-G197,TRAY,Y,8,1,92.5 X 91.7,,CZ0142
EMSPR0627.6,2024,6,3,140,140,QFN,182401,2/6/2024 19:00,B-A,P,EMS,NQ-500E500C020U,522.40B,17600,EMS0704P,B,2024-EMS-02-G199,TRAY,Y,8,1,92.5 X 91.7,,CZ0142
EMSPR0627.5,2024,6,3,140,140,QFN,182401,2/6/2024 19:00,B-A,P,EMS,NQ-500E500C020U,522.40B,17600,EMS0704P,B,2024-EMS-02-G199,TRAY,Y,8,1,92.5 X 91.7,,CZ0142
EMSPR0711.4,2024,7,3,140,140,QFN,181243,2/13/2024 19:00,B-A,P,EMS,NQ-500E500C020U,522.40B,17600,EMS0704P,B,2024-EMS-02-G261,TRAY,Y,8,1,92.5 X 91.7,,CZ0142
EMSPR0711.5,2024,7,3,140,140,QFN,181243,2/13/2024 19:00,B-A,P,EMS,NQ-500E500C020U,522.40B,17600,EMS0704P,B,2024-EMS-02-G261,TRAY,Y,8,1,92.5 X 91.7,,CZ0142
EMSPR0711.6,2024,7,3,140,140,QFN,181243,2/13/2024 19:00,B-A,P,EMS,NQ-500E500C020U,522.40B,17600,EMS0704P,B,2024-EMS-02-G252,TRAY,Y,8,1,92.5 X 91.7,,CZ0142
EMSPR0711.7,2024,7,3,140,140,QFN,181243,2/13/2024 19:00,B-A,P,EMS,NQ-500E500C020U,522.40B,14874,EMS0704P,B,2024-EMS-02-G273,TRAY,Y,8,1,92.5 X 91.7,,CZ0142
EMSPR0711.1,2024,7,3,140,140,QFN,181243,2/13/2024 19:00,B-A,P,EMS,NQ-500E500C020U,522.40B,17600,EMS0704P,B,2024-EMS-02-G252,TRAY,Y,8,1,92.5 X 91.7,,CZ0142
EMSPR0711.2,2024,7,3,140,140,QFN,181243,2/13/2024 19:00,B-A,P,EMS,NQ-500E500C020U,522.40B,17600,EMS0704P,B,2024-EMS-02-G261,TRAY,Y,8,1,92.5 X 91.7,,CZ0142
EMSPR0711.3,2024,7,3,140,140,QFN,181243,2/13/2024 19:00,B-A,P,EMS,NQ-500E500C020U,522.40B,17600,EMS0704P,B,2024-EMS-02-G261,TRAY,Y,8,1,92.5 X 91.7,,CZ0142
EMSPR0712.1,2024,7,4,140,140,QFN,181452,2/14/2024 19:00,B-A,P,EMS,NQ-500E500C020U,522.40B,17600,EMS0704P,B,2024-EMS-02-G244,TRAY,Y,8,1,92.5 X 91.7,,CZ0142
EMSPR0712.2,2024,7,4,140,140,QFN,181452,2/14/2024 19:00,B-A,P,EMS,NQ-500E500C020U,522.40B,17600,EMS0704P,B,2024-EMS-02-G249,TRAY,Y,8,1,92.5 X 91.7,,CZ0142
EMSPR0712.3,2024,7,4,140,140,QFN,181452,2/14/2024 19:00,B-A,P,EMS,NQ-500E500C020U,522.40B,17600,EMS0704P,B,2024-EMS-02-G249,TRAY,Y,8,1,92.5 X 91.7,,CZ0142
EMSPR0712.4,2024,7,4,140,140,QFN,181452,2/14/2024 19:00,B-A,P,EMS,NQ-500E500C020U,522.40B,17600,EMS0704P,B,2024-EMS-02-G249,TRAY,Y,8,1,92.5 X 91.7,,CZ0142
EMSPR0712.6,2024,7,4,140,140,QFN,181452,2/14/2024 19:00,B-A,P,EMS,NQ-500E500C020U,522.40B,17600,EMS0704P,B,2024-EMS-02-G282,TRAY,Y,8,1,92.5 X 91.7,,CZ0142
EMSPR0712.7,2024,7,4,140,140,QFN,181452,2/14/2024 19:00,B-A,P,EMS,NQ-500E500C020U,522.40B,15503,EMS0704P,B,2024-EMS-02-G278,TRAY,Y,8,1,92.5 X 91.7,,CZ0142
EMSPR0712.5,2024,7,4,140,140,QFN,181452,2/14/2024 19:00,B-A,P,EMS,NQ-500E500C020U,522.40B,17600,EMS0704P,B,2024-EMS-02-G278,TRAY,Y,8,1,92.5 X 91.7,,CZ0142
EMSPR0713.1,2024,7,4,140,140,QFN,181454,2/14/2024 19:00,B-A,P,EMS,NQ-500E500C020U,522.40B,17600,EMS0704P,B,2024-EMS-02-G278,TRAY,Y,8,1,92.5 X 91.7,,CZ0142
EMSPR0713.2,2024,7,4,140,140,QFN,181454,2/14/2024 19:00,B-A,P,EMS,NQ-500E500C020U,522.40B,17600,EMS0704P,B,2024-EMS-02-G278,TRAY,Y,8,1,92.5 X 91.7,,CZ0142
EMSPR0713.3,2024,7,4,140,140,QFN,181454,2/14/2024 19:00,B-A,P,EMS,NQ-500E500C020U,522.40B,17600,EMS0704P,B,2024-EMS-02-G278,TRAY,Y,8,1,92.5 X 91.7,,CZ0142
EMSPR0713.5,2024,7,4,140,140,QFN,181454,2/14/2024 19:00,B-A,P,EMS,NQ-500E500C020U,522.40B,17600,EMS0704P,B,2024-EMS-02-G244,TRAY,Y,8,1,92.5 X 91.7,,CZ0142
EMSPR0713.4,2024,7,4,140,140,QFN,181454,2/14/2024 19:00,B-A,P,EMS,NQ-500E500C020U,522.40B,17600,EMS0704P,B,2024-EMS-02-G278,TRAY,Y,8,1,92.5 X 91.7,,CZ0142
EMSPR0713.6,2024,7,4,140,140,QFN,181454,2/14/2024 19:00,B-A,P,EMS,NQ-500E500C020U,522.40B,17600,EMS0704P,B,2024-EMS-02-G244,TRAY,Y,8,1,92.5 X 91.7,,CZ0142
EMSPR0713.7,2024,7,4,140,140,QFN,181454,2/14/2024 19:00,B-A,P,EMS,NQ-500E500C020U,522.40B,17487,EMS0704P,B,2024-EMS-02-G278,TRAY,Y,8,1,92.5 X 91.7,,CZ0142
EMSPR0714.4,2024,7,5,140,140,QFN,182692,2/15/2024 19:00,B-A,P,EMS,NQ-500E500C020U,522.40B,17600,EMS0704P,B,2024-EMS-02-G294,TRAY,Y,8,1,92.5 X 91.7,,CZ0142
EMSPR0714.1,2024,7,5,140,140,QFN,182692,2/15/2024 19:00,B-A,P,EMS,NQ-500E500C020U,522.40B,17600,EMS0704P,B,2024-EMS-02-G294,TRAY,Y,8,1,92.5 X 91.7,,CZ0142
EMSPR0714.6,2024,7,5,140,140,QFN,182692,2/15/2024 19:00,B-A,P,EMS,NQ-500E500C020U,522.40B,17600,EMS0704P,B,2024-EMS-02-G244,TRAY,Y,8,1,92.5 X 91.7,,CZ0142
EMSPR0714.7,2024,7,5,140,140,QFN,182692,2/15/2024 19:00,B-A,P,EMS,NQ-500E500C020U,522.40B,11039,EMS0704P,B,2024-EMS-02-G294,TRAY,Y,8,1,92.5 X 91.7,,CZ0142
EMSPR0714.5,2024,7,5,140,140,QFN,182692,2/15/2024 19:00,B-A,P,EMS,NQ-500E500C020U,522.40B,17600,EMS0704P,B,2024-EMS-02-G284,TRAY,Y,8,1,92.5 X 91.7,,CZ0142
EMSPR0714.2,2024,7,5,140,140,QFN,182692,2/15/2024 19:00,B-A,P,EMS,NQ-500E500C020U,522.40B,17600,EMS0704P,B,2024-EMS-02-G249,TRAY,Y,8,1,92.5 X 91.7,,CZ0142
EMSPR0714.3,2024,7,5,140,140,QFN,182692,2/15/2024 19:00,B-A,P,EMS,NQ-500E500C020U,522.40B,17600,EMS0704P,B,2024-EMS-02-G249,TRAY,Y,8,1,92.5 X 91.7,,CZ0142
EMSPR0755.4,2024,7,5,140,140,QFN,181455,2/15/2024 19:00,B-A,P,EMS,NQ-500E500C020U,522.40B,17600,EMS0704P,B,2024-EMS-02-G284,TRAY,Y,8,1,92.5 X 91.7,,CZ0142
EMSPR0755.1,2024,7,5,140,140,QFN,181455,2/15/2024 19:00,B-A,P,EMS,NQ-500E500C020U,522.40B,17600,EMS0704P,B,2024-EMS-02-G249,TRAY,Y,8,1,92.5 X 91.7,,CZ0142
EMSPR0755.5,2024,7,5,140,140,QFN,181455,2/15/2024 19:00,B-A,P,EMS,NQ-500E500C020U,522.40B,17600,EMS0704P,B,2024-EMS-02-G298,TRAY,Y,8,1,92.5 X 91.7,,CZ0142
EMSPR0755.2,2024,7,5,140,140,QFN,181455,2/15/2024 19:00,B-A,P,EMS,NQ-500E500C020U,522.40B,17600,EMS0704P,B,2024-EMS-02-G252,TRAY,Y,8,1,92.5 X 91.7,,CZ0142
EMSPR0755.3,2024,7,5,140,140,QFN,181455,2/15/2024 19:00,B-A,P,EMS,NQ-500E500C020U,522.40B,17600,EMS0704P,B,2024-EMS-02-G252,TRAY,Y,8,1,92.5 X 91.7,,CZ0142
EMSPR0755.7,2024,7,5,140,140,QFN,181455,2/15/2024 19:00,B-A,P,EMS,NQ-500E500C020U,522.40B,15239,EMS0704P,B,2024-EMS-02-G284,TRAY,Y,8,1,92.5 X 91.7,,CZ0142
EMSPR0755.6,2024,7,5,140,140,QFN,181455,2/15/2024 19:00,B-A,P,EMS,NQ-500E500C020U,522.40B,17600,EMS0704P,B,2024-EMS-02-G284,TRAY,Y,8,1,92.5 X 91.7,,CZ0142
EMSPR0831.1,2024,8,1,140,140,QFN,182399,2/18/2024 19:00,B-A,P,EMS,NQ-500E500C020U,522.40B,17600,EMS0704P,B,2024-EMS-02-G252,TRAY,Y,8,1,92.5 X 91.7,,CZ0142
EMSPR0831.2,2024,8,1,140,140,QFN,182399,2/18/2024 19:00,B-A,P,EMS,NQ-500E500C020U,522.40B,17600,EMS0704P,B,2024-EMS-02-G252,TRAY,Y,8,1,92.5 X 91.7,,CZ0142
EMSPR0831.7,2024,8,1,140,140,QFN,182399,2/18/2024 19:00,B-A,P,EMS,NQ-500E500C020U,522.40B,14347,EMS0704P,B,2024-EMS-02-G261,TRAY,Y,8,1,92.5 X 91.7,,CZ0142
EMSPR0831.6,2024,8,1,140,140,QFN,182399,2/18/2024 19:00,B-A,P,EMS,NQ-500E500C020U,522.40B,17600,EMS0704P,B,2024-EMS-02-G261,TRAY,Y,8,1,92.5 X 91.7,,CZ0142
EMSPR0831.5,2024,8,1,140,140,QFN,182399,2/18/2024 19:00,B-A,P,EMS,NQ-500E500C020U,522.40B,17600,EMS0704P,B,2024-EMS-02-G261,TRAY,Y,8,1,92.5 X 91.7,,CZ0142
EMSPR0831.4,2024,8,1,140,140,QFN,182399,2/18/2024 19:00,B-A,P,EMS,NQ-500E500C020U,522.40B,17600,EMS0704P,B,2024-EMS-02-G261,TRAY,Y,8,1,92.5 X 91.7,,CZ0142
EMSPR0831.3,2024,8,1,140,140,QFN,182399,2/18/2024 19:00,B-A,P,EMS,NQ-500E500C020U,522.40B,17600,EMS0704P,B,2024-EMS-02-G261,TRAY,Y,8,1,92.5 X 91.7,,CZ0142
EMSPR0832.1,2024,8,1,140,140,QFN,182402,2/18/2024 19:00,B-A,P,EMS,NQ-500E500C020U,522.40B,17600,EMS0704P,B,2024-EMS-02-G273,TRAY,Y,8,1,92.5 X 91.7,,CZ0142
EMSPR0832.4,2024,8,1,140,140,QFN,182402,2/18/2024 19:00,B-A,P,EMS,NQ-500E500C020U,522.40B,17600,EMS0704P,B,2024-EMS-02-G294,TRAY,Y,8,1,92.5 X 91.7,,CZ0142
EMSPR0832.7,2024,8,1,140,140,QFN,182402,2/18/2024 19:00,B-A,P,EMS,NQ-500E500C020U,522.40B,15500,EMS0704P,B,2024-EMS-02-G309,TRAY,Y,8,1,92.5 X 91.7,,CZ0142
EMSPR0832.6,2024,8,1,140,140,QFN,182402,2/18/2024 19:00,B-A,P,EMS,NQ-500E500C020U,522.40B,17600,EMS0704P,B,2024-EMS-02-G298,TRAY,Y,8,1,92.5 X 91.7,,CZ0142
EMSPR0832.5,2024,8,1,140,140,QFN,182402,2/18/2024 19:00,B-A,P,EMS,NQ-500E500C020U,522.40B,17600,EMS0704P,B,2024-EMS-02-G298,TRAY,Y,8,1,92.5 X 91.7,,CZ0142
EMSPR0832.2,2024,8,1,140,140,QFN,182402,2/18/2024 19:00,B-A,P,EMS,NQ-500E500C020U,522.40B,17600,EMS0704P,B,2024-EMS-02-G300,TRAY,Y,8,1,92.5 X 91.7,,CZ0142
EMSPR0832.3,2024,8,1,140,140,QFN,182402,2/18/2024 19:00,B-A,P,EMS,NQ-500E500C020U,522.40B,17600,EMS0704P,B,2024-EMS-02-G294,TRAY,Y,8,1,92.5 X 91.7,,CZ0142
EMSPR0867.3,2024,8,3,140,140,QFN,182516,2/20/2024 19:00,B-A,P,EMS,NQ-500E500C020U,522.40B,17600,EMS0704P,B,2024-EMS-03-G005,TRAY,Y,8,1,92.5 X 91.7,,CZ0142
EMSPR0867.2,2024,8,3,140,140,QFN,182516,2/20/2024 19:00,B-A,P,EMS,NQ-500E500C020U,522.40B,17600,EMS0704P,B,2024-EMS-02-G300,TRAY,Y,8,1,92.5 X 91.7,,CZ0142
EMSPR0867.1,2024,8,3,140,140,QFN,182516,2/20/2024 19:00,B-A,P,EMS,NQ-500E500C020U,522.40B,17600,EMS0704P,B,2024-EMS-02-G298,TRAY,Y,8,1,92.5 X 91.7,,CZ0142
EMSPR0867.5,2024,8,3,140,140,QFN,182516,2/20/2024 19:00,B-A,P,EMS,NQ-500E500C020U,522.40B,17600,EMS0704P,B,2024-EMS-02-G309,TRAY,Y,8,1,92.5 X 91.7,,CZ0142
EMSPR0867.6,2024,8,3,140,140,QFN,182516,2/20/2024 19:00,B-A,P,EMS,NQ-500E500C020U,522.40B,17600,EMS0704P,B,2024-EMS-02-G300,TRAY,Y,8,1,92.5 X 91.7,,CZ0142
EMSPR0867.4,2024,8,3,140,140,QFN,182516,2/20/2024 19:00,B-A,P,EMS,NQ-500E500C020U,522.40B,17600,EMS0704P,B,2024-EMS-02-G300,TRAY,Y,8,1,92.5 X 91.7,,CZ0142
EMSPR0867.7,2024,8,3,140,140,QFN,182516,2/20/2024 19:00,B-A,P,EMS,NQ-500E500C020U,522.40B,17020,EMS0704P,B,2024-EMS-02-G300,TRAY,Y,8,1,92.5 X 91.7,,CZ0142
EMSPR0869.6,2024,8,3,140,140,QFN,182514,2/20/2024 19:00,B-A,P,EMS,NQ-500E500C020U,522.40B,17600,EMS0704P,B,2024-EMS-02-G300,TRAY,Y,8,1,92.5 X 91.7,,CZ0142
EMSPR0869.7,2024,8,3,140,140,QFN,182514,2/20/2024 19:00,B-A,P,EMS,NQ-500E500C020U,522.40B,17111,EMS0704P,B,2024-EMS-02-G300,TRAY,Y,8,1,92.5 X 91.7,,CZ0142
EMSPR0869.5,2024,8,3,140,140,QFN,182514,2/20/2024 19:00,B-A,P,EMS,NQ-500E500C020U,522.40B,17600,EMS0704P,B,2024-EMS-03-G005,TRAY,Y,8,1,92.5 X 91.7,,CZ0142
EMSPR0869.4,2024,8,3,140,140,QFN,182514,2/20/2024 19:00,B-A,P,EMS,NQ-500E500C020U,522.40B,17600,EMS0704P,B,2024-EMS-02-G300,TRAY,Y,8,1,92.5 X 91.7,,CZ0142
EMSPR0869.3,2024,8,3,140,140,QFN,182514,2/20/2024 19:00,B-A,P,EMS,NQ-500E500C020U,522.40B,17600,EMS0704P,B,2024-EMS-02-G300,TRAY,Y,8,1,92.5 X 91.7,,CZ0142
EMSPR0869.2,2024,8,3,140,140,QFN,182514,2/20/2024 19:00,B-A,P,EMS,NQ-500E500C020U,522.40B,17600,EMS0704P,B,2024-EMS-02-G300,TRAY,Y,8,1,92.5 X 91.7,,CZ0142
EMSPR0869.1,2024,8,3,140,140,QFN,182514,2/20/2024 19:00,B-A,P,EMS,NQ-500E500C020U,522.40B,17600,EMS0704P,B,2024-EMS-03-G009,TRAY,Y,8,1,92.5 X 91.7,,CZ0142
EMSPR0688.1,2024,6,7,140,140,QFN,181054,2/10/2024 19:00,G-A,P,EMS,NQ-500E500C020U,524.24A,5544,EMS1147P,A,2024-EMS-02-G262,TUBE,Y,8,1,133.9 X 109.8,,CZ0142
EMSPR0585.4,2024,6,1,140,140,QFN,178456,2/4/2024 19:00,G-A-T-P,P,EMS,NQ-500M5001032U,521.31B,17600,EMS0925P,A,EMSPR0585.1,TUBE,Y,8,"1,1","50.8 X 117.3,63.8 X 142.5",,CZ0142
EMSPR0585.5,2024,6,1,140,140,QFN,178456,2/4/2024 19:00,G-A-T-P,P,EMS,NQ-500M5001032U,521.31B,21137,EMS0925P,A,EMSPR0585.1,TUBE,Y,8,"1,1","50.8 X 117.3,63.8 X 142.5",,CZ0142
EMSPR0585.3,2024,6,1,140,140,QFN,178456,2/4/2024 19:00,G-A-T-P,P,EMS,NQ-500M5001032U,521.31B,17600,EMS0925P,A,EMSPR0585.1,TUBE,Y,8,"1,1","50.8 X 117.3,63.8 X 142.5",,CZ0142
EMSPR0585.2,2024,6,1,140,140,QFN,178456,2/4/2024 19:00,G-A-T-P,P,EMS,NQ-500M5001032U,521.31B,17600,EMS0925P,A,EMSPR0585.1,TUBE,Y,8,"1,1","50.8 X 117.3,63.8 X 142.5",,CZ0142
EMSPR0585.1,2024,6,1,140,140,QFN,178456,2/4/2024 19:00,G-A-T-P,P,EMS,NQ-500M5001032U,521.31B,17600,EMS0925P,A,2024-EMS-02-G233,TUBE,Y,8,"1,1","50.8 X 117.3,63.8 X 142.5",,CZ0142
EMSPR0586.1,2024,6,2,140,140,QFN,178456,2/5/2024 19:00,G-A-T-P,P,EMS,NQ-500M5001032U,521.31B,17600,EMS0925P,A,2024-EMS-02-G306,TUBE,Y,8,"1,1","50.8 X 117.3,63.8 X 142.5",,CZ0142
EMSPR0586.3,2024,6,2,140,140,QFN,178456,2/5/2024 19:00,G-A-T-P,P,EMS,NQ-500M5001032U,521.31B,17600,EMS0925P,A,EMSPR0586.1,TUBE,Y,8,"1,1","50.8 X 117.3,63.8 X 142.5",,CZ0142
EMSPR0586.4,2024,6,2,140,140,QFN,178456,2/5/2024 19:00,G-A-T-P,P,EMS,NQ-500M5001032U,521.31B,17600,EMS0925P,A,EMSPR0586.1,TUBE,Y,8,"1,1","50.8 X 117.3,63.8 X 142.5",,CZ0142
EMSPR0586.5,2024,6,2,140,140,QFN,178456,2/5/2024 19:00,G-A-T-P,P,EMS,NQ-500M5001032U,521.31B,13893,EMS0925P,A,EMSPR0586.1,TUBE,Y,8,"1,1","50.8 X 117.3,63.8 X 142.5",,CZ0142
EMSPR0586.2,2024,6,2,140,140,QFN,178456,2/5/2024 19:00,G-A-T-P,P,EMS,NQ-500M5001032U,521.31B,17600,EMS0925P,A,EMSPR0586.1,TUBE,Y,8,"1,1","50.8 X 117.3,63.8 X 142.5",,CZ0142
EMSPR0587.1,2024,6,3,140,140,QFN,179487,2/6/2024 19:00,G-A-T-P,P,EMS,NQ-500M5001032U,521.31B,17600,EMS0925P,A,2024-EMS-02-G316,TUBE,Y,8,"1,1","50.8 X 117.3,63.8 X 142.5",,CZ0142
EMSPR0587.2,2024,6,3,140,140,QFN,179487,2/6/2024 19:00,G-A-T-P,P,EMS,NQ-500M5001032U,521.31B,17600,EMS0925P,A,EMSPR0587.1,TUBE,Y,8,"1,1","50.8 X 117.3,63.8 X 142.5",,CZ0142
EMSPR0587.3,2024,6,3,140,140,QFN,179487,2/6/2024 19:00,G-A-T-P,P,EMS,NQ-500M5001032U,521.31B,17600,EMS0925P,A,EMSPR0587.1,TUBE,Y,8,"1,1","50.8 X 117.3,63.8 X 142.5",,CZ0142
EMSPR0587.4,2024,6,3,140,140,QFN,179487,2/6/2024 19:00,G-A-T-P,P,EMS,NQ-500M5001032U,521.31B,17600,EMS0925P,A,EMSPR0587.1,TUBE,Y,8,"1,1","50.8 X 117.3,63.8 X 142.5",,CZ0142
EMSPR0587.5,2024,6,3,140,140,QFN,179487,2/6/2024 19:00,G-A-T-P,P,EMS,NQ-500M5001032U,521.31B,14423,EMS0925P,A,EMSPR0587.1,TUBE,Y,8,"1,1","50.8 X 117.3,63.8 X 142.5",,CZ0142
EMSPR0630.1,2024,6,4,140,140,QFN,179640,2/7/2024 19:00,G-A-T-P,P,EMS,NQ-500M5001032U,521.31B,17600,EMS0925P,A,2024-EMS-03-G020,TUBE,Y,8,"1,1","50.8 X 117.3,63.8 X 142.5",,CZ0142
EMSPR0630.5,2024,6,4,140,140,QFN,179640,2/7/2024 19:00,G-A-T-P,P,EMS,NQ-500M5001032U,521.31B,21235,EMS0925P,A,EMSPR0630.1,TUBE,Y,8,"1,1","50.8 X 117.3,63.8 X 142.5",,CZ0142
EMSPR0630.2,2024,6,4,140,140,QFN,179640,2/7/2024 19:00,G-A-T-P,P,EMS,NQ-500M5001032U,521.31B,17600,EMS0925P,A,EMSPR0630.1,TUBE,Y,8,"1,1","50.8 X 117.3,63.8 X 142.5",,CZ0142
EMSPR0630.3,2024,6,4,140,140,QFN,179640,2/7/2024 19:00,G-A-T-P,P,EMS,NQ-500M5001032U,521.31B,17600,EMS0925P,A,EMSPR0630.1,TUBE,Y,8,"1,1","50.8 X 117.3,63.8 X 142.5",,CZ0142
EMSPR0630.4,2024,6,4,140,140,QFN,179640,2/7/2024 19:00,G-A-T-P,P,EMS,NQ-500M5001032U,521.31B,17600,EMS0925P,A,EMSPR0630.1,TUBE,Y,8,"1,1","50.8 X 117.3,63.8 X 142.5",,CZ0142
EMSPR0669.1,2024,7,3,140,140,QFN,178335,2/13/2024 19:00,G-A-T-P,P,EMS,NQ-500M5001032U,521.31B,17600,EMS0925P,A,2024-EMS-03-G047,TUBE,Y,8,"1,1","50.8 X 117.3,63.8 X 142.5",,CZ0142
EMSPR0669.2,2024,7,3,140,140,QFN,178335,2/13/2024 19:00,G-A-T-P,P,EMS,NQ-500M5001032U,521.31B,17600,EMS0925P,A,EMSPR0669.1,TUBE,Y,8,"1,1","50.8 X 117.3,63.8 X 142.5",,CZ0142
EMSPR0669.3,2024,7,3,140,140,QFN,178335,2/13/2024 19:00,G-A-T-P,P,EMS,NQ-500M5001032U,521.31B,17600,EMS0925P,A,EMSPR0669.1,TUBE,Y,8,"1,1","50.8 X 117.3,63.8 X 142.5",,CZ0142
EMSPR0669.4,2024,7,3,140,140,QFN,178335,2/13/2024 19:00,G-A-T-P,P,EMS,NQ-500M5001032U,521.31B,17600,EMS0925P,A,EMSPR0669.1,TUBE,Y,8,"1,1","50.8 X 117.3,63.8 X 142.5",,CZ0142
EMSPR0669.5,2024,7,3,140,140,QFN,178335,2/13/2024 19:00,G-A-T-P,P,EMS,NQ-500M5001032U,521.31B,20038,EMS0925P,A,EMSPR0669.1,TUBE,Y,8,"1,1","50.8 X 117.3,63.8 X 142.5",,CZ0142
EMSPR0759.2,2024,7,5,140,140,QFN,179640,2/15/2024 19:00,G-A-T-P,P,EMS,NQ-500M5001032U,521.31B,17600,EMS0925P,A,EMSPR0759.1,TUBE,Y,8,"1,1","50.8 X 117.3,63.8 X 142.5",,CZ0142
EMSPR0759.3,2024,7,5,140,140,QFN,179640,2/15/2024 19:00,G-A-T-P,P,EMS,NQ-500M5001032U,521.31B,17600,EMS0925P,A,EMSPR0759.1,TUBE,Y,8,"1,1","50.8 X 117.3,63.8 X 142.5",,CZ0142
EMSPR0759.4,2024,7,5,140,140,QFN,179640,2/15/2024 19:00,G-A-T-P,P,EMS,NQ-500M5001032U,521.31B,17600,EMS0925P,A,EMSPR0759.1,TUBE,Y,8,"1,1","50.8 X 117.3,63.8 X 142.5",,CZ0142
EMSPR0759.5,2024,7,5,140,140,QFN,179640,2/15/2024 19:00,G-A-T-P,P,EMS,NQ-500M5001032U,521.31B,14376,EMS0925P,A,EMSPR0759.1,TUBE,Y,8,"1,1","50.8 X 117.3,63.8 X 142.5",,CZ0142
EMSPR0759.1,2024,7,5,140,140,QFN,179640,2/15/2024 19:00,G-A-T-P,P,EMS,NQ-500M5001032U,521.31B,17600,EMS0925P,A,2024-EMS-03-G140,TUBE,Y,8,"1,1","50.8 X 117.3,63.8 X 142.5",,CZ0142
EMSPR0760.4,2024,7,6,140,140,QFN,179825,2/16/2024 19:00,G-A-T-P,P,EMS,NQ-500M5001032U,521.31B,17600,EMS0925P,A,EMSPR0760.1,TUBE,Y,8,"1,1","50.8 X 117.3,63.8 X 142.5",,CZ0142
EMSPR0760.3,2024,7,6,140,140,QFN,179825,2/16/2024 19:00,G-A-T-P,P,EMS,NQ-500M5001032U,521.31B,17600,EMS0925P,A,EMSPR0760.1,TUBE,Y,8,"1,1","50.8 X 117.3,63.8 X 142.5",,CZ0142
EMSPR0760.2,2024,7,6,140,140,QFN,179825,2/16/2024 19:00,G-A-T-P,P,EMS,NQ-500M5001032U,521.31B,17600,EMS0925P,A,EMSPR0760.1,TUBE,Y,8,"1,1","50.8 X 117.3,63.8 X 142.5",,CZ0142
EMSPR0760.5,2024,7,6,140,140,QFN,179825,2/16/2024 19:00,G-A-T-P,P,EMS,NQ-500M5001032U,521.31B,21782,EMS0925P,A,EMSPR0760.1,TUBE,Y,8,"1,1","50.8 X 117.3,63.8 X 142.5",,CZ0142
EMSPR0760.1,2024,7,6,140,140,QFN,179825,2/16/2024 19:00,G-A-T-P,P,EMS,NQ-500M5001032U,521.31B,17600,EMS0925P,A,2024-EMS-03-G079,TUBE,Y,8,"1,1","50.8 X 117.3,63.8 X 142.5",,CZ0142
EMSPR0882.5,2024,8,3,140,140,QFN,179825,2/20/2024 19:00,G-A-T-P,P,EMS,NQ-500M5001032U,521.31B,14781,EMS0925P,A,EMSPR0882.1,TUBE,Y,8,"1,1","50.8 X 117.3,63.8 X 142.5",,CZ0142
EMSPR0882.4,2024,8,3,140,140,QFN,179825,2/20/2024 19:00,G-A-T-P,P,EMS,NQ-500M5001032U,521.31B,17600,EMS0925P,A,EMSPR0882.1,TUBE,Y,8,"1,1","50.8 X 117.3,63.8 X 142.5",,CZ0142
EMSPR0882.2,2024,8,3,140,140,QFN,179825,2/20/2024 19:00,G-A-T-P,P,EMS,NQ-500M5001032U,521.31B,17600,EMS0925P,A,EMSPR0882.1,TUBE,Y,8,"1,1","50.8 X 117.3,63.8 X 142.5",,CZ0142
EMSPR0882.3,2024,8,3,140,140,QFN,179825,2/20/2024 19:00,G-A-T-P,P,EMS,NQ-500M5001032U,521.31B,17600,EMS0925P,A,EMSPR0882.1,TUBE,Y,8,"1,1","50.8 X 117.3,63.8 X 142.5",,CZ0142
EMSPR0882.1,2024,8,3,140,140,QFN,179825,2/20/2024 19:00,G-A-T-P,P,EMS,NQ-500M5001032U,521.31B,17600,EMS0925P,A,2024-EMS-03-G173,TUBE,Y,8,"1,1","50.8 X 117.3,63.8 X 142.5",,CZ0142
EMSPR0883.5,2024,8,3,140,140,QFN,180042,2/20/2024 19:00,G-A-T-P,P,EMS,NQ-500M5001032U,521.31B,14502,EMS0925P,A,EMSPR0883.1,TUBE,Y,8,"1,1","50.8 X 117.3,63.8 X 142.5",,CZ0142
EMSPR0883.4,2024,8,3,140,140,QFN,180042,2/20/2024 19:00,G-A-T-P,P,EMS,NQ-500M5001032U,521.31B,17600,EMS0925P,A,EMSPR0883.1,TUBE,Y,8,"1,1","50.8 X 117.3,63.8 X 142.5",,CZ0142
EMSPR0883.3,2024,8,3,140,140,QFN,180042,2/20/2024 19:00,G-A-T-P,P,EMS,NQ-500M5001032U,521.31B,17600,EMS0925P,A,EMSPR0883.1,TUBE,Y,8,"1,1","50.8 X 117.3,63.8 X 142.5",,CZ0142
EMSPR0883.2,2024,8,3,140,140,QFN,180042,2/20/2024 19:00,G-A-T-P,P,EMS,NQ-500M5001032U,521.31B,17600,EMS0925P,A,EMSPR0883.1,TUBE,Y,8,"1,1","50.8 X 117.3,63.8 X 142.5",,CZ0142
EMSPR0883.1,2024,8,3,140,140,QFN,180042,2/20/2024 19:00,G-A-T-P,P,EMS,NQ-500M5001032U,521.31B,17600,EMS0925P,A,2024-EMS-03-G140,TUBE,Y,8,"1,1","50.8 X 117.3,63.8 X 142.5",,CZ0142
EMSPR0822.1,2024,8,1,140,140,QFN,176731,2/18/2024 19:00,G-A-T-P,P,EMS,NQ-500M5001032U,909.21A,17600,EMS0811P,A,2024-EMS-04-G153,TUBE,Y,8,"1,1","62.2 X 100.4,58.3 X 125.5",,CZ0289
EMSPR0822.4,2024,8,1,140,140,QFN,176731,2/18/2024 19:00,G-A-T-P,P,EMS,NQ-500M5001032U,909.21A,17600,EMS0811P,A,EMSPR0822.1,TUBE,Y,8,"1,1","62.2 X 100.4,58.3 X 125.5",,CZ0289
EMSPR0822.3,2024,8,1,140,140,QFN,176731,2/18/2024 19:00,G-A-T-P,P,EMS,NQ-500M5001032U,909.21A,17600,EMS0811P,A,EMSPR0822.1,TUBE,Y,8,"1,1","62.2 X 100.4,58.3 X 125.5",,CZ0289
EMSPR0822.2,2024,8,1,140,140,QFN,176731,2/18/2024 19:00,G-A-T-P,P,EMS,NQ-500M5001032U,909.21A,17600,EMS0811P,A,EMSPR0822.1,TUBE,Y,8,"1,1","62.2 X 100.4,58.3 X 125.5",,CZ0289
EMSPR0822.5,2024,8,1,140,140,QFN,176731,2/18/2024 19:00,G-A-T-P,P,EMS,NQ-500M5001032U,909.21A,11726,EMS0811P,A,EMSPR0822.1,TUBE,Y,8,"1,1","62.2 X 100.4,58.3 X 125.5",,CZ0289
EMKPR0088.2,2024,5,6,140,140,QFN,180125,2/2/2024 19:00,G-A,P,EMS,NQ-600E6001032U,522.49B,12600,EMS0795P,A,2024-EMK-02-G060,TUBE,Y,8,1,93.10 X 106.90,,CZ0289
EMKPR0088.1,2024,5,6,140,140,QFN,180125,2/2/2024 19:00,G-A,P,EMS,NQ-600E6001032U,522.49B,12600,EMS0795P,A,2024-EMK-02-G060,TUBE,Y,8,1,93.10 X 106.90,,CZ0289
EMKPR0088.8,2024,5,6,140,140,QFN,180125,2/2/2024 19:00,G-A,P,EMS,NQ-600E6001032U,522.49B,10884,EMS0795P,A,2024-EMK-02-G060,TUBE,Y,8,1,93.10 X 106.90,,CZ0289
EMKPR0088.7,2024,5,6,140,140,QFN,180125,2/2/2024 19:00,G-A,P,EMS,NQ-600E6001032U,522.49B,12600,EMS0795P,A,2024-EMK-02-G060,TUBE,Y,8,1,93.10 X 106.90,,CZ0289
EMKPR0088.6,2024,5,6,140,140,QFN,180125,2/2/2024 19:00,G-A,P,EMS,NQ-600E6001032U,522.49B,12600,EMS0795P,A,2024-EMK-02-G060,TUBE,Y,8,1,93.10 X 106.90,,CZ0289
EMKPR0088.5,2024,5,6,140,140,QFN,180125,2/2/2024 19:00,G-A,P,EMS,NQ-600E6001032U,522.49B,12600,EMS0795P,A,2024-EMK-02-G060,TUBE,Y,8,1,93.10 X 106.90,,CZ0289
EMKPR0088.4,2024,5,6,140,140,QFN,180125,2/2/2024 19:00,G-A,P,EMS,NQ-600E6001032U,522.49B,12600,EMS0795P,A,2024-EMK-02-G060,TUBE,Y,8,1,93.10 X 106.90,,CZ0289
EMKPR0088.3,2024,5,6,140,140,QFN,180125,2/2/2024 19:00,G-A,P,EMS,NQ-600E6001032U,522.49B,12600,EMS0795P,A,2024-EMK-02-G060,TUBE,Y,8,1,93.10 X 106.90,,CZ0289
EMKPR0117.1,2024,7,5,140,140,QFN,180247,2/15/2024 19:00,G-A,P,EMS,NQ-600E6001032U,522.49B,12600,EMS0795P,A,2024-EMK-02-G092,TUBE,Y,8,1,93.10 X 106.90,,CZ0289
EMKPR0117.7,2024,7,5,140,140,QFN,180247,2/15/2024 19:00,G-A,P,EMS,NQ-600E6001032U,522.49B,12600,EMS0795P,A,2024-EMK-02-G092,TUBE,Y,8,1,93.10 X 106.90,,CZ0289
EMKPR0117.6,2024,7,5,140,140,QFN,180247,2/15/2024 19:00,G-A,P,EMS,NQ-600E6001032U,522.49B,12600,EMS0795P,A,2024-EMK-02-G092,TUBE,Y,8,1,93.10 X 106.90,,CZ0289
EMKPR0117.5,2024,7,5,140,140,QFN,180247,2/15/2024 19:00,G-A,P,EMS,NQ-600E6001032U,522.49B,12600,EMS0795P,A,2024-EMK-02-G092,TUBE,Y,8,1,93.10 X 106.90,,CZ0289
EMKPR0117.4,2024,7,5,140,140,QFN,180247,2/15/2024 19:00,G-A,P,EMS,NQ-600E6001032U,522.49B,12600,EMS0795P,A,2024-EMK-02-G092,TUBE,Y,8,1,93.10 X 106.90,,CZ0289
EMKPR0117.3,2024,7,5,140,140,QFN,180247,2/15/2024 19:00,G-A,P,EMS,NQ-600E6001032U,522.49B,12600,EMS0795P,A,2024-EMK-02-G092,TUBE,Y,8,1,93.10 X 106.90,,CZ0289
EMKPR0117.2,2024,7,5,140,140,QFN,180247,2/15/2024 19:00,G-A,P,EMS,NQ-600E6001032U,522.49B,12600,EMS0795P,A,2024-EMK-02-G092,TUBE,Y,8,1,93.10 X 106.90,,CZ0289
EMKPR0117.8,2024,7,5,140,140,QFN,180247,2/15/2024 19:00,G-A,P,EMS,NQ-600E6001032U,522.49B,12060,EMS0795P,A,2024-EMK-02-G092,TUBE,Y,8,1,93.10 X 106.90,,CZ0289
EMKPR0146.2,2024,8,6,140,140,QFN,167341,2/23/2024 19:00,G-A,P,EMS,NQ-600E6001032U,522.49B,12600,EMS0795P,A,2024-EMK-03-G010,TUBE,Y,8,1,93.10 X 106.90,,CZ0289
EMKPR0146.3,2024,8,6,140,140,QFN,167341,2/23/2024 19:00,G-A,P,EMS,NQ-600E6001032U,522.49B,12600,EMS0795P,A,2024-EMK-03-G010,TUBE,Y,8,1,93.10 X 106.90,,CZ0289
EMKPR0146.4,2024,8,6,140,140,QFN,167341,2/23/2024 19:00,G-A,P,EMS,NQ-600E6001032U,522.49B,12600,EMS0795P,A,2024-EMK-03-G010,TUBE,Y,8,1,93.10 X 106.90,,CZ0289
EMKPR0146.5,2024,8,6,140,140,QFN,167341,2/23/2024 19:00,G-A,P,EMS,NQ-600E6001032U,522.49B,12600,EMS0795P,A,2024-EMK-03-G010,TUBE,Y,8,1,93.10 X 106.90,,CZ0289
EMKPR0146.6,2024,8,6,140,140,QFN,167341,2/23/2024 19:00,G-A,P,EMS,NQ-600E6001032U,522.49B,12600,EMS0795P,A,2024-EMK-03-G010,TUBE,Y,8,1,93.10 X 106.90,,CZ0289
EMKPR0146.7,2024,8,6,140,140,QFN,167341,2/23/2024 19:00,G-A,P,EMS,NQ-600E6001032U,522.49B,12600,EMS0795P,A,2024-EMK-03-G010,TUBE,Y,8,1,93.10 X 106.90,,CZ0289
EMKPR0146.8,2024,8,6,140,140,QFN,167341,2/23/2024 19:00,G-A,P,EMS,NQ-600E6001032U,522.49B,9194,EMS0795P,A,2024-EMK-03-G010,TUBE,Y,8,1,93.10 X 106.90,,CZ0289
EMKPR0146.1,2024,8,6,140,140,QFN,167341,2/23/2024 19:00,G-A,P,EMS,NQ-600E6001032U,522.49B,12600,EMS0795P,A,2024-EMK-03-G010,TUBE,Y,8,1,93.10 X 106.90,,CZ0289
EMKPR0147.3,2024,9,1,140,140,QFN,168040,2/25/2024 19:00,G-A,P,EMS,NQ-600E6001032U,522.49B,12600,EMS0795P,A,2024-EMK-03-G011,TUBE,Y,8,1,93.10 X 106.90,,CZ0289
EMKPR0147.2,2024,9,1,140,140,QFN,168040,2/25/2024 19:00,G-A,P,EMS,NQ-600E6001032U,522.49B,12600,EMS0795P,A,2024-EMK-03-G011,TUBE,Y,8,1,93.10 X 106.90,,CZ0289
EMKPR0147.8,2024,9,1,140,140,QFN,168040,2/25/2024 19:00,G-A,P,EMS,NQ-600E6001032U,522.49B,13172,EMS0795P,A,2024-EMK-03-G011,TUBE,Y,8,1,93.10 X 106.90,,CZ0289
EMKPR0147.7,2024,9,1,140,140,QFN,168040,2/25/2024 19:00,G-A,P,EMS,NQ-600E6001032U,522.49B,12600,EMS0795P,A,2024-EMK-03-G011,TUBE,Y,8,1,93.10 X 106.90,,CZ0289
EMKPR0147.6,2024,9,1,140,140,QFN,168040,2/25/2024 19:00,G-A,P,EMS,NQ-600E6001032U,522.49B,12600,EMS0795P,A,2024-EMK-03-G011,TUBE,Y,8,1,93.10 X 106.90,,CZ0289
EMKPR0147.5,2024,9,1,140,140,QFN,168040,2/25/2024 19:00,G-A,P,EMS,NQ-600E6001032U,522.49B,12600,EMS0795P,A,2024-EMK-03-G011,TUBE,Y,8,1,93.10 X 106.90,,CZ0289
EMKPR0147.4,2024,9,1,140,140,QFN,168040,2/25/2024 19:00,G-A,P,EMS,NQ-600E6001032U,522.49B,12600,EMS0795P,A,2024-EMK-03-G011,TUBE,Y,8,1,93.10 X 106.90,,CZ0289
EMKPR0147.1,2024,9,1,140,140,QFN,168040,2/25/2024 19:00,G-A,P,EMS,NQ-600E6001032U,522.49B,12600,EMS0795P,A,2024-EMK-03-G011,TUBE,Y,8,1,93.10 X 106.90,,CZ0289
EMKPR0148.1,2024,9,3,140,140,QFN,168043,2/27/2024 19:00,G-A,P,EMS,NQ-600E6001032U,522.49B,12600,EMS0795P,A,2024-EMK-03-G013,TUBE,Y,8,1,93.10 X 106.90,,CZ0289
EMKPR0148.6,2024,9,3,140,140,QFN,168043,2/27/2024 19:00,G-A,P,EMS,NQ-600E6001032U,522.49B,12600,EMS0795P,A,2024-EMK-03-G013,TUBE,Y,8,1,93.10 X 106.90,,CZ0289
EMKPR0148.5,2024,9,3,140,140,QFN,168043,2/27/2024 19:00,G-A,P,EMS,NQ-600E6001032U,522.49B,12600,EMS0795P,A,2024-EMK-03-G013,TUBE,Y,8,1,93.10 X 106.90,,CZ0289
EMKPR0148.4,2024,9,3,140,140,QFN,168043,2/27/2024 19:00,G-A,P,EMS,NQ-600E6001032U,522.49B,12600,EMS0795P,A,2024-EMK-03-G013,TUBE,Y,8,1,93.10 X 106.90,,CZ0289
EMKPR0148.3,2024,9,3,140,140,QFN,168043,2/27/2024 19:00,G-A,P,EMS,NQ-600E6001032U,522.49B,12600,EMS0795P,A,2024-EMK-03-G013,TUBE,Y,8,1,93.10 X 106.90,,CZ0289
EMKPR0148.7,2024,9,3,140,140,QFN,168043,2/27/2024 19:00,G-A,P,EMS,NQ-600E6001032U,522.49B,12600,EMS0795P,A,2024-EMK-03-G013,TUBE,Y,8,1,93.10 X 106.90,,CZ0289
EMKPR0148.8,2024,9,3,140,140,QFN,168043,2/27/2024 19:00,G-A,P,EMS,NQ-600E6001032U,522.49B,17444,EMS0795P,A,2024-EMK-03-G013,TUBE,Y,8,1,93.10 X 106.90,,CZ0289
EMKPR0148.2,2024,9,3,140,140,QFN,168043,2/27/2024 19:00,G-A,P,EMS,NQ-600E6001032U,522.49B,12600,EMS0795P,A,2024-EMK-03-G013,TUBE,Y,8,1,93.10 X 106.90,,CZ0289
EMKPR0149.8,2024,9,4,140,140,QFN,168044,2/28/2024 19:00,G-A,P,EMS,NQ-600E6001032U,522.49B,16699,EMS0795P,A,2024-EMK-03-G015,TUBE,Y,8,1,93.10 X 106.90,,CZ0289
EMKPR0149.7,2024,9,4,140,140,QFN,168044,2/28/2024 19:00,G-A,P,EMS,NQ-600E6001032U,522.49B,12600,EMS0795P,A,2024-EMK-03-G015,TUBE,Y,8,1,93.10 X 106.90,,CZ0289
EMKPR0149.6,2024,9,4,140,140,QFN,168044,2/28/2024 19:00,G-A,P,EMS,NQ-600E6001032U,522.49B,12600,EMS0795P,A,2024-EMK-03-G015,TUBE,Y,8,1,93.10 X 106.90,,CZ0289
EMKPR0149.5,2024,9,4,140,140,QFN,168044,2/28/2024 19:00,G-A,P,EMS,NQ-600E6001032U,522.49B,12600,EMS0795P,A,2024-EMK-03-G015,TUBE,Y,8,1,93.10 X 106.90,,CZ0289
EMKPR0149.4,2024,9,4,140,140,QFN,168044,2/28/2024 19:00,G-A,P,EMS,NQ-600E6001032U,522.49B,12600,EMS0795P,A,2024-EMK-03-G015,TUBE,Y,8,1,93.10 X 106.90,,CZ0289
EMKPR0149.3,2024,9,4,140,140,QFN,168044,2/28/2024 19:00,G-A,P,EMS,NQ-600E6001032U,522.49B,12600,EMS0795P,A,2024-EMK-03-G015,TUBE,Y,8,1,93.10 X 106.90,,CZ0289
EMKPR0149.2,2024,9,4,140,140,QFN,168044,2/28/2024 19:00,G-A,P,EMS,NQ-600E6001032U,522.49B,12600,EMS0795P,A,2024-EMK-03-G015,TUBE,Y,8,1,93.10 X 106.90,,CZ0289
EMKPR0149.1,2024,9,4,140,140,QFN,168044,2/28/2024 19:00,G-A,P,EMS,NQ-600E6001032U,522.49B,12600,EMS0795P,A,2024-EMK-03-G015,TUBE,Y,8,1,93.10 X 106.90,,CZ0289
EMSPR0667.7,2024,6,7,140,140,QFN,167337,2/10/2024 19:00,G-A-T-P,P,EMS,NQ-600E6001032U,522.49B,12600,EMS0795P,A,EMSPR0667.1,TRAY,Y,8,1,93.10 X 106.90,,CZ0289
EMSPR0667.8,2024,6,7,140,140,QFN,167337,2/10/2024 19:00,G-A-T-P,P,EMS,NQ-600E6001032U,522.49B,13950,EMS0795P,A,EMSPR0667.1,TRAY,Y,8,1,93.10 X 106.90,,CZ0289
EMSPR0667.6,2024,6,7,140,140,QFN,167337,2/10/2024 19:00,G-A-T-P,P,EMS,NQ-600E6001032U,522.49B,12600,EMS0795P,A,EMSPR0667.1,TRAY,Y,8,1,93.10 X 106.90,,CZ0289
EMSPR0667.5,2024,6,7,140,140,QFN,167337,2/10/2024 19:00,G-A-T-P,P,EMS,NQ-600E6001032U,522.49B,12600,EMS0795P,A,EMSPR0667.1,TRAY,Y,8,1,93.10 X 106.90,,CZ0289
EMSPR0667.4,2024,6,7,140,140,QFN,167337,2/10/2024 19:00,G-A-T-P,P,EMS,NQ-600E6001032U,522.49B,12600,EMS0795P,A,EMSPR0667.1,TRAY,Y,8,1,93.10 X 106.90,,CZ0289
EMSPR0667.3,2024,6,7,140,140,QFN,167337,2/10/2024 19:00,G-A-T-P,P,EMS,NQ-600E6001032U,522.49B,12600,EMS0795P,A,EMSPR0667.1,TRAY,Y,8,1,93.10 X 106.90,,CZ0289
EMSPR0667.2,2024,6,7,140,140,QFN,167337,2/10/2024 19:00,G-A-T-P,P,EMS,NQ-600E6001032U,522.49B,12600,EMS0795P,A,EMSPR0667.1,TRAY,Y,8,1,93.10 X 106.90,,CZ0289
EMSPR0667.1,2024,6,7,140,140,QFN,167337,2/10/2024 19:00,G-A-T-P,P,EMS,NQ-600E6001032U,522.49B,12600,EMS0795P,A,2024-EMS-04-G033,TRAY,Y,8,1,93.10 X 106.90,,CZ0289
EMSPR0668.1,2024,7,3,140,140,QFN,167338,2/13/2024 19:00,G-A-T-P,P,EMS,NQ-600E6001032U,522.49B,12600,EMS0795P,A,2024-EMS-04-G168,TRAY,Y,8,1,93.10 X 106.90,,CZ0289
EMSPR0668.2,2024,7,3,140,140,QFN,167338,2/13/2024 19:00,G-A-T-P,P,EMS,NQ-600E6001032U,522.49B,12600,EMS0795P,A,EMSPR0668.1,TRAY,Y,8,1,93.10 X 106.90,,CZ0289
EMSPR0668.3,2024,7,3,140,140,QFN,167338,2/13/2024 19:00,G-A-T-P,P,EMS,NQ-600E6001032U,522.49B,12600,EMS0795P,A,EMSPR0668.1,TRAY,Y,8,1,93.10 X 106.90,,CZ0289
EMSPR0668.4,2024,7,3,140,140,QFN,167338,2/13/2024 19:00,G-A-T-P,P,EMS,NQ-600E6001032U,522.49B,12600,EMS0795P,A,EMSPR0668.1,TRAY,Y,8,1,93.10 X 106.90,,CZ0289
EMSPR0668.8,2024,7,3,140,140,QFN,167338,2/13/2024 19:00,G-A-T-P,P,EMS,NQ-600E6001032U,522.49B,16233,EMS0795P,A,EMSPR0668.1,TRAY,Y,8,1,93.10 X 106.90,,CZ0289
EMSPR0668.5,2024,7,3,140,140,QFN,167338,2/13/2024 19:00,G-A-T-P,P,EMS,NQ-600E6001032U,522.49B,12600,EMS0795P,A,EMSPR0668.1,TRAY,Y,8,1,93.10 X 106.90,,CZ0289
EMSPR0668.6,2024,7,3,140,140,QFN,167338,2/13/2024 19:00,G-A-T-P,P,EMS,NQ-600E6001032U,522.49B,12600,EMS0795P,A,EMSPR0668.1,TRAY,Y,8,1,93.10 X 106.90,,CZ0289
EMSPR0668.7,2024,7,3,140,140,QFN,167338,2/13/2024 19:00,G-A-T-P,P,EMS,NQ-600E6001032U,522.49B,12600,EMS0795P,A,EMSPR0668.1,TRAY,Y,8,1,93.10 X 106.90,,CZ0289
EMSPR0696.8,2024,7,2,140,140,QFN,180246,2/12/2024 19:00,G-A-T-P,P,EMS,NQ-600E6001032U,522.49B,16113,EMS0795P,A,EMSPR0696.1,TRAY,Y,8,1,93.10 X 106.90,,CZ0289
EMSPR0696.7,2024,7,2,140,140,QFN,180246,2/12/2024 19:00,G-A-T-P,P,EMS,NQ-600E6001032U,522.49B,12600,EMS0795P,A,EMSPR0696.1,TRAY,Y,8,1,93.10 X 106.90,,CZ0289
EMSPR0696.6,2024,7,2,140,140,QFN,180246,2/12/2024 19:00,G-A-T-P,P,EMS,NQ-600E6001032U,522.49B,12600,EMS0795P,A,EMSPR0696.1,TRAY,Y,8,1,93.10 X 106.90,,CZ0289
EMSPR0696.5,2024,7,2,140,140,QFN,180246,2/12/2024 19:00,G-A-T-P,P,EMS,NQ-600E6001032U,522.49B,12600,EMS0795P,A,EMSPR0696.1,TRAY,Y,8,1,93.10 X 106.90,,CZ0289
EMSPR0696.3,2024,7,2,140,140,QFN,180246,2/12/2024 19:00,G-A-T-P,P,EMS,NQ-600E6001032U,522.49B,12600,EMS0795P,A,EMSPR0696.1,TRAY,Y,8,1,93.10 X 106.90,,CZ0289
EMSPR0696.2,2024,7,2,140,140,QFN,180246,2/12/2024 19:00,G-A-T-P,P,EMS,NQ-600E6001032U,522.49B,12600,EMS0795P,A,EMSPR0696.1,TRAY,Y,8,1,93.10 X 106.90,,CZ0289
EMSPR0696.1,2024,7,2,140,140,QFN,180246,2/12/2024 19:00,G-A-T-P,P,EMS,NQ-600E6001032U,522.49B,12600,EMS0795P,A,2024-EMS-04-G111,TRAY,Y,8,1,93.10 X 106.90,,CZ0289
EMSPR0696.4,2024,7,2,140,140,QFN,180246,2/12/2024 19:00,G-A-T-P,P,EMS,NQ-600E6001032U,522.49B,12600,EMS0795P,A,EMSPR0696.1,TRAY,Y,8,1,93.10 X 106.90,,CZ0289
EMSPR0697.7,2024,7,4,140,140,QFN,180245,2/14/2024 19:00,G-A-T-P,P,EMS,NQ-600E6001032U,522.49B,12600,EMS0795P,A,EMSPR0697.1,TRAY,Y,8,1,93.10 X 106.90,,CZ0289
EMSPR0697.6,2024,7,4,140,140,QFN,180245,2/14/2024 19:00,G-A-T-P,P,EMS,NQ-600E6001032U,522.49B,12600,EMS0795P,A,EMSPR0697.1,TRAY,Y,8,1,93.10 X 106.90,,CZ0289
EMSPR0697.5,2024,7,4,140,140,QFN,180245,2/14/2024 19:00,G-A-T-P,P,EMS,NQ-600E6001032U,522.49B,12600,EMS0795P,A,EMSPR0697.1,TRAY,Y,8,1,93.10 X 106.90,,CZ0289
EMSPR0697.4,2024,7,4,140,140,QFN,180245,2/14/2024 19:00,G-A-T-P,P,EMS,NQ-600E6001032U,522.49B,12600,EMS0795P,A,EMSPR0697.1,TRAY,Y,8,1,93.10 X 106.90,,CZ0289
EMSPR0697.3,2024,7,4,140,140,QFN,180245,2/14/2024 19:00,G-A-T-P,P,EMS,NQ-600E6001032U,522.49B,12600,EMS0795P,A,EMSPR0697.1,TRAY,Y,8,1,93.10 X 106.90,,CZ0289
EMSPR0697.2,2024,7,4,140,140,QFN,180245,2/14/2024 19:00,G-A-T-P,P,EMS,NQ-600E6001032U,522.49B,12600,EMS0795P,A,EMSPR0697.1,TRAY,Y,8,1,93.10 X 106.90,,CZ0289
EMSPR0697.1,2024,7,4,140,140,QFN,180245,2/14/2024 19:00,G-A-T-P,P,EMS,NQ-600E6001032U,522.49B,12600,EMS0795P,A,2024-EMS-04-G141,TRAY,Y,8,1,93.10 X 106.90,,CZ0289
EMSPR0697.8,2024,7,4,140,140,QFN,180245,2/14/2024 19:00,G-A-T-P,P,EMS,NQ-600E6001032U,522.49B,14536,EMS0795P,A,EMSPR0697.1,TRAY,Y,8,1,93.10 X 106.90,,CZ0289
EMSPR0548.5,2024,6,5,140,140,QFN,180314,2/8/2024 19:00,G-A,P,EMS,NQ-600E6001040U,522.95A,13851,EMS1024P,A,2024-EMS-02-G204,TUBE,Y,8,1,124.60 X 127.80,,CZ0289
EMSPR0548.4,2024,6,5,140,140,QFN,180314,2/8/2024 19:00,G-A,P,EMS,NQ-600E6001040U,522.95A,12600,EMS1024P,A,2024-EMS-02-G201,TUBE,Y,8,1,124.60 X 127.80,,CZ0289
EMSPR0548.3,2024,6,5,140,140,QFN,180314,2/8/2024 19:00,G-A,P,EMS,NQ-600E6001040U,522.95A,12600,EMS1024P,A,2024-EMS-02-G204,TUBE,Y,8,1,124.60 X 127.80,,CZ0289
EMSPR0548.2,2024,6,5,140,140,QFN,180314,2/8/2024 19:00,G-A,P,EMS,NQ-600E6001040U,522.95A,12600,EMS1024P,A,2024-EMS-02-G201,TUBE,Y,8,1,124.60 X 127.80,,CZ0289
EMSPR0548.1,2024,6,5,140,140,QFN,180314,2/8/2024 19:00,G-A,P,EMS,NQ-600E6001040U,522.95A,12600,EMS1024P,A,2024-EMS-02-G201,TUBE,Y,8,1,124.60 X 127.80,,CZ0289
EMSPR0658.2,2024,7,1,140,140,QFN,181906,2/11/2024 19:00,G-A,P,EMS,NQ-600E6001040U,522.95A,12600,EMS1024P,A,2024-EMS-02-G227,TUBE,Y,8,1,124.60 X 127.80,,CZ0289
EMSPR0658.3,2024,7,1,140,140,QFN,181906,2/11/2024 19:00,G-A,P,EMS,NQ-600E6001040U,522.95A,12600,EMS1024P,A,2024-EMS-02-G227,TUBE,Y,8,1,124.60 X 127.80,,CZ0289
EMSPR0658.4,2024,7,1,140,140,QFN,181906,2/11/2024 19:00,G-A,P,EMS,NQ-600E6001040U,522.95A,12600,EMS1024P,A,2024-EMS-02-G227,TUBE,Y,8,1,124.60 X 127.80,,CZ0289
EMSPR0658.5,2024,7,1,140,140,QFN,181906,2/11/2024 19:00,G-A,P,EMS,NQ-600E6001040U,522.95A,11964,EMS1024P,A,2024-EMS-02-G227,TUBE,Y,8,1,124.60 X 127.80,,CZ0289
EMSPR0658.1,2024,7,1,140,140,QFN,181906,2/11/2024 19:00,G-A,P,EMS,NQ-600E6001040U,522.95A,12600,EMS1024P,A,2024-EMS-02-G227,TUBE,Y,8,1,124.60 X 127.80,,CZ0289
EMSPR0890.4,2024,8,4,140,140,QFN,175767,2/21/2024 19:00,G-A,P,EMS,NQ-600E6001040U,522.95A,12600,EMS1024P,A,2024-EMS-03-G062,TUBE,Y,8,1,124.60 X 127.80,,CZ0289
EMSPR0890.5,2024,8,4,140,140,QFN,175767,2/21/2024 19:00,G-A,P,EMS,NQ-600E6001040U,522.95A,9353,EMS1024P,A,2024-EMS-03-G069,TUBE,Y,8,1,124.60 X 127.80,,CZ0289
EMSPR0890.3,2024,8,4,140,140,QFN,175767,2/21/2024 19:00,G-A,P,EMS,NQ-600E6001040U,522.95A,12600,EMS1024P,A,2024-EMS-03-G069,TUBE,Y,8,1,124.60 X 127.80,,CZ0289
EMSPR0890.2,2024,8,4,140,140,QFN,175767,2/21/2024 19:00,G-A,P,EMS,NQ-600E6001040U,522.95A,12600,EMS1024P,A,2024-EMS-03-G062,TUBE,Y,8,1,124.60 X 127.80,,CZ0289
EMSPR0890.1,2024,8,4,140,140,QFN,175767,2/21/2024 19:00,G-A,P,EMS,NQ-600E6001040U,522.95A,12600,EMS1024P,A,2024-EMS-03-G062,TUBE,Y,8,1,124.60 X 127.80,,CZ0289
EMSPR0942.1,2024,9,1,140,140,QFN,179361,2/25/2024 19:00,G-A,P,EMS,NQ-600E6001040U,522.95A,12600,EMS1024P,A,2024-EMS-03-G069,TUBE,Y,8,1,124.60 X 127.80,,CZ0289
EMSPR0942.2,2024,9,1,140,140,QFN,179361,2/25/2024 19:00,G-A,P,EMS,NQ-600E6001040U,522.95A,12600,EMS1024P,A,2024-EMS-03-G076,TUBE,Y,8,1,124.60 X 127.80,,CZ0289
EMSPR0942.3,2024,9,1,140,140,QFN,179361,2/25/2024 19:00,G-A,P,EMS,NQ-600E6001040U,522.95A,12600,EMS1024P,A,2024-EMS-03-G076,TUBE,Y,8,1,124.60 X 127.80,,CZ0289
EMSPR0942.4,2024,9,1,140,140,QFN,179361,2/25/2024 19:00,G-A,P,EMS,NQ-600E6001040U,522.95A,12600,EMS1024P,A,2024-EMS-03-G069,TUBE,Y,8,1,124.60 X 127.80,,CZ0289
EMSPR0942.5,2024,9,1,140,140,QFN,179361,2/25/2024 19:00,G-A,P,EMS,NQ-600E6001040U,522.95A,11255,EMS1024P,A,2024-EMS-03-G070,TUBE,Y,8,1,124.60 X 127.80,,CZ0289
EMSPR0999.1,2024,9,4,140,140,QFN,176662,2/28/2024 19:00,G-A,P,EMS,NQ-600E6001040U,522.95A,12600,EMS1024P,A,2024-EMS-03-G095,TUBE,Y,8,1,124.60 X 127.80,,CZ0289
EMSPR0999.2,2024,9,4,140,140,QFN,176662,2/28/2024 19:00,G-A,P,EMS,NQ-600E6001040U,522.95A,12600,EMS1024P,A,2024-EMS-03-G095,TUBE,Y,8,1,124.60 X 127.80,,CZ0289
EMSPR0999.3,2024,9,4,140,140,QFN,176662,2/28/2024 19:00,G-A,P,EMS,NQ-600E6001040U,522.95A,12600,EMS1024P,A,2024-EMS-03-G095,TUBE,Y,8,1,124.60 X 127.80,,CZ0289
EMSPR0999.4,2024,9,4,140,140,QFN,176662,2/28/2024 19:00,G-A,P,EMS,NQ-600E6001040U,522.95A,12600,EMS1024P,A,2024-EMS-03-G095,TUBE,Y,8,1,124.60 X 127.80,,CZ0289
EMSPR0999.5,2024,9,4,140,140,QFN,176662,2/28/2024 19:00,G-A,P,EMS,NQ-600E6001040U,522.95A,10036,EMS1024P,A,2024-EMS-03-G095,TUBE,Y,8,1,124.60 X 127.80,,CZ0289
EMSPR0628.1,2024,6,3,140,140,QFN,179153,2/6/2024 19:00,B-A,P,EMS,NQ-700E700B044U,981.20A,9600,EMS0885P,A,2024-EMS-02-G176,TUBE,Y,8,1,102.80 X 194.90,,CZ0142
EMSPR0628.5,2024,6,3,140,140,QFN,179153,2/6/2024 19:00,B-A,P,EMS,NQ-700E700B044U,981.20A,13806,EMS0885P,A,2024-EMS-02-G176,TUBE,Y,8,1,102.80 X 194.90,,CZ0142
EMSPR0628.2,2024,6,3,140,140,QFN,179153,2/6/2024 19:00,B-A,P,EMS,NQ-700E700B044U,981.20A,9600,EMS0885P,A,2024-EMS-02-G180,TUBE,Y,8,1,102.80 X 194.90,,CZ0142
EMSPR0628.3,2024,6,3,140,140,QFN,179153,2/6/2024 19:00,B-A,P,EMS,NQ-700E700B044U,981.20A,9600,EMS0885P,A,2024-EMS-02-G188,TUBE,Y,8,1,102.80 X 194.90,,CZ0142
EMSPR0628.4,2024,6,3,140,140,QFN,179153,2/6/2024 19:00,B-A,P,EMS,NQ-700E700B044U,981.20A,9600,EMS0885P,A,2024-EMS-02-G188,TUBE,Y,8,1,102.80 X 194.90,,CZ0142
EMSPR0635.5,2024,6,4,140,140,QFN,179154,2/7/2024 19:00,B-A,P,EMS,NQ-700E700B044U,981.20A,14159,EMS0885P,A,2024-EMS-02-G193,TUBE,Y,8,1,102.80 X 194.90,,CZ0142
EMSPR0635.4,2024,6,4,140,140,QFN,179154,2/7/2024 19:00,B-A,P,EMS,NQ-700E700B044U,981.20A,9600,EMS0885P,A,2024-EMS-02-G193,TUBE,Y,8,1,102.80 X 194.90,,CZ0142
EMSPR0635.1,2024,6,4,140,140,QFN,179154,2/7/2024 19:00,B-A,P,EMS,NQ-700E700B044U,981.20A,9600,EMS0885P,A,2024-EMS-02-G188,TUBE,Y,8,1,102.80 X 194.90,,CZ0142
EMSPR0635.3,2024,6,4,140,140,QFN,179154,2/7/2024 19:00,B-A,P,EMS,NQ-700E700B044U,981.20A,9600,EMS0885P,A,2024-EMS-02-G180,TUBE,Y,8,1,102.80 X 194.90,,CZ0142
EMSPR0635.2,2024,6,4,140,140,QFN,179154,2/7/2024 19:00,B-A,P,EMS,NQ-700E700B044U,981.20A,9600,EMS0885P,A,2024-EMS-02-G193,TUBE,Y,8,1,102.80 X 194.90,,CZ0142
EMSPR0636.3,2024,6,5,140,140,QFN,179155,2/8/2024 19:00,B-A,P,EMS,NQ-700E700B044U,981.20A,9600,EMS0885P,A,2024-EMS-02-G193,TUBE,Y,8,1,102.80 X 194.90,,CZ0142
EMSPR0636.4,2024,6,5,140,140,QFN,179155,2/8/2024 19:00,B-A,P,EMS,NQ-700E700B044U,981.20A,9600,EMS0885P,A,2024-EMS-02-G193,TUBE,Y,8,1,102.80 X 194.90,,CZ0142
EMSPR0636.1,2024,6,5,140,140,QFN,179155,2/8/2024 19:00,B-A,P,EMS,NQ-700E700B044U,981.20A,9600,EMS0885P,A,2024-EMS-02-G193,TUBE,Y,8,1,102.80 X 194.90,,CZ0142
EMSPR0636.2,2024,6,5,140,140,QFN,179155,2/8/2024 19:00,B-A,P,EMS,NQ-700E700B044U,981.20A,9600,EMS0885P,A,2024-EMS-02-G193,TUBE,Y,8,1,102.80 X 194.90,,CZ0142
EMSPR0636.5,2024,6,5,140,140,QFN,179155,2/8/2024 19:00,B-A,P,EMS,NQ-700E700B044U,981.20A,13992,EMS0885P,A,2024-EMS-02-G188,TUBE,Y,8,1,102.80 X 194.90,,CZ0142
EMSPR0833.3,2024,8,4,140,140,QFN,175545,2/21/2024 19:00,B-A,P,EMS,NQ-700E700B044U,981.20A,9600,EMS0885P,A,2024-EMS-03-G045,TUBE,Y,8,1,102.80 X 194.90,,CZ0142
EMSPR0833.4,2024,8,4,140,140,QFN,175545,2/21/2024 19:00,B-A,P,EMS,NQ-700E700B044U,981.20A,9600,EMS0885P,A,2024-EMS-03-G023,TUBE,Y,8,1,102.80 X 194.90,,CZ0142
EMSPR0833.5,2024,8,4,140,140,QFN,175545,2/21/2024 19:00,B-A,P,EMS,NQ-700E700B044U,981.20A,12471,EMS0885P,A,2024-EMS-03-G034,TUBE,Y,8,1,102.80 X 194.90,,CZ0142
EMSPR0833.2,2024,8,4,140,140,QFN,175545,2/21/2024 19:00,B-A,P,EMS,NQ-700E700B044U,981.20A,9600,EMS0885P,A,2024-EMS-03-G015,TUBE,Y,8,1,102.80 X 194.90,,CZ0142
EMSPR0833.1,2024,8,4,140,140,QFN,175545,2/21/2024 19:00,B-A,P,EMS,NQ-700E700B044U,981.20A,9600,EMS0885P,A,2024-EMS-03-G045,TUBE,Y,8,1,102.80 X 194.90,,CZ0142
EMSPR0834.3,2024,8,5,140,140,QFN,175546,2/22/2024 19:00,B-A,P,EMS,NQ-700E700B044U,981.20A,9600,EMS0885P,A,2024-EMS-03-G070,TUBE,Y,8,1,102.80 X 194.90,,CZ0142
EMSPR0834.2,2024,8,5,140,140,QFN,175546,2/22/2024 19:00,B-A,P,EMS,NQ-700E700B044U,981.20A,9600,EMS0885P,A,2024-EMS-03-G062,TUBE,Y,8,1,102.80 X 194.90,,CZ0142
EMSPR0834.5,2024,8,5,140,140,QFN,175546,2/22/2024 19:00,B-A,P,EMS,NQ-700E700B044U,981.20A,13747,EMS0885P,A,2024-EMS-03-G062,TUBE,Y,8,1,102.80 X 194.90,,CZ0142
EMSPR0834.4,2024,8,5,140,140,QFN,175546,2/22/2024 19:00,B-A,P,EMS,NQ-700E700B044U,981.20A,9600,EMS0885P,A,2024-EMS-03-G070,TUBE,Y,8,1,102.80 X 194.90,,CZ0142
EMSPR0834.1,2024,8,5,140,140,QFN,175546,2/22/2024 19:00,B-A,P,EMS,NQ-700E700B044U,981.20A,9600,EMS0885P,A,2024-EMS-03-G045,TUBE,Y,8,1,102.80 X 194.90,,CZ0142
EMSPR0544.2,2024,5,6,140,140,QFN,183685,2/2/2024 19:00,B-A-T-P,P,EMS,NQ-700E700B044U,981.21A,9600,EMS0919P,A,EMSPR0544.1,TUBE,Y,8,1,181.1 X 178.00,,CZ0142
EMSPR0544.3,2024,5,6,140,140,QFN,183685,2/2/2024 19:00,B-A-T-P,P,EMS,NQ-700E700B044U,981.21A,12827,EMS0919P,A,EMSPR0544.1,TUBE,Y,8,1,181.1 X 178.00,,CZ0142
EMSPR0544.1,2024,5,6,140,140,QFN,183685,2/2/2024 19:00,B-A-T-P,P,EMS,NQ-700E700B044U,981.21A,9600,EMS0919P,A,2024-EMS-02-G224,TUBE,Y,8,1,181.1 X 178.00,,CZ0142
EMSPR0560.3,2024,5,6,140,140,QFN,180677,2/2/2024 19:00,B-A-T-P,P,EMS,NQ-700E700B044U,981.21A,13057,EMS0919P,A,EMSPR0560.1,TUBE,Y,8,1,181.1 X 178.00,,CZ0142
EMSPR0560.1,2024,5,6,140,140,QFN,180677,2/2/2024 19:00,B-A-T-P,P,EMS,NQ-700E700B044U,981.21A,9600,EMS0919P,A,2024-EMS-02-G242,TUBE,Y,8,1,181.1 X 178.00,,CZ0142
EMSPR0560.2,2024,5,6,140,140,QFN,180677,2/2/2024 19:00,B-A-T-P,P,EMS,NQ-700E700B044U,981.21A,9600,EMS0919P,A,EMSPR0560.1,TUBE,Y,8,1,181.1 X 178.00,,CZ0142
EMSPR0561.2,2024,5,7,140,140,QFN,180678,2/3/2024 19:00,B-A-T-P,P,EMS,NQ-700E700B044U,981.21A,9600,EMS0919P,A,EMSPR0561.1,TUBE,Y,8,1,181.1 X 178.00,,CZ0142
EMSPR0561.3,2024,5,7,140,140,QFN,180678,2/3/2024 19:00,B-A-T-P,P,EMS,NQ-700E700B044U,981.21A,13029,EMS0919P,A,EMSPR0561.1,TUBE,Y,8,1,181.1 X 178.00,,CZ0142
EMSPR0561.1,2024,5,7,140,140,QFN,180678,2/3/2024 19:00,B-A-T-P,P,EMS,NQ-700E700B044U,981.21A,9600,EMS0919P,A,2024-EMS-02-G223,TUBE,Y,8,1,181.1 X 178.00,,CZ0142
EMSPR0562.2,2024,6,1,140,140,QFN,183688,2/4/2024 19:00,B-A-T-P,P,EMS,NQ-700E700B044U,981.21A,9600,EMS0919P,A,EMSPR0562.1,TUBE,Y,8,1,181.1 X 178.00,,CZ0142
EMSPR0562.3,2024,6,1,140,140,QFN,183688,2/4/2024 19:00,B-A-T-P,P,EMS,NQ-700E700B044U,981.21A,13055,EMS0919P,A,EMSPR0562.1,TUBE,Y,8,1,181.1 X 178.00,,CZ0142
EMSPR0562.1,2024,6,1,140,140,QFN,183688,2/4/2024 19:00,B-A-T-P,P,EMS,NQ-700E700B044U,981.21A,9600,EMS0919P,A,2024-EMS-02-G257,TUBE,Y,8,1,181.1 X 178.00,,CZ0142
EMSPR0590.3,2024,6,2,140,140,QFN,183687,2/5/2024 19:00,B-A-T-P,P,EMS,NQ-700E700B044U,981.21A,13142,EMS0919P,A,EMSPR0590.1,TUBE,Y,8,1,181.1 X 178.00,,CZ0142
EMSPR0590.1,2024,6,2,140,140,QFN,183687,2/5/2024 19:00,B-A-T-P,P,EMS,NQ-700E700B044U,981.21A,9600,EMS0919P,A,2024-EMS-02-G257,TUBE,Y,8,1,181.1 X 178.00,,CZ0142
EMSPR0590.2,2024,6,2,140,140,QFN,183687,2/5/2024 19:00,B-A-T-P,P,EMS,NQ-700E700B044U,981.21A,9600,EMS0919P,A,EMSPR0590.1,TUBE,Y,8,1,181.1 X 178.00,,CZ0142
EMSPR0642.3,2024,6,6,140,140,QFN,183684,2/9/2024 19:00,B-A-T-P,P,EMS,NQ-700E700B044U,981.21A,12902,EMS0919P,A,EMSPR0642.1,TUBE,Y,8,1,181.1 X 178.00,,CZ0142
EMSPR0642.1,2024,6,6,140,140,QFN,183684,2/9/2024 19:00,B-A-T-P,P,EMS,NQ-700E700B044U,981.21A,9600,EMS0919P,A,2024-EMS-03-G004,TUBE,Y,8,1,181.1 X 178.00,,CZ0142
EMSPR0642.2,2024,6,6,140,140,QFN,183684,2/9/2024 19:00,B-A-T-P,P,EMS,NQ-700E700B044U,981.21A,9600,EMS0919P,A,EMSPR0642.1,TUBE,Y,8,1,181.1 X 178.00,,CZ0142
EMSPR0679.1,2024,6,7,140,140,QFN,168411,2/10/2024 19:00,B-A-T-P,P,EMS,NQ-700E700B044U,981.21A,9600,EMS0919P,A,2024-EMS-03-G052,TUBE,Y,8,1,181.1 X 178.00,,CZ0142
EMSPR0679.2,2024,6,7,140,140,QFN,168411,2/10/2024 19:00,B-A-T-P,P,EMS,NQ-700E700B044U,981.21A,12069,EMS0919P,A,EMSPR0679.1,TUBE,Y,8,1,181.1 X 178.00,,CZ0142
EMSPR0680.2,2024,7,1,140,140,QFN,176544,2/11/2024 19:00,B-A-T-P,P,EMS,NQ-700E700B044U,981.21A,9600,EMS0919P,A,EMSPR0680.1,TUBE,Y,8,1,181.1 X 178.00,,CZ0142
EMSPR0680.1,2024,7,1,140,140,QFN,176544,2/11/2024 19:00,B-A-T-P,P,EMS,NQ-700E700B044U,981.21A,9600,EMS0919P,A,2024-EMS-03-G017,TUBE,Y,8,1,181.1 X 178.00,,CZ0142
EMSPR0680.3,2024,7,1,140,140,QFN,176544,2/11/2024 19:00,B-A-T-P,P,EMS,NQ-700E700B044U,981.21A,11613,EMS0919P,A,EMSPR0680.1,TUBE,Y,8,1,181.1 X 178.00,,CZ0142
EMSPR0681.2,2024,7,2,140,140,QFN,180689,2/12/2024 19:00,B-A-T-P,P,EMS,NQ-700E700B044U,981.21A,9600,EMS0919P,A,EMSPR0681.1,TUBE,Y,8,1,181.1 X 178.00,,CZ0142
EMSPR0681.3,2024,7,2,140,140,QFN,180689,2/12/2024 19:00,B-A-T-P,P,EMS,NQ-700E700B044U,981.21A,13114,EMS0919P,A,EMSPR0681.1,TUBE,Y,8,1,181.1 X 178.00,,CZ0142
EMSPR0681.1,2024,7,2,140,140,QFN,180689,2/12/2024 19:00,B-A-T-P,P,EMS,NQ-700E700B044U,981.21A,9600,EMS0919P,A,2024-EMS-03-G040,TUBE,Y,8,1,181.1 X 178.00,,CZ0142
EMSPR0748.1,2024,7,5,140,140,QFN,180680,2/15/2024 19:00,B-A-T-P,P,EMS,NQ-700E700B044U,981.21A,9600,EMS0919P,A,2024-EMS-03-G031,TUBE,Y,8,1,181.1 X 178.00,,CZ0142
EMSPR0748.2,2024,7,5,140,140,QFN,180680,2/15/2024 19:00,B-A-T-P,P,EMS,NQ-700E700B044U,981.21A,9600,EMS0919P,A,EMSPR0748.1,TUBE,Y,8,1,181.1 X 178.00,,CZ0142
EMSPR0748.3,2024,7,5,140,140,QFN,180680,2/15/2024 19:00,B-A-T-P,P,EMS,NQ-700E700B044U,981.21A,12875,EMS0919P,A,EMSPR0748.1,TUBE,Y,8,1,181.1 X 178.00,,CZ0142
EMSPR0749.1,2024,7,6,140,140,QFN,180683,2/16/2024 19:00,B-A-T-P,P,EMS,NQ-700E700B044U,981.21A,9600,EMS0919P,A,2024-EMS-03-G042,TUBE,Y,8,1,181.1 X 178.00,,CZ0142
EMSPR0749.2,2024,7,6,140,140,QFN,180683,2/16/2024 19:00,B-A-T-P,P,EMS,NQ-700E700B044U,981.21A,9600,EMS0919P,A,EMSPR0749.1,TUBE,Y,8,1,181.1 X 178.00,,CZ0142
EMSPR0749.3,2024,7,6,140,140,QFN,180683,2/16/2024 19:00,B-A-T-P,P,EMS,NQ-700E700B044U,981.21A,12900,EMS0919P,A,EMSPR0749.1,TUBE,Y,8,1,181.1 X 178.00,,CZ0142
EMSPR0750.2,2024,7,7,140,140,QFN,180685,2/17/2024 19:00,B-A-T-P,P,EMS,NQ-700E700B044U,981.21A,9600,EMS0919P,A,EMSPR0750.1,TUBE,Y,8,1,181.1 X 178.00,,CZ0142
EMSPR0750.1,2024,7,7,140,140,QFN,180685,2/17/2024 19:00,B-A-T-P,P,EMS,NQ-700E700B044U,981.21A,9600,EMS0919P,A,2024-EMS-03-G066,TUBE,Y,8,1,181.1 X 178.00,,CZ0142
EMSPR0750.3,2024,7,7,140,140,QFN,180685,2/17/2024 19:00,B-A-T-P,P,EMS,NQ-700E700B044U,981.21A,11794,EMS0919P,A,EMSPR0750.1,TUBE,Y,8,1,181.1 X 178.00,,CZ0142
EMSPR0751.1,2024,8,1,140,140,QFN,180688,2/18/2024 19:00,B-A-T-P,P,EMS,NQ-700E700B044U,981.21A,9600,EMS0919P,A,2024-EMS-03-G120,TUBE,Y,8,1,181.1 X 178.00,,CZ0142
EMSPR0751.2,2024,8,1,140,140,QFN,180688,2/18/2024 19:00,B-A-T-P,P,EMS,NQ-700E700B044U,981.21A,9600,EMS0919P,A,EMSPR0751.1,TUBE,Y,8,1,181.1 X 178.00,,CZ0142
EMSPR0751.3,2024,8,1,140,140,QFN,180688,2/18/2024 19:00,B-A-T-P,P,EMS,NQ-700E700B044U,981.21A,12954,EMS0919P,A,EMSPR0751.1,TUBE,Y,8,1,181.1 X 178.00,,CZ0142
EMSPR0752.2,2024,8,1,140,140,QFN,180693,2/18/2024 19:00,B-A-T-P,P,EMS,NQ-700E700B044U,981.21A,9600,EMS0919P,A,EMSPR0752.1,TUBE,Y,8,1,181.1 X 178.00,,CZ0142
EMSPR0752.3,2024,8,1,140,140,QFN,180693,2/18/2024 19:00,B-A-T-P,P,EMS,NQ-700E700B044U,981.21A,11249,EMS0919P,A,EMSPR0752.1,TUBE,Y,8,1,181.1 X 178.00,,CZ0142
EMSPR0752.1,2024,8,1,140,140,QFN,180693,2/18/2024 19:00,B-A-T-P,P,EMS,NQ-700E700B044U,981.21A,9600,EMS0919P,A,2024-EMS-03-G119,TUBE,Y,8,1,181.1 X 178.00,,CZ0142
EMSPR0753.3,2024,8,2,140,140,QFN,183681,2/19/2024 19:00,B-A-T-P,P,EMS,NQ-700E700B044U,981.21A,13130,EMS0919P,A,EMSPR0753.1,TUBE,Y,8,1,181.1 X 178.00,,CZ0142
EMSPR0753.2,2024,8,2,140,140,QFN,183681,2/19/2024 19:00,B-A-T-P,P,EMS,NQ-700E700B044U,981.21A,9600,EMS0919P,A,EMSPR0753.1,TUBE,Y,8,1,181.1 X 178.00,,CZ0142
EMSPR0753.1,2024,8,2,140,140,QFN,183681,2/19/2024 19:00,B-A-T-P,P,EMS,NQ-700E700B044U,981.21A,9600,EMS0919P,A,2024-EMS-03-G123,TUBE,Y,8,1,181.1 X 178.00,,CZ0142
EMSPR0754.3,2024,8,3,140,140,QFN,180697,2/20/2024 19:00,B-A-T-P,P,EMS,NQ-700E700B044U,981.21A,12987,EMS0919P,A,EMSPR0754.1,TUBE,Y,8,1,181.1 X 178.00,,CZ0142
EMSPR0754.1,2024,8,3,140,140,QFN,180697,2/20/2024 19:00,B-A-T-P,P,EMS,NQ-700E700B044U,981.21A,9600,EMS0919P,A,2024-EMS-03-G133,TUBE,Y,8,1,181.1 X 178.00,,CZ0142
EMSPR0754.2,2024,8,3,140,140,QFN,180697,2/20/2024 19:00,B-A-T-P,P,EMS,NQ-700E700B044U,981.21A,9600,EMS0919P,A,EMSPR0754.1,TUBE,Y,8,1,181.1 X 178.00,,CZ0142
EMSPR0796.3,2024,8,3,140,140,QFN,180681,2/20/2024 19:00,B-A-T-P,P,EMS,NQ-700E700B044U,981.21A,13093,EMS0919P,A,EMSPR0796.1,TUBE,Y,8,1,181.1 X 178.00,,CZ0142
EMSPR0796.1,2024,8,3,140,140,QFN,180681,2/20/2024 19:00,B-A-T-P,P,EMS,NQ-700E700B044U,981.21A,9600,EMS0919P,A,2024-EMS-03-G142,TUBE,Y,8,1,181.1 X 178.00,,CZ0142
EMSPR0796.2,2024,8,3,140,140,QFN,180681,2/20/2024 19:00,B-A-T-P,P,EMS,NQ-700E700B044U,981.21A,9600,EMS0919P,A,EMSPR0796.1,TUBE,Y,8,1,181.1 X 178.00,,CZ0142
EMSPR0835.1,2024,8,6,140,140,QFN,176545,2/23/2024 19:00,B-A-T-P,P,EMS,NQ-700E700B044U,981.21A,9600,EMS0919P,A,2024-EMS-03-G149,TUBE,Y,8,1,181.1 X 178.00,,CZ0142
EMSPR0835.3,2024,8,6,140,140,QFN,176545,2/23/2024 19:00,B-A-T-P,P,EMS,NQ-700E700B044U,981.21A,11587,EMS0919P,A,EMSPR0835.1,TUBE,Y,8,1,181.1 X 178.00,,CZ0142
EMSPR0835.2,2024,8,6,140,140,QFN,176545,2/23/2024 19:00,B-A-T-P,P,EMS,NQ-700E700B044U,981.21A,9600,EMS0919P,A,EMSPR0835.1,TUBE,Y,8,1,181.1 X 178.00,,CZ0142
EMSPR0839.1,2024,9,2,140,140,QFN,175551,2/26/2024 19:00,B-A-T-P,P,EMS,NQ-700E700B044U,981.21A,9600,EMS0919P,A,2024-EMS-03-G195,TUBE,Y,8,1,181.1 X 178.00,,CZ0142
EMSPR0839.2,2024,9,2,140,140,QFN,175551,2/26/2024 19:00,B-A-T-P,P,EMS,NQ-700E700B044U,981.21A,13452,EMS0919P,A,EMSPR0839.1,TUBE,Y,8,1,181.1 X 178.00,,CZ0142
EMSPR0840.3,2024,9,3,140,140,QFN,176534,2/27/2024 19:00,B-A-T-P,P,EMS,NQ-700E700B044U,981.21A,11714,EMS0919P,A,EMSPR0840.1,TUBE,Y,8,1,181.1 X 178.00,,CZ0142
EMSPR0840.1,2024,9,3,140,140,QFN,176534,2/27/2024 19:00,B-A-T-P,P,EMS,NQ-700E700B044U,981.21A,9600,EMS0919P,A,2024-EMS-03-G310,TUBE,Y,8,1,181.1 X 178.00,,CZ0142
EMSPR0840.2,2024,9,3,140,140,QFN,176534,2/27/2024 19:00,B-A-T-P,P,EMS,NQ-700E700B044U,981.21A,9600,EMS0919P,A,EMSPR0840.1,TUBE,Y,8,1,181.1 X 178.00,,CZ0142
EMSPR0841.3,2024,9,3,140,140,QFN,176542,2/27/2024 19:00,B-A-T-P,P,EMS,NQ-700E700B044U,981.21A,11580,EMS0919P,A,EMSPR0841.1,TUBE,Y,8,1,181.1 X 178.00,,CZ0142
EMSPR0841.2,2024,9,3,140,140,QFN,176542,2/27/2024 19:00,B-A-T-P,P,EMS,NQ-700E700B044U,981.21A,9600,EMS0919P,A,EMSPR0841.1,TUBE,Y,8,1,181.1 X 178.00,,CZ0142
EMSPR0841.1,2024,9,3,140,140,QFN,176542,2/27/2024 19:00,B-A-T-P,P,EMS,NQ-700E700B044U,981.21A,9600,EMS0919P,A,2024-EMS-03-G280,TUBE,Y,8,1,181.1 X 178.00,,CZ0142
EMSPR0858.3,2024,8,2,140,140,QFN,180690,2/19/2024 19:00,B-A-T-P,P,EMS,NQ-700E700B044U,981.21A,11769,EMS0919P,A,EMSPR0858.1,TUBE,Y,8,1,181.1 X 178.00,,CZ0142
EMSPR0858.1,2024,8,2,140,140,QFN,180690,2/19/2024 19:00,B-A-T-P,P,EMS,NQ-700E700B044U,981.21A,9600,EMS0919P,A,2024-EMS-03-G173,TUBE,Y,8,1,181.1 X 178.00,,CZ0142
EMSPR0858.2,2024,8,2,140,140,QFN,180690,2/19/2024 19:00,B-A-T-P,P,EMS,NQ-700E700B044U,981.21A,9600,EMS0919P,A,EMSPR0858.1,TUBE,Y,8,1,181.1 X 178.00,,CZ0142
EMSPR0862.3,2024,8,2,140,140,QFN,180686,2/19/2024 19:00,B-A-T-P,P,EMS,NQ-700E700B044U,981.21A,13110,EMS0919P,A,EMSPR0862.1,TUBE,Y,8,1,181.1 X 178.00,,CZ0142
EMSPR0862.2,2024,8,2,140,140,QFN,180686,2/19/2024 19:00,B-A-T-P,P,EMS,NQ-700E700B044U,981.21A,9600,EMS0919P,A,EMSPR0862.1,TUBE,Y,8,1,181.1 X 178.00,,CZ0142
EMSPR0862.1,2024,8,2,140,140,QFN,180686,2/19/2024 19:00,B-A-T-P,P,EMS,NQ-700E700B044U,981.21A,9600,EMS0919P,A,2024-EMS-03-G178,TUBE,Y,8,1,181.1 X 178.00,,CZ0142
EMSPR0901.3,2024,8,4,140,140,QFN,176546,2/21/2024 19:00,B-A-T-P,P,EMS,NQ-700E700B044U,981.21A,12967,EMS0919P,A,EMSPR0901.1,TUBE,Y,8,1,181.1 X 178.00,,CZ0142
EMSPR0901.1,2024,8,4,140,140,QFN,176546,2/21/2024 19:00,B-A-T-P,P,EMS,NQ-700E700B044U,981.21A,9600,EMS0919P,A,2024-EMS-03-G208,TUBE,Y,8,1,181.1 X 178.00,,CZ0142
EMSPR0901.2,2024,8,4,140,140,QFN,176546,2/21/2024 19:00,B-A-T-P,P,EMS,NQ-700E700B044U,981.21A,9600,EMS0919P,A,EMSPR0901.1,TUBE,Y,8,1,181.1 X 178.00,,CZ0142
EMSPR0916.2,2024,8,5,140,140,QFN,176547,2/22/2024 19:00,B-A-T-P,P,EMS,NQ-700E700B044U,981.21A,9600,EMS0919P,A,EMSPR0916.1,TUBE,Y,8,1,181.1 X 178.00,,CZ0142
EMSPR0916.3,2024,8,5,140,140,QFN,176547,2/22/2024 19:00,B-A-T-P,P,EMS,NQ-700E700B044U,981.21A,12942,EMS0919P,A,EMSPR0916.1,TUBE,Y,8,1,181.1 X 178.00,,CZ0142
EMSPR0916.1,2024,8,5,140,140,QFN,176547,2/22/2024 19:00,B-A-T-P,P,EMS,NQ-700E700B044U,981.21A,9600,EMS0919P,A,2024-EMS-03-G225,TUBE,Y,8,1,181.1 X 178.00,,CZ0142
EMSPR0917.1,2024,8,5,140,140,QFN,176549,2/22/2024 19:00,B-A-T-P,P,EMS,NQ-700E700B044U,981.21A,9600,EMS0919P,A,2024-EMS-03-G247,TUBE,Y,8,1,181.1 X 178.00,,CZ0142
EMSPR0917.3,2024,8,5,140,140,QFN,176549,2/22/2024 19:00,B-A-T-P,P,EMS,NQ-700E700B044U,981.21A,12797,EMS0919P,A,EMSPR0917.1,TUBE,Y,8,1,181.1 X 178.00,,CZ0142
EMSPR0917.2,2024,8,5,140,140,QFN,176549,2/22/2024 19:00,B-A-T-P,P,EMS,NQ-700E700B044U,981.21A,9600,EMS0919P,A,EMSPR0917.1,TUBE,Y,8,1,181.1 X 178.00,,CZ0142
EMSPR0918.3,2024,8,5,140,140,QFN,176550,2/22/2024 19:00,B-A-T-P,P,EMS,NQ-700E700B044U,981.21A,12657,EMS0919P,A,EMSPR0918.1,TUBE,Y,8,1,181.1 X 178.00,,CZ0142
EMSPR0918.1,2024,8,5,140,140,QFN,176550,2/22/2024 19:00,B-A-T-P,P,EMS,NQ-700E700B044U,981.21A,9600,EMS0919P,A,2024-EMS-03-G215,TUBE,Y,8,1,181.1 X 178.00,,CZ0142
EMSPR0918.2,2024,8,5,140,140,QFN,176550,2/22/2024 19:00,B-A-T-P,P,EMS,NQ-700E700B044U,981.21A,9600,EMS0919P,A,EMSPR0918.1,TUBE,Y,8,1,181.1 X 178.00,,CZ0142
EMSPR0919.1,2024,8,6,140,140,QFN,176551,2/23/2024 19:00,B-A-T-P,P,EMS,NQ-700E700B044U,981.21A,9600,EMS0919P,A,2024-EMS-03-G229,TUBE,Y,8,1,181.1 X 178.00,,CZ0142
EMSPR0919.3,2024,8,6,140,140,QFN,176551,2/23/2024 19:00,B-A-T-P,P,EMS,NQ-700E700B044U,981.21A,12540,EMS0919P,A,EMSPR0919.1,TUBE,Y,8,1,181.1 X 178.00,,CZ0142
EMSPR0919.2,2024,8,6,140,140,QFN,176551,2/23/2024 19:00,B-A-T-P,P,EMS,NQ-700E700B044U,981.21A,9600,EMS0919P,A,EMSPR0919.1,TUBE,Y,8,1,181.1 X 178.00,,CZ0142
EMSPR0987.2,2024,9,4,140,140,QFN,177946,2/28/2024 19:00,B-A-T-P,P,EMS,NQ-700E700B044U,981.21A,9600,EMS0919P,A,EMSPR0987.1,TUBE,Y,8,1,181.1 X 178.00,,CZ0142
EMSPR0987.1,2024,9,4,140,140,QFN,177946,2/28/2024 19:00,B-A-T-P,P,EMS,NQ-700E700B044U,981.21A,9600,EMS0919P,A,2024-EMS-03-G259,TUBE,Y,8,1,181.1 X 178.00,,CZ0142
EMSPR0987.3,2024,9,4,140,140,QFN,177946,2/28/2024 19:00,B-A-T-P,P,EMS,NQ-700E700B044U,981.21A,13087,EMS0919P,A,EMSPR0987.1,TUBE,Y,8,1,181.1 X 178.00,,CZ0142
EMSPR0988.2,2024,9,4,140,140,QFN,177947,2/28/2024 19:00,B-A-T-P,P,EMS,NQ-700E700B044U,981.21A,9600,EMS0919P,A,EMSPR0988.1,TUBE,Y,8,1,181.1 X 178.00,,CZ0142
EMSPR0988.1,2024,9,4,140,140,QFN,177947,2/28/2024 19:00,B-A-T-P,P,EMS,NQ-700E700B044U,981.21A,9600,EMS0919P,A,2024-EMS-03-G287,TUBE,Y,8,1,181.1 X 178.00,,CZ0142
EMSPR0988.3,2024,9,4,140,140,QFN,177947,2/28/2024 19:00,B-A-T-P,P,EMS,NQ-700E700B044U,981.21A,13034,EMS0919P,A,EMSPR0988.1,TUBE,Y,8,1,181.1 X 178.00,,CZ0142
EMSPR0666.6,2024,7,2,140,140,QFN,179573,2/12/2024 19:00,G-A-T-P,P,EMS,NQ-700M7001048U,523.06A,9600,EMS0931P,A,EMSPR0666.1,TRAY,Y,8,"1,1","98.40 X 140.20,63.8 X 162.6",,CZ0289
EMSPR0666.4,2024,7,2,140,140,QFN,179573,2/12/2024 19:00,G-A-T-P,P,EMS,NQ-700M7001048U,523.06A,9600,EMS0931P,A,EMSPR0666.1,TRAY,Y,8,"1,1","98.40 X 140.20,63.8 X 162.6",,CZ0289
EMSPR0666.3,2024,7,2,140,140,QFN,179573,2/12/2024 19:00,G-A-T-P,P,EMS,NQ-700M7001048U,523.06A,9600,EMS0931P,A,EMSPR0666.1,TRAY,Y,8,"1,1","98.40 X 140.20,63.8 X 162.6",,CZ0289
EMSPR0666.2,2024,7,2,140,140,QFN,179573,2/12/2024 19:00,G-A-T-P,P,EMS,NQ-700M7001048U,523.06A,9600,EMS0931P,A,EMSPR0666.1,TRAY,Y,8,"1,1","98.40 X 140.20,63.8 X 162.6",,CZ0289
EMSPR0666.1,2024,7,2,140,140,QFN,179573,2/12/2024 19:00,G-A-T-P,P,EMS,NQ-700M7001048U,523.06A,9600,EMS0931P,A,2024-EMS-03-G035,TRAY,Y,8,"1,1","98.40 X 140.20,63.8 X 162.6",,CZ0289
EMSPR0666.8,2024,7,2,140,140,QFN,179573,2/12/2024 19:00,G-A-T-P,P,EMS,NQ-700M7001048U,523.06A,5741,EMS0931P,A,EMSPR0666.1,TRAY,Y,8,"1,1","98.40 X 140.20,63.8 X 162.6",,CZ0289
EMSPR0666.7,2024,7,2,140,140,QFN,179573,2/12/2024 19:00,G-A-T-P,P,EMS,NQ-700M7001048U,523.06A,9600,EMS0931P,A,EMSPR0666.1,TRAY,Y,8,"1,1","98.40 X 140.20,63.8 X 162.6",,CZ0289
EMSPR0666.5,2024,7,2,140,140,QFN,179573,2/12/2024 19:00,G-A-T-P,P,EMS,NQ-700M7001048U,523.06A,9600,EMS0931P,A,EMSPR0666.1,TRAY,Y,8,"1,1","98.40 X 140.20,63.8 X 162.6",,CZ0289
EMSPR0802.1,2024,8,1,140,140,QFN,181460,2/18/2024 19:00,G-A-T-P,P,EMS,NQ-700M7001048U,523.06A,9600,EMS0931P,A,2024-EMS-03-G161,TRAY,Y,8,"1,1","98.40 X 140.20,63.8 X 162.6",,CZ0289
EMSPR0802.4,2024,8,1,140,140,QFN,181460,2/18/2024 19:00,G-A-T-P,P,EMS,NQ-700M7001048U,523.06A,9600,EMS0931P,A,EMSPR0802.1,TRAY,Y,8,"1,1","98.40 X 140.20,63.8 X 162.6",,CZ0289
EMSPR0802.3,2024,8,1,140,140,QFN,181460,2/18/2024 19:00,G-A-T-P,P,EMS,NQ-700M7001048U,523.06A,9600,EMS0931P,A,EMSPR0802.1,TRAY,Y,8,"1,1","98.40 X 140.20,63.8 X 162.6",,CZ0289
EMSPR0802.5,2024,8,1,140,140,QFN,181460,2/18/2024 19:00,G-A-T-P,P,EMS,NQ-700M7001048U,523.06A,9600,EMS0931P,A,EMSPR0802.1,TRAY,Y,8,"1,1","98.40 X 140.20,63.8 X 162.6",,CZ0289
EMSPR0802.6,2024,8,1,140,140,QFN,181460,2/18/2024 19:00,G-A-T-P,P,EMS,NQ-700M7001048U,523.06A,9600,EMS0931P,A,EMSPR0802.1,TRAY,Y,8,"1,1","98.40 X 140.20,63.8 X 162.6",,CZ0289
EMSPR0802.7,2024,8,1,140,140,QFN,181460,2/18/2024 19:00,G-A-T-P,P,EMS,NQ-700M7001048U,523.06A,9600,EMS0931P,A,EMSPR0802.1,TRAY,Y,8,"1,1","98.40 X 140.20,63.8 X 162.6",,CZ0289
EMSPR0802.8,2024,8,1,140,140,QFN,181460,2/18/2024 19:00,G-A-T-P,P,EMS,NQ-700M7001048U,523.06A,6961,EMS0931P,A,EMSPR0802.1,TRAY,Y,8,"1,1","98.40 X 140.20,63.8 X 162.6",,CZ0289
EMSPR0802.2,2024,8,1,140,140,QFN,181460,2/18/2024 19:00,G-A-T-P,P,EMS,NQ-700M7001048U,523.06A,9600,EMS0931P,A,EMSPR0802.1,TRAY,Y,8,"1,1","98.40 X 140.20,63.8 X 162.6",,CZ0289
EMSPR0855.8,2024,8,2,140,140,QFN,181250,2/19/2024 19:00,G-A-T-P,P,EMS,NQ-700M7001048U,523.06A,7806,EMS0931P,A,EMSPR0855.1,TRAY,Y,8,"1,1","98.40 X 140.20,63.8 X 162.6",,CZ0289
EMSPR0855.7,2024,8,2,140,140,QFN,181250,2/19/2024 19:00,G-A-T-P,P,EMS,NQ-700M7001048U,523.06A,9600,EMS0931P,A,EMSPR0855.1,TRAY,Y,8,"1,1","98.40 X 140.20,63.8 X 162.6",,CZ0289
EMSPR0855.6,2024,8,2,140,140,QFN,181250,2/19/2024 19:00,G-A-T-P,P,EMS,NQ-700M7001048U,523.06A,9600,EMS0931P,A,EMSPR0855.1,TRAY,Y,8,"1,1","98.40 X 140.20,63.8 X 162.6",,CZ0289
EMSPR0855.1,2024,8,2,140,140,QFN,181250,2/19/2024 19:00,G-A-T-P,P,EMS,NQ-700M7001048U,523.06A,9600,EMS0931P,A,2024-EMS-03-G162,TRAY,Y,8,"1,1","98.40 X 140.20,63.8 X 162.6",,CZ0289
EMSPR0855.5,2024,8,2,140,140,QFN,181250,2/19/2024 19:00,G-A-T-P,P,EMS,NQ-700M7001048U,523.06A,9600,EMS0931P,A,EMSPR0855.1,TRAY,Y,8,"1,1","98.40 X 140.20,63.8 X 162.6",,CZ0289
EMSPR0855.4,2024,8,2,140,140,QFN,181250,2/19/2024 19:00,G-A-T-P,P,EMS,NQ-700M7001048U,523.06A,9600,EMS0931P,A,EMSPR0855.1,TRAY,Y,8,"1,1","98.40 X 140.20,63.8 X 162.6",,CZ0289
EMSPR0855.3,2024,8,2,140,140,QFN,181250,2/19/2024 19:00,G-A-T-P,P,EMS,NQ-700M7001048U,523.06A,9600,EMS0931P,A,EMSPR0855.1,TRAY,Y,8,"1,1","98.40 X 140.20,63.8 X 162.6",,CZ0289
EMSPR0855.2,2024,8,2,140,140,QFN,181250,2/19/2024 19:00,G-A-T-P,P,EMS,NQ-700M7001048U,523.06A,9600,EMS0931P,A,EMSPR0855.1,TRAY,Y,8,"1,1","98.40 X 140.20,63.8 X 162.6",,CZ0289
EMSPR0872.4,2024,8,4,140,140,QFN,182386,2/21/2024 19:00,G-A-T-P,P,EMS,NQ-700M7001048U,523.06A,9600,EMS0931P,A,EMSPR0872.1,TRAY,Y,8,"1,1","98.40 X 140.20,63.8 X 162.6",,CZ0289
EMSPR0872.2,2024,8,4,140,140,QFN,182386,2/21/2024 19:00,G-A-T-P,P,EMS,NQ-700M7001048U,523.06A,9600,EMS0931P,A,EMSPR0872.1,TRAY,Y,8,"1,1","98.40 X 140.20,63.8 X 162.6",,CZ0289
EMSPR0872.6,2024,8,4,140,140,QFN,182386,2/21/2024 19:00,G-A-T-P,P,EMS,NQ-700M7001048U,523.06A,9600,EMS0931P,A,EMSPR0872.1,TRAY,Y,8,"1,1","98.40 X 140.20,63.8 X 162.6",,CZ0289
EMSPR0872.1,2024,8,4,140,140,QFN,182386,2/21/2024 19:00,G-A-T-P,P,EMS,NQ-700M7001048U,523.06A,9600,EMS0931P,A,2024-EMS-03-G188,TRAY,Y,8,"1,1","98.40 X 140.20,63.8 X 162.6",,CZ0289
EMSPR0872.5,2024,8,4,140,140,QFN,182386,2/21/2024 19:00,G-A-T-P,P,EMS,NQ-700M7001048U,523.06A,9600,EMS0931P,A,EMSPR0872.1,TRAY,Y,8,"1,1","98.40 X 140.20,63.8 X 162.6",,CZ0289
EMSPR0872.3,2024,8,4,140,140,QFN,182386,2/21/2024 19:00,G-A-T-P,P,EMS,NQ-700M7001048U,523.06A,9600,EMS0931P,A,EMSPR0872.1,TRAY,Y,8,"1,1","98.40 X 140.20,63.8 X 162.6",,CZ0289
EMSPR0872.8,2024,8,4,140,140,QFN,182386,2/21/2024 19:00,G-A-T-P,P,EMS,NQ-700M7001048U,523.06A,6334,EMS0931P,A,EMSPR0872.1,TRAY,Y,8,"1,1","98.40 X 140.20,63.8 X 162.6",,CZ0289
EMSPR0872.7,2024,8,4,140,140,QFN,182386,2/21/2024 19:00,G-A-T-P,P,EMS,NQ-700M7001048U,523.06A,9600,EMS0931P,A,EMSPR0872.1,TRAY,Y,8,"1,1","98.40 X 140.20,63.8 X 162.6",,CZ0289
EMSPR1000.8,2024,9,4,140,140,QFN,181462,2/28/2024 19:00,G-A-T-P,P,EMS,NQ-700M7001048U,523.06A,7174,EMS0931P,A,EMSPR1000.1,TRAY,Y,8,"1,1","98.40 X 140.20,63.8 X 162.6",,CZ0289
EMSPR1000.1,2024,9,4,140,140,QFN,181462,2/28/2024 19:00,G-A-T-P,P,EMS,NQ-700M7001048U,523.06A,9600,EMS0931P,A,2024-EMS-03-G209,TRAY,Y,8,"1,1","98.40 X 140.20,63.8 X 162.6",,CZ0289
EMSPR1000.2,2024,9,4,140,140,QFN,181462,2/28/2024 19:00,G-A-T-P,P,EMS,NQ-700M7001048U,523.06A,9600,EMS0931P,A,EMSPR1000.1,TRAY,Y,8,"1,1","98.40 X 140.20,63.8 X 162.6",,CZ0289
EMSPR1000.3,2024,9,4,140,140,QFN,181462,2/28/2024 19:00,G-A-T-P,P,EMS,NQ-700M7001048U,523.06A,9600,EMS0931P,A,EMSPR1000.1,TRAY,Y,8,"1,1","98.40 X 140.20,63.8 X 162.6",,CZ0289
EMSPR1000.4,2024,9,4,140,140,QFN,181462,2/28/2024 19:00,G-A-T-P,P,EMS,NQ-700M7001048U,523.06A,9600,EMS0931P,A,EMSPR1000.1,TRAY,Y,8,"1,1","98.40 X 140.20,63.8 X 162.6",,CZ0289
EMSPR1000.5,2024,9,4,140,140,QFN,181462,2/28/2024 19:00,G-A-T-P,P,EMS,NQ-700M7001048U,523.06A,9600,EMS0931P,A,EMSPR1000.1,TRAY,Y,8,"1,1","98.40 X 140.20,63.8 X 162.6",,CZ0289
EMSPR1000.6,2024,9,4,140,140,QFN,181462,2/28/2024 19:00,G-A-T-P,P,EMS,NQ-700M7001048U,523.06A,9600,EMS0931P,A,EMSPR1000.1,TRAY,Y,8,"1,1","98.40 X 140.20,63.8 X 162.6",,CZ0289
EMSPR1000.7,2024,9,4,140,140,QFN,181462,2/28/2024 19:00,G-A-T-P,P,EMS,NQ-700M7001048U,523.06A,9600,EMS0931P,A,EMSPR1000.1,TRAY,Y,8,"1,1","98.40 X 140.20,63.8 X 162.6",,CZ0289
EMSPR0665.3,2024,6,7,140,140,QFN,177821,2/10/2024 19:00,G-A-T-P,P,EMS,NQ-700M7001048U,523.06A,9600,EMS0954P,A,EMSPR0665.1,TRAY,Y,8,"1,1","98.4 X 140.2,63.8 X 162.6",,CZ0289
EMSPR0665.4,2024,6,7,140,140,QFN,177821,2/10/2024 19:00,G-A-T-P,P,EMS,NQ-700M7001048U,523.06A,9600,EMS0954P,A,EMSPR0665.1,TRAY,Y,8,"1,1","98.4 X 140.2,63.8 X 162.6",,CZ0289
EMSPR0665.5,2024,6,7,140,140,QFN,177821,2/10/2024 19:00,G-A-T-P,P,EMS,NQ-700M7001048U,523.06A,9600,EMS0954P,A,EMSPR0665.1,TRAY,Y,8,"1,1","98.4 X 140.2,63.8 X 162.6",,CZ0289
EMSPR0665.8,2024,6,7,140,140,QFN,177821,2/10/2024 19:00,G-A-T-P,P,EMS,NQ-700M7001048U,523.06A,7548,EMS0954P,A,EMSPR0665.1,TRAY,Y,8,"1,1","98.4 X 140.2,63.8 X 162.6",,CZ0289
EMSPR0665.2,2024,6,7,140,140,QFN,177821,2/10/2024 19:00,G-A-T-P,P,EMS,NQ-700M7001048U,523.06A,9600,EMS0954P,A,EMSPR0665.1,TRAY,Y,8,"1,1","98.4 X 140.2,63.8 X 162.6",,CZ0289
EMSPR0665.1,2024,6,7,140,140,QFN,177821,2/10/2024 19:00,G-A-T-P,P,EMS,NQ-700M7001048U,523.06A,9600,EMS0954P,A,2024-EMS-03-G036,TRAY,Y,8,"1,1","98.4 X 140.2,63.8 X 162.6",,CZ0289
EMSPR0665.7,2024,6,7,140,140,QFN,177821,2/10/2024 19:00,G-A-T-P,P,EMS,NQ-700M7001048U,523.06A,9600,EMS0954P,A,EMSPR0665.1,TRAY,Y,8,"1,1","98.4 X 140.2,63.8 X 162.6",,CZ0289
EMSPR0665.6,2024,6,7,140,140,QFN,177821,2/10/2024 19:00,G-A-T-P,P,EMS,NQ-700M7001048U,523.06A,9600,EMS0954P,A,EMSPR0665.1,TRAY,Y,8,"1,1","98.4 X 140.2,63.8 X 162.6",,CZ0289
EMSPR0716.3,2024,7,5,140,140,QFN,181461,2/15/2024 19:00,G-A-T-P,P,EMS,NQ-700M700B048U,523.06A,9600,EMS0912P,A,EMSPR0716.1,TRAY,Y,8,"1,1","98.4 X 140.2,63.8 X 162.6",,CZ0289
EMSPR0716.2,2024,7,5,140,140,QFN,181461,2/15/2024 19:00,G-A-T-P,P,EMS,NQ-700M700B048U,523.06A,9600,EMS0912P,A,EMSPR0716.1,TRAY,Y,8,"1,1","98.4 X 140.2,63.8 X 162.6",,CZ0289
EMSPR0716.1,2024,7,5,140,140,QFN,181461,2/15/2024 19:00,G-A-T-P,P,EMS,NQ-700M700B048U,523.06A,9600,EMS0912P,A,2024-EMS-03-G060,TRAY,Y,8,"1,1","98.4 X 140.2,63.8 X 162.6",,CZ0289
EMSPR0716.4,2024,7,5,140,140,QFN,181461,2/15/2024 19:00,G-A-T-P,P,EMS,NQ-700M700B048U,523.06A,9600,EMS0912P,A,EMSPR0716.1,TRAY,Y,8,"1,1","98.4 X 140.2,63.8 X 162.6",,CZ0289
EMSPR0716.5,2024,7,5,140,140,QFN,181461,2/15/2024 19:00,G-A-T-P,P,EMS,NQ-700M700B048U,523.06A,9600,EMS0912P,A,EMSPR0716.1,TRAY,Y,8,"1,1","98.4 X 140.2,63.8 X 162.6",,CZ0289
EMSPR0716.6,2024,7,5,140,140,QFN,181461,2/15/2024 19:00,G-A-T-P,P,EMS,NQ-700M700B048U,523.06A,9600,EMS0912P,A,EMSPR0716.1,TRAY,Y,8,"1,1","98.4 X 140.2,63.8 X 162.6",,CZ0289
EMSPR0716.7,2024,7,5,140,140,QFN,181461,2/15/2024 19:00,G-A-T-P,P,EMS,NQ-700M700B048U,523.06A,9600,EMS0912P,A,EMSPR0716.1,TRAY,Y,8,"1,1","98.4 X 140.2,63.8 X 162.6",,CZ0289
EMSPR0716.8,2024,7,5,140,140,QFN,181461,2/15/2024 19:00,G-A-T-P,P,EMS,NQ-700M700B048U,523.06A,7273,EMS0912P,A,EMSPR0716.1,TRAY,Y,8,"1,1","98.4 X 140.2,63.8 X 162.6",,CZ0289
EMSPR0698.2,2024,7,1,140,140,QFN,172568,2/11/2024 19:00,G-A-T-P,P,EMS,NQ-700M700B048U,523.06A,9600,EMS0936P,A,EMSPR0698.1,TRAY,Y,8,"1,1","98.4 X 140.2,63.8 X 162.6",,CZ0289
EMSPR0698.3,2024,7,1,140,140,QFN,172568,2/11/2024 19:00,G-A-T-P,P,EMS,NQ-700M700B048U,523.06A,9600,EMS0936P,A,EMSPR0698.1,TRAY,Y,8,"1,1","98.4 X 140.2,63.8 X 162.6",,CZ0289
EMSPR0698.8,2024,7,1,140,140,QFN,172568,2/11/2024 19:00,G-A-T-P,P,EMS,NQ-700M700B048U,523.06A,8579,EMS0936P,A,EMSPR0698.1,TRAY,Y,8,"1,1","98.4 X 140.2,63.8 X 162.6",,CZ0289
EMSPR0698.1,2024,7,1,140,140,QFN,172568,2/11/2024 19:00,G-A-T-P,P,EMS,NQ-700M700B048U,523.06A,9600,EMS0936P,A,2024-EMS-02-G314,TRAY,Y,8,"1,1","98.4 X 140.2,63.8 X 162.6",,CZ0289
EMSPR0698.5,2024,7,1,140,140,QFN,172568,2/11/2024 19:00,G-A-T-P,P,EMS,NQ-700M700B048U,523.06A,9600,EMS0936P,A,EMSPR0698.1,TRAY,Y,8,"1,1","98.4 X 140.2,63.8 X 162.6",,CZ0289
EMSPR0698.6,2024,7,1,140,140,QFN,172568,2/11/2024 19:00,G-A-T-P,P,EMS,NQ-700M700B048U,523.06A,9600,EMS0936P,A,EMSPR0698.1,TRAY,Y,8,"1,1","98.4 X 140.2,63.8 X 162.6",,CZ0289
EMSPR0698.7,2024,7,1,140,140,QFN,172568,2/11/2024 19:00,G-A-T-P,P,EMS,NQ-700M700B048U,523.06A,9600,EMS0936P,A,EMSPR0698.1,TRAY,Y,8,"1,1","98.4 X 140.2,63.8 X 162.6",,CZ0289
EMSPR0698.4,2024,7,1,140,140,QFN,172568,2/11/2024 19:00,G-A-T-P,P,EMS,NQ-700M700B048U,523.06A,9600,EMS0936P,A,EMSPR0698.1,TRAY,Y,8,"1,1","98.4 X 140.2,63.8 X 162.6",,CZ0289
EMSPR0717.6,2024,7,4,140,140,QFN,176402,2/14/2024 19:00,G-A-T-P,P,EMS,NQ-700M700B048U,523.06A,9600,EMS0936P,A,EMSPR0717.1,TRAY,Y,8,"1,1","98.4 X 140.2,63.8 X 162.6",,CZ0289
EMSPR0717.4,2024,7,4,140,140,QFN,176402,2/14/2024 19:00,G-A-T-P,P,EMS,NQ-700M700B048U,523.06A,9600,EMS0936P,A,EMSPR0717.1,TRAY,Y,8,"1,1","98.4 X 140.2,63.8 X 162.6",,CZ0289
EMSPR0717.5,2024,7,4,140,140,QFN,176402,2/14/2024 19:00,G-A-T-P,P,EMS,NQ-700M700B048U,523.06A,9600,EMS0936P,A,EMSPR0717.1,TRAY,Y,8,"1,1","98.4 X 140.2,63.8 X 162.6",,CZ0289
EMSPR0717.2,2024,7,4,140,140,QFN,176402,2/14/2024 19:00,G-A-T-P,P,EMS,NQ-700M700B048U,523.06A,9600,EMS0936P,A,EMSPR0717.1,TRAY,Y,8,"1,1","98.4 X 140.2,63.8 X 162.6",,CZ0289
EMSPR0717.1,2024,7,4,140,140,QFN,176402,2/14/2024 19:00,G-A-T-P,P,EMS,NQ-700M700B048U,523.06A,9600,EMS0936P,A,2024-EMS-03-G090,TRAY,Y,8,"1,1","98.4 X 140.2,63.8 X 162.6",,CZ0289
EMSPR0717.3,2024,7,4,140,140,QFN,176402,2/14/2024 19:00,G-A-T-P,P,EMS,NQ-700M700B048U,523.06A,9600,EMS0936P,A,EMSPR0717.1,TRAY,Y,8,"1,1","98.4 X 140.2,63.8 X 162.6",,CZ0289
EMSPR0717.7,2024,7,4,140,140,QFN,176402,2/14/2024 19:00,G-A-T-P,P,EMS,NQ-700M700B048U,523.06A,8402,EMS0936P,A,EMSPR0717.1,TRAY,Y,8,"1,1","98.4 X 140.2,63.8 X 162.6",,CZ0289
EMSPR0718.6,2024,7,4,140,140,QFN,177822,2/14/2024 19:00,G-A-T-P,P,EMS,NQ-700M700B048U,523.06A,9600,EMS0936P,A,EMSPR0718.1,TRAY,Y,8,"1,1","98.4 X 140.2,63.8 X 162.6",,CZ0289
EMSPR0718.8,2024,7,4,140,140,QFN,177822,2/14/2024 19:00,G-A-T-P,P,EMS,NQ-700M700B048U,523.06A,8402,EMS0936P,A,EMSPR0718.1,TRAY,Y,8,"1,1","98.4 X 140.2,63.8 X 162.6",,CZ0289
EMSPR0718.1,2024,7,4,140,140,QFN,177822,2/14/2024 19:00,G-A-T-P,P,EMS,NQ-700M700B048U,523.06A,9600,EMS0936P,A,2024-EMS-03-G106,TRAY,Y,8,"1,1","98.4 X 140.2,63.8 X 162.6",,CZ0289
EMSPR0718.4,2024,7,4,140,140,QFN,177822,2/14/2024 19:00,G-A-T-P,P,EMS,NQ-700M700B048U,523.06A,9600,EMS0936P,A,EMSPR0718.1,TRAY,Y,8,"1,1","98.4 X 140.2,63.8 X 162.6",,CZ0289
EMSPR0718.3,2024,7,4,140,140,QFN,177822,2/14/2024 19:00,G-A-T-P,P,EMS,NQ-700M700B048U,523.06A,9600,EMS0936P,A,EMSPR0718.1,TRAY,Y,8,"1,1","98.4 X 140.2,63.8 X 162.6",,CZ0289
EMSPR0718.7,2024,7,4,140,140,QFN,177822,2/14/2024 19:00,G-A-T-P,P,EMS,NQ-700M700B048U,523.06A,9600,EMS0936P,A,EMSPR0718.1,TRAY,Y,8,"1,1","98.4 X 140.2,63.8 X 162.6",,CZ0289
EMSPR0718.5,2024,7,4,140,140,QFN,177822,2/14/2024 19:00,G-A-T-P,P,EMS,NQ-700M700B048U,523.06A,9600,EMS0936P,A,EMSPR0718.1,TRAY,Y,8,"1,1","98.4 X 140.2,63.8 X 162.6",,CZ0289
EMSPR0718.2,2024,7,4,140,140,QFN,177822,2/14/2024 19:00,G-A-T-P,P,EMS,NQ-700M700B048U,523.06A,9600,EMS0936P,A,EMSPR0718.1,TRAY,Y,8,"1,1","98.4 X 140.2,63.8 X 162.6",,CZ0289
EMQPR0055.4,2024,5,7,140,140,QFN,173442,2/3/2024 19:00,G-A,P,EMS,NQ-700M700C036U,523.52A,9600,EMS0819P,B,2024-EMQ-02-G017,TUBE,Y,8,"1,1","93.7 X 148.4,63.8 X 150.00",,CZ0142
EMQPR0055.2,2024,5,7,140,140,QFN,173442,2/3/2024 19:00,G-A,P,EMS,NQ-700M700C036U,523.52A,9600,EMS0819P,B,2024-EMQ-02-G018,TUBE,Y,8,"1,1","93.7 X 148.4,63.8 X 150.00",,CZ0142
EMQPR0055.3,2024,5,7,140,140,QFN,173442,2/3/2024 19:00,G-A,P,EMS,NQ-700M700C036U,523.52A,9600,EMS0819P,B,2024-EMQ-02-G017,TUBE,Y,8,"1,1","93.7 X 148.4,63.8 X 150.00",,CZ0142
EMQPR0055.5,2024,5,7,140,140,QFN,173442,2/3/2024 19:00,G-A,P,EMS,NQ-700M700C036U,523.52A,9600,EMS0819P,B,2024-EMQ-02-G017,TUBE,Y,8,"1,1","93.7 X 148.4,63.8 X 150.00",,CZ0142
EMQPR0055.6,2024,5,7,140,140,QFN,173442,2/3/2024 19:00,G-A,P,EMS,NQ-700M700C036U,523.52A,9600,EMS0819P,B,2024-EMQ-02-G017,TUBE,Y,8,"1,1","93.7 X 148.4,63.8 X 150.00",,CZ0142
EMQPR0055.7,2024,5,7,140,140,QFN,173442,2/3/2024 19:00,G-A,P,EMS,NQ-700M700C036U,523.52A,9600,EMS0819P,B,2024-EMQ-02-G017,TUBE,Y,8,"1,1","93.7 X 148.4,63.8 X 150.00",,CZ0142
EMQPR0055.8,2024,5,7,140,140,QFN,173442,2/3/2024 19:00,G-A,P,EMS,NQ-700M700C036U,523.52A,5096,EMS0819P,B,2024-EMQ-02-G017,TUBE,Y,8,"1,1","93.7 X 148.4,63.8 X 150.00",,CZ0142
EMQPR0055.1,2024,5,7,140,140,QFN,173442,2/3/2024 19:00,G-A,P,EMS,NQ-700M700C036U,523.52A,9600,EMS0819P,B,2024-EMQ-02-G017,TUBE,Y,8,"1,1","93.7 X 148.4,63.8 X 150.00",,CZ0142
EMSMR0945.2,2024,9,1,140,140,QFN,173440,2/25/2024 19:00,G-A,M,EMS,NQ-700M700C036U,523.52A,9600,EMS0819P,B,2024-EMS-03-G055,TUBE,Y,8,"1,1","93.7 X 148.4,63.8 X 150.00",,CZ0142
EMSMR0945.6,2024,9,1,140,140,QFN,173440,2/25/2024 19:00,G-A,M,EMS,NQ-700M700C036U,523.52A,9600,EMS0819P,B,2024-EMS-03-G068,TUBE,Y,8,"1,1","93.7 X 148.4,63.8 X 150.00",,CZ0142
EMSMR0945.1,2024,9,1,140,140,QFN,173440,2/25/2024 19:00,G-A,M,EMS,NQ-700M700C036U,523.52A,9600,EMS0819P,B,2024-EMS-03-G044,TUBE,Y,8,"1,1","93.7 X 148.4,63.8 X 150.00",,CZ0142
EMSMR0945.3,2024,9,1,140,140,QFN,173440,2/25/2024 19:00,G-A,M,EMS,NQ-700M700C036U,523.52A,9600,EMS0819P,B,2024-EMS-03-G044,TUBE,Y,8,"1,1","93.7 X 148.4,63.8 X 150.00",,CZ0142
EMSMR0945.4,2024,9,1,140,140,QFN,173440,2/25/2024 19:00,G-A,M,EMS,NQ-700M700C036U,523.52A,9600,EMS0819P,B,2024-EMS-03-G016,TUBE,Y,8,"1,1","93.7 X 148.4,63.8 X 150.00",,CZ0142
EMSMR0945.5,2024,9,1,140,140,QFN,173440,2/25/2024 19:00,G-A,M,EMS,NQ-700M700C036U,523.52A,9600,EMS0819P,B,2024-EMS-03-G055,TUBE,Y,8,"1,1","93.7 X 148.4,63.8 X 150.00",,CZ0142
EMSMR0945.7,2024,9,1,140,140,QFN,173440,2/25/2024 19:00,G-A,M,EMS,NQ-700M700C036U,523.52A,13533,EMS0819P,B,2024-EMS-03-G024,TUBE,Y,8,"1,1","93.7 X 148.4,63.8 X 150.00",,CZ0142
EMSMR0946.6,2024,9,2,140,140,QFN,174919,2/26/2024 19:00,G-A,M,EMS,NQ-700M700C036U,523.52A,9600,EMS0819P,B,2024-EMS-03-G061,TUBE,Y,8,"1,1","93.7 X 148.4,63.8 X 150.00",,CZ0142
EMSMR0946.1,2024,9,2,140,140,QFN,174919,2/26/2024 19:00,G-A,M,EMS,NQ-700M700C036U,523.52A,9600,EMS0819P,B,2024-EMS-03-G068,TUBE,Y,8,"1,1","93.7 X 148.4,63.8 X 150.00",,CZ0142
EMSMR0946.3,2024,9,2,140,140,QFN,174919,2/26/2024 19:00,G-A,M,EMS,NQ-700M700C036U,523.52A,9600,EMS0819P,B,2024-EMS-03-G044,TUBE,Y,8,"1,1","93.7 X 148.4,63.8 X 150.00",,CZ0142
EMSMR0946.2,2024,9,2,140,140,QFN,174919,2/26/2024 19:00,G-A,M,EMS,NQ-700M700C036U,523.52A,9600,EMS0819P,B,2024-EMS-03-G068,TUBE,Y,8,"1,1","93.7 X 148.4,63.8 X 150.00",,CZ0142
EMSMR0946.4,2024,9,2,140,140,QFN,174919,2/26/2024 19:00,G-A,M,EMS,NQ-700M700C036U,523.52A,9600,EMS0819P,B,2024-EMS-03-G068,TUBE,Y,8,"1,1","93.7 X 148.4,63.8 X 150.00",,CZ0142
EMSMR0946.7,2024,9,2,140,140,QFN,174919,2/26/2024 19:00,G-A,M,EMS,NQ-700M700C036U,523.52A,9600,EMS0819P,B,2024-EMS-03-G044,TUBE,Y,8,"1,1","93.7 X 148.4,63.8 X 150.00",,CZ0142
EMSMR0946.8,2024,9,2,140,140,QFN,174919,2/26/2024 19:00,G-A,M,EMS,NQ-700M700C036U,523.52A,5255,EMS0819P,B,2024-EMS-03-G044,TUBE,Y,8,"1,1","93.7 X 148.4,63.8 X 150.00",,CZ0142
EMSMR0946.5,2024,9,2,140,140,QFN,174919,2/26/2024 19:00,G-A,M,EMS,NQ-700M700C036U,523.52A,9600,EMS0819P,B,2024-EMS-03-G068,TUBE,Y,8,"1,1","93.7 X 148.4,63.8 X 150.00",,CZ0142
EMSPR0563.3,2024,5,6,140,140,QFN,181075,2/2/2024 19:00,G-A-T-P,P,EMS,NQC400E400B020U,419.01B,41601,EMS1153P,A,EMSPR0563.1,TUBE,Y,8,1,97.2 X 98.4,,CZ0289
EMSPR0563.2,2024,5,6,140,140,QFN,181075,2/2/2024 19:00,G-A-T-P,P,EMS,NQC400E400B020U,419.01B,28000,EMS1153P,A,EMSPR0563.1,TUBE,Y,8,1,97.2 X 98.4,,CZ0289
EMSPR0563.1,2024,5,6,140,140,QFN,181075,2/2/2024 19:00,G-A-T-P,P,EMS,NQC400E400B020U,419.01B,28000,EMS1153P,A,2024-EMS-03-G140,TUBE,Y,8,1,97.2 X 98.4,,CZ0289
EMSPR0564.2,2024,5,6,140,140,QFN,181144,2/2/2024 19:00,G-A-T-P,P,EMS,NQC400E400B020U,419.01B,28000,EMS1153P,A,EMSPR0564.1,TUBE,Y,8,1,97.2 X 98.4,,CZ0289
EMSPR0564.4,2024,5,6,140,140,QFN,181144,2/2/2024 19:00,G-A-T-P,P,EMS,NQC400E400B020U,419.01B,17177,EMS1153P,A,EMSPR0564.1,TUBE,Y,8,1,97.2 X 98.4,,CZ0289
EMSPR0564.3,2024,5,6,140,140,QFN,181144,2/2/2024 19:00,G-A-T-P,P,EMS,NQC400E400B020U,419.01B,28000,EMS1153P,A,EMSPR0564.1,TUBE,Y,8,1,97.2 X 98.4,,CZ0289
EMSPR0564.1,2024,5,6,140,140,QFN,181144,2/2/2024 19:00,G-A-T-P,P,EMS,NQC400E400B020U,419.01B,28000,EMS1153P,A,2024-EMS-02-G310,TUBE,Y,8,1,97.2 X 98.4,,CZ0289
EMSPR0565.1,2024,5,7,140,140,QFN,181226,2/3/2024 19:00,G-A-T-P,P,EMS,NQC400E400B020U,419.01B,28000,EMS1153P,A,2024-EMS-03-G165,TUBE,Y,8,1,97.2 X 98.4,,CZ0289
EMSPR0565.3,2024,5,7,140,140,QFN,181226,2/3/2024 19:00,G-A-T-P,P,EMS,NQC400E400B020U,419.01B,28000,EMS1153P,A,EMSPR0565.1,TUBE,Y,8,1,97.2 X 98.4,,CZ0289
EMSPR0565.2,2024,5,7,140,140,QFN,181226,2/3/2024 19:00,G-A-T-P,P,EMS,NQC400E400B020U,419.01B,28000,EMS1153P,A,EMSPR0565.1,TUBE,Y,8,1,97.2 X 98.4,,CZ0289
EMSPR0565.4,2024,5,7,140,140,QFN,181226,2/3/2024 19:00,G-A-T-P,P,EMS,NQC400E400B020U,419.01B,22714,EMS1153P,A,EMSPR0565.1,TUBE,Y,8,1,97.2 X 98.4,,CZ0289
EMSPR0566.4,2024,5,7,140,140,QFN,182356,2/3/2024 19:00,G-A-T-P,P,EMS,NQC400E400B020U,419.01B,14496,EMS1153P,A,EMSPR0566.1,TUBE,Y,8,1,97.2 X 98.4,,CZ0289
EMSPR0566.3,2024,5,7,140,140,QFN,182356,2/3/2024 19:00,G-A-T-P,P,EMS,NQC400E400B020U,419.01B,28000,EMS1153P,A,EMSPR0566.1,TUBE,Y,8,1,97.2 X 98.4,,CZ0289
EMSPR0566.1,2024,5,7,140,140,QFN,182356,2/3/2024 19:00,G-A-T-P,P,EMS,NQC400E400B020U,419.01B,28000,EMS1153P,A,2024-EMS-03-G190,TUBE,Y,8,1,97.2 X 98.4,,CZ0289
EMSPR0566.2,2024,5,7,140,140,QFN,182356,2/3/2024 19:00,G-A-T-P,P,EMS,NQC400E400B020U,419.01B,28000,EMS1153P,A,EMSPR0566.1,TUBE,Y,8,1,97.2 X 98.4,,CZ0289
EMSPR0588.1,2024,6,1,140,140,QFN,181076,2/4/2024 19:00,G-A-T-P,P,EMS,NQC400E400B020U,419.01B,28000,EMS1153P,A,2024-EMS-03-G150,TUBE,Y,8,1,97.2 X 98.4,,CZ0289
EMSPR0588.3,2024,6,1,140,140,QFN,181076,2/4/2024 19:00,G-A-T-P,P,EMS,NQC400E400B020U,419.01B,28000,EMS1153P,A,EMSPR0588.1,TUBE,Y,8,1,97.2 X 98.4,,CZ0289
EMSPR0588.4,2024,6,1,140,140,QFN,181076,2/4/2024 19:00,G-A-T-P,P,EMS,NQC400E400B020U,419.01B,22923,EMS1153P,A,EMSPR0588.1,TUBE,Y,8,1,97.2 X 98.4,,CZ0289
EMSPR0588.2,2024,6,1,140,140,QFN,181076,2/4/2024 19:00,G-A-T-P,P,EMS,NQC400E400B020U,419.01B,28000,EMS1153P,A,EMSPR0588.1,TUBE,Y,8,1,97.2 X 98.4,,CZ0289
EMSPR0783.1,2024,7,6,140,140,QFN,181078,2/16/2024 19:00,G-A-T-P,P,EMS,NQC400E400B020U,419.01B,28000,EMS1153P,A,2024-EMS-03-G190,TUBE,Y,8,1,97.2 X 98.4,,CZ0289
EMSPR0783.2,2024,7,6,140,140,QFN,181078,2/16/2024 19:00,G-A-T-P,P,EMS,NQC400E400B020U,419.01B,28000,EMS1153P,A,EMSPR0783.1,TUBE,Y,8,1,97.2 X 98.4,,CZ0289
EMSPR0783.3,2024,7,6,140,140,QFN,181078,2/16/2024 19:00,G-A-T-P,P,EMS,NQC400E400B020U,419.01B,41573,EMS1153P,A,EMSPR0783.1,TUBE,Y,8,1,97.2 X 98.4,,CZ0289
EMSPR0804.1,2024,7,7,140,140,QFN,181435,2/17/2024 19:00,G-A-T-P,P,EMS,NQC400E400B020U,419.01B,28000,EMS1153P,A,2024-EMS-03-G203,TUBE,Y,8,1,97.2 X 98.4,,CZ0289
EMSPR0804.2,2024,7,7,140,140,QFN,181435,2/17/2024 19:00,G-A-T-P,P,EMS,NQC400E400B020U,419.01B,28000,EMS1153P,A,EMSPR0804.1,TUBE,Y,8,1,97.2 X 98.4,,CZ0289
EMSPR0804.3,2024,7,7,140,140,QFN,181435,2/17/2024 19:00,G-A-T-P,P,EMS,NQC400E400B020U,419.01B,28000,EMS1153P,A,EMSPR0804.1,TUBE,Y,8,1,97.2 X 98.4,,CZ0289
EMSPR0804.4,2024,7,7,140,140,QFN,181435,2/17/2024 19:00,G-A-T-P,P,EMS,NQC400E400B020U,419.01B,22729,EMS1153P,A,EMSPR0804.1,TUBE,Y,8,1,97.2 X 98.4,,CZ0289
EMSPR0860.3,2024,8,2,140,140,QFN,181432,2/19/2024 19:00,G-A-T-P,P,EMS,NQC400E400B020U,419.01B,28000,EMS1153P,A,EMSPR0860.1,TUBE,Y,8,1,97.2 X 98.4,,CZ0289
EMSPR0860.2,2024,8,2,140,140,QFN,181432,2/19/2024 19:00,G-A-T-P,P,EMS,NQC400E400B020U,419.01B,28000,EMS1153P,A,EMSPR0860.1,TUBE,Y,8,1,97.2 X 98.4,,CZ0289
EMSPR0860.4,2024,8,2,140,140,QFN,181432,2/19/2024 19:00,G-A-T-P,P,EMS,NQC400E400B020U,419.01B,16513,EMS1153P,A,EMSPR0860.1,TUBE,Y,8,1,97.2 X 98.4,,CZ0289
EMSPR0860.1,2024,8,2,140,140,QFN,181432,2/19/2024 19:00,G-A-T-P,P,EMS,NQC400E400B020U,419.01B,28000,EMS1153P,A,2024-EMS-03-G224,TUBE,Y,8,1,97.2 X 98.4,,CZ0289
EMSPR0861.2,2024,8,2,140,140,QFN,182564,2/19/2024 19:00,G-A-T-P,P,EMS,NQC400E400B020U,419.01B,28000,EMS1153P,A,EMSPR0861.1,TUBE,Y,8,1,97.2 X 98.4,,CZ0289
EMSPR0861.3,2024,8,2,140,140,QFN,182564,2/19/2024 19:00,G-A-T-P,P,EMS,NQC400E400B020U,419.01B,28000,EMS1153P,A,EMSPR0861.1,TUBE,Y,8,1,97.2 X 98.4,,CZ0289
EMSPR0861.4,2024,8,2,140,140,QFN,182564,2/19/2024 19:00,G-A-T-P,P,EMS,NQC400E400B020U,419.01B,22520,EMS1153P,A,EMSPR0861.1,TUBE,Y,8,1,97.2 X 98.4,,CZ0289
EMSPR0861.1,2024,8,2,140,140,QFN,182564,2/19/2024 19:00,G-A-T-P,P,EMS,NQC400E400B020U,419.01B,28000,EMS1153P,A,2024-EMS-03-G220,TUBE,Y,8,1,97.2 X 98.4,,CZ0289
EMSPR0960.3,2024,9,2,140,140,QFN,181434,2/26/2024 19:00,G-A-T-P,P,EMS,NQC400E400B020U,419.01B,35198,EMS1153P,A,EMSPR0960.1,TUBE,Y,8,1,97.2 X 98.4,,CZ0289
EMSPR0960.1,2024,9,2,140,140,QFN,181434,2/26/2024 19:00,G-A-T-P,P,EMS,NQC400E400B020U,419.01B,28000,EMS1153P,A,2024-EMS-03-G260,TUBE,Y,8,1,97.2 X 98.4,,CZ0289
EMSPR0960.2,2024,9,2,140,140,QFN,181434,2/26/2024 19:00,G-A-T-P,P,EMS,NQC400E400B020U,419.01B,28000,EMS1153P,A,EMSPR0960.1,TUBE,Y,8,1,97.2 X 98.4,,CZ0289
EMSPR0961.1,2024,9,2,140,140,QFN,182378,2/26/2024 19:00,G-A-T-P,P,EMS,NQC400E400B020U,419.01B,28000,EMS1153P,A,2024-EMS-03-G254,TUBE,Y,8,1,97.2 X 98.4,,CZ0289
EMSPR0961.2,2024,9,2,140,140,QFN,182378,2/26/2024 19:00,G-A-T-P,P,EMS,NQC400E400B020U,419.01B,28000,EMS1153P,A,EMSPR0961.1,TUBE,Y,8,1,97.2 X 98.4,,CZ0289
EMSPR0961.3,2024,9,2,140,140,QFN,182378,2/26/2024 19:00,G-A-T-P,P,EMS,NQC400E400B020U,419.01B,28000,EMS1153P,A,EMSPR0961.1,TUBE,Y,8,1,97.2 X 98.4,,CZ0289
EMSPR0961.4,2024,9,2,140,140,QFN,182378,2/26/2024 19:00,G-A-T-P,P,EMS,NQC400E400B020U,419.01B,19945,EMS1153P,A,EMSPR0961.1,TUBE,Y,8,1,97.2 X 98.4,,CZ0289
EMSPR0962.1,2024,9,2,140,140,QFN,182380,2/26/2024 19:00,G-A-T-P,P,EMS,NQC400E400B020U,419.01B,28000,EMS1153P,A,2024-EMS-03-G282,TUBE,Y,8,1,97.2 X 98.4,,CZ0289
EMSPR0962.2,2024,9,2,140,140,QFN,182380,2/26/2024 19:00,G-A-T-P,P,EMS,NQC400E400B020U,419.01B,28000,EMS1153P,A,EMSPR0962.1,TUBE,Y,8,1,97.2 X 98.4,,CZ0289
EMSPR0962.3,2024,9,2,140,140,QFN,182380,2/26/2024 19:00,G-A-T-P,P,EMS,NQC400E400B020U,419.01B,41912,EMS1153P,A,EMSPR0962.1,TUBE,Y,8,1,97.2 X 98.4,,CZ0289
EMSPR0963.3,2024,9,3,140,140,QFN,182679,2/27/2024 19:00,G-A-T-P,P,EMS,NQC400E400B020U,419.01B,34316,EMS1153P,A,EMSPR0963.1,TUBE,Y,8,1,97.2 X 98.4,,CZ0289
EMSPR0963.2,2024,9,3,140,140,QFN,182679,2/27/2024 19:00,G-A-T-P,P,EMS,NQC400E400B020U,419.01B,28000,EMS1153P,A,EMSPR0963.1,TUBE,Y,8,1,97.2 X 98.4,,CZ0289
EMSPR0963.1,2024,9,3,140,140,QFN,182679,2/27/2024 19:00,G-A-T-P,P,EMS,NQC400E400B020U,419.01B,28000,EMS1153P,A,2024-EMS-03-G311,TUBE,Y,8,1,97.2 X 98.4,,CZ0289
EMSPR0964.4,2024,9,3,140,140,QFN,182565,2/27/2024 19:00,G-A-T-P,P,EMS,NQC400E400B020U,419.01B,19119,EMS1153P,A,EMSPR0964.1,TUBE,Y,8,1,97.2 X 98.4,,CZ0289
EMSPR0964.3,2024,9,3,140,140,QFN,182565,2/27/2024 19:00,G-A-T-P,P,EMS,NQC400E400B020U,419.01B,28000,EMS1153P,A,EMSPR0964.1,TUBE,Y,8,1,97.2 X 98.4,,CZ0289
EMSPR0964.2,2024,9,3,140,140,QFN,182565,2/27/2024 19:00,G-A-T-P,P,EMS,NQC400E400B020U,419.01B,28000,EMS1153P,A,EMSPR0964.1,TUBE,Y,8,1,97.2 X 98.4,,CZ0289
EMSPR0964.1,2024,9,3,140,140,QFN,182565,2/27/2024 19:00,G-A-T-P,P,EMS,NQC400E400B020U,419.01B,28000,EMS1153P,A,2024-EMS-03-G294,TUBE,Y,8,1,97.2 X 98.4,,CZ0289
EMSPR1001.1,2024,9,4,140,140,QFN,182493,2/28/2024 19:00,G-A-T-P,P,EMS,NQC400E400B020U,419.01B,28000,EMS1153P,A,2024-EMS-03-G338,TUBE,Y,8,1,97.2 X 98.4,,CZ0289
EMSPR1001.2,2024,9,4,140,140,QFN,182493,2/28/2024 19:00,G-A-T-P,P,EMS,NQC400E400B020U,419.01B,28000,EMS1153P,A,EMSPR1001.1,TUBE,Y,8,1,97.2 X 98.4,,CZ0289
EMSPR1001.3,2024,9,4,140,140,QFN,182493,2/28/2024 19:00,G-A-T-P,P,EMS,NQC400E400B020U,419.01B,28000,EMS1153P,A,EMSPR1001.1,TUBE,Y,8,1,97.2 X 98.4,,CZ0289
EMSPR1001.4,2024,9,4,140,140,QFN,182493,2/28/2024 19:00,G-A-T-P,P,EMS,NQC400E400B020U,419.01B,17834,EMS1153P,A,EMSPR1001.1,TUBE,Y,8,1,97.2 X 98.4,,CZ0289
EMSPR0947.2,2024,9,1,140,140,QFN,174538,2/25/2024 19:00,G-A-T-P,P,EMS,NQC400E400B020U,419.01C,28000,EMS0787P,A,EMSPR0947.1,TUBE,Y,8,1,97.2 X 98.4,,CZ0289
EMSPR0947.4,2024,9,1,140,140,QFN,174538,2/25/2024 19:00,G-A-T-P,P,EMS,NQC400E400B020U,419.01C,23720,EMS0787P,A,EMSPR0947.1,TUBE,Y,8,1,97.2 X 98.4,,CZ0289
EMSPR0947.1,2024,9,1,140,140,QFN,174538,2/25/2024 19:00,G-A-T-P,P,EMS,NQC400E400B020U,419.01C,28000,EMS0787P,A,2024-EMS-03-G256,TUBE,Y,8,1,97.2 X 98.4,,CZ0289
EMSPR0947.3,2024,9,1,140,140,QFN,174538,2/25/2024 19:00,G-A-T-P,P,EMS,NQC400E400B020U,419.01C,28000,EMS0787P,A,EMSPR0947.1,TUBE,Y,8,1,97.2 X 98.4,,CZ0289
EMSFR0914.2,2024,8,4,140,140,QFN,176250,2/21/2024 19:00,G-A,F,EMS,NQC400E400B020U,419.01C,28000,EMS1194P,A,2024-EMS-03-G056,TUBE,Y,8,1,97.2 X 98.4,,CZ0289
EMSFR0914.1,2024,8,4,140,140,QFN,176250,2/21/2024 19:00,G-A,F,EMS,NQC400E400B020U,419.01C,28000,EMS1194P,A,2024-EMS-03-G028,TUBE,Y,8,1,97.2 X 98.4,,CZ0289
EMSFR0914.3,2024,8,4,140,140,QFN,176250,2/21/2024 19:00,G-A,F,EMS,NQC400E400B020U,419.01C,28000,EMS1194P,A,2024-EMS-03-G028,TUBE,Y,8,1,97.2 X 98.4,,CZ0289
EMSFR0914.4,2024,8,4,140,140,QFN,176250,2/21/2024 19:00,G-A,F,EMS,NQC400E400B020U,419.01C,17638,EMS1194P,A,2024-EMS-03-G025,TUBE,Y,8,1,97.2 X 98.4,,CZ0289
EMSFR0915.2,2024,8,4,140,140,QFN,176251,2/21/2024 19:00,G-A,F,EMS,NQC400E400B020U,419.01C,28000,EMS1194P,A,2024-EMS-03-G025,TUBE,Y,8,1,97.2 X 98.4,,CZ0289
EMSFR0915.1,2024,8,4,140,140,QFN,176251,2/21/2024 19:00,G-A,F,EMS,NQC400E400B020U,419.01C,28000,EMS1194P,A,2024-EMS-03-G025,TUBE,Y,8,1,97.2 X 98.4,,CZ0289
EMSFR0915.3,2024,8,4,140,140,QFN,176251,2/21/2024 19:00,G-A,F,EMS,NQC400E400B020U,419.01C,28000,EMS1194P,A,2024-EMS-03-G025,TUBE,Y,8,1,97.2 X 98.4,,CZ0289
EMSFR0915.4,2024,8,4,140,140,QFN,176251,2/21/2024 19:00,G-A,F,EMS,NQC400E400B020U,419.01C,17661,EMS1194P,A,2024-EMS-03-G025,TUBE,Y,8,1,97.2 X 98.4,,CZ0289
EMQPR0086.1,2024,9,1,140,140,QFN,178391,2/25/2024 19:00,G-A,P,EMS,NQC500E5001032U,521.23A,17600,EMS0771P,B,2024-EMQ-03-G007,TUBE,Y,8,1,122.00 X 116.1,,CZ0289
EMQPR0086.4,2024,9,1,140,140,QFN,178391,2/25/2024 19:00,G-A,P,EMS,NQC500E5001032U,521.23A,18774,EMS0771P,B,2024-EMQ-03-G007,TUBE,Y,8,1,122.00 X 116.1,,CZ0289
EMQPR0086.3,2024,9,1,140,140,QFN,178391,2/25/2024 19:00,G-A,P,EMS,NQC500E5001032U,521.23A,17600,EMS0771P,B,2024-EMQ-03-G007,TUBE,Y,8,1,122.00 X 116.1,,CZ0289
EMQPR0086.2,2024,9,1,140,140,QFN,178391,2/25/2024 19:00,G-A,P,EMS,NQC500E5001032U,521.23A,17600,EMS0771P,B,2024-EMQ-03-G007,TUBE,Y,8,1,122.00 X 116.1,,CZ0289
EMSPR0659.1,2024,7,1,140,140,QFN,182508,2/11/2024 19:00,G-A,P,EMS,NQC500E5001032U,521.23A,17600,EMS0771P,B,2024-EMS-02-G266,TUBE,Y,8,1,122.00 X 116.1,,CZ0289
EMSPR0659.2,2024,7,1,140,140,QFN,182508,2/11/2024 19:00,G-A,P,EMS,NQC500E5001032U,521.23A,17600,EMS0771P,B,2024-EMS-02-G266,TUBE,Y,8,1,122.00 X 116.1,,CZ0289
EMSPR0659.3,2024,7,1,140,140,QFN,182508,2/11/2024 19:00,G-A,P,EMS,NQC500E5001032U,521.23A,17600,EMS0771P,B,2024-EMS-02-G266,TUBE,Y,8,1,122.00 X 116.1,,CZ0289
EMSPR0659.4,2024,7,1,140,140,QFN,182508,2/11/2024 19:00,G-A,P,EMS,NQC500E5001032U,521.23A,18757,EMS0771P,B,2024-EMS-02-G266,TUBE,Y,8,1,122.00 X 116.1,,CZ0289
EMQPR0062.2,2024,5,6,140,140,QFN,176303,2/2/2024 19:00,G-A,P,EMS,NQC500E500B032U,522.31A,17600,EMS0793P,A,2024-EMQ-02-G012,TUBE,Y,8,1,83.9 X 110.2,,CZ0289
EMQPR0062.3,2024,5,6,140,140,QFN,176303,2/2/2024 19:00,G-A,P,EMS,NQC500E500B032U,522.31A,25517,EMS0793P,A,2024-EMQ-02-G012,TUBE,Y,8,1,83.9 X 110.2,,CZ0289
EMQPR0062.1,2024,5,6,140,140,QFN,176303,2/2/2024 19:00,G-A,P,EMS,NQC500E500B032U,522.31A,17600,EMS0793P,A,2024-EMQ-02-G012,TUBE,Y,8,1,83.9 X 110.2,,CZ0289
EMQPR0063.1,2024,5,7,140,140,QFN,176303,2/3/2024 19:00,G-A,P,EMS,NQC500E500B032U,522.31A,17600,EMS0793P,A,2024-EMQ-02-G016,TUBE,Y,8,1,83.9 X 110.2,,CZ0289
EMQPR0063.3,2024,5,7,140,140,QFN,176303,2/3/2024 19:00,G-A,P,EMS,NQC500E500B032U,522.31A,20885,EMS0793P,A,2024-EMQ-02-G016,TUBE,Y,8,1,83.9 X 110.2,,CZ0289
EMQPR0063.2,2024,5,7,140,140,QFN,176303,2/3/2024 19:00,G-A,P,EMS,NQC500E500B032U,522.31A,17600,EMS0793P,A,2024-EMQ-02-G016,TUBE,Y,8,1,83.9 X 110.2,,CZ0289
EMQPR0070.2,2024,6,3,140,140,QFN,180481,2/6/2024 19:00,G-A,P,EMS,NQC500E500B032U,522.31A,17600,EMS0793P,A,2024-EMQ-02-G019,TUBE,Y,8,1,83.9 X 110.2,,CZ0289
EMQPR0070.1,2024,6,3,140,140,QFN,180481,2/6/2024 19:00,G-A,P,EMS,NQC500E500B032U,522.31A,17600,EMS0793P,A,2024-EMQ-02-G019,TUBE,Y,8,1,83.9 X 110.2,,CZ0289
EMQPR0070.3,2024,6,3,140,140,QFN,180481,2/6/2024 19:00,G-A,P,EMS,NQC500E500B032U,522.31A,25533,EMS0793P,A,2024-EMQ-02-G019,TUBE,Y,8,1,83.9 X 110.2,,CZ0289
EMQPR0080.1,2024,8,1,140,140,QFN,177729,2/18/2024 19:00,G-A,P,EMS,NQC500E500B032U,522.31A,17600,EMS0793P,A,2024-EMQ-02-G029,TUBE,Y,8,1,83.9 X 110.2,,CZ0289
EMQPR0080.2,2024,8,1,140,140,QFN,177729,2/18/2024 19:00,G-A,P,EMS,NQC500E500B032U,522.31A,17600,EMS0793P,A,2024-EMQ-02-G029,TUBE,Y,8,1,83.9 X 110.2,,CZ0289
EMQPR0080.3,2024,8,1,140,140,QFN,177729,2/18/2024 19:00,G-A,P,EMS,NQC500E500B032U,522.31A,15957,EMS0793P,A,2024-EMQ-02-G029,TUBE,Y,8,1,83.9 X 110.2,,CZ0289
EMQPR0081.3,2024,8,1,140,140,QFN,177729,2/18/2024 19:00,G-A,P,EMS,NQC500E500B032U,522.31A,17600,EMS0793P,A,2024-EMQ-02-G029,TUBE,Y,8,1,83.9 X 110.2,,CZ0289
EMQPR0081.1,2024,8,1,140,140,QFN,177729,2/18/2024 19:00,G-A,P,EMS,NQC500E500B032U,522.31A,17600,EMS0793P,A,2024-EMQ-02-G029,TUBE,Y,8,1,83.9 X 110.2,,CZ0289
EMQPR0081.4,2024,8,1,140,140,QFN,177729,2/18/2024 19:00,G-A,P,EMS,NQC500E500B032U,522.31A,12206,EMS0793P,A,2024-EMQ-02-G029,TUBE,Y,8,1,83.9 X 110.2,,CZ0289
EMQPR0081.2,2024,8,1,140,140,QFN,177729,2/18/2024 19:00,G-A,P,EMS,NQC500E500B032U,522.31A,17600,EMS0793P,A,2024-EMQ-02-G029,TUBE,Y,8,1,83.9 X 110.2,,CZ0289
EMQPR0064.2,2024,5,6,140,140,QFN,168234,2/2/2024 19:00,G-A,P,EMS,NQC500E500B032U,522.32A,17600,EMS1094P,A,2024-EMQ-02-G011,TUBE,Y,8,1,109.1 X 116.5,,CZ0289
EMQPR0064.1,2024,5,6,140,140,QFN,168234,2/2/2024 19:00,G-A,P,EMS,NQC500E500B032U,522.32A,17600,EMS1094P,A,2024-EMQ-02-G011,TUBE,Y,8,1,109.1 X 116.5,,CZ0289
EMQPR0064.4,2024,5,6,140,140,QFN,168234,2/2/2024 19:00,G-A,P,EMS,NQC500E500B032U,522.32A,17600,EMS1094P,A,2024-EMQ-02-G011,TUBE,Y,8,1,109.1 X 116.5,,CZ0289
EMQPR0064.3,2024,5,6,140,140,QFN,168234,2/2/2024 19:00,G-A,P,EMS,NQC500E500B032U,522.32A,17600,EMS1094P,A,2024-EMQ-02-G011,TUBE,Y,8,1,109.1 X 116.5,,CZ0289
EMQPR0064.5,2024,5,6,140,140,QFN,168234,2/2/2024 19:00,G-A,P,EMS,NQC500E500B032U,522.32A,14200,EMS1094P,A,2024-EMQ-02-G011,TUBE,Y,8,1,109.1 X 116.5,,CZ0289
EMQPR0065.1,2024,5,7,140,140,QFN,180489,2/3/2024 19:00,G-A,P,EMS,NQC500E500B032U,522.32A,17600,EMS1094P,A,2024-EMQ-02-G013,TUBE,Y,8,1,109.1 X 116.5,,CZ0289
EMQPR0065.3,2024,5,7,140,140,QFN,180489,2/3/2024 19:00,G-A,P,EMS,NQC500E500B032U,522.32A,17600,EMS1094P,A,2024-EMQ-02-G013,TUBE,Y,8,1,109.1 X 116.5,,CZ0289
EMQPR0065.5,2024,5,7,140,140,QFN,180489,2/3/2024 19:00,G-A,P,EMS,NQC500E500B032U,522.32A,13428,EMS1094P,A,2024-EMQ-02-G013,TUBE,Y,8,1,109.1 X 116.5,,CZ0289
EMQPR0065.4,2024,5,7,140,140,QFN,180489,2/3/2024 19:00,G-A,P,EMS,NQC500E500B032U,522.32A,17600,EMS1094P,A,2024-EMQ-02-G013,TUBE,Y,8,1,109.1 X 116.5,,CZ0289
EMQPR0065.2,2024,5,7,140,140,QFN,180489,2/3/2024 19:00,G-A,P,EMS,NQC500E500B032U,522.32A,17600,EMS1094P,A,2024-EMQ-02-G013,TUBE,Y,8,1,109.1 X 116.5,,CZ0289
EMQPR0074.2,2024,7,3,140,140,QFN,180491,2/13/2024 19:00,G-A,P,EMS,NQC500E500B032U,522.32A,17600,EMS1094P,A,2024-EMQ-02-G027,TUBE,Y,8,1,109.1 X 116.5,,CZ0289
EMQPR0074.4,2024,7,3,140,140,QFN,180491,2/13/2024 19:00,G-A,P,EMS,NQC500E500B032U,522.32A,17600,EMS1094P,A,2024-EMQ-02-G027,TUBE,Y,8,1,109.1 X 116.5,,CZ0289
EMQPR0074.3,2024,7,3,140,140,QFN,180491,2/13/2024 19:00,G-A,P,EMS,NQC500E500B032U,522.32A,17600,EMS1094P,A,2024-EMQ-02-G027,TUBE,Y,8,1,109.1 X 116.5,,CZ0289
EMQPR0074.1,2024,7,3,140,140,QFN,180491,2/13/2024 19:00,G-A,P,EMS,NQC500E500B032U,522.32A,17600,EMS1094P,A,2024-EMQ-02-G027,TUBE,Y,8,1,109.1 X 116.5,,CZ0289
EMQPR0074.5,2024,7,3,140,140,QFN,180491,2/13/2024 19:00,G-A,P,EMS,NQC500E500B032U,522.32A,14399,EMS1094P,A,2024-EMQ-02-G027,TUBE,Y,8,1,109.1 X 116.5,,CZ0289
EMQPR0085.2,2024,8,3,140,140,QFN,175318,2/20/2024 19:00,G-A,P,EMS,NQC500E500B032U,522.32A,17600,EMS1094P,A,2024-EMQ-02-G031,TUBE,Y,8,1,109.1 X 116.5,,CZ0289
EMQPR0085.4,2024,8,3,140,140,QFN,175318,2/20/2024 19:00,G-A,P,EMS,NQC500E500B032U,522.32A,17600,EMS1094P,A,2024-EMQ-02-G031,TUBE,Y,8,1,109.1 X 116.5,,CZ0289
EMQPR0085.5,2024,8,3,140,140,QFN,175318,2/20/2024 19:00,G-A,P,EMS,NQC500E500B032U,522.32A,14011,EMS1094P,A,2024-EMQ-02-G031,TUBE,Y,8,1,109.1 X 116.5,,CZ0289
EMQPR0085.3,2024,8,3,140,140,QFN,175318,2/20/2024 19:00,G-A,P,EMS,NQC500E500B032U,522.32A,17600,EMS1094P,A,2024-EMQ-02-G031,TUBE,Y,8,1,109.1 X 116.5,,CZ0289
EMQPR0085.1,2024,8,3,140,140,QFN,175318,2/20/2024 19:00,G-A,P,EMS,NQC500E500B032U,522.32A,17600,EMS1094P,A,2024-EMQ-02-G031,TUBE,Y,8,1,109.1 X 116.5,,CZ0289
EMQPR0091.3,2024,8,3,140,140,QFN,178959,2/20/2024 19:00,G-A,P,EMS,NQC500E500B032U,522.32A,17600,EMS1094P,A,2024-EMQ-03-G002,TUBE,Y,8,1,109.1 X 116.5,,CZ0289
EMQPR0091.2,2024,8,3,140,140,QFN,178959,2/20/2024 19:00,G-A,P,EMS,NQC500E500B032U,522.32A,17600,EMS1094P,A,2024-EMQ-03-G002,TUBE,Y,8,1,109.1 X 116.5,,CZ0289
EMQPR0091.4,2024,8,3,140,140,QFN,178959,2/20/2024 19:00,G-A,P,EMS,NQC500E500B032U,522.32A,17600,EMS1094P,A,2024-EMQ-03-G002,TUBE,Y,8,1,109.1 X 116.5,,CZ0289
EMQPR0091.5,2024,8,3,140,140,QFN,178959,2/20/2024 19:00,G-A,P,EMS,NQC500E500B032U,522.32A,14634,EMS1094P,A,2024-EMQ-03-G002,TUBE,Y,8,1,109.1 X 116.5,,CZ0289
EMQPR0091.1,2024,8,3,140,140,QFN,178959,2/20/2024 19:00,G-A,P,EMS,NQC500E500B032U,522.32A,17600,EMS1094P,A,2024-EMQ-03-G002,TUBE,Y,8,1,109.1 X 116.5,,CZ0289
EMSPR0559.3,2024,5,7,140,140,QFN,170280,2/3/2024 19:00,G-A-T-P,P,EMS,NQC500E500C020E,117.18C,20588,EMS0857P,A,EMSPR0559.1,TUBE,Y,8,1,137.00 X 135.00,,CZ0289
EMSPR0559.2,2024,5,7,140,140,QFN,170280,2/3/2024 19:00,G-A-T-P,P,EMS,NQC500E500C020E,117.18C,17600,EMS0857P,A,EMSPR0559.1,TUBE,Y,8,1,137.00 X 135.00,,CZ0289
EMSPR0559.1,2024,5,7,140,140,QFN,170280,2/3/2024 19:00,G-A-T-P,P,EMS,NQC500E500C020E,117.18C,17600,EMS0857P,A,2024-EMS-02-G318,TUBE,Y,8,1,137.00 X 135.00,,CZ0289
EMSPR0581.1,2024,5,7,140,140,QFN,169263,2/3/2024 19:00,G-A-T-P,P,EMS,NQC500E500C020E,117.18C,17600,EMS0857P,A,2024-EMS-02-G203,TUBE,Y,8,1,137.00 X 135.00,,CZ0289
EMSPR0581.3,2024,5,7,140,140,QFN,169263,2/3/2024 19:00,G-A-T-P,P,EMS,NQC500E500C020E,117.18C,20885,EMS0857P,A,EMSPR0581.1,TUBE,Y,8,1,137.00 X 135.00,,CZ0289
EMSPR0581.2,2024,5,7,140,140,QFN,169263,2/3/2024 19:00,G-A-T-P,P,EMS,NQC500E500C020E,117.18C,17600,EMS0857P,A,EMSPR0581.1,TUBE,Y,8,1,137.00 X 135.00,,CZ0289
EMSPR0582.3,2024,6,1,140,140,QFN,170277,2/4/2024 19:00,G-A-T-P,P,EMS,NQC500E500C020E,117.18C,20798,EMS0857P,A,EMSPR0582.1,TUBE,Y,8,1,137.00 X 135.00,,CZ0289
EMSPR0582.2,2024,6,1,140,140,QFN,170277,2/4/2024 19:00,G-A-T-P,P,EMS,NQC500E500C020E,117.18C,17600,EMS0857P,A,EMSPR0582.1,TUBE,Y,8,1,137.00 X 135.00,,CZ0289
EMSPR0582.1,2024,6,1,140,140,QFN,170277,2/4/2024 19:00,G-A-T-P,P,EMS,NQC500E500C020E,117.18C,17600,EMS0857P,A,2024-EMS-02-G251,TUBE,Y,8,1,137.00 X 135.00,,CZ0289
EMSPR0622.3,2024,6,3,140,140,QFN,169254,2/6/2024 19:00,G-A,P,EMS,NQC500E500C020E,117.18C,20693,EMS0857P,A,2024-EMS-02-G176,TUBE,Y,8,1,137.00 X 135.00,,CZ0289
EMSPR0622.1,2024,6,3,140,140,QFN,169254,2/6/2024 19:00,G-A,P,EMS,NQC500E500C020E,117.18C,17600,EMS0857P,A,2024-EMS-02-G168,TUBE,Y,8,1,137.00 X 135.00,,CZ0289
EMSPR0622.2,2024,6,3,140,140,QFN,169254,2/6/2024 19:00,G-A,P,EMS,NQC500E500C020E,117.18C,17600,EMS0857P,A,2024-EMS-02-G168,TUBE,Y,8,1,137.00 X 135.00,,CZ0289
EMSPR0623.2,2024,6,3,140,140,QFN,170278,2/6/2024 19:00,G-A,P,EMS,NQC500E500C020E,117.18C,17600,EMS0857P,A,2024-EMS-02-G158,TUBE,Y,8,1,137.00 X 135.00,,CZ0289
EMSPR0623.1,2024,6,3,140,140,QFN,170278,2/6/2024 19:00,G-A,P,EMS,NQC500E500C020E,117.18C,17600,EMS0857P,A,2024-EMS-02-G158,TUBE,Y,8,1,137.00 X 135.00,,CZ0289
EMSPR0623.3,2024,6,3,140,140,QFN,170278,2/6/2024 19:00,G-A,P,EMS,NQC500E500C020E,117.18C,20562,EMS0857P,A,2024-EMS-02-G167,TUBE,Y,8,1,137.00 X 135.00,,CZ0289
EMSPR0643.2,2024,6,4,140,140,QFN,169252,2/7/2024 19:00,G-A,P,EMS,NQC500E500C020E,117.18C,17600,EMS0857P,A,2024-EMS-02-G168,TUBE,Y,8,1,137.00 X 135.00,,CZ0289
EMSPR0643.3,2024,6,4,140,140,QFN,169252,2/7/2024 19:00,G-A,P,EMS,NQC500E500C020E,117.18C,20562,EMS0857P,A,2024-EMS-02-G168,TUBE,Y,8,1,137.00 X 135.00,,CZ0289
EMSPR0643.1,2024,6,4,140,140,QFN,169252,2/7/2024 19:00,G-A,P,EMS,NQC500E500C020E,117.18C,17600,EMS0857P,A,2024-EMS-02-G176,TUBE,Y,8,1,137.00 X 135.00,,CZ0289
EMSPR0650.1,2024,6,5,140,140,QFN,167880,2/8/2024 19:00,G-A-T-P,P,EMS,NQC500E500C020E,117.18C,17600,EMS0857P,A,2024-EMS-03-G014,TUBE,Y,8,1,137.00 X 135.00,,CZ0289
EMSPR0650.3,2024,6,5,140,140,QFN,167880,2/8/2024 19:00,G-A-T-P,P,EMS,NQC500E500C020E,117.18C,18476,EMS0857P,A,EMSPR0650.1,TUBE,Y,8,1,137.00 X 135.00,,CZ0289
EMSPR0650.2,2024,6,5,140,140,QFN,167880,2/8/2024 19:00,G-A-T-P,P,EMS,NQC500E500C020E,117.18C,17600,EMS0857P,A,EMSPR0650.1,TUBE,Y,8,1,137.00 X 135.00,,CZ0289
EMSPR0651.3,2024,6,5,140,140,QFN,169081,2/8/2024 19:00,G-A-T-P,P,EMS,NQC500E500C020E,117.18C,21227,EMS0857P,A,EMSPR0651.1,TUBE,Y,8,1,137.00 X 135.00,,CZ0289
EMSPR0651.1,2024,6,5,140,140,QFN,169081,2/8/2024 19:00,G-A-T-P,P,EMS,NQC500E500C020E,117.18C,17600,EMS0857P,A,2024-EMS-02-G307,TUBE,Y,8,1,137.00 X 135.00,,CZ0289
EMSPR0651.2,2024,6,5,140,140,QFN,169081,2/8/2024 19:00,G-A-T-P,P,EMS,NQC500E500C020E,117.18C,17600,EMS0857P,A,EMSPR0651.1,TUBE,Y,8,1,137.00 X 135.00,,CZ0289
EMSPR0652.3,2024,6,6,140,140,QFN,171302,2/9/2024 19:00,G-A-T-P,P,EMS,NQC500E500C020E,117.18C,21056,EMS0857P,A,EMSPR0652.1,TUBE,Y,8,1,137.00 X 135.00,,CZ0289
EMSPR0652.2,2024,6,6,140,140,QFN,171302,2/9/2024 19:00,G-A-T-P,P,EMS,NQC500E500C020E,117.18C,17600,EMS0857P,A,EMSPR0652.1,TUBE,Y,8,1,137.00 X 135.00,,CZ0289
EMSPR0652.1,2024,6,6,140,140,QFN,171302,2/9/2024 19:00,G-A-T-P,P,EMS,NQC500E500C020E,117.18C,17600,EMS0857P,A,2024-EMS-03-G048,TUBE,Y,8,1,137.00 X 135.00,,CZ0289
EMSPR0678.2,2024,6,6,140,140,QFN,166841,2/9/2024 19:00,G-A-T-P,P,EMS,NQC500E500C020E,117.18C,17600,EMS0857P,A,EMSPR0678.1,TUBE,Y,8,1,137.00 X 135.00,,CZ0289
EMSPR0678.3,2024,6,6,140,140,QFN,166841,2/9/2024 19:00,G-A-T-P,P,EMS,NQC500E500C020E,117.18C,10755,EMS0857P,A,EMSPR0678.1,TUBE,Y,8,1,137.00 X 135.00,,CZ0289
EMSPR0678.1,2024,6,6,140,140,QFN,166841,2/9/2024 19:00,G-A-T-P,P,EMS,NQC500E500C020E,117.18C,17600,EMS0857P,A,2024-EMS-03-G058,TUBE,Y,8,1,137.00 X 135.00,,CZ0289
EMSPR0682.2,2024,6,6,140,140,QFN,169275,2/9/2024 19:00,G-A,P,EMS,NQC500E500C020E,117.18C,17600,EMS0857P,A,2024-EMS-02-G207,TUBE,Y,8,1,137.00 X 135.00,,CZ0289
EMSPR0682.1,2024,6,6,140,140,QFN,169275,2/9/2024 19:00,G-A,P,EMS,NQC500E500C020E,117.18C,17600,EMS0857P,A,2024-EMS-02-G218,TUBE,Y,8,1,137.00 X 135.00,,CZ0289
EMSPR0682.3,2024,6,6,140,140,QFN,169275,2/9/2024 19:00,G-A,P,EMS,NQC500E500C020E,117.18C,20745,EMS0857P,A,2024-EMS-02-G201,TUBE,Y,8,1,137.00 X 135.00,,CZ0289
EMSPR0703.3,2024,7,3,140,140,QFN,169258,2/13/2024 19:00,G-A,P,EMS,NQC500E500C020E,117.18C,20832,EMS0857P,A,2024-EMS-02-G262,TUBE,Y,8,1,137.00 X 135.00,,CZ0289
EMSPR0703.2,2024,7,3,140,140,QFN,169258,2/13/2024 19:00,G-A,P,EMS,NQC500E500C020E,117.18C,17600,EMS0857P,A,2024-EMS-02-G227,TUBE,Y,8,1,137.00 X 135.00,,CZ0289
EMSPR0703.1,2024,7,3,140,140,QFN,169258,2/13/2024 19:00,G-A,P,EMS,NQC500E500C020E,117.18C,17600,EMS0857P,A,2024-EMS-02-G262,TUBE,Y,8,1,137.00 X 135.00,,CZ0289
EMSPR0742.3,2024,7,4,140,140,QFN,183437,2/14/2024 19:00,G-A,P,EMS,NQC500E500C020E,117.18C,18790,EMS0857P,A,2024-EMS-02-G271,TUBE,Y,8,1,137.00 X 135.00,,CZ0289
EMSPR0742.2,2024,7,4,140,140,QFN,183437,2/14/2024 19:00,G-A,P,EMS,NQC500E500C020E,117.18C,17600,EMS0857P,A,2024-EMS-02-G262,TUBE,Y,8,1,137.00 X 135.00,,CZ0289
EMSPR0742.1,2024,7,4,140,140,QFN,183437,2/14/2024 19:00,G-A,P,EMS,NQC500E500C020E,117.18C,17600,EMS0857P,A,2024-EMS-02-G271,TUBE,Y,8,1,137.00 X 135.00,,CZ0289
EMSPR0743.2,2024,7,4,140,140,QFN,170255,2/14/2024 19:00,G-A-T-P,P,EMS,NQC500E500C020E,117.18C,17600,EMS0857P,A,EMSPR0743.1,TUBE,Y,8,1,137.00 X 135.00,,CZ0289
EMSPR0743.1,2024,7,4,140,140,QFN,170255,2/14/2024 19:00,G-A-T-P,P,EMS,NQC500E500C020E,117.18C,17600,EMS0857P,A,2024-EMS-03-G080,TUBE,Y,8,1,137.00 X 135.00,,CZ0289
EMSPR0743.3,2024,7,4,140,140,QFN,170255,2/14/2024 19:00,G-A-T-P,P,EMS,NQC500E500C020E,117.18C,20206,EMS0857P,A,EMSPR0743.1,TUBE,Y,8,1,137.00 X 135.00,,CZ0289
EMSPR0744.1,2024,7,5,140,140,QFN,170262,2/15/2024 19:00,G-A-T-P,P,EMS,NQC500E500C020E,117.18C,17600,EMS0857P,A,2024-EMS-03-G094,TUBE,Y,8,1,137.00 X 135.00,,CZ0289
EMSPR0744.3,2024,7,5,140,140,QFN,170262,2/15/2024 19:00,G-A-T-P,P,EMS,NQC500E500C020E,117.18C,21272,EMS0857P,A,EMSPR0744.1,TUBE,Y,8,1,137.00 X 135.00,,CZ0289
EMSPR0744.2,2024,7,5,140,140,QFN,170262,2/15/2024 19:00,G-A-T-P,P,EMS,NQC500E500C020E,117.18C,17600,EMS0857P,A,EMSPR0744.1,TUBE,Y,8,1,137.00 X 135.00,,CZ0289
EMSPR0745.2,2024,7,5,140,140,QFN,173616,2/15/2024 19:00,G-A-T-P,P,EMS,NQC500E500C020E,117.18C,17600,EMS0857P,A,EMSPR0745.1,TUBE,Y,8,1,137.00 X 135.00,,CZ0289
EMSPR0745.1,2024,7,5,140,140,QFN,173616,2/15/2024 19:00,G-A-T-P,P,EMS,NQC500E500C020E,117.18C,17600,EMS0857P,A,2024-EMS-03-G151,TUBE,Y,8,1,137.00 X 135.00,,CZ0289
EMSPR0745.3,2024,7,5,140,140,QFN,173616,2/15/2024 19:00,G-A-T-P,P,EMS,NQC500E500C020E,117.18C,18347,EMS0857P,A,EMSPR0745.1,TUBE,Y,8,1,137.00 X 135.00,,CZ0289
EMSPR0746.2,2024,7,6,140,140,QFN,183430,2/16/2024 19:00,G-A,P,EMS,NQC500E500C020E,117.18C,17600,EMS0857P,A,2024-EMS-02-G275,TUBE,Y,8,1,137.00 X 135.00,,CZ0289
EMSPR0746.3,2024,7,6,140,140,QFN,183430,2/16/2024 19:00,G-A,P,EMS,NQC500E500C020E,117.18C,20877,EMS0857P,A,2024-EMS-02-G282,TUBE,Y,8,1,137.00 X 135.00,,CZ0289
EMSPR0746.1,2024,7,6,140,140,QFN,183430,2/16/2024 19:00,G-A,P,EMS,NQC500E500C020E,117.18C,17600,EMS0857P,A,2024-EMS-02-G279,TUBE,Y,8,1,137.00 X 135.00,,CZ0289
EMSPR0747.1,2024,7,7,140,140,QFN,184419,2/17/2024 19:00,G-A-T-P,P,EMS,NQC500E500C020E,117.18C,17600,EMS0857P,A,2024-EMS-03-G030,TUBE,Y,8,1,137.00 X 135.00,,CZ0289
EMSPR0747.3,2024,7,7,140,140,QFN,184419,2/17/2024 19:00,G-A-T-P,P,EMS,NQC500E500C020E,117.18C,21113,EMS0857P,A,EMSPR0747.1,TUBE,Y,8,1,137.00 X 135.00,,CZ0289
EMSPR0747.2,2024,7,7,140,140,QFN,184419,2/17/2024 19:00,G-A-T-P,P,EMS,NQC500E500C020E,117.18C,17600,EMS0857P,A,EMSPR0747.1,TUBE,Y,8,1,137.00 X 135.00,,CZ0289
EMSPR0824.2,2024,8,1,140,140,QFN,183417,2/18/2024 19:00,G-A-T-P,P,EMS,NQC500E500C020E,117.18C,17600,EMS0857P,A,EMSPR0824.1,TUBE,Y,8,1,137.00 X 135.00,,CZ0289
EMSPR0824.1,2024,8,1,140,140,QFN,183417,2/18/2024 19:00,G-A-T-P,P,EMS,NQC500E500C020E,117.18C,17600,EMS0857P,A,2024-EMS-03-G160,TUBE,Y,8,1,137.00 X 135.00,,CZ0289
EMSPR0824.3,2024,8,1,140,140,QFN,183417,2/18/2024 19:00,G-A-T-P,P,EMS,NQC500E500C020E,117.18C,21524,EMS0857P,A,EMSPR0824.1,TUBE,Y,8,1,137.00 X 135.00,,CZ0289
EMSPR0885.2,2024,8,4,140,140,QFN,171309,2/21/2024 19:00,G-A,P,EMS,NQC500E500C020E,117.18C,17972,EMS0857P,A,2024-EMS-02-G311,TUBE,Y,8,1,137.00 X 135.00,,CZ0289
EMSPR0885.1,2024,8,4,140,140,QFN,171309,2/21/2024 19:00,G-A,P,EMS,NQC500E500C020E,117.18C,17600,EMS0857P,A,2024-EMS-02-G311,TUBE,Y,8,1,137.00 X 135.00,,CZ0289
EMSPR0899.3,2024,8,4,140,140,QFN,170282,2/21/2024 19:00,G-A-T-P,P,EMS,NQC500E500C020E,117.18C,21353,EMS0857P,A,EMSPR0899.1,TUBE,Y,8,1,137.00 X 135.00,,CZ0289
EMSPR0899.2,2024,8,4,140,140,QFN,170282,2/21/2024 19:00,G-A-T-P,P,EMS,NQC500E500C020E,117.18C,17600,EMS0857P,A,EMSPR0899.1,TUBE,Y,8,1,137.00 X 135.00,,CZ0289
EMSPR0899.1,2024,8,4,140,140,QFN,170282,2/21/2024 19:00,G-A-T-P,P,EMS,NQC500E500C020E,117.18C,17600,EMS0857P,A,2024-EMS-03-G140,TUBE,Y,8,1,137.00 X 135.00,,CZ0289
EMSPR0900.2,2024,8,4,140,140,QFN,170284,2/21/2024 19:00,G-A-T-P,P,EMS,NQC500E500C020E,117.18C,17600,EMS0857P,A,EMSPR0900.1,TUBE,Y,8,1,137.00 X 135.00,,CZ0289
EMSPR0900.3,2024,8,4,140,140,QFN,170284,2/21/2024 19:00,G-A-T-P,P,EMS,NQC500E500C020E,117.18C,21331,EMS0857P,A,EMSPR0900.1,TUBE,Y,8,1,137.00 X 135.00,,CZ0289
EMSPR0900.1,2024,8,4,140,140,QFN,170284,2/21/2024 19:00,G-A-T-P,P,EMS,NQC500E500C020E,117.18C,17600,EMS0857P,A,2024-EMS-03-G173,TUBE,Y,8,1,137.00 X 135.00,,CZ0289
EMSPR0944.2,2024,9,1,140,140,QFN,184400,2/25/2024 19:00,G-A-T-P,P,EMS,NQC500E500C020E,117.18C,17600,EMS0857P,A,EMSPR0944.1,TUBE,Y,8,1,137.00 X 135.00,,CZ0289
EMSPR0944.1,2024,9,1,140,140,QFN,184400,2/25/2024 19:00,G-A-T-P,P,EMS,NQC500E500C020E,117.18C,17600,EMS0857P,A,2024-EMS-03-G213,TUBE,Y,8,1,137.00 X 135.00,,CZ0289
EMSPR0944.3,2024,9,1,140,140,QFN,184400,2/25/2024 19:00,G-A-T-P,P,EMS,NQC500E500C020E,117.18C,17504,EMS0857P,A,EMSPR0944.1,TUBE,Y,8,1,137.00 X 135.00,,CZ0289
EMSPR0951.3,2024,9,2,140,140,QFN,172338,2/26/2024 19:00,G-A,P,EMS,NQC500E500C020E,117.18C,20744,EMS0857P,A,2024-EMS-03-G062,TUBE,Y,8,1,137.00 X 135.00,,CZ0289
EMSPR0951.2,2024,9,2,140,140,QFN,172338,2/26/2024 19:00,G-A,P,EMS,NQC500E500C020E,117.18C,17600,EMS0857P,A,2024-EMS-03-G045,TUBE,Y,8,1,137.00 X 135.00,,CZ0289
EMSPR0951.1,2024,9,2,140,140,QFN,172338,2/26/2024 19:00,G-A,P,EMS,NQC500E500C020E,117.18C,17600,EMS0857P,A,2024-EMS-03-G045,TUBE,Y,8,1,137.00 X 135.00,,CZ0289
EMSPR0952.2,2024,9,2,140,140,QFN,173594,2/26/2024 19:00,G-A,P,EMS,NQC500E500C020E,117.18C,17600,EMS0857P,A,2024-EMS-03-G034,TUBE,Y,8,1,137.00 X 135.00,,CZ0289
EMSPR0952.3,2024,9,2,140,140,QFN,173594,2/26/2024 19:00,G-A,P,EMS,NQC500E500C020E,117.18C,20830,EMS0857P,A,2024-EMS-03-G059,TUBE,Y,8,1,137.00 X 135.00,,CZ0289
EMSPR0952.1,2024,9,2,140,140,QFN,173594,2/26/2024 19:00,G-A,P,EMS,NQC500E500C020E,117.18C,17600,EMS0857P,A,2024-EMS-03-G033,TUBE,Y,8,1,137.00 X 135.00,,CZ0289
EMSPR0953.3,2024,9,3,140,140,QFN,183433,2/27/2024 19:00,G-A-T-P,P,EMS,NQC500E500C020E,117.18C,20939,EMS0857P,A,EMSPR0953.1,TUBE,Y,8,1,137.00 X 135.00,,CZ0289
EMSPR0953.2,2024,9,3,140,140,QFN,183433,2/27/2024 19:00,G-A-T-P,P,EMS,NQC500E500C020E,117.18C,17600,EMS0857P,A,EMSPR0953.1,TUBE,Y,8,1,137.00 X 135.00,,CZ0289
EMSPR0953.1,2024,9,3,140,140,QFN,183433,2/27/2024 19:00,G-A-T-P,P,EMS,NQC500E500C020E,117.18C,17600,EMS0857P,A,2024-EMS-03-G221,TUBE,Y,8,1,137.00 X 135.00,,CZ0289
EMSPR0958.2,2024,9,3,140,140,QFN,169087,2/27/2024 19:00,G-A-T-P,P,EMS,NQC500E500C020E,117.18C,17600,EMS0857P,A,EMSPR0958.1,TUBE,Y,8,1,137.00 X 135.00,,CZ0289
EMSPR0958.3,2024,9,3,140,140,QFN,169087,2/27/2024 19:00,G-A-T-P,P,EMS,NQC500E500C020E,117.18C,21390,EMS0857P,A,EMSPR0958.1,TUBE,Y,8,1,137.00 X 135.00,,CZ0289
EMSPR0958.1,2024,9,3,140,140,QFN,169087,2/27/2024 19:00,G-A-T-P,P,EMS,NQC500E500C020E,117.18C,17600,EMS0857P,A,2024-EMS-03-G247,TUBE,Y,8,1,137.00 X 135.00,,CZ0289
EMSPR0959.1,2024,9,2,140,140,QFN,172347,2/26/2024 19:00,G-A-T-P,P,EMS,NQC500E500C020E,117.18C,17600,EMS0857P,A,2024-EMS-03-G203,TUBE,Y,8,1,137.00 X 135.00,,CZ0289
EMSPR0959.3,2024,9,2,140,140,QFN,172347,2/26/2024 19:00,G-A-T-P,P,EMS,NQC500E500C020E,117.18C,21318,EMS0857P,A,EMSPR0959.1,TUBE,Y,8,1,137.00 X 135.00,,CZ0289
EMSPR0959.2,2024,9,2,140,140,QFN,172347,2/26/2024 19:00,G-A-T-P,P,EMS,NQC500E500C020E,117.18C,17600,EMS0857P,A,EMSPR0959.1,TUBE,Y,8,1,137.00 X 135.00,,CZ0289
EMSPR0756.1,2024,7,5,140,140,QFN,179991,2/15/2024 19:00,G-A,P,EMS,NQC500E500C020U,117.18D,17600,EMS1063P,A,2024-EMS-02-G282,TUBE,Y,8,1,137.00 X 135.0,,CZ0289
EMSPR0756.2,2024,7,5,140,140,QFN,179991,2/15/2024 19:00,G-A,P,EMS,NQC500E500C020U,117.18D,17600,EMS1063P,A,2024-EMS-02-G279,TUBE,Y,8,1,137.00 X 135.0,,CZ0289
EMSPR0756.3,2024,7,5,140,140,QFN,179991,2/15/2024 19:00,G-A,P,EMS,NQC500E500C020U,117.18D,20704,EMS1063P,A,2024-EMS-02-G243,TUBE,Y,8,1,137.00 X 135.0,,CZ0289
EMSPR0957.1,2024,9,3,140,140,QFN,179985,2/27/2024 19:00,G-A,P,EMS,NQC500E500C020U,117.18D,17600,EMS1063P,A,2024-EMS-03-G069,TUBE,Y,8,1,137.00 X 135.0,,CZ0289
EMSPR0957.3,2024,9,3,140,140,QFN,179985,2/27/2024 19:00,G-A,P,EMS,NQC500E500C020U,117.18D,18682,EMS1063P,A,2024-EMS-03-G070,TUBE,Y,8,1,137.00 X 135.0,,CZ0289
EMSPR0957.2,2024,9,3,140,140,QFN,179985,2/27/2024 19:00,G-A,P,EMS,NQC500E500C020U,117.18D,17600,EMS1063P,A,2024-EMS-03-G059,TUBE,Y,8,1,137.00 X 135.0,,CZ0289
EMSPR0971.3,2024,9,4,140,140,QFN,181364,2/28/2024 19:00,G-A,P,EMS,NQC500E500C020U,117.18D,20740,EMS1063P,A,2024-EMS-03-G070,TUBE,Y,8,1,137.00 X 135.0,,CZ0289
EMSPR0971.1,2024,9,4,140,140,QFN,181364,2/28/2024 19:00,G-A,P,EMS,NQC500E500C020U,117.18D,17600,EMS1063P,A,2024-EMS-03-G077,TUBE,Y,8,1,137.00 X 135.0,,CZ0289
EMSPR0971.2,2024,9,4,140,140,QFN,181364,2/28/2024 19:00,G-A,P,EMS,NQC500E500C020U,117.18D,17600,EMS1063P,A,2024-EMS-03-G084,TUBE,Y,8,1,137.00 X 135.0,,CZ0289
EMSPR0556.3,2024,5,6,140,140,QFN,183110,2/2/2024 19:00,G-A,P,EMS,NQC500E500C020U,522.41B,19430,EMS0897P,A,2024-EMS-02-G130,TUBE,Y,8,1,133.50 X 136.20,,CZ0289
EMSPR0556.1,2024,5,6,140,140,QFN,183110,2/2/2024 19:00,G-A,P,EMS,NQC500E500C020U,522.41B,17600,EMS0897P,A,2024-EMS-02-G142,TUBE,Y,8,1,133.50 X 136.20,,CZ0289
EMSPR0556.2,2024,5,6,140,140,QFN,183110,2/2/2024 19:00,G-A,P,EMS,NQC500E500C020U,522.41B,17600,EMS0897P,A,2024-EMS-02-G134,TUBE,Y,8,1,133.50 X 136.20,,CZ0289
EMSPR0620.1,2024,6,3,140,140,QFN,183113,2/6/2024 19:00,G-A,P,EMS,NQC500E500C020U,522.41B,17600,EMS0897P,A,2024-EMS-02-G168,TUBE,Y,8,1,133.50 X 136.20,,CZ0289
EMSPR0620.2,2024,6,3,140,140,QFN,183113,2/6/2024 19:00,G-A,P,EMS,NQC500E500C020U,522.41B,17600,EMS0897P,A,2024-EMS-02-G168,TUBE,Y,8,1,133.50 X 136.20,,CZ0289
EMSPR0620.3,2024,6,3,140,140,QFN,183113,2/6/2024 19:00,G-A,P,EMS,NQC500E500C020U,522.41B,19714,EMS0897P,A,2024-EMS-02-G176,TUBE,Y,8,1,133.50 X 136.20,,CZ0289
EMSPR0649.1,2024,6,5,140,140,QFN,183112,2/8/2024 19:00,G-A,P,EMS,NQC500E500C020U,522.41B,17600,EMS0897P,A,2024-EMS-02-G207,TUBE,Y,8,1,133.50 X 136.20,,CZ0289
EMSPR0649.2,2024,6,5,140,140,QFN,183112,2/8/2024 19:00,G-A,P,EMS,NQC500E500C020U,522.41B,17600,EMS0897P,A,2024-EMS-02-G211,TUBE,Y,8,1,133.50 X 136.20,,CZ0289
EMSPR0649.3,2024,6,5,140,140,QFN,183112,2/8/2024 19:00,G-A,P,EMS,NQC500E500C020U,522.41B,18360,EMS0897P,A,2024-EMS-02-G207,TUBE,Y,8,1,133.50 X 136.20,,CZ0289
EMSPR0758.2,2024,7,5,140,140,QFN,182697,2/15/2024 19:00,G-A,P,EMS,NQC500E500C020U,522.41B,17600,EMS0897P,A,2024-EMS-02-G279,TUBE,Y,8,1,133.50 X 136.20,,CZ0289
EMSPR0758.1,2024,7,5,140,140,QFN,182697,2/15/2024 19:00,G-A,P,EMS,NQC500E500C020U,522.41B,17600,EMS0897P,A,2024-EMS-02-G279,TUBE,Y,8,1,133.50 X 136.20,,CZ0289
EMSPR0758.3,2024,7,5,140,140,QFN,182697,2/15/2024 19:00,G-A,P,EMS,NQC500E500C020U,522.41B,10970,EMS0897P,A,2024-EMS-02-G282,TUBE,Y,8,1,133.50 X 136.20,,CZ0289
EMSPR0788.1,2024,7,7,140,140,QFN,183198,2/17/2024 19:00,G-A,P,EMS,NQC500E500C020U,522.41B,17600,EMS0897P,A,2024-EMS-02-G311,TUBE,Y,8,1,133.50 X 136.20,,CZ0289
EMSPR0788.2,2024,7,7,140,140,QFN,183198,2/17/2024 19:00,G-A,P,EMS,NQC500E500C020U,522.41B,17600,EMS0897P,A,2024-EMS-02-G287,TUBE,Y,8,1,133.50 X 136.20,,CZ0289
EMSPR0788.3,2024,7,7,140,140,QFN,183198,2/17/2024 19:00,G-A,P,EMS,NQC500E500C020U,522.41B,19799,EMS0897P,A,2024-EMS-02-G282,TUBE,Y,8,1,133.50 X 136.20,,CZ0289
EMSPR0815.1,2024,7,7,140,140,QFN,183195,2/17/2024 19:00,G-A,P,EMS,NQC500E500C020U,522.41B,17600,EMS0897P,A,2024-EMS-02-G271,TUBE,Y,8,1,133.50 X 136.20,,CZ0289
EMSPR0815.3,2024,7,7,140,140,QFN,183195,2/17/2024 19:00,G-A,P,EMS,NQC500E500C020U,522.41B,16428,EMS0897P,A,2024-EMS-02-G287,TUBE,Y,8,1,133.50 X 136.20,,CZ0289
EMSPR0815.2,2024,7,7,140,140,QFN,183195,2/17/2024 19:00,G-A,P,EMS,NQC500E500C020U,522.41B,17600,EMS0897P,A,2024-EMS-02-G287,TUBE,Y,8,1,133.50 X 136.20,,CZ0289
EMSPR0821.3,2024,8,1,140,140,QFN,183196,2/18/2024 19:00,G-A,P,EMS,NQC500E500C020U,522.41B,18552,EMS0897P,A,2024-EMS-02-G294,TUBE,Y,8,1,133.50 X 136.20,,CZ0289
EMSPR0821.2,2024,8,1,140,140,QFN,183196,2/18/2024 19:00,G-A,P,EMS,NQC500E500C020U,522.41B,17600,EMS0897P,A,2024-EMS-02-G287,TUBE,Y,8,1,133.50 X 136.20,,CZ0289
EMSPR0821.1,2024,8,1,140,140,QFN,183196,2/18/2024 19:00,G-A,P,EMS,NQC500E500C020U,522.41B,17600,EMS0897P,A,2024-EMS-02-G294,TUBE,Y,8,1,133.50 X 136.20,,CZ0289
EMSPR0854.3,2024,8,2,140,140,QFN,183267,2/19/2024 19:00,G-A,P,EMS,NQC500E500C020U,522.41B,17365,EMS0897P,A,2024-EMS-02-G321,TUBE,Y,8,1,133.50 X 136.20,,CZ0289
EMSPR0854.1,2024,8,2,140,140,QFN,183267,2/19/2024 19:00,G-A,P,EMS,NQC500E500C020U,522.41B,17600,EMS0897P,A,2024-EMS-02-G297,TUBE,Y,8,1,133.50 X 136.20,,CZ0289
EMSPR0854.2,2024,8,2,140,140,QFN,183267,2/19/2024 19:00,G-A,P,EMS,NQC500E500C020U,522.41B,17600,EMS0897P,A,2024-EMS-02-G297,TUBE,Y,8,1,133.50 X 136.20,,CZ0289
EMSPR0895.1,2024,8,4,140,140,QFN,183197,2/21/2024 19:00,G-A,P,EMS,NQC500E500C020U,522.41B,17600,EMS0897P,A,2024-EMS-03-G008,TUBE,Y,8,1,133.50 X 136.20,,CZ0289
EMSPR0895.2,2024,8,4,140,140,QFN,183197,2/21/2024 19:00,G-A,P,EMS,NQC500E500C020U,522.41B,17600,EMS0897P,A,2024-EMS-02-G317,TUBE,Y,8,1,133.50 X 136.20,,CZ0289
EMSPR0895.3,2024,8,4,140,140,QFN,183197,2/21/2024 19:00,G-A,P,EMS,NQC500E500C020U,522.41B,19141,EMS0897P,A,2024-EMS-03-G008,TUBE,Y,8,1,133.50 X 136.20,,CZ0289
EMSPR0943.1,2024,9,1,140,140,QFN,184116,2/25/2024 19:00,G-A,P,EMS,NQC500E500C020U,522.41B,17600,EMS0897P,A,2024-EMS-03-G034,TUBE,Y,8,1,133.50 X 136.20,,CZ0289
EMSPR0943.2,2024,9,1,140,140,QFN,184116,2/25/2024 19:00,G-A,P,EMS,NQC500E500C020U,522.41B,17600,EMS0897P,A,2024-EMS-03-G034,TUBE,Y,8,1,133.50 X 136.20,,CZ0289
EMSPR0943.3,2024,9,1,140,140,QFN,184116,2/25/2024 19:00,G-A,P,EMS,NQC500E500C020U,522.41B,18163,EMS0897P,A,2024-EMS-03-G033,TUBE,Y,8,1,133.50 X 136.20,,CZ0289
EMSPR0997.2,2024,9,3,140,140,QFN,183266,2/27/2024 19:00,G-A,P,EMS,NQC500E500C020U,522.41B,17600,EMS0897P,A,2024-EMS-03-G069,TUBE,Y,8,1,133.50 X 136.20,,CZ0289
EMSPR0997.1,2024,9,3,140,140,QFN,183266,2/27/2024 19:00,G-A,P,EMS,NQC500E500C020U,522.41B,17600,EMS0897P,A,2024-EMS-03-G070,TUBE,Y,8,1,133.50 X 136.20,,CZ0289
EMSPR0997.3,2024,9,3,140,140,QFN,183266,2/27/2024 19:00,G-A,P,EMS,NQC500E500C020U,522.41B,14586,EMS0897P,A,2024-EMS-03-G070,TUBE,Y,8,1,133.50 X 136.20,,CZ0289
EMSPR0998.3,2024,9,3,140,140,QFN,183268,2/27/2024 19:00,G-A,P,EMS,NQC500E500C020U,522.41B,14639,EMS0897P,A,2024-EMS-03-G069,TUBE,Y,8,1,133.50 X 136.20,,CZ0289
EMSPR0998.2,2024,9,3,140,140,QFN,183268,2/27/2024 19:00,G-A,P,EMS,NQC500E500C020U,522.41B,17600,EMS0897P,A,2024-EMS-03-G069,TUBE,Y,8,1,133.50 X 136.20,,CZ0289
EMSPR0998.1,2024,9,3,140,140,QFN,183268,2/27/2024 19:00,G-A,P,EMS,NQC500E500C020U,522.41B,17600,EMS0897P,A,2024-EMS-03-G070,TUBE,Y,8,1,133.50 X 136.20,,CZ0289
EMSPR0803.6,2024,7,7,140,140,QFN,183849,2/17/2024 19:00,G-A,P,EMS,NQC600E6001032U,522.59A,12600,EMS1087P,B,2024-EMS-02-G305,TUBE,Y,8,1,93.1 X 108.9,,CZ0289
EMSPR0803.5,2024,7,7,140,140,QFN,183849,2/17/2024 19:00,G-A,P,EMS,NQC600E6001032U,522.59A,12600,EMS1087P,B,2024-EMS-02-G311,TUBE,Y,8,1,93.1 X 108.9,,CZ0289
EMSPR0803.8,2024,7,7,140,140,QFN,183849,2/17/2024 19:00,G-A,P,EMS,NQC600E6001032U,522.59A,14227,EMS1087P,B,2024-EMS-02-G317,TUBE,Y,8,1,93.1 X 108.9,,CZ0289
EMSPR0803.4,2024,7,7,140,140,QFN,183849,2/17/2024 19:00,G-A,P,EMS,NQC600E6001032U,522.59A,12600,EMS1087P,B,2024-EMS-02-G317,TUBE,Y,8,1,93.1 X 108.9,,CZ0289
EMSPR0803.1,2024,7,7,140,140,QFN,183849,2/17/2024 19:00,G-A,P,EMS,NQC600E6001032U,522.59A,12600,EMS1087P,B,2024-EMS-02-G305,TUBE,Y,8,1,93.1 X 108.9,,CZ0289
EMSPR0803.2,2024,7,7,140,140,QFN,183849,2/17/2024 19:00,G-A,P,EMS,NQC600E6001032U,522.59A,12600,EMS1087P,B,2024-EMS-02-G305,TUBE,Y,8,1,93.1 X 108.9,,CZ0289
EMSPR0803.3,2024,7,7,140,140,QFN,183849,2/17/2024 19:00,G-A,P,EMS,NQC600E6001032U,522.59A,12600,EMS1087P,B,2024-EMS-02-G317,TUBE,Y,8,1,93.1 X 108.9,,CZ0289
EMSPR0803.7,2024,7,7,140,140,QFN,183849,2/17/2024 19:00,G-A,P,EMS,NQC600E6001032U,522.59A,12600,EMS1087P,B,2024-EMS-02-G311,TUBE,Y,8,1,93.1 X 108.9,,CZ0289
EMSPR0584.1,2024,6,1,140,140,QFN,175266,2/4/2024 19:00,G-A-T-P,P,EMS,NQC600E600C032U,117.17C,12600,EMS0852P,A,2024-EMS-04-G237,TUBE,Y,8,1,134.60 X 152.00,,CZ0289
EMSPR0584.2,2024,6,1,140,140,QFN,175266,2/4/2024 19:00,G-A-T-P,P,EMS,NQC600E600C032U,117.17C,12600,EMS0852P,A,EMSPR0584.1,TUBE,Y,8,1,134.60 X 152.00,,CZ0289
EMSPR0584.3,2024,6,1,140,140,QFN,175266,2/4/2024 19:00,G-A-T-P,P,EMS,NQC600E600C032U,117.17C,12600,EMS0852P,A,EMSPR0584.1,TUBE,Y,8,1,134.60 X 152.00,,CZ0289
EMSPR0584.4,2024,6,1,140,140,QFN,175266,2/4/2024 19:00,G-A-T-P,P,EMS,NQC600E600C032U,117.17C,11764,EMS0852P,A,EMSPR0584.1,TUBE,Y,8,1,134.60 X 152.00,,CZ0289
EMSPR0637.2,2024,6,5,140,140,QFN,175264,2/8/2024 19:00,G-A-T-P,P,EMS,NQC600E600C032U,117.17C,10096,EMS0852P,A,EMSPR0637.1,TUBE,Y,8,1,134.60 X 152.00,,CZ0289
EMSPR0637.1,2024,6,5,140,140,QFN,175264,2/8/2024 19:00,G-A-T-P,P,EMS,NQC600E600C032U,117.17C,12600,EMS0852P,A,2024-EMS-05-G003,TUBE,Y,8,1,134.60 X 152.00,,CZ0289
EMSPR0732.3,2024,7,4,140,140,QFN,170246,2/14/2024 19:00,G-A,P,EMS,NQC600E600C032U,117.17C,15697,EMS0852P,A,2024-EMS-02-G243,TUBE,Y,8,1,134.60 X 152.00,,CZ0289
EMSPR0732.2,2024,7,4,140,140,QFN,170246,2/14/2024 19:00,G-A,P,EMS,NQC600E600C032U,117.17C,12600,EMS0852P,A,2024-EMS-02-G254,TUBE,Y,8,1,134.60 X 152.00,,CZ0289
EMSPR0732.1,2024,7,4,140,140,QFN,170246,2/14/2024 19:00,G-A,P,EMS,NQC600E600C032U,117.17C,12600,EMS0852P,A,2024-EMS-02-G249,TUBE,Y,8,1,134.60 X 152.00,,CZ0289
EMSPR0733.2,2024,7,5,140,140,QFN,173198,2/15/2024 19:00,G-A-T-P,P,EMS,NQC600E600C032U,117.17C,12600,EMS0852P,A,EMSPR0733.1,TUBE,Y,8,1,134.60 X 152.00,,CZ0289
EMSPR0733.3,2024,7,5,140,140,QFN,173198,2/15/2024 19:00,G-A-T-P,P,EMS,NQC600E600C032U,117.17C,10536,EMS0852P,A,EMSPR0733.1,TUBE,Y,8,1,134.60 X 152.00,,CZ0289
EMSPR0733.1,2024,7,5,140,140,QFN,173198,2/15/2024 19:00,G-A-T-P,P,EMS,NQC600E600C032U,117.17C,12600,EMS0852P,A,2024-EMS-05-G006,TUBE,Y,8,1,134.60 X 152.00,,CZ0289
EMSPR0734.2,2024,7,5,140,140,QFN,169074,2/15/2024 19:00,G-A-T-P,P,EMS,NQC600E600C032U,117.17C,12600,EMS0852P,A,EMSPR0734.1,TUBE,Y,8,1,134.60 X 152.00,,CZ0289
EMSPR0734.3,2024,7,5,140,140,QFN,169074,2/15/2024 19:00,G-A-T-P,P,EMS,NQC600E600C032U,117.17C,17887,EMS0852P,A,EMSPR0734.1,TUBE,Y,8,1,134.60 X 152.00,,CZ0289
EMSPR0734.1,2024,7,5,140,140,QFN,169074,2/15/2024 19:00,G-A-T-P,P,EMS,NQC600E600C032U,117.17C,12600,EMS0852P,A,2024-EMS-03-G186,TUBE,Y,8,1,134.60 X 152.00,,CZ0289
EMSPR0735.3,2024,7,6,140,140,QFN,169947,2/16/2024 19:00,G-A-T-P,P,EMS,NQC600E600C032U,117.17C,13584,EMS0852P,A,EMSPR0735.1,TUBE,Y,8,1,134.60 X 152.00,,CZ0289
EMSPR0735.2,2024,7,6,140,140,QFN,169947,2/16/2024 19:00,G-A-T-P,P,EMS,NQC600E600C032U,117.17C,12600,EMS0852P,A,EMSPR0735.1,TUBE,Y,8,1,134.60 X 152.00,,CZ0289
EMSPR0735.1,2024,7,6,140,140,QFN,169947,2/16/2024 19:00,G-A-T-P,P,EMS,NQC600E600C032U,117.17C,12600,EMS0852P,A,2024-EMS-03-G173,TUBE,Y,8,1,134.60 X 152.00,,CZ0289
EMSPR0784.1,2024,8,1,140,140,QFN,173589,2/18/2024 19:00,G-A-T-P,P,EMS,NQC600E600C032U,117.17C,12600,EMS0852P,A,2024-EMS-04-G286,TUBE,Y,8,1,134.60 X 152.00,,CZ0289
EMSPR0784.2,2024,8,1,140,140,QFN,173589,2/18/2024 19:00,G-A-T-P,P,EMS,NQC600E600C032U,117.17C,14165,EMS0852P,A,EMSPR0784.1,TUBE,Y,8,1,134.60 X 152.00,,CZ0289
EMSPR0789.2,2024,8,1,140,140,QFN,169946,2/18/2024 19:00,G-A-T-P,P,EMS,NQC600E600C032U,117.17C,12600,EMS0852P,A,EMSPR0789.1,TUBE,Y,8,1,134.60 X 152.00,,CZ0289
EMSPR0789.3,2024,8,1,140,140,QFN,169946,2/18/2024 19:00,G-A-T-P,P,EMS,NQC600E600C032U,117.17C,14837,EMS0852P,A,EMSPR0789.1,TUBE,Y,8,1,134.60 X 152.00,,CZ0289
EMSPR0789.1,2024,8,1,140,140,QFN,169946,2/18/2024 19:00,G-A-T-P,P,EMS,NQC600E600C032U,117.17C,12600,EMS0852P,A,2024-EMS-05-G035,TUBE,Y,8,1,134.60 X 152.00,,CZ0289
EMSPR0810.1,2024,7,7,140,140,QFN,170236,2/17/2024 19:00,G-A-T-P,P,EMS,NQC600E600C032U,117.17C,12600,EMS0852P,A,SFG2000,TUBE,Y,8,1,134.60 X 152.00,,CZ0289
EMSPR0810.3,2024,7,7,140,140,QFN,170236,2/17/2024 19:00,G-A-T-P,P,EMS,NQC600E600C032U,117.17C,15113,EMS0852P,A,EMSPR0810.1,TUBE,Y,8,1,134.60 X 152.00,,CZ0289
EMSPR0810.2,2024,7,7,140,140,QFN,170236,2/17/2024 19:00,G-A-T-P,P,EMS,NQC600E600C032U,117.17C,12600,EMS0852P,A,EMSPR0810.1,TUBE,Y,8,1,134.60 X 152.00,,CZ0289
EMSPR0836.1,2024,8,1,140,140,QFN,178490,2/18/2024 19:00,G-A-T-P,P,EMS,NQC600E600C032U,117.17C,15135,EMS0852P,A,SFG2000,TUBE,Y,8,1,134.60 X 152.00,,CZ0289
EMSPR0865.3,2024,8,5,140,140,QFN,169243,2/22/2024 19:00,G-A-T-P,P,EMS,NQC600E600C032U,117.17C,12701,EMS0852P,A,EMSPR0865.1,TUBE,Y,8,1,134.60 X 152.00,,CZ0289
EMSPR0865.2,2024,8,5,140,140,QFN,169243,2/22/2024 19:00,G-A-T-P,P,EMS,NQC600E600C032U,117.17C,12600,EMS0852P,A,EMSPR0865.1,TUBE,Y,8,1,134.60 X 152.00,,CZ0289
EMSPR0865.1,2024,8,5,140,140,QFN,169243,2/22/2024 19:00,G-A-T-P,P,EMS,NQC600E600C032U,117.17C,12600,EMS0852P,A,SFG2000,TUBE,Y,8,1,134.60 X 152.00,,CZ0289
EMSPR0624.3,2024,6,3,140,140,QFN,172381,2/6/2024 19:00,G-A,P,EMS,NQC600E600C032U,140.24A,12600,EMS0860P,A,2024-EMS-02-G168,TUBE,Y,8,1,118.1 X 137.00,,CZ0289
EMSPR0624.2,2024,6,3,140,140,QFN,172381,2/6/2024 19:00,G-A,P,EMS,NQC600E600C032U,140.24A,12600,EMS0860P,A,2024-EMS-02-G176,TUBE,Y,8,1,118.1 X 137.00,,CZ0289
EMSPR0624.1,2024,6,3,140,140,QFN,172381,2/6/2024 19:00,G-A,P,EMS,NQC600E600C032U,140.24A,12600,EMS0860P,A,2024-EMS-02-G180,TUBE,Y,8,1,118.1 X 137.00,,CZ0289
EMSPR0624.4,2024,6,3,140,140,QFN,172381,2/6/2024 19:00,G-A,P,EMS,NQC600E600C032U,140.24A,18389,EMS0860P,A,2024-EMS-02-G168,TUBE,Y,8,1,118.1 X 137.00,,CZ0289
EMSPR0675.3,2024,6,6,140,140,QFN,173236,2/9/2024 19:00,G-A,P,EMS,NQC600E600C032U,140.24A,12600,EMS0860P,A,2024-EMS-02-G227,TUBE,Y,8,1,118.1 X 137.00,,CZ0289
EMSPR0675.4,2024,6,6,140,140,QFN,173236,2/9/2024 19:00,G-A,P,EMS,NQC600E600C032U,140.24A,12600,EMS0860P,A,2024-EMS-02-G227,TUBE,Y,8,1,118.1 X 137.00,,CZ0289
EMSPR0675.1,2024,6,6,140,140,QFN,173236,2/9/2024 19:00,G-A,P,EMS,NQC600E600C032U,140.24A,12600,EMS0860P,A,2024-EMS-02-G227,TUBE,Y,8,1,118.1 X 137.00,,CZ0289
EMSPR0675.5,2024,6,6,140,140,QFN,173236,2/9/2024 19:00,G-A,P,EMS,NQC600E600C032U,140.24A,11330,EMS0860P,A,2024-EMS-02-G227,TUBE,Y,8,1,118.1 X 137.00,,CZ0289
EMSPR0675.2,2024,6,6,140,140,QFN,173236,2/9/2024 19:00,G-A,P,EMS,NQC600E600C032U,140.24A,12600,EMS0860P,A,2024-EMS-02-G211,TUBE,Y,8,1,118.1 X 137.00,,CZ0289
EMSPR0676.2,2024,6,7,140,140,QFN,173697,2/10/2024 19:00,G-A,P,EMS,NQC600E600C032U,140.24A,12600,EMS0860P,A,2024-EMS-02-G218,TUBE,Y,8,1,118.1 X 137.00,,CZ0289
EMSPR0676.1,2024,6,7,140,140,QFN,173697,2/10/2024 19:00,G-A,P,EMS,NQC600E600C032U,140.24A,12600,EMS0860P,A,2024-EMS-02-G218,TUBE,Y,8,1,118.1 X 137.00,,CZ0289
EMSPR0676.5,2024,6,7,140,140,QFN,173697,2/10/2024 19:00,G-A,P,EMS,NQC600E600C032U,140.24A,11771,EMS0860P,A,2024-EMS-02-G218,TUBE,Y,8,1,118.1 X 137.00,,CZ0289
EMSPR0676.4,2024,6,7,140,140,QFN,173697,2/10/2024 19:00,G-A,P,EMS,NQC600E600C032U,140.24A,12600,EMS0860P,A,2024-EMS-02-G227,TUBE,Y,8,1,118.1 X 137.00,,CZ0289
EMSPR0676.3,2024,6,7,140,140,QFN,173697,2/10/2024 19:00,G-A,P,EMS,NQC600E600C032U,140.24A,12600,EMS0860P,A,2024-EMS-02-G232,TUBE,Y,8,1,118.1 X 137.00,,CZ0289
EMSPR0863.3,2024,8,4,140,140,QFN,173233,2/21/2024 19:00,G-A,P,EMS,NQC600E600C032U,140.24A,12600,EMS0860P,A,2024-EMS-03-G023,TUBE,Y,8,1,118.1 X 137.00,,CZ0289
EMSPR0863.1,2024,8,4,140,140,QFN,173233,2/21/2024 19:00,G-A,P,EMS,NQC600E600C032U,140.24A,12600,EMS0860P,A,2024-EMS-03-G033,TUBE,Y,8,1,118.1 X 137.00,,CZ0289
EMSPR0863.2,2024,8,4,140,140,QFN,173233,2/21/2024 19:00,G-A,P,EMS,NQC600E600C032U,140.24A,12600,EMS0860P,A,2024-EMS-03-G033,TUBE,Y,8,1,118.1 X 137.00,,CZ0289
EMSPR0863.4,2024,8,4,140,140,QFN,173233,2/21/2024 19:00,G-A,P,EMS,NQC600E600C032U,140.24A,12600,EMS0860P,A,2024-EMS-03-G033,TUBE,Y,8,1,118.1 X 137.00,,CZ0289
EMSPR0863.5,2024,8,4,140,140,QFN,173233,2/21/2024 19:00,G-A,P,EMS,NQC600E600C032U,140.24A,7883,EMS0860P,A,2024-EMS-03-G023,TUBE,Y,8,1,118.1 X 137.00,,CZ0289
EMSPR0864.5,2024,8,5,140,140,QFN,173696,2/22/2024 19:00,G-A,P,EMS,NQC600E600C032U,140.24A,8277,EMS0860P,A,2024-EMS-03-G045,TUBE,Y,8,1,118.1 X 137.00,,CZ0289
EMSPR0864.4,2024,8,5,140,140,QFN,173696,2/22/2024 19:00,G-A,P,EMS,NQC600E600C032U,140.24A,12600,EMS0860P,A,2024-EMS-03-G045,TUBE,Y,8,1,118.1 X 137.00,,CZ0289
EMSPR0864.3,2024,8,5,140,140,QFN,173696,2/22/2024 19:00,G-A,P,EMS,NQC600E600C032U,140.24A,12600,EMS0860P,A,2024-EMS-03-G045,TUBE,Y,8,1,118.1 X 137.00,,CZ0289
EMSPR0864.2,2024,8,5,140,140,QFN,173696,2/22/2024 19:00,G-A,P,EMS,NQC600E600C032U,140.24A,12600,EMS0860P,A,2024-EMS-03-G059,TUBE,Y,8,1,118.1 X 137.00,,CZ0289
EMSPR0864.1,2024,8,5,140,140,QFN,173696,2/22/2024 19:00,G-A,P,EMS,NQC600E600C032U,140.24A,12600,EMS0860P,A,2024-EMS-03-G034,TUBE,Y,8,1,118.1 X 137.00,,CZ0289
EMSPR0806.3,2024,8,3,140,140,QFN,179997,2/20/2024 19:00,G-A,P,EMS,NQC600E600C032U,140.24B,12600,EMS1058P,A,2024-EMS-03-G033,TUBE,Y,8,1,118.1 X 137.00,,CZ0289
EMSPR0806.5,2024,8,3,140,140,QFN,179997,2/20/2024 19:00,G-A,P,EMS,NQC600E600C032U,140.24B,8980,EMS1058P,A,2024-EMS-03-G008,TUBE,Y,8,1,118.1 X 137.00,,CZ0289
EMSPR0806.4,2024,8,3,140,140,QFN,179997,2/20/2024 19:00,G-A,P,EMS,NQC600E600C032U,140.24B,12600,EMS1058P,A,2024-EMS-03-G015,TUBE,Y,8,1,118.1 X 137.00,,CZ0289
EMSPR0806.2,2024,8,3,140,140,QFN,179997,2/20/2024 19:00,G-A,P,EMS,NQC600E600C032U,140.24B,12600,EMS1058P,A,2024-EMS-03-G008,TUBE,Y,8,1,118.1 X 137.00,,CZ0289
EMSPR0806.1,2024,8,3,140,140,QFN,179997,2/20/2024 19:00,G-A,P,EMS,NQC600E600C032U,140.24B,12600,EMS1058P,A,2024-EMS-02-G317,TUBE,Y,8,1,118.1 X 137.00,,CZ0289
EMSPR0827.4,2024,8,5,140,140,QFN,181393,2/22/2024 19:00,G-A,P,EMS,NQC600E600C032U,140.24B,12600,EMS1058P,A,2024-EMS-03-G059,TUBE,Y,8,1,118.1 X 137.00,,CZ0289
EMSPR0827.3,2024,8,5,140,140,QFN,181393,2/22/2024 19:00,G-A,P,EMS,NQC600E600C032U,140.24B,12600,EMS1058P,A,2024-EMS-03-G034,TUBE,Y,8,1,118.1 X 137.00,,CZ0289
EMSPR0827.1,2024,8,5,140,140,QFN,181393,2/22/2024 19:00,G-A,P,EMS,NQC600E600C032U,140.24B,12600,EMS1058P,A,2024-EMS-03-G034,TUBE,Y,8,1,118.1 X 137.00,,CZ0289
EMSPR0827.2,2024,8,5,140,140,QFN,181393,2/22/2024 19:00,G-A,P,EMS,NQC600E600C032U,140.24B,12600,EMS1058P,A,2024-EMS-03-G034,TUBE,Y,8,1,118.1 X 137.00,,CZ0289
EMSPR0827.5,2024,8,5,140,140,QFN,181393,2/22/2024 19:00,G-A,P,EMS,NQC600E600C032U,140.24B,10991,EMS1058P,A,2024-EMS-03-G050,TUBE,Y,8,1,118.1 X 137.00,,CZ0289
EMSPR0625.2,2024,6,3,140,140,QFN,179050,2/6/2024 19:00,G-A,P,EMS,NQC600E600C032U,523.30B,12600,EMS0722P,A,2024-EMS-02-G168,TUBE,Y,8,1,164.2 X 167.3,,CZ0142
EMSPR0625.1,2024,6,3,140,140,QFN,179050,2/6/2024 19:00,G-A,P,EMS,NQC600E600C032U,523.30B,12600,EMS0722P,A,2024-EMS-02-G167,TUBE,Y,8,1,164.2 X 167.3,,CZ0142
EMSPR0625.3,2024,6,3,140,140,QFN,179050,2/6/2024 19:00,G-A,P,EMS,NQC600E600C032U,523.30B,10871,EMS0722P,A,2024-EMS-02-G176,TUBE,Y,8,1,164.2 X 167.3,,CZ0142
EMSPR0631.3,2024,6,4,140,140,QFN,182010,2/7/2024 19:00,G-A,P,EMS,NQC600E600C032U,523.30B,12023,EMS0722P,A,2024-EMS-02-G176,TUBE,Y,8,1,164.2 X 167.3,,CZ0142
EMSPR0631.1,2024,6,4,140,140,QFN,182010,2/7/2024 19:00,G-A,P,EMS,NQC600E600C032U,523.30B,12600,EMS0722P,A,2024-EMS-02-G176,TUBE,Y,8,1,164.2 X 167.3,,CZ0142
EMSPR0631.2,2024,6,4,140,140,QFN,182010,2/7/2024 19:00,G-A,P,EMS,NQC600E600C032U,523.30B,12600,EMS0722P,A,2024-EMS-02-G176,TUBE,Y,8,1,164.2 X 167.3,,CZ0142
EMSPR0837.2,2024,8,4,140,140,QFN,179048,2/21/2024 19:00,G-A,P,EMS,NQC600E600C032U,523.30B,12600,EMS0722P,A,2024-EMS-03-G015,TUBE,Y,8,1,164.2 X 167.3,,CZ0142
EMSPR0837.1,2024,8,4,140,140,QFN,179048,2/21/2024 19:00,G-A,P,EMS,NQC600E600C032U,523.30B,12600,EMS0722P,A,2024-EMS-03-G045,TUBE,Y,8,1,164.2 X 167.3,,CZ0142
EMSPR0837.3,2024,8,4,140,140,QFN,179048,2/21/2024 19:00,G-A,P,EMS,NQC600E600C032U,523.30B,12694,EMS0722P,A,2024-EMS-03-G034,TUBE,Y,8,1,164.2 X 167.3,,CZ0142
EMSPR0838.3,2024,8,5,140,140,QFN,182009,2/22/2024 19:00,G-A,P,EMS,NQC600E600C032U,523.30B,11582,EMS0722P,A,2024-EMS-03-G045,TUBE,Y,8,1,164.2 X 167.3,,CZ0142
EMSPR0838.2,2024,8,5,140,140,QFN,182009,2/22/2024 19:00,G-A,P,EMS,NQC600E600C032U,523.30B,12600,EMS0722P,A,2024-EMS-03-G045,TUBE,Y,8,1,164.2 X 167.3,,CZ0142
EMSPR0838.1,2024,8,5,140,140,QFN,182009,2/22/2024 19:00,G-A,P,EMS,NQC600E600C032U,523.30B,12600,EMS0722P,A,2024-EMS-03-G045,TUBE,Y,8,1,164.2 X 167.3,,CZ0142
EMSPR0817.1,2024,8,1,140,140,QFN,182474,2/18/2024 19:00,G-A-T-P,P,EMS,NQC600E600C032U,523.30C,12600,EMS0726P,A,2024-EMS-03-G283,TUBE,Y,8,1,164.2 X 167.3,,CZ0289
EMSPR0817.3,2024,8,1,140,140,QFN,182474,2/18/2024 19:00,G-A-T-P,P,EMS,NQC600E600C032U,523.30C,6845,EMS0726P,A,EMSPR0817.1,TUBE,Y,8,1,164.2 X 167.3,,CZ0289
EMSPR0817.2,2024,8,1,140,140,QFN,182474,2/18/2024 19:00,G-A-T-P,P,EMS,NQC600E600C032U,523.30C,12600,EMS0726P,A,EMSPR0817.1,TUBE,Y,8,1,164.2 X 167.3,,CZ0289
EMSPR0555.3,2024,5,6,140,140,QFN,179107,2/2/2024 19:00,G-A-T-P,P,EMS,NQC600E600C032U,523.30C,11786,EMS0768P,A,EMSPR0555.1,TUBE,Y,8,1,164.2 X 167.3,,CZ0289
EMSPR0555.1,2024,5,6,140,140,QFN,179107,2/2/2024 19:00,G-A-T-P,P,EMS,NQC600E600C032U,523.30C,12600,EMS0768P,A,SFG2000,TUBE,Y,8,1,164.2 X 167.3,,CZ0289
EMSPR0555.2,2024,5,6,140,140,QFN,179107,2/2/2024 19:00,G-A-T-P,P,EMS,NQC600E600C032U,523.30C,12600,EMS0768P,A,EMSPR0555.1,TUBE,Y,8,1,164.2 X 167.3,,CZ0289
EMSPR0583.2,2024,6,1,140,140,QFN,172602,2/4/2024 19:00,G-A-T-P,P,EMS,NQC600E600C032U,523.30C,12600,EMS0768P,A,EMSPR0583.1,TUBE,Y,8,1,164.2 X 167.3,,CZ0289
EMSPR0583.3,2024,6,1,140,140,QFN,172602,2/4/2024 19:00,G-A-T-P,P,EMS,NQC600E600C032U,523.30C,11324,EMS0768P,A,EMSPR0583.1,TUBE,Y,8,1,164.2 X 167.3,,CZ0289
EMSPR0583.1,2024,6,1,140,140,QFN,172602,2/4/2024 19:00,G-A-T-P,P,EMS,NQC600E600C032U,523.30C,12600,EMS0768P,A,SFG2000,TUBE,Y,8,1,164.2 X 167.3,,CZ0289
EMSPR0621.3,2024,6,3,140,140,QFN,170452,2/6/2024 19:00,G-A-T-P,P,EMS,NQC600E600C032U,523.30C,12330,EMS0768P,A,EMSPR0621.1,TUBE,Y,8,1,164.2 X 167.3,,CZ0289
EMSPR0621.1,2024,6,3,140,140,QFN,170452,2/6/2024 19:00,G-A-T-P,P,EMS,NQC600E600C032U,523.30C,12600,EMS0768P,A,SFG2000,TUBE,Y,8,1,164.2 X 167.3,,CZ0289
EMSPR0621.2,2024,6,3,140,140,QFN,170452,2/6/2024 19:00,G-A-T-P,P,EMS,NQC600E600C032U,523.30C,12600,EMS0768P,A,EMSPR0621.1,TUBE,Y,8,1,164.2 X 167.3,,CZ0289
EMSPR0687.2,2024,7,4,140,140,QFN,180606,2/14/2024 19:00,G-A-T-P,P,EMS,NQC600E600C032U,523.30C,12600,EMS0768P,A,EMSPR0687.1,TUBE,Y,8,1,164.2 X 167.3,,CZ0289
EMSPR0687.3,2024,7,4,140,140,QFN,180606,2/14/2024 19:00,G-A-T-P,P,EMS,NQC600E600C032U,523.30C,11970,EMS0768P,A,EMSPR0687.1,TUBE,Y,8,1,164.2 X 167.3,,CZ0289
EMSPR0687.1,2024,7,4,140,140,QFN,180606,2/14/2024 19:00,G-A-T-P,P,EMS,NQC600E600C032U,523.30C,12600,EMS0768P,A,SFG2000,TUBE,Y,8,1,164.2 X 167.3,,CZ0289
EMSPR0715.1,2024,7,3,140,140,QFN,180593,2/13/2024 19:00,G-A-T-P,P,EMS,NQC600E600C032U,523.30C,12600,EMS0768P,A,2024-EMS-03-G065,TUBE,Y,8,1,164.2 X 167.3,,CZ0289
EMSPR0715.3,2024,7,3,140,140,QFN,180593,2/13/2024 19:00,G-A-T-P,P,EMS,NQC600E600C032U,523.30C,11425,EMS0768P,A,EMSPR0715.1,TUBE,Y,8,1,164.2 X 167.3,,CZ0289
EMSPR0715.2,2024,7,3,140,140,QFN,180593,2/13/2024 19:00,G-A-T-P,P,EMS,NQC600E600C032U,523.30C,12600,EMS0768P,A,EMSPR0715.1,TUBE,Y,8,1,164.2 X 167.3,,CZ0289
EMSPR0757.1,2024,7,6,140,140,QFN,176429,2/16/2024 19:00,G-A-T-P,P,EMS,NQC600E600C032U,523.30C,12600,EMS0768P,A,2024-EMS-03-G075,TUBE,Y,8,1,164.2 X 167.3,,CZ0289
EMSPR0757.2,2024,7,6,140,140,QFN,176429,2/16/2024 19:00,G-A-T-P,P,EMS,NQC600E600C032U,523.30C,12600,EMS0768P,A,EMSPR0757.1,TUBE,Y,8,1,164.2 X 167.3,,CZ0289
EMSPR0757.3,2024,7,6,140,140,QFN,176429,2/16/2024 19:00,G-A-T-P,P,EMS,NQC600E600C032U,523.30C,11696,EMS0768P,A,EMSPR0757.1,TUBE,Y,8,1,164.2 X 167.3,,CZ0289
EMSPR0793.1,2024,8,2,140,140,QFN,171688,2/19/2024 19:00,G-A-T-P,P,EMS,NQC600E600C032U,523.30C,12600,EMS0768P,A,2024-EMS-03-G091,TUBE,Y,8,1,164.2 X 167.3,,CZ0289
EMSPR0793.2,2024,8,2,140,140,QFN,171688,2/19/2024 19:00,G-A-T-P,P,EMS,NQC600E600C032U,523.30C,12600,EMS0768P,A,EMSPR0793.1,TUBE,Y,8,1,164.2 X 167.3,,CZ0289
EMSPR0793.3,2024,8,2,140,140,QFN,171688,2/19/2024 19:00,G-A-T-P,P,EMS,NQC600E600C032U,523.30C,11180,EMS0768P,A,EMSPR0793.1,TUBE,Y,8,1,164.2 X 167.3,,CZ0289
EMSPR0794.2,2024,8,2,140,140,QFN,176430,2/19/2024 19:00,G-A-T-P,P,EMS,NQC600E600C032U,523.30C,12600,EMS0768P,A,EMSPR0794.1,TUBE,Y,8,1,164.2 X 167.3,,CZ0289
EMSPR0794.3,2024,8,2,140,140,QFN,176430,2/19/2024 19:00,G-A-T-P,P,EMS,NQC600E600C032U,523.30C,11355,EMS0768P,A,EMSPR0794.1,TUBE,Y,8,1,164.2 X 167.3,,CZ0289
EMSPR0794.1,2024,8,2,140,140,QFN,176430,2/19/2024 19:00,G-A-T-P,P,EMS,NQC600E600C032U,523.30C,12600,EMS0768P,A,2024-EMS-03-G118,TUBE,Y,8,1,164.2 X 167.3,,CZ0289
EMSPR0795.3,2024,8,3,140,140,QFN,180590,2/20/2024 19:00,G-A-T-P,P,EMS,NQC600E600C032U,523.30C,11599,EMS0768P,A,EMSPR0795.1,TUBE,Y,8,1,164.2 X 167.3,,CZ0289
EMSPR0795.1,2024,8,3,140,140,QFN,180590,2/20/2024 19:00,G-A-T-P,P,EMS,NQC600E600C032U,523.30C,12600,EMS0768P,A,2024-EMS-03-G160,TUBE,Y,8,1,164.2 X 167.3,,CZ0289
EMSPR0795.2,2024,8,3,140,140,QFN,180590,2/20/2024 19:00,G-A-T-P,P,EMS,NQC600E600C032U,523.30C,12600,EMS0768P,A,EMSPR0795.1,TUBE,Y,8,1,164.2 X 167.3,,CZ0289
EMSPR0811.1,2024,7,7,140,140,QFN,172609,2/17/2024 19:00,G-A-T-P,P,EMS,NQC600E600C032U,523.30C,12600,EMS0768P,A,2024-EMS-03-G180,TUBE,Y,8,1,164.2 X 167.3,,CZ0289
EMSPR0811.3,2024,7,7,140,140,QFN,172609,2/17/2024 19:00,G-A-T-P,P,EMS,NQC600E600C032U,523.30C,10977,EMS0768P,A,EMSPR0811.1,TUBE,Y,8,1,164.2 X 167.3,,CZ0289
EMSPR0811.2,2024,7,7,140,140,QFN,172609,2/17/2024 19:00,G-A-T-P,P,EMS,NQC600E600C032U,523.30C,12600,EMS0768P,A,EMSPR0811.1,TUBE,Y,8,1,164.2 X 167.3,,CZ0289
EMSPR0812.2,2024,8,3,140,140,QFN,177855,2/20/2024 19:00,G-A-T-P,P,EMS,NQC600E600C032U,523.30C,12600,EMS0768P,A,EMSPR0812.1,TUBE,Y,8,1,164.2 X 167.3,,CZ0289
EMSPR0812.3,2024,8,3,140,140,QFN,177855,2/20/2024 19:00,G-A-T-P,P,EMS,NQC600E600C032U,523.30C,11887,EMS0768P,A,EMSPR0812.1,TUBE,Y,8,1,164.2 X 167.3,,CZ0289
EMSPR0812.1,2024,8,3,140,140,QFN,177855,2/20/2024 19:00,G-A-T-P,P,EMS,NQC600E600C032U,523.30C,12600,EMS0768P,A,2024-EMS-03-G196,TUBE,Y,8,1,164.2 X 167.3,,CZ0289
EMSPR0856.3,2024,8,2,140,140,QFN,179077,2/19/2024 19:00,G-A-T-P,P,EMS,NQC600E600C032U,523.30C,12707,EMS0768P,A,EMSPR0856.1,TUBE,Y,8,1,164.2 X 167.3,,CZ0289
EMSPR0856.1,2024,8,2,140,140,QFN,179077,2/19/2024 19:00,G-A-T-P,P,EMS,NQC600E600C032U,523.30C,12600,EMS0768P,A,2024-EMS-03-G259,TUBE,Y,8,1,164.2 X 167.3,,CZ0289
EMSPR0856.2,2024,8,2,140,140,QFN,179077,2/19/2024 19:00,G-A-T-P,P,EMS,NQC600E600C032U,523.30C,12600,EMS0768P,A,EMSPR0856.1,TUBE,Y,8,1,164.2 X 167.3,,CZ0289
EMSPR0973.3,2024,9,3,140,140,QFN,174233,2/27/2024 19:00,G-A-T-P,P,EMS,NQC600E600C032U,523.30C,12606,EMS0768P,A,EMSPR0973.1,TUBE,Y,8,1,164.2 X 167.3,,CZ0289
EMSPR0973.1,2024,9,3,140,140,QFN,174233,2/27/2024 19:00,G-A-T-P,P,EMS,NQC600E600C032U,523.30C,12600,EMS0768P,A,2024-EMS-03-G216,TUBE,Y,8,1,164.2 X 167.3,,CZ0289
EMSPR0973.2,2024,9,3,140,140,QFN,174233,2/27/2024 19:00,G-A-T-P,P,EMS,NQC600E600C032U,523.30C,12600,EMS0768P,A,EMSPR0973.1,TUBE,Y,8,1,164.2 X 167.3,,CZ0289
EMSPR0993.1,2024,9,4,140,140,QFN,176434,2/28/2024 19:00,G-A-T-P,P,EMS,NQC600E600C032U,523.30C,12600,EMS0768P,A,2024-EMS-03-G225,TUBE,Y,8,1,164.2 X 167.3,,CZ0289
EMSPR0993.2,2024,9,4,140,140,QFN,176434,2/28/2024 19:00,G-A-T-P,P,EMS,NQC600E600C032U,523.30C,12600,EMS0768P,A,EMSPR0993.1,TUBE,Y,8,1,164.2 X 167.3,,CZ0289
EMSPR0993.3,2024,9,4,140,140,QFN,176434,2/28/2024 19:00,G-A-T-P,P,EMS,NQC600E600C032U,523.30C,11441,EMS0768P,A,EMSPR0993.1,TUBE,Y,8,1,164.2 X 167.3,,CZ0289
EMSPR0994.3,2024,9,4,140,140,QFN,183608,2/28/2024 19:00,G-A-T-P,P,EMS,NQC600E600C032U,523.30C,12645,EMS0768P,A,EMSPR0994.1,TUBE,Y,8,1,164.2 X 167.3,,CZ0289
EMSPR0994.2,2024,9,4,140,140,QFN,183608,2/28/2024 19:00,G-A-T-P,P,EMS,NQC600E600C032U,523.30C,12600,EMS0768P,A,EMSPR0994.1,TUBE,Y,8,1,164.2 X 167.3,,CZ0289
EMSPR0994.1,2024,9,4,140,140,QFN,183608,2/28/2024 19:00,G-A-T-P,P,EMS,NQC600E600C032U,523.30C,12600,EMS0768P,A,2024-EMS-03-G313,TUBE,Y,8,1,164.2 X 167.3,,CZ0289
EMSMR0639.6,2024,6,4,140,140,QFN,181463,2/7/2024 19:00,G-A,M,EMS,NQC700E700B044U,523.10A,8108,EMS0947P,A,2024-EMS-02-G129,TUBE,Y,8,1,122.0 X 141.7,,CZ0289
EMSMR0639.1,2024,6,4,140,140,QFN,181463,2/7/2024 19:00,G-A,M,EMS,NQC700E700B044U,523.10A,9600,EMS0947P,A,2024-EMS-02-G146,TUBE,Y,8,1,122.0 X 141.7,,CZ0289
EMSMR0639.2,2024,6,4,140,140,QFN,181463,2/7/2024 19:00,G-A,M,EMS,NQC700E700B044U,523.10A,9600,EMS0947P,A,2024-EMS-02-G129,TUBE,Y,8,1,122.0 X 141.7,,CZ0289
EMSMR0639.4,2024,6,4,140,140,QFN,181463,2/7/2024 19:00,G-A,M,EMS,NQC700E700B044U,523.10A,9600,EMS0947P,A,2024-EMS-02-G161,TUBE,Y,8,1,122.0 X 141.7,,CZ0289
EMSMR0639.5,2024,6,4,140,140,QFN,181463,2/7/2024 19:00,G-A,M,EMS,NQC700E700B044U,523.10A,9600,EMS0947P,A,2024-EMS-02-G146,TUBE,Y,8,1,122.0 X 141.7,,CZ0289
EMSMR0639.3,2024,6,4,140,140,QFN,181463,2/7/2024 19:00,G-A,M,EMS,NQC700E700B044U,523.10A,9600,EMS0947P,A,2024-EMS-02-G129,TUBE,Y,8,1,122.0 X 141.7,,CZ0289
EMSMR0640.1,2024,6,4,140,140,QFN,181464,2/7/2024 19:00,G-A,M,EMS,NQC700E700B044U,523.10A,9600,EMS0947P,A,2024-EMS-02-G132,TUBE,Y,8,1,122.0 X 141.7,,CZ0289
EMSMR0640.2,2024,6,4,140,140,QFN,181464,2/7/2024 19:00,G-A,M,EMS,NQC700E700B044U,523.10A,11669,EMS0947P,A,2024-EMS-02-G146,TUBE,Y,8,1,122.0 X 141.7,,CZ0289
EMSMR0641.3,2024,6,5,140,140,QFN,181464,2/8/2024 19:00,G-A,M,EMS,NQC700E700B044U,523.10A,9600,EMS0947P,A,2024-EMS-02-G146,TUBE,Y,8,1,122.0 X 141.7,,CZ0289
EMSMR0641.4,2024,6,5,140,140,QFN,181464,2/8/2024 19:00,G-A,M,EMS,NQC700E700B044U,523.10A,6665,EMS0947P,A,2024-EMS-02-G146,TUBE,Y,8,1,122.0 X 141.7,,CZ0289
EMSMR0641.1,2024,6,5,140,140,QFN,181464,2/8/2024 19:00,G-A,M,EMS,NQC700E700B044U,523.10A,9600,EMS0947P,A,2024-EMS-02-G173,TUBE,Y,8,1,122.0 X 141.7,,CZ0289
EMSMR0641.2,2024,6,5,140,140,QFN,181464,2/8/2024 19:00,G-A,M,EMS,NQC700E700B044U,523.10A,9600,EMS0947P,A,2024-EMS-02-G146,TUBE,Y,8,1,122.0 X 141.7,,CZ0289
EMSPR0543.2,2024,5,6,140,140,QFN,182527,2/2/2024 19:00,G-A,P,EMS,NQC700E700B044U,523.10A,9470,EMS0947P,A,2024-EMS-02-G096,TUBE,Y,8,1,122.0 X 141.7,,CZ0289
EMSPR0543.1,2024,5,6,140,140,QFN,182527,2/2/2024 19:00,G-A,P,EMS,NQC700E700B044U,523.10A,9600,EMS0947P,A,2024-EMS-02-G093,TUBE,Y,8,1,122.0 X 141.7,,CZ0289
EMSPR0780.1,2024,7,6,140,140,QFN,183344,2/16/2024 19:00,G-A,P,EMS,NQC700E700B044U,523.10A,9600,EMS0947P,A,2024-EMS-02-G282,TUBE,Y,8,1,122.0 X 141.7,,CZ0289
EMSPR0780.2,2024,7,6,140,140,QFN,183344,2/16/2024 19:00,G-A,P,EMS,NQC700E700B044U,523.10A,9600,EMS0947P,A,2024-EMS-02-G287,TUBE,Y,8,1,122.0 X 141.7,,CZ0289
EMSPR0780.3,2024,7,6,140,140,QFN,183344,2/16/2024 19:00,G-A,P,EMS,NQC700E700B044U,523.10A,9600,EMS0947P,A,2024-EMS-02-G287,TUBE,Y,8,1,122.0 X 141.7,,CZ0289
EMSPR0780.4,2024,7,6,140,140,QFN,183344,2/16/2024 19:00,G-A,P,EMS,NQC700E700B044U,523.10A,9600,EMS0947P,A,2024-EMS-02-G282,TUBE,Y,8,1,122.0 X 141.7,,CZ0289
EMSPR0780.5,2024,7,6,140,140,QFN,183344,2/16/2024 19:00,G-A,P,EMS,NQC700E700B044U,523.10A,9600,EMS0947P,A,2024-EMS-02-G279,TUBE,Y,8,1,122.0 X 141.7,,CZ0289
EMSPR0780.6,2024,7,6,140,140,QFN,183344,2/16/2024 19:00,G-A,P,EMS,NQC700E700B044U,523.10A,10917,EMS0947P,A,2024-EMS-02-G282,TUBE,Y,8,1,122.0 X 141.7,,CZ0289
EMSPR0974.6,2024,9,4,140,140,QFN,184125,2/28/2024 19:00,G-A,P,EMS,NQC700E700B044U,523.10A,10978,EMS0947P,A,2024-EMS-03-G076,TUBE,Y,8,1,122.0 X 141.7,,CZ0289
EMSPR0974.5,2024,9,4,140,140,QFN,184125,2/28/2024 19:00,G-A,P,EMS,NQC700E700B044U,523.10A,9600,EMS0947P,A,2024-EMS-03-G070,TUBE,Y,8,1,122.0 X 141.7,,CZ0289
EMSPR0974.4,2024,9,4,140,140,QFN,184125,2/28/2024 19:00,G-A,P,EMS,NQC700E700B044U,523.10A,9600,EMS0947P,A,2024-EMS-03-G084,TUBE,Y,8,1,122.0 X 141.7,,CZ0289
EMSPR0974.3,2024,9,4,140,140,QFN,184125,2/28/2024 19:00,G-A,P,EMS,NQC700E700B044U,523.10A,9600,EMS0947P,A,2024-EMS-03-G076,TUBE,Y,8,1,122.0 X 141.7,,CZ0289
EMSPR0974.2,2024,9,4,140,140,QFN,184125,2/28/2024 19:00,G-A,P,EMS,NQC700E700B044U,523.10A,9600,EMS0947P,A,2024-EMS-03-G076,TUBE,Y,8,1,122.0 X 141.7,,CZ0289
EMSPR0974.1,2024,9,4,140,140,QFN,184125,2/28/2024 19:00,G-A,P,EMS,NQC700E700B044U,523.10A,9600,EMS0947P,A,2024-EMS-03-G076,TUBE,Y,8,1,122.0 X 141.7,,CZ0289
EMSFR0976.1,2024,9,3,140,140,QFN,176916,2/27/2024 19:00,G-A,F,EMS,NQC700E700B048U,533.06A,6039,EMS1189P,A,2024-EMS-03-G070,TUBE,Y,8,1,129.9 X 154.3,,CZ0289
G6WQR0010.1,2024,6,5,140,140,QFN,C033691,2/8/2024 19:00,A,Q,GS6,XD-120E120A006K,A10306A-J2AAITE001,1200,GS60080E,A,2024-G6W-04-G001,CANISTER,N,12,1,30.1 X 31.1,,CZ0290
G6WQR0011.1,2024,6,5,140,140,QFN,C033691,2/8/2024 19:00,A,Q,GS6,XD-120E120A006K,A10306A-J2AAITE001,1200,GS60080E,A,2024-G6W-04-G001,CANISTER,N,12,1,30.1 X 31.1,,CZ0290
G6WQR0012.1,2024,6,5,140,140,QFN,C033691,2/8/2024 19:00,A,Q,GS6,XD-120E120A006K,A10306A-J2AAITE001,1200,GS60080E,A,2024-G6W-04-G001,CANISTER,N,12,1,30.1 X 31.1,,CZ0290
G6WQR0007.1,2024,6,5,140,140,QFN,C067178,2/8/2024 19:00,A,Q,GS6,YD-400E400D008D,A10511B-J0FAITE002,2200,GS60075E,A,2024-G6W-02-G001,TRAY,N,12,1,55.3 X 120.6,,CZ0290
G6WQR0008.1,2024,6,5,140,140,QFN,C067178,2/8/2024 19:00,A,Q,GS6,YD-400E400D008D,A10511B-J0FAITE002,2200,GS60075E,A,2024-G6W-02-G001,TRAY,N,12,1,55.3 X 120.6,,CZ0290
G6WQR0009.1,2024,6,5,140,140,QFN,C067178,2/8/2024 19:00,A,Q,GS6,YD-400E400D008D,A10511B-J0FAITE002,2200,GS60075E,A,2024-G6W-02-G001,TRAY,N,12,1,55.3 X 120.6,,CZ0290
ICJER0016.1,2024,8,5,140,140,QFN,QWA30.A,2/22/2024 19:00,B-A-T-P,E,ICL,UD-200E300B008P,59Z17F/01,3000,ICL0290E,B,2024-ICJ-03-G008,FILM FRAME,N,8,1,53.5 X 56.6,,CZ0297
I28QR0002.1,2024,8,5,140,140,QFN,Q32Y901K,2/22/2024 19:00,G-A,Q,IDT,NQ-400E4001024K,ZSSC4151CE4Z NLG24 T0,600,IDT4577P,A,2024-I28-03-G001,TRAY,Y,8,1,97.20 X 93.30,,CZ0289
IFSPR0396.1,2024,8,1,140,140,QFN,193360055P3,2/18/2024 7:00,B-A-T-P,P,IFX,ED-200E200B008P,MA006022553,27259,IFX0025P,G,2024-IFS-03-G027,TUBE,N,12,1,57.10X62.30,,CZ0297
IFSPR0397.1,2024,8,1,140,140,QFN,193360055P4,2/18/2024 7:00,B-A-T-P,P,IFX,ED-200E200B008P,MA006022553,27438,IFX0025P,G,2024-IFS-03-G029,TUBE,N,12,1,57.10X62.30,,CZ0297
IFSPR0268.1,2024,5,7,140,140,QFN,ZA2512085P1,2/3/2024 7:00,B-A-T-P,P,IFX,ED-300E300B010P,MA005559189,21454,IFX0019P,B,2024-IFS-02-G019,TRAY,N,8,1,60.00 X 98.00,,CZ0297
IFSPR0269.1,2024,5,7,140,140,QFN,ZA2512085P2,2/3/2024 7:00,B-A-T-P,P,IFX,ED-300E300B010P,MA005559189,20900,IFX0019P,B,2024-IFS-02-G019,TRAY,N,8,1,60.00 X 98.00,,CZ0297
IFSPR0270.1,2024,5,7,140,140,QFN,ZA2512085P3,2/3/2024 7:00,B-A-T-P,P,IFX,ED-300E300B010P,MA005559189,21235,IFX0019P,B,2024-IFS-02-G020,TRAY,N,8,1,60.00 X 98.00,,CZ0297
IFSPR0271.1,2024,5,7,140,140,QFN,ZA2512085P4,2/3/2024 7:00,B-A-T-P,P,IFX,ED-300E300B010P,MA005559189,21186,IFX0019P,B,2024-IFS-02-G020,TRAY,N,8,1,60.00 X 98.00,,CZ0297
IFSPR0323.1,2024,6,5,140,140,QFN,ZA2512095PB,2/8/2024 19:00,B-A-T-P,P,IFX,ED-300E300B010P,MA005559189,21550,IFX0019P,B,2024-IFS-03-G007,TRAY,N,8,1,60.00 X 98.00,,CZ0297
IFSPR0324.1,2024,6,5,140,140,QFN,ZA2512095PC,2/8/2024 19:00,B-A-T-P,P,IFX,ED-300E300B010P,MA005559189,21354,IFX0019P,B,2024-IFS-03-G010,TRAY,N,8,1,60.00 X 98.00,,CZ0297
IFSPR0325.1,2024,6,6,140,140,QFN,ZA2512095PD,2/9/2024 7:00,B-A-T-P,P,IFX,ED-300E300B010P,MA005559189,21153,IFX0019P,B,2024-IFS-03-G007,TRAY,N,8,1,60.00 X 98.00,,CZ0297
IFSPR0326.1,2024,6,6,140,140,QFN,ZA2512095PE,2/9/2024 7:00,B-A-T-P,P,IFX,ED-300E300B010P,MA005559189,21240,IFX0019P,B,2024-IFS-03-G010,TRAY,N,8,1,60.00 X 98.00,,CZ0297
IFSPR0353.1,2024,7,4,140,140,QFN,ZA2512085P7,2/14/2024 7:00,B-A-T-P,P,IFX,ED-300E300B010P,MA005559189,21511,IFX0019P,B,2024-IFS-03-G011,TRAY,N,8,1,60.00 X 98.00,,CZ0297
IFSPR0354.1,2024,7,4,140,140,QFN,ZA2512085P8,2/14/2024 7:00,B-A-T-P,P,IFX,ED-300E300B010P,MA005559189,7027,IFX0019P,B,2024-IFS-03-G011,TRAY,N,8,1,60.00 X 98.00,,CZ0297
IFSPR0355.1,2024,7,4,140,140,QFN,ZA2493235P1,2/14/2024 7:00,B-A-T-P,P,IFX,ED-300E300B010P,MA005559189,21092,IFX0019P,B,2024-IFS-03-G011,TRAY,N,8,1,60.00 X 98.00,,CZ0297
IFSPR0356.1,2024,7,4,140,140,QFN,ZA2493235P2,2/14/2024 7:00,B-A-T-P,P,IFX,ED-300E300B010P,MA005559189,21075,IFX0019P,B,2024-IFS-03-G011,TRAY,N,8,1,60.00 X 98.00,,CZ0297
IFSPR0357.1,2024,7,5,140,140,QFN,ZA2493235P3,2/15/2024 7:00,B-A-T-P,P,IFX,ED-300E300B010P,MA005559189,21169,IFX0019P,B,2024-IFS-03-G012,TRAY,N,8,1,60.00 X 98.00,,CZ0297
IFSPR0358.1,2024,7,5,140,140,QFN,ZA2493235P4,2/15/2024 7:00,B-A-T-P,P,IFX,ED-300E300B010P,MA005559189,21236,IFX0019P,B,2024-IFS-03-G009,TRAY,N,8,1,60.00 X 98.00,,CZ0297
IFSPR0359.1,2024,7,5,140,140,QFN,ZA2493235P5,2/15/2024 7:00,B-A-T-P,P,IFX,ED-300E300B010P,MA005559189,21231,IFX0019P,B,2024-IFS-03-G013,TRAY,N,8,1,60.00 X 98.00,,CZ0297
IFSPR0399.1,2024,8,3,140,140,QFN,ZA2493235P7,2/20/2024 7:00,B-A-T-P,P,IFX,ED-300E300B010P,MA005559189,21033,IFX0019P,B,2024-IFS-03-G015,TRAY,N,8,1,60.00 X 98.00,,CZ0297
IFSPR0400.1,2024,8,3,140,140,QFN,ZA2493235P8,2/20/2024 7:00,B-A-T-P,P,IFX,ED-300E300B010P,MA005559189,7026,IFX0019P,B,2024-IFS-03-G013,TRAY,N,8,1,60.00 X 98.00,,CZ0297
IFSPR0448.1,2024,8,4,140,140,QFN,ZA2493235P9,2/21/2024 19:00,B-A-T-P,P,IFX,ED-300E300B010P,MA005559189,21230,IFX0019P,B,2024-IFS-03-G015,TRAY,N,8,1,60.00 X 98.00,,CZ0297
IFSPR0449.1,2024,8,4,140,140,QFN,ZA2493235PA,2/21/2024 19:00,B-A-T-P,P,IFX,ED-300E300B010P,MA005559189,21058,IFX0019P,B,2024-IFS-03-G022,TRAY,N,8,1,60.00 X 98.00,,CZ0297
IFSPR0450.1,2024,8,4,140,140,QFN,ZA2501245P1,2/21/2024 19:00,B-A-T-P,P,IFX,ED-300E300B010P,MA005559189,20768,IFX0019P,B,2024-IFS-03-G022,TRAY,N,8,1,60.00 X 98.00,,CZ0297
IFSPR0451.1,2024,8,4,140,140,QFN,ZA2501245P2,2/21/2024 19:00,B-A-T-P,P,IFX,ED-300E300B010P,MA005559189,20844,IFX0019P,B,2024-IFS-03-G015,TRAY,N,8,1,60.00 X 98.00,,CZ0297
IFSPR0452.1,2024,8,4,140,140,QFN,ZA2501245P3,2/21/2024 19:00,B-A-T-P,P,IFX,ED-300E300B010P,MA005559189,6983,IFX0019P,B,2024-IFS-03-G010,TRAY,N,8,1,60.00 X 98.00,,CZ0297
IFSPR0453.1,2024,8,4,140,140,QFN,ZA2512085PB,2/21/2024 19:00,B-A-T-P,P,IFX,ED-300E300B010P,MA005559189,21268,IFX0019P,B,2024-IFS-03-G018,TRAY,N,8,1,60.00 X 98.00,,CZ0297
IFSPR0454.1,2024,8,4,140,140,QFN,ZA2512085PC,2/21/2024 19:00,B-A-T-P,P,IFX,ED-300E300B010P,MA005559189,21786,IFX0019P,B,2024-IFS-03-G018,TRAY,N,8,1,60.00 X 98.00,,CZ0297
IFSPR0455.1,2024,8,4,140,140,QFN,ZA2512085PD,2/21/2024 19:00,B-A-T-P,P,IFX,ED-300E300B010P,MA005559189,21321,IFX0019P,B,2024-IFS-03-G019,TRAY,N,8,1,60.00 X 98.00,,CZ0297
IFSPR0395.1,2024,7,6,140,140,QFN,84P68X945P8,2/16/2024 7:00,B-A-T-P,P,IFX,ED-300E300B010P,MA005919908,15810,IFX0037P,B,2024-IFS-03-G016,TUBE,N,12,1,66.30 X 91.10,,CZ0297
IFSPR0317.1,2024,6,4,140,140,QFN,84P0UG905P1,2/7/2024 7:00,B-A-T-P,P,IFX,EQ-500E500B032P,MA005897542,8133,IFX0026P,O,2024-IFS-03-G005,TRAY,N,12,1,100.00X115.90,,CZ0297
IFSPR0318.1,2024,6,4,140,140,QFN,84P0UG905P2,2/7/2024 7:00,B-A-T-P,P,IFX,EQ-500E500B032P,MA005897542,8047,IFX0026P,O,2024-IFS-03-G005,TRAY,N,12,1,100.00X115.90,,CZ0297
IFSPR0319.1,2024,6,4,140,140,QFN,84P0UG905P3,2/7/2024 7:00,B-A-T-P,P,IFX,EQ-500E500B032P,MA005897542,8128,IFX0026P,O,2024-IFS-03-G005,TRAY,N,12,1,100.00X115.90,,CZ0297
IFSPR0289.1,2024,6,2,140,140,QFN,84P0UG895PB,2/5/2024 7:00,B-A-T-P,P,IFX,EQ-500E500B032P,MA005953322,16235,IFX0026P,O,2024-IFS-02-G025,TRAY,N,12,1,100.00X115.90,,CZ0297
IFSPR0290.1,2024,6,2,140,140,QFN,84P0UG895PC,2/5/2024 7:00,B-A-T-P,P,IFX,EQ-500E500B032P,MA005953322,16210,IFX0026P,O,2024-IFS-02-G025,TRAY,N,12,1,100.00X115.90,,CZ0297
IFSPR0291.1,2024,6,2,140,140,QFN,84P0UG895PD,2/5/2024 7:00,B-A-T-P,P,IFX,EQ-500E500B032P,MA005953322,16208,IFX0026P,O,2024-IFS-02-G025,TRAY,N,12,1,100.00X115.90,,CZ0297
IFSPR0293.1,2024,6,2,140,140,QFN,84P0UG895PF,2/5/2024 7:00,B-A-T-P,P,IFX,EQ-500E500B032P,MA005953322,16287,IFX0026P,O,2024-IFS-02-G025,TRAY,N,12,1,100.00X115.90,,CZ0297
IFSPR0294.1,2024,6,2,140,140,QFN,84P0UG895PG,2/5/2024 7:00,B-A-T-P,P,IFX,EQ-500E500B032P,MA005953322,16214,IFX0026P,O,2024-IFS-02-G025,TRAY,N,12,1,100.00X115.90,,CZ0297
IFSPR0295.1,2024,6,2,140,140,QFN,84P0UG895PH,2/5/2024 7:00,B-A-T-P,P,IFX,EQ-500E500B032P,MA005953322,16232,IFX0026P,O,2024-IFS-02-G025,TRAY,N,12,1,100.00X115.90,,CZ0297
IFSPR0296.1,2024,6,2,140,140,QFN,84P0UG895PI,2/5/2024 7:00,B-A-T-P,P,IFX,EQ-500E500B032P,MA005953322,16242,IFX0026P,O,2024-IFS-02-G025,TRAY,N,12,1,100.00X115.90,,CZ0297
IFSPR0297.1,2024,6,3,140,140,QFN,84P0UG895PJ,2/6/2024 7:00,B-A-T-P,P,IFX,EQ-500E500B032P,MA005953322,8148,IFX0026P,O,2024-IFS-02-G026,TRAY,N,12,1,100.00X115.90,,CZ0297
IFSPR0298.1,2024,6,3,140,140,QFN,84P10V045P1,2/6/2024 7:00,B-A-T-P,P,IFX,EQ-500E500B032P,MA005953322,16207,IFX0026P,O,2024-IFS-02-G025,TRAY,N,12,1,100.00X115.90,,CZ0297
IFSPR0299.1,2024,6,3,140,140,QFN,84P10V045P2,2/6/2024 7:00,B-A-T-P,P,IFX,EQ-500E500B032P,MA005953322,16206,IFX0026P,O,2024-IFS-02-G025,TRAY,N,12,1,100.00X115.90,,CZ0297
IFSPR0300.1,2024,6,3,140,140,QFN,84P10V045P3,2/6/2024 7:00,B-A-T-P,P,IFX,EQ-500E500B032P,MA005953322,16224,IFX0026P,O,2024-IFS-02-G026,TRAY,N,12,1,100.00X115.90,,CZ0297
IFSPR0301.1,2024,6,3,140,140,QFN,84P10V045P4,2/6/2024 7:00,B-A-T-P,P,IFX,EQ-500E500B032P,MA005953322,16274,IFX0026P,O,2024-IFS-02-G026,TRAY,N,12,1,100.00X115.90,,CZ0297
IFSPR0302.1,2024,6,3,140,140,QFN,84P10V045P5,2/6/2024 7:00,B-A-T-P,P,IFX,EQ-500E500B032P,MA005953322,16128,IFX0026P,O,2024-IFS-02-G026,TRAY,N,12,1,100.00X115.90,,CZ0297
IFSPR0303.1,2024,6,3,140,140,QFN,84P10V045P6,2/6/2024 7:00,B-A-T-P,P,IFX,EQ-500E500B032P,MA005953322,16263,IFX0026P,O,2024-IFS-02-G029,TRAY,N,12,1,100.00X115.90,,CZ0297
IFSPR0304.1,2024,6,3,140,140,QFN,84P10V045P7,2/6/2024 7:00,B-A-T-P,P,IFX,EQ-500E500B032P,MA005953322,16258,IFX0026P,O,2024-IFS-02-G026,TRAY,N,12,1,100.00X115.90,,CZ0297
IFSPR0305.1,2024,6,3,140,140,QFN,84P10V045P8,2/6/2024 7:00,B-A-T-P,P,IFX,EQ-500E500B032P,MA005953322,16154,IFX0026P,O,2024-IFS-02-G028,TRAY,N,12,1,100.00X115.90,,CZ0297
IFSPR0306.1,2024,6,3,140,140,QFN,84P10V045P9,2/6/2024 7:00,B-A-T-P,P,IFX,EQ-500E500B032P,MA005953322,16207,IFX0026P,O,2024-IFS-02-G029,TRAY,N,12,1,100.00X115.90,,CZ0297
IFSPR0307.1,2024,6,3,140,140,QFN,84P10V045PA,2/6/2024 7:00,B-A-T-P,P,IFX,EQ-500E500B032P,MA005953322,16276,IFX0026P,O,2024-IFS-02-G029,TRAY,N,12,1,100.00X115.90,,CZ0297
IFSPR0308.1,2024,6,3,140,140,QFN,84P10V045PB,2/6/2024 7:00,B-A-T-P,P,IFX,EQ-500E500B032P,MA005953322,16090,IFX0026P,O,2024-IFS-02-G029,TRAY,N,12,1,100.00X115.90,,CZ0297
IFSPR0309.1,2024,6,3,140,140,QFN,84P10V045PC,2/6/2024 7:00,B-A-T-P,P,IFX,EQ-500E500B032P,MA005953322,16261,IFX0026P,O,2024-IFS-02-G032,TRAY,N,12,1,100.00X115.90,,CZ0297
IFSPR0310.1,2024,6,3,140,140,QFN,84P10V045PD,2/6/2024 7:00,B-A-T-P,P,IFX,EQ-500E500B032P,MA005953322,8079,IFX0026P,O,2024-IFS-02-G032,TRAY,N,12,1,100.00X115.90,,CZ0297
IFSPR0311.1,2024,6,3,140,140,QFN,84P19T475P3,2/6/2024 7:00,B-A-T-P,P,IFX,EQ-500E500B032P,MA005953322,16090,IFX0026P,O,2024-IFS-02-G031,TRAY,N,12,1,100.00X115.90,,CZ0297
IFSPR0312.1,2024,6,4,140,140,QFN,84P19T475P4,2/7/2024 7:00,B-A-T-P,P,IFX,EQ-500E500B032P,MA005953322,16129,IFX0026P,O,2024-IFS-02-G031,TRAY,N,12,1,100.00X115.90,,CZ0297
IFSPR0313.1,2024,6,4,140,140,QFN,84P19T475P5,2/7/2024 7:00,B-A-T-P,P,IFX,EQ-500E500B032P,MA005953322,16136,IFX0026P,O,2024-IFS-02-G031,TRAY,N,12,1,100.00X115.90,,CZ0297
IFSPR0314.1,2024,6,4,140,140,QFN,84P19T475P6,2/7/2024 7:00,B-A-T-P,P,IFX,EQ-500E500B032P,MA005953322,16120,IFX0026P,O,2024-IFS-02-G032,TRAY,N,12,1,100.00X115.90,,CZ0297
IFSPR0315.1,2024,6,4,140,140,QFN,84P19T475P7,2/7/2024 7:00,B-A-T-P,P,IFX,EQ-500E500B032P,MA005953322,16123,IFX0026P,O,2024-IFS-02-G032,TRAY,N,12,1,100.00X115.90,,CZ0297
IFSPR0316.1,2024,6,4,140,140,QFN,84P19T475P8,2/7/2024 7:00,B-A-T-P,P,IFX,EQ-500E500B032P,MA005953322,16265,IFX0026P,O,2024-IFS-02-G032,TRAY,N,12,1,100.00X115.90,,CZ0297
IFLER0023.1,2024,7,2,140,140,QFN,3FT6N4955PQ,2/12/2024 19:00,B-A-T-P,E,IFX,ND-500E6001008K,M5362G,1232,IFX0096E,A,XFER-TEST,TRAY,N,12,1,65.50 X 71.80,,CZ0289
IFESR0001.1,2024,8,6,140,140,QFN,190070375P8,2/23/2024 19:00,B-A-T-P,S,IFX,ND-500E600G008P,M5276T,3000,IFX0086E,B,2024-IFE-04-G001,TRAY,N,12,1,57.1 X 62.3,,CZ0289
IFSPR0272.1,2024,5,7,140,140,QFN,ZA4012795P1,2/3/2024 7:00,B-A-T-P,P,IFX,ND-500E600G008P,MA004890182,10974,IFX0002P,E,2024-IFS-02-G032,TRAY,N,8,1,108.60X101.90,,CZ0289
IFSPR0273.1,2024,5,7,140,140,QFN,ZA4012795P2,2/3/2024 7:00,B-A-T-P,P,IFX,ND-500E600G008P,MA004890182,10837,IFX0002P,E,2024-IFS-02-G030,TRAY,N,8,1,108.60X101.90,,CZ0289
IFSPR0274.1,2024,6,2,140,140,QFN,ZA4012795P3,2/5/2024 7:00,B-A-T-P,P,IFX,ND-500E600G008P,MA004890182,10924,IFX0002P,E,2024-IFS-02-G030,TRAY,N,8,1,108.60X101.90,,CZ0289
IFSPR0275.1,2024,5,7,140,140,QFN,ZA4012795P4,2/3/2024 7:00,B-A-T-P,P,IFX,ND-500E600G008P,MA004890182,11096,IFX0002P,E,2024-IFS-02-G031,TRAY,N,8,1,108.60X101.90,,CZ0289
IFSPR0276.1,2024,5,7,140,140,QFN,ZA4012795P5,2/3/2024 7:00,B-A-T-P,P,IFX,ND-500E600G008P,MA004890182,11055,IFX0002P,E,2024-IFS-02-G032,TRAY,N,8,1,108.60X101.90,,CZ0289
IFSPR0277.1,2024,5,7,140,140,QFN,ZA4012795P6,2/3/2024 7:00,B-A-T-P,P,IFX,ND-500E600G008P,MA004890182,10989,IFX0002P,E,2024-IFS-02-G032,TRAY,N,8,1,108.60X101.90,,CZ0289
IFSPR0278.1,2024,5,7,140,140,QFN,ZA4012795P7,2/3/2024 7:00,B-A-T-P,P,IFX,ND-500E600G008P,MA004890182,10910,IFX0002P,E,2024-IFS-02-G032,TRAY,N,8,1,108.60X101.90,,CZ0289
IFSPR0279.1,2024,5,7,140,140,QFN,ZA4012795P8,2/3/2024 7:00,B-A-T-P,P,IFX,ND-500E600G008P,MA004890182,3654,IFX0002P,E,2024-IFS-02-G032,TRAY,N,8,1,108.60X101.90,,CZ0289
IFSPR0280.1,2024,6,2,140,140,QFN,ZA3511445P1,2/5/2024 7:00,B-A-T-P,P,IFX,ND-500E600G008P,MA004890182,11094,IFX0002P,E,2024-IFS-02-G032,TRAY,N,8,1,108.60X101.90,,CZ0289
IFSPR0281.1,2024,6,2,140,140,QFN,ZA3511445P2,2/5/2024 7:00,B-A-T-P,P,IFX,ND-500E600G008P,MA004890182,11217,IFX0002P,E,2024-IFS-02-G030,TRAY,N,8,1,108.60X101.90,,CZ0289
IFSPR0282.1,2024,6,2,140,140,QFN,ZA3511445P3,2/5/2024 7:00,B-A-T-P,P,IFX,ND-500E600G008P,MA004890182,11324,IFX0002P,E,2024-IFS-02-G032,TRAY,N,8,1,108.60X101.90,,CZ0289
IFSPR0283.1,2024,6,2,140,140,QFN,ZA3511445P4,2/5/2024 7:00,B-A-T-P,P,IFX,ND-500E600G008P,MA004890182,11248,IFX0002P,E,2024-IFS-02-G032,TRAY,N,8,1,108.60X101.90,,CZ0289
IFSPR0284.1,2024,6,2,140,140,QFN,ZA3511445P5,2/5/2024 7:00,B-A-T-P,P,IFX,ND-500E600G008P,MA004890182,11238,IFX0002P,E,2024-IFS-02-G030,TRAY,N,8,1,108.60X101.90,,CZ0289
IFSPR0285.1,2024,6,2,140,140,QFN,ZA3511445P6,2/5/2024 7:00,B-A-T-P,P,IFX,ND-500E600G008P,MA004890182,11173,IFX0002P,E,2024-IFS-02-G032,TRAY,N,8,1,108.60X101.90,,CZ0289
IFSPR0286.1,2024,6,2,140,140,QFN,ZA3511445P7,2/5/2024 7:00,B-A-T-P,P,IFX,ND-500E600G008P,MA004890182,11214,IFX0002P,E,2024-IFS-02-G032,TRAY,N,8,1,108.60X101.90,,CZ0289
IFSPR0287.1,2024,6,2,140,140,QFN,ZA3511445P8,2/5/2024 7:00,B-A-T-P,P,IFX,ND-500E600G008P,MA004890182,3799,IFX0002P,E,2024-IFS-02-G032,TRAY,N,8,1,108.60X101.90,,CZ0289
IFSPR0236.1,2024,5,6,140,140,QFN,ZA3481325P3,2/2/2024 7:00,B-A-T-P,P,IFX,ND-500E600G008P,MA005347015,11137,IFX0002P,E,2024-IFS-02-G025,TRAY,N,8,1,108.60X101.90,,CZ0289
IFSPR0237.1,2024,5,6,140,140,QFN,ZA3481325P4,2/2/2024 7:00,B-A-T-P,P,IFX,ND-500E600G008P,MA005347015,10982,IFX0002P,E,2024-IFS-02-G032,TRAY,N,8,1,108.60X101.90,,CZ0289
IFSPR0238.1,2024,5,6,140,140,QFN,ZA3481325P5,2/2/2024 7:00,B-A-T-P,P,IFX,ND-500E600G008P,MA005347015,10885,IFX0002P,E,2024-IFS-02-G024,TRAY,N,8,1,108.60X101.90,,CZ0289
IFSPR0239.1,2024,5,6,140,140,QFN,ZA3481325P6,2/2/2024 7:00,B-A-T-P,P,IFX,ND-500E600G008P,MA005347015,10665,IFX0002P,E,2024-IFS-02-G025,TRAY,N,8,1,108.60X101.90,,CZ0289
IFSPR0240.1,2024,5,6,140,140,QFN,ZA3481325P7,2/2/2024 7:00,B-A-T-P,P,IFX,ND-500E600G008P,MA005347015,11018,IFX0002P,E,2024-IFS-02-G027,TRAY,N,8,1,108.60X101.90,,CZ0289
IFSPR0241.1,2024,5,6,140,140,QFN,ZA3481325P8,2/2/2024 7:00,B-A-T-P,P,IFX,ND-500E600G008P,MA005347015,10680,IFX0002P,E,2024-IFS-02-G023,TRAY,N,8,1,108.60X101.90,,CZ0289
IFSPR0242.1,2024,5,6,140,140,QFN,ZA3481325P9,2/2/2024 7:00,B-A-T-P,P,IFX,ND-500E600G008P,MA005347015,3646,IFX0002P,E,2024-IFS-02-G029,TRAY,N,8,1,108.60X101.90,,CZ0289
IFSPR0243.1,2024,5,6,140,140,QFN,ZA3482955P1,2/2/2024 7:00,B-A-T-P,P,IFX,ND-500E600G008P,MA005347015,10439,IFX0002P,E,2024-IFS-02-G024,TRAY,N,8,1,108.60X101.90,,CZ0289
IFSPR0244.1,2024,5,6,140,140,QFN,ZA3482955P2,2/2/2024 7:00,B-A-T-P,P,IFX,ND-500E600G008P,MA005347015,10752,IFX0002P,E,2024-IFS-02-G025,TRAY,N,8,1,108.60X101.90,,CZ0289
IFSPR0245.1,2024,5,6,140,140,QFN,ZA3482955P3,2/2/2024 7:00,B-A-T-P,P,IFX,ND-500E600G008P,MA005347015,10839,IFX0002P,E,2024-IFS-02-G025,TRAY,N,8,1,108.60X101.90,,CZ0289
IFSPR0246.1,2024,5,6,140,140,QFN,ZA3482955P4,2/2/2024 7:00,B-A-T-P,P,IFX,ND-500E600G008P,MA005347015,10864,IFX0002P,E,2024-IFS-02-G025,TRAY,N,8,1,108.60X101.90,,CZ0289
IFSPR0247.1,2024,5,6,140,140,QFN,ZA3482955P5,2/2/2024 7:00,B-A-T-P,P,IFX,ND-500E600G008P,MA005347015,11071,IFX0002P,E,2024-IFS-02-G025,TRAY,N,8,1,108.60X101.90,,CZ0289
IFSPR0248.1,2024,5,6,140,140,QFN,ZA3482955P6,2/2/2024 7:00,B-A-T-P,P,IFX,ND-500E600G008P,MA005347015,10871,IFX0002P,E,2024-IFS-02-G025,TRAY,N,8,1,108.60X101.90,,CZ0289
IFSPR0461.1,2024,8,5,140,140,QFN,ZA4032735P1,2/22/2024 19:00,B-A-T-P,P,IFX,ND-500E600G008P,MA005347015,10335,IFX0002P,E,2024-IFS-03-G014,TRAY,N,8,1,108.60X101.90,,CZ0289
IFSPR0462.1,2024,8,5,140,140,QFN,ZA4032735P2,2/22/2024 19:00,B-A-T-P,P,IFX,ND-500E600G008P,MA005347015,11136,IFX0002P,E,2024-IFS-03-G019,TRAY,N,8,1,108.60X101.90,,CZ0289
IFSPR0463.1,2024,8,5,140,140,QFN,ZA4032735P3,2/22/2024 19:00,B-A-T-P,P,IFX,ND-500E600G008P,MA005347015,10850,IFX0002P,E,2024-IFS-03-G019,TRAY,N,8,1,108.60X101.90,,CZ0289
IFSPR0464.1,2024,8,5,140,140,QFN,ZA4032735P4,2/22/2024 19:00,B-A-T-P,P,IFX,ND-500E600G008P,MA005347015,10821,IFX0002P,E,2024-IFS-03-G010,TRAY,N,8,1,108.60X101.90,,CZ0289
IFSPR0465.1,2024,8,5,140,140,QFN,ZA4032735P5,2/22/2024 19:00,B-A-T-P,P,IFX,ND-500E600G008P,MA005347015,10686,IFX0002P,E,2024-IFS-03-G014,TRAY,N,8,1,108.60X101.90,,CZ0289
IFSPR0466.1,2024,8,5,140,140,QFN,ZA4032735P6,2/22/2024 19:00,B-A-T-P,P,IFX,ND-500E600G008P,MA005347015,10906,IFX0002P,E,2024-IFS-03-G020,TRAY,N,8,1,108.60X101.90,,CZ0289
IFSPR0469.1,2024,8,6,140,140,QFN,ZA4032735P9,2/23/2024 7:00,B-A-T-P,P,IFX,ND-500E600G008P,MA005347015,10444,IFX0002P,E,2024-IFS-03-G023,TRAY,N,8,1,108.60X101.90,,CZ0289
IFSPR0470.1,2024,8,6,140,140,QFN,ZA4032735PA,2/23/2024 7:00,B-A-T-P,P,IFX,ND-500E600G008P,MA005347015,7403,IFX0002P,E,2024-IFS-03-G023,TRAY,N,8,1,108.60X101.90,,CZ0289
IFSPR0471.1,2024,8,6,140,140,QFN,ZA4040265P1,2/23/2024 7:00,B-A-T-P,P,IFX,ND-500E600G008P,MA005347015,11123,IFX0002P,E,2024-IFS-03-G014,TRAY,N,8,1,108.60X101.90,,CZ0289
IFSPR0472.1,2024,8,6,140,140,QFN,ZA4040265P2,2/23/2024 7:00,B-A-T-P,P,IFX,ND-500E600G008P,MA005347015,11110,IFX0002P,E,2024-IFS-03-G014,TRAY,N,8,1,108.60X101.90,,CZ0289
IFSPR0473.1,2024,8,6,140,140,QFN,ZA4040265P3,2/23/2024 7:00,B-A-T-P,P,IFX,ND-500E600G008P,MA005347015,11118,IFX0002P,E,2024-IFS-03-G019,TRAY,N,8,1,108.60X101.90,,CZ0289
IFSPR0474.1,2024,8,6,140,140,QFN,ZA4040265P4,2/23/2024 7:00,B-A-T-P,P,IFX,ND-500E600G008P,MA005347015,11193,IFX0002P,E,2024-IFS-03-G014,TRAY,N,8,1,108.60X101.90,,CZ0289
IFSPR0475.1,2024,8,6,140,140,QFN,ZA3513175P1,2/23/2024 7:00,B-A-T-P,P,IFX,ND-500E600G008P,MA005347015,11054,IFX0002P,E,2024-IFS-03-G018,TRAY,N,8,1,108.60X101.90,,CZ0289
IFSPR0476.1,2024,8,6,140,140,QFN,ZA4040265P5,2/23/2024 7:00,B-A-T-P,P,IFX,ND-500E600G008P,MA005347015,11289,IFX0002P,E,2024-IFS-03-G018,TRAY,N,8,1,108.60X101.90,,CZ0289
IFSPR0477.1,2024,8,6,140,140,QFN,ZA3513175P2,2/23/2024 7:00,B-A-T-P,P,IFX,ND-500E600G008P,MA005347015,11204,IFX0002P,E,2024-IFS-03-G018,TRAY,N,8,1,108.60X101.90,,CZ0289
IFSPR0478.1,2024,8,6,140,140,QFN,ZA4040265P6,2/23/2024 7:00,B-A-T-P,P,IFX,ND-500E600G008P,MA005347015,11044,IFX0002P,E,2024-IFS-03-G018,TRAY,N,8,1,108.60X101.90,,CZ0289
IFSPR0479.1,2024,8,6,140,140,QFN,ZA4040265P7,2/23/2024 7:00,B-A-T-P,P,IFX,ND-500E600G008P,MA005347015,11091,IFX0002P,E,2024-IFS-03-G018,TRAY,N,8,1,108.60X101.90,,CZ0289
IFSPR0480.1,2024,8,6,140,140,QFN,ZA4040265P8,2/23/2024 7:00,B-A-T-P,P,IFX,ND-500E600G008P,MA005347015,11091,IFX0002P,E,2024-IFS-03-G018,TRAY,N,8,1,108.60X101.90,,CZ0289
IFSPR0481.1,2024,8,6,140,140,QFN,ZA3513175P3,2/23/2024 7:00,B-A-T-P,P,IFX,ND-500E600G008P,MA005347015,11138,IFX0002P,E,2024-IFS-03-G028,TRAY,N,8,1,108.60X101.90,,CZ0289
IFSPR0482.1,2024,8,6,140,140,QFN,ZA3513175P4,2/23/2024 7:00,B-A-T-P,P,IFX,ND-500E600G008P,MA005347015,11106,IFX0002P,E,2024-IFS-03-G029,TRAY,N,8,1,108.60X101.90,,CZ0289
IFSPR0483.1,2024,8,6,140,140,QFN,ZA3513175P5,2/23/2024 7:00,B-A-T-P,P,IFX,ND-500E600G008P,MA005347015,11040,IFX0002P,E,2024-IFS-03-G019,TRAY,N,8,1,108.60X101.90,,CZ0289
IFSPR0484.1,2024,9,1,140,140,QFN,ZA3513175P6,2/25/2024 7:00,B-A-T-P,P,IFX,ND-500E600G008P,MA005347015,11050,IFX0002P,E,2024-IFS-03-G018,TRAY,N,8,1,108.60X101.90,,CZ0289
IFSPR0485.1,2024,9,1,140,140,QFN,ZA3513175P7,2/25/2024 7:00,B-A-T-P,P,IFX,ND-500E600G008P,MA005347015,10863,IFX0002P,E,2024-IFS-03-G018,TRAY,N,8,1,108.60X101.90,,CZ0289
IFSPR0486.1,2024,9,1,140,140,QFN,ZA3513175P8,2/25/2024 7:00,B-A-T-P,P,IFX,ND-500E600G008P,MA005347015,7530,IFX0002P,E,2024-IFS-03-G018,TRAY,N,8,1,108.60X101.90,,CZ0289
IFSPR0384.1,2024,7,7,140,140,QFN,ZA3173675P8,2/17/2024 7:00,B-A-T-P,P,IFX,ND-500E600G008P,MA005560676,13156,IFX0018P,G,2024-IFS-03-G002,TRAY,N,8,1,81.8X113.3,,CZ0289
IFSPR0385.1,2024,7,7,140,140,QFN,ZA3063615P1,2/17/2024 7:00,B-A-T-P,P,IFX,ND-500E600G008P,MA005560676,13191,IFX0018P,G,2024-IFS-03-G009,TRAY,N,8,1,81.8X113.3,,CZ0289
IFSPR0386.1,2024,7,7,140,140,QFN,ZA3063615P2,2/17/2024 7:00,B-A-T-P,P,IFX,ND-500E600G008P,MA005560676,13236,IFX0018P,G,2024-IFS-03-G012,TRAY,N,8,1,81.8X113.3,,CZ0289
IFSPR0387.1,2024,7,7,140,140,QFN,ZA3063615P3,2/17/2024 7:00,B-A-T-P,P,IFX,ND-500E600G008P,MA005560676,13138,IFX0018P,G,2024-IFS-03-G002,TRAY,N,8,1,81.8X113.3,,CZ0289
IFSPR0388.1,2024,7,7,140,140,QFN,ZA3063615P4,2/17/2024 7:00,B-A-T-P,P,IFX,ND-500E600G008P,MA005560676,13200,IFX0018P,G,2024-IFS-03-G014,TRAY,N,8,1,81.8X113.3,,CZ0289
IFSPR0456.1,2024,8,5,140,140,QFN,ZA3132925P1,2/22/2024 19:00,B-A-T-P,P,IFX,ND-500E600G008P,MA005560676,13008,IFX0018P,G,2024-IFS-03-G014,TRAY,N,8,1,81.8X113.3,,CZ0289
IFSPR0457.1,2024,8,5,140,140,QFN,ZA3132925P2,2/22/2024 19:00,B-A-T-P,P,IFX,ND-500E600G008P,MA005560676,12998,IFX0018P,G,2024-IFS-03-G014,TRAY,N,8,1,81.8X113.3,,CZ0289
IFSPR0458.1,2024,8,5,140,140,QFN,ZA3132925P3,2/22/2024 19:00,B-A-T-P,P,IFX,ND-500E600G008P,MA005560676,13167,IFX0018P,G,2024-IFS-03-G017,TRAY,N,8,1,81.8X113.3,,CZ0289
IFSPR0459.1,2024,8,5,140,140,QFN,ZA3132925P4,2/22/2024 19:00,B-A-T-P,P,IFX,ND-500E600G008P,MA005560676,13169,IFX0018P,G,2024-IFS-05-G044,TRAY,N,8,1,81.8X113.3,,CZ0289
IFSPR0460.1,2024,8,5,140,140,QFN,ZA3132925P5,2/22/2024 19:00,B-A-T-P,P,IFX,ND-500E600G008P,MA005560676,13134,IFX0018P,G,2024-IFS-03-G017,TRAY,N,8,1,81.8X113.3,,CZ0289
IFSPR0433.1,2024,8,2,140,140,QFN,84P2CR965PI,2/19/2024 19:00,B-A-T-P,P,IFX,ND-500E600G008P,MA005877976,7394,IFX0029P,K,2024-IFS-03-G017,TRAY,N,12,1,101.2X115.9,,CZ0289
IFSPR0434.1,2024,8,2,140,140,QFN,84P2VC375PC,2/19/2024 19:00,B-A-T-P,P,IFX,ND-500E600G008P,MA005877976,7572,IFX0029P,K,2024-IFS-03-G017,TRAY,N,12,1,101.2X115.9,,CZ0289
IFSPR0435.1,2024,8,2,140,140,QFN,84P2PK365P2,2/19/2024 19:00,B-A-T-P,P,IFX,ND-500E600G008P,MA005877976,7460,IFX0029P,K,2024-IFS-03-G019,TRAY,N,12,1,101.2X115.9,,CZ0289
IFSPR0436.1,2024,8,2,140,140,QFN,84P2VC375PD,2/19/2024 19:00,B-A-T-P,P,IFX,ND-500E600G008P,MA005877976,7484,IFX0029P,K,2024-IFS-03-G014,TRAY,N,12,1,101.2X115.9,,CZ0289
IFSPR0437.1,2024,8,2,140,140,QFN,84P2AU495P2,2/19/2024 19:00,B-A-T-P,P,IFX,ND-500E600G008P,MA005877976,7469,IFX0029P,K,2024-IFS-03-G017,TRAY,N,12,1,101.2X115.9,,CZ0289
IFSPR0438.1,2024,8,2,140,140,QFN,84P2AW035P9,2/19/2024 19:00,B-A-T-P,P,IFX,ND-500E600G008P,MA005877976,7542,IFX0029P,K,2024-IFS-03-G014,TRAY,N,12,1,101.2X115.9,,CZ0289
IFSPR0439.1,2024,8,2,140,140,QFN,84P2PB915P9,2/19/2024 19:00,B-A-T-P,P,IFX,ND-500E600G008P,MA005877976,7721,IFX0029P,K,2024-IFS-03-G017,TRAY,N,12,1,101.2X115.9,,CZ0289
IFSPR0440.1,2024,8,2,140,140,QFN,84P2AU065P2,2/19/2024 19:00,B-A-T-P,P,IFX,ND-500E600G008P,MA005877976,7386,IFX0029P,K,2024-IFS-03-G017,TRAY,N,12,1,101.2X115.9,,CZ0289
IFSPR0441.1,2024,8,2,140,140,QFN,84P2VC375PE,2/19/2024 19:00,B-A-T-P,P,IFX,ND-500E600G008P,MA005877976,7512,IFX0029P,K,2024-IFS-03-G014,TRAY,N,12,1,101.2X115.9,,CZ0289
IFSPR0442.1,2024,8,2,140,140,QFN,84P2FV235PJ,2/19/2024 19:00,B-A-T-P,P,IFX,ND-500E600G008P,MA005877976,7382,IFX0029P,K,2024-IFS-03-G017,TRAY,N,12,1,101.2X115.9,,CZ0289
IFSPR0443.1,2024,8,2,140,140,QFN,84P2FV235PK,2/19/2024 19:00,B-A-T-P,P,IFX,ND-500E600G008P,MA005877976,7532,IFX0029P,K,2024-IFS-03-G014,TRAY,N,12,1,101.2X115.9,,CZ0289
IFSPR0444.1,2024,8,2,140,140,QFN,84P2FV235PL,2/19/2024 19:00,B-A-T-P,P,IFX,ND-500E600G008P,MA005877976,7533,IFX0029P,K,2024-IFS-03-G014,TRAY,N,12,1,101.2X115.9,,CZ0289
IFSPR0445.1,2024,8,2,140,140,QFN,84P2FV325PI,2/19/2024 19:00,B-A-T-P,P,IFX,ND-500E600G008P,MA005877976,7428,IFX0029P,K,2024-IFS-03-G014,TRAY,N,12,1,101.2X115.9,,CZ0289
IFSPR0446.1,2024,8,2,140,140,QFN,84P2FV235PM,2/19/2024 19:00,B-A-T-P,P,IFX,ND-500E600G008P,MA005877976,7340,IFX0029P,K,2024-IFS-03-G017,TRAY,N,12,1,101.2X115.9,,CZ0289
IFSPR0447.1,2024,8,2,140,140,QFN,84P2PK365P3,2/19/2024 19:00,B-A-T-P,P,IFX,ND-500E600G008P,MA005877976,7826,IFX0029P,K,2024-IFS-03-G014,TRAY,N,12,1,101.2X115.9,,CZ0289
IFSPR0512.1,2024,9,4,140,140,QFN,84P2PK365P4,2/28/2024 19:00,B-A-T-P,P,IFX,ND-500E600G008P,MA005877976,7834,IFX0029P,L,2024-IFS-03-G026,TRAY,N,12,1,101.2X115.9,,CZ0289
IFSPR0513.1,2024,9,4,140,140,QFN,84P2PK365P5,2/28/2024 19:00,B-A-T-P,P,IFX,ND-500E600G008P,MA005877976,7837,IFX0029P,L,2024-IFS-03-G017,TRAY,N,12,1,101.2X115.9,,CZ0289
IFSPR0288.1,2024,6,2,140,140,QFN,84P2KT585PE,2/5/2024 7:00,B-A-T-P,P,IFX,ND-500E600G008P,MA005981178,23221,IFX0029P,K,2024-IFS-02-G032,TRAY,N,12,1,101.2X115.9,,CZ0289
IFSPR0428.1,2024,8,2,140,140,QFN,84P25W955PH,2/19/2024 19:00,B-A-T-P,P,IFX,ND-500E600G008P,MA005981178,7566,IFX0029P,K,2024-IFS-03-G012,TRAY,N,12,1,101.2X115.9,,CZ0289
IFSPR0429.1,2024,8,2,140,140,QFN,84P25X385PD,2/19/2024 19:00,B-A-T-P,P,IFX,ND-500E600G008P,MA005981178,7752,IFX0029P,K,2024-IFS-03-G014,TRAY,N,12,1,101.2X115.9,,CZ0289
IFSPR0430.1,2024,8,2,140,140,QFN,84P25X915PG,2/19/2024 19:00,B-A-T-P,P,IFX,ND-500E600G008P,MA005981178,7627,IFX0029P,K,2024-IFS-03-G017,TRAY,N,12,1,101.2X115.9,,CZ0289
IFSPR0431.1,2024,8,2,140,140,QFN,84P25W955PI,2/19/2024 19:00,B-A-T-P,P,IFX,ND-500E600G008P,MA005981178,7628,IFX0029P,K,2024-IFS-03-G017,TRAY,N,12,1,101.2X115.9,,CZ0289
IFSPR0432.1,2024,8,2,140,140,QFN,84P25X915PH,2/19/2024 19:00,B-A-T-P,P,IFX,ND-500E600G008P,MA005981178,7663,IFX0029P,K,2024-IFS-03-G018,TRAY,N,12,1,101.2X115.9,,CZ0289
IFSPR0514.1,2024,9,4,140,140,QFN,84P25W955PJ,2/28/2024 19:00,B-A-T-P,P,IFX,ND-500E600G008P,MA005981178,7603,IFX0029P,L,2024-IFS-03-G018,TRAY,N,12,1,101.2X115.9,,CZ0289
IFSPR0515.1,2024,9,4,140,140,QFN,84P25X915PI,2/28/2024 19:00,B-A-T-P,P,IFX,ND-500E600G008P,MA005981178,7723,IFX0029P,L,2024-IFS-03-G019,TRAY,N,12,1,101.2X115.9,,CZ0289
IFSPR0516.1,2024,9,4,140,140,QFN,84P1WV965PH,2/28/2024 19:00,B-A-T-P,P,IFX,ND-500E600G008P,MA005981178,7797,IFX0029P,L,2024-IFS-03-G019,TRAY,N,12,1,101.2X115.9,,CZ0289
IFSPR0261.1,2024,5,6,140,140,QFN,84P34U905P6,2/2/2024 7:00,B-A-T-P,P,IFX,ND-500E600G008P,MA005981490,22658,IFX0029P,K,2024-IFS-02-G031,TRAY,N,12,1,101.2 X 115.9,,CZ0289
IFSPR0262.1,2024,5,6,140,140,QFN,84P34U905P7,2/2/2024 7:00,B-A-T-P,P,IFX,ND-500E600G008P,MA005981490,22790,IFX0029P,K,2024-IFS-02-G030,TRAY,N,12,1,101.2 X 115.9,,CZ0289
IFSPR0263.1,2024,5,7,140,140,QFN,84P34U905P8,2/3/2024 7:00,B-A-T-P,P,IFX,ND-500E600G008P,MA005981490,22843,IFX0029P,K,2024-IFS-02-G030,TRAY,N,12,1,101.2 X 115.9,,CZ0289
IFSPR0264.1,2024,5,7,140,140,QFN,84P34U905P9,2/3/2024 7:00,B-A-T-P,P,IFX,ND-500E600G008P,MA005981490,7601,IFX0029P,K,2024-IFS-02-G026,TRAY,N,12,1,101.2 X 115.9,,CZ0289
IFSPR0265.1,2024,5,7,140,140,QFN,84P2TV045P6,2/3/2024 7:00,B-A-T-P,P,IFX,ND-500E600G008P,MA005981490,22599,IFX0029P,K,2024-IFS-02-G032,TRAY,N,12,1,101.2 X 115.9,,CZ0289
IFSPR0266.1,2024,5,7,140,140,QFN,84P2TV045P7,2/3/2024 7:00,B-A-T-P,P,IFX,ND-500E600G008P,MA005981490,15308,IFX0029P,K,2024-IFS-02-G030,TRAY,N,12,1,101.2 X 115.9,,CZ0289
IFSPR0267.1,2024,5,7,140,140,QFN,84P32A855P6,2/3/2024 7:00,B-A-T-P,P,IFX,ND-500E600G008P,MA005981490,22433,IFX0029P,K,2024-IFS-02-G030,TRAY,N,12,1,101.2 X 115.9,,CZ0289
IFSPR0517.1,2024,9,4,140,140,QFN,84P32A855PD,2/28/2024 19:00,B-A-T-P,P,IFX,ND-500E600G008P,MA005981490,22475,IFX0029P,L,2024-IFS-03-G022,TRAY,N,12,1,101.2X115.9,,CZ0289
IFSPR0518.1,2024,9,4,140,140,QFN,84P32A855PE,2/28/2024 19:00,B-A-T-P,P,IFX,ND-500E600G008P,MA005981490,22697,IFX0029P,L,2024-IFS-03-G028,TRAY,N,12,1,101.2X115.9,,CZ0289
IFSPR0519.1,2024,9,4,140,140,QFN,84P32A855PF,2/28/2024 19:00,B-A-T-P,P,IFX,ND-500E600G008P,MA005981490,22449,IFX0029P,L,2024-IFS-03-G022,TRAY,N,12,1,101.2X115.9,,CZ0289
IFSPR0520.1,2024,9,4,140,140,QFN,84P32A855PG,2/28/2024 19:00,B-A-T-P,P,IFX,ND-500E600G008P,MA005981490,7524,IFX0029P,L,2024-IFS-03-G019,TRAY,N,12,1,101.2X115.9,,CZ0289
IFSPR0521.1,2024,9,4,140,140,QFN,84P2CP735P1,2/28/2024 19:00,B-A-T-P,P,IFX,ND-500E600G008P,MA005981490,23068,IFX0029P,L,2024-IFS-03-G018,TRAY,N,12,1,101.2X115.9,,CZ0289
IFSPR0522.1,2024,9,4,140,140,QFN,84P2CP735P2,2/28/2024 19:00,B-A-T-P,P,IFX,ND-500E600G008P,MA005981490,23123,IFX0029P,L,2024-IFS-03-G020,TRAY,N,12,1,101.2X115.9,,CZ0289
IFSPR0327.1,2024,6,5,140,140,QFN,84P2KU495P6,2/8/2024 19:00,B-A-T-P,P,IFX,ND-500E600G008P,MA005981545,22825,IFX0029P,K,2024-IFS-03-G001,TRAY,N,12,1,101.2X115.9,,CZ0289
IFSPR0328.1,2024,6,5,140,140,QFN,84P2KU495P7,2/8/2024 19:00,B-A-T-P,P,IFX,ND-500E600G008P,MA005981545,15315,IFX0029P,K,2024-IFS-02-G036,TRAY,N,12,1,101.2X115.9,,CZ0289
IFSPR0329.1,2024,6,5,140,140,QFN,84P2KU495P8,2/8/2024 19:00,B-A-T-P,P,IFX,ND-500E600G008P,MA005981545,22825,IFX0029P,K,2024-IFS-02-G039,TRAY,N,12,1,101.2X115.9,,CZ0289
IFSPR0330.1,2024,6,5,140,140,QFN,84P2PN345P1,2/8/2024 19:00,B-A-T-P,P,IFX,ND-500E600G008P,MA005981545,23400,IFX0029P,K,2024-IFS-03-G001,TRAY,N,12,1,101.2X115.9,,CZ0289
IFSPR0331.1,2024,6,5,140,140,QFN,84P2PN345P2,2/8/2024 19:00,B-A-T-P,P,IFX,ND-500E600G008P,MA005981545,23533,IFX0029P,K,2024-IFS-03-G001,TRAY,N,12,1,101.2X115.9,,CZ0289
IFSPR0332.1,2024,6,5,140,140,QFN,84P2PN345P3,2/8/2024 19:00,B-A-T-P,P,IFX,ND-500E600G008P,MA005981545,23512,IFX0029P,K,2024-IFS-03-G001,TRAY,N,12,1,101.2X115.9,,CZ0289
IFSPR0333.1,2024,6,5,140,140,QFN,84P2PN345P4,2/8/2024 19:00,B-A-T-P,P,IFX,ND-500E600G008P,MA005981545,23558,IFX0029P,K,2024-IFS-03-G001,TRAY,N,12,1,101.2X115.9,,CZ0289
IFSPR0334.1,2024,6,5,140,140,QFN,84P2PN345P5,2/8/2024 19:00,B-A-T-P,P,IFX,ND-500E600G008P,MA005981545,23552,IFX0029P,K,2024-IFS-03-G002,TRAY,N,12,1,101.2X115.9,,CZ0289
IFSPR0335.1,2024,6,5,140,140,QFN,84P2PN345P6,2/8/2024 19:00,B-A-T-P,P,IFX,ND-500E600G008P,MA005981545,7903,IFX0029P,K,2024-IFS-02-G040,TRAY,N,12,1,101.2X115.9,,CZ0289
IFSPR0336.1,2024,6,6,140,140,QFN,84P2PB915P1,2/9/2024 7:00,B-A-T-P,P,IFX,ND-500E600G008P,MA005981545,23647,IFX0029P,K,2024-IFS-03-G002,TRAY,N,12,1,101.2X115.9,,CZ0289
IFSPR0337.1,2024,6,6,140,140,QFN,84P2PB915P2,2/9/2024 7:00,B-A-T-P,P,IFX,ND-500E600G008P,MA005981545,23656,IFX0029P,K,2024-IFS-02-G040,TRAY,N,12,1,101.2X115.9,,CZ0289
IFSPR0338.1,2024,6,6,140,140,QFN,84P2PB915P3,2/9/2024 7:00,B-A-T-P,P,IFX,ND-500E600G008P,MA005981545,23727,IFX0029P,K,2024-IFS-03-G002,TRAY,N,12,1,101.2X115.9,,CZ0289
IFSPR0339.1,2024,6,6,140,140,QFN,84P2PB915P4,2/9/2024 7:00,B-A-T-P,P,IFX,ND-500E600G008P,MA005981545,23655,IFX0029P,K,2024-IFS-03-G002,TRAY,N,12,1,101.2X115.9,,CZ0289
IFSPR0340.1,2024,6,6,140,140,QFN,84P2PB915P5,2/9/2024 7:00,B-A-T-P,P,IFX,ND-500E600G008P,MA005981545,23629,IFX0029P,K,2024-IFS-03-G002,TRAY,N,12,1,101.2X115.9,,CZ0289
IFSPR0341.1,2024,6,6,140,140,QFN,84P2PB915P6,2/9/2024 7:00,B-A-T-P,P,IFX,ND-500E600G008P,MA005981545,23677,IFX0029P,K,2024-IFS-03-G013,TRAY,N,12,1,101.2X115.9,,CZ0289
IFSPR0342.1,2024,6,6,140,140,QFN,84P2PB915P7,2/9/2024 7:00,B-A-T-P,P,IFX,ND-500E600G008P,MA005981545,23598,IFX0029P,K,2024-IFS-03-G002,TRAY,N,12,1,101.2X115.9,,CZ0289
IFSPR0320.1,2024,6,4,140,140,QFN,84P2TV045P8,2/7/2024 19:00,B-A-T-P,P,IFX,ND-500E600G008P,MA005981566,23225,IFX0029P,K,2024-IFS-02-G037,TRAY,N,12,1,101.2X115.9,,CZ0289
IFSPR0321.1,2024,6,4,140,140,QFN,84P2TV045P9,2/7/2024 19:00,B-A-T-P,P,IFX,ND-500E600G008P,MA005981566,23151,IFX0029P,K,2024-IFS-02-G037,TRAY,N,12,1,101.2X115.9,,CZ0289
IFSPR0322.1,2024,6,4,140,140,QFN,84P2TV045PA,2/7/2024 19:00,B-A-T-P,P,IFX,ND-500E600G008P,MA005981566,7329,IFX0029P,K,2024-IFS-02-G037,TRAY,N,12,1,101.2X115.9,,CZ0289
IFSPR0368.1,2024,7,5,140,140,QFN,84P2VC375P1,2/15/2024 7:00,B-A-T-P,P,IFX,ND-500E600G008P,MA005981566,23465,IFX0029P,K,2024-IFS-03-G007,TRAY,N,12,1,101.2X115.9,,CZ0289
IFSPR0369.1,2024,7,5,140,140,QFN,84P2VC375P2,2/15/2024 7:00,B-A-T-P,P,IFX,ND-500E600G008P,MA005981566,23550,IFX0029P,K,2024-IFS-03-G002,TRAY,N,12,1,101.2X115.9,,CZ0289
IFSPR0370.1,2024,7,6,140,140,QFN,84P2VC375P3,2/16/2024 7:00,B-A-T-P,P,IFX,ND-500E600G008P,MA005981566,23583,IFX0029P,K,2024-IFS-03-G022,TRAY,N,12,1,101.2X115.9,,CZ0289
IFSPR0371.1,2024,7,6,140,140,QFN,84P2VC375P4,2/16/2024 7:00,B-A-T-P,P,IFX,ND-500E600G008P,MA005981566,23612,IFX0029P,K,2024-IFS-03-G011,TRAY,N,12,1,101.2X115.9,,CZ0289
IFSPR0372.1,2024,7,6,140,140,QFN,84P2VC375P5,2/16/2024 7:00,B-A-T-P,P,IFX,ND-500E600G008P,MA005981566,23605,IFX0029P,K,2024-IFS-03-G007,TRAY,N,12,1,101.2X115.9,,CZ0289
IFSPR0373.1,2024,7,6,140,140,QFN,84P2VC375P6,2/16/2024 7:00,B-A-T-P,P,IFX,ND-500E600G008P,MA005981566,23511,IFX0029P,K,2024-IFS-03-G012,TRAY,N,12,1,101.2X115.9,,CZ0289
IFSPR0374.1,2024,7,6,140,140,QFN,84P2VC375P7,2/16/2024 7:00,B-A-T-P,P,IFX,ND-500E600G008P,MA005981566,23514,IFX0029P,K,2024-IFS-03-G009,TRAY,N,12,1,101.2X115.9,,CZ0289
IFSPR0375.1,2024,7,6,140,140,QFN,84P2VC375P8,2/16/2024 7:00,B-A-T-P,P,IFX,ND-500E600G008P,MA005981566,7931,IFX0029P,K,2024-IFS-03-G002,TRAY,N,12,1,101.2X115.9,,CZ0289
IFSPR0376.1,2024,7,6,140,140,QFN,84P37S325P1,2/16/2024 7:00,B-A-T-P,P,IFX,ND-500E600G008P,MA005981566,23260,IFX0029P,K,2024-IFS-03-G014,TRAY,N,12,1,101.2X115.9,,CZ0289
IFSPR0377.1,2024,7,6,140,140,QFN,84P37S325P2,2/16/2024 7:00,B-A-T-P,P,IFX,ND-500E600G008P,MA005981566,23204,IFX0029P,K,2024-IFS-03-G011,TRAY,N,12,1,101.2X115.9,,CZ0289
IFSPR0378.1,2024,7,7,140,140,QFN,84P37S325P3,2/17/2024 7:00,B-A-T-P,P,IFX,ND-500E600G008P,MA005981566,23331,IFX0029P,K,2024-IFS-03-G009,TRAY,N,12,1,101.2X115.9,,CZ0289
IFSPR0379.1,2024,7,7,140,140,QFN,84P37S325P4,2/17/2024 7:00,B-A-T-P,P,IFX,ND-500E600G008P,MA005981566,23503,IFX0029P,K,2024-IFS-03-G017,TRAY,N,12,1,101.2X115.9,,CZ0289
IFSPR0380.1,2024,7,7,140,140,QFN,84P37S325P5,2/17/2024 7:00,B-A-T-P,P,IFX,ND-500E600G008P,MA005981566,23518,IFX0029P,K,2024-IFS-05-G020,TRAY,N,12,1,101.2X115.9,,CZ0289
IFSPR0381.1,2024,7,7,140,140,QFN,84P37S325P6,2/17/2024 7:00,B-A-T-P,P,IFX,ND-500E600G008P,MA005981566,23235,IFX0029P,K,2024-IFS-03-G014,TRAY,N,12,1,101.2X115.9,,CZ0289
IFSPR0382.1,2024,7,7,140,140,QFN,84P37S325P7,2/17/2024 7:00,B-A-T-P,P,IFX,ND-500E600G008P,MA005981566,23213,IFX0029P,K,2024-IFS-03-G012,TRAY,N,12,1,101.2X115.9,,CZ0289
IFSPR0383.1,2024,7,7,140,140,QFN,84P34U885P1,2/17/2024 7:00,B-A-T-P,P,IFX,ND-500E600G008P,MA005981566,7886,IFX0029P,K,2024-IFS-03-G009,TRAY,N,12,1,101.2X115.9,,CZ0289
IFSPR0389.1,2024,7,4,140,140,QFN,84P1AK505P1,2/14/2024 19:00,B-A-T-P,P,IFX,ND-500E600G008P,MA006011933,23378,IFX0030P,E,2024-IFS-03-G006,TRAY,N,12,1,101.20X115.90,,CZ0289
IFSPR0390.1,2024,7,4,140,140,QFN,84P1AK505P2,2/14/2024 19:00,B-A-T-P,P,IFX,ND-500E600G008P,MA006011933,7757,IFX0030P,E,2024-IFS-03-G006,TRAY,N,12,1,101.20X115.90,,CZ0289
IFSPR0391.1,2024,7,5,140,140,QFN,84P10V475P3,2/15/2024 7:00,B-A-T-P,P,IFX,ND-500E600G008P,MA006011933,23204,IFX0030P,E,2024-IFS-03-G006,TRAY,N,12,1,101.20X115.90,,CZ0289
IFSPR0392.1,2024,7,6,140,140,QFN,84P10V475P4,2/16/2024 7:00,B-A-T-P,P,IFX,ND-500E600G008P,MA006011933,23030,IFX0030P,E,2024-IFS-03-G006,TRAY,N,12,1,101.20X115.90,,CZ0289
IFSPR0393.1,2024,7,6,140,140,QFN,84P10V475P5,2/16/2024 7:00,B-A-T-P,P,IFX,ND-500E600G008P,MA006011933,7664,IFX0030P,E,2024-IFS-03-G006,TRAY,N,12,1,101.20X115.90,,CZ0289
IFSPR0394.1,2024,8,1,140,140,QFN,84P10V475P6,2/18/2024 7:00,B-A-T-P,P,IFX,ND-500E600G008P,MA006011933,23142,IFX0030P,E,2024-IFS-03-G006,TRAY,N,12,1,101.20X115.90,,CZ0289
IFSPR0487.1,2024,9,3,140,140,QFN,84P2PB915PA,2/27/2024 19:00,B-A-T-P,P,IFX,ND-500E600G008P,MA006020620,7870,IFX0029P,L,2024-IFS-05-G028,TRAY,N,12,1,101.2X115.9,,CZ0289
IFSPR0488.1,2024,9,3,140,140,QFN,84P2PB915PB,2/27/2024 19:00,B-A-T-P,P,IFX,ND-500E600G008P,MA006020620,7861,IFX0029P,L,2024-IFS-03-G036,TRAY,N,12,1,101.2X115.9,,CZ0289
IFSPR0489.1,2024,9,3,140,140,QFN,84P2PB915PC,2/27/2024 19:00,B-A-T-P,P,IFX,ND-500E600G008P,MA006020620,7809,IFX0029P,L,2024-IFS-03-G035,TRAY,N,12,1,101.2X115.9,,CZ0289
IFSPR0490.1,2024,9,3,140,140,QFN,84P2TV335P1,2/27/2024 19:00,B-A-T-P,P,IFX,ND-500E600G008P,MA006020620,7676,IFX0029P,L,2024-IFS-03-G042,TRAY,N,12,1,101.2X115.9,,CZ0289
IFSPR0491.1,2024,9,3,140,140,QFN,84P2TV335P2,2/27/2024 19:00,B-A-T-P,P,IFX,ND-500E600G008P,MA006020620,7746,IFX0029P,L,2024-IFS-03-G044,TRAY,N,12,1,101.2X115.9,,CZ0289
IFSPR0492.1,2024,9,3,140,140,QFN,84P2TV335P3,2/27/2024 19:00,B-A-T-P,P,IFX,ND-500E600G008P,MA006020620,7497,IFX0029P,L,2024-IFS-03-G042,TRAY,N,12,1,101.2X115.9,,CZ0289
IFSPR0493.1,2024,9,3,140,140,QFN,84P2TV335P4,2/27/2024 19:00,B-A-T-P,P,IFX,ND-500E600G008P,MA006020620,7692,IFX0029P,L,2024-IFS-03-G036,TRAY,N,12,1,101.2X115.9,,CZ0289
IFSPR0494.1,2024,9,3,140,140,QFN,84P2TV335P5,2/27/2024 19:00,B-A-T-P,P,IFX,ND-500E600G008P,MA006020620,7706,IFX0029P,L,2024-IFS-03-G036,TRAY,N,12,1,101.2X115.9,,CZ0289
IFSPR0495.1,2024,9,3,140,140,QFN,84P2TV335P6,2/27/2024 19:00,B-A-T-P,P,IFX,ND-500E600G008P,MA006020620,7767,IFX0029P,L,2024-IFS-03-G035,TRAY,N,12,1,101.2X115.9,,CZ0289
IFSPR0496.1,2024,9,3,140,140,QFN,84P2TV335P7,2/27/2024 19:00,B-A-T-P,P,IFX,ND-500E600G008P,MA006020620,7694,IFX0029P,L,2024-IFS-04-G010,TRAY,N,12,1,101.2X115.9,,CZ0289
IFSPR0497.1,2024,9,3,140,140,QFN,84P2TV335P8,2/27/2024 19:00,B-A-T-P,P,IFX,ND-500E600G008P,MA006020620,7746,IFX0029P,L,2024-IFS-03-G044,TRAY,N,12,1,101.2X115.9,,CZ0289
IFSPR0498.1,2024,9,3,140,140,QFN,84P2TV335P9,2/27/2024 19:00,B-A-T-P,P,IFX,ND-500E600G008P,MA006020620,7633,IFX0029P,L,2024-IFS-03-G042,TRAY,N,12,1,101.2X115.9,,CZ0289
IFSPR0499.1,2024,9,3,140,140,QFN,84P2TV335PA,2/27/2024 19:00,B-A-T-P,P,IFX,ND-500E600G008P,MA006020620,7777,IFX0029P,L,2024-IFS-04-G016,TRAY,N,12,1,101.2X115.9,,CZ0289
IFSPR0500.1,2024,9,3,140,140,QFN,84P2TV335PB,2/27/2024 19:00,B-A-T-P,P,IFX,ND-500E600G008P,MA006020620,7729,IFX0029P,L,2024-IFS-03-G036,TRAY,N,12,1,101.2X115.9,,CZ0289
IFSPR0501.1,2024,9,3,140,140,QFN,84P2TV335PC,2/27/2024 19:00,B-A-T-P,P,IFX,ND-500E600G008P,MA006020620,7753,IFX0029P,L,2024-IFS-03-G038,TRAY,N,12,1,101.2X115.9,,CZ0289
IFSPR0502.1,2024,9,3,140,140,QFN,84P2TV335PD,2/27/2024 19:00,B-A-T-P,P,IFX,ND-500E600G008P,MA006020620,7779,IFX0029P,L,2024-IFS-04-G016,TRAY,N,12,1,101.2X115.9,,CZ0289
IFSPR0503.1,2024,9,3,140,140,QFN,84P2TV335PE,2/27/2024 19:00,B-A-T-P,P,IFX,ND-500E600G008P,MA006020620,7744,IFX0029P,L,2024-IFS-03-G036,TRAY,N,12,1,101.2X115.9,,CZ0289
IFSPR0504.1,2024,9,3,140,140,QFN,84P2TV335PF,2/27/2024 19:00,B-A-T-P,P,IFX,ND-500E600G008P,MA006020620,7711,IFX0029P,L,2024-IFS-03-G036,TRAY,N,12,1,101.2X115.9,,CZ0289
IFSPR0505.1,2024,9,3,140,140,QFN,84P2TV335PG,2/27/2024 19:00,B-A-T-P,P,IFX,ND-500E600G008P,MA006020620,7750,IFX0029P,L,2024-IFS-03-G036,TRAY,N,12,1,101.2X115.9,,CZ0289
IFSPR0506.1,2024,9,3,140,140,QFN,84P2TV335PH,2/27/2024 19:00,B-A-T-P,P,IFX,ND-500E600G008P,MA006020620,7742,IFX0029P,L,2024-IFS-03-G036,TRAY,N,12,1,101.2X115.9,,CZ0289
IFSPR0507.1,2024,9,3,140,140,QFN,84P2TV335PI,2/27/2024 19:00,B-A-T-P,P,IFX,ND-500E600G008P,MA006020620,7659,IFX0029P,L,2024-IFS-03-G036,TRAY,N,12,1,101.2X115.9,,CZ0289
IFSPR0508.1,2024,9,3,140,140,QFN,84P2TV335PJ,2/27/2024 19:00,B-A-T-P,P,IFX,ND-500E600G008P,MA006020620,7742,IFX0029P,L,2024-IFS-03-G036,TRAY,N,12,1,101.2X115.9,,CZ0289
IFSPR0509.1,2024,9,3,140,140,QFN,84P2TV335PK,2/27/2024 19:00,B-A-T-P,P,IFX,ND-500E600G008P,MA006020620,7700,IFX0029P,L,2024-IFS-04-G001,TRAY,N,12,1,101.2X115.9,,CZ0289
IFLQR0015.1,2024,7,2,140,140,QFN,3FT6N4955PJ,2/12/2024 19:00,B-A-T-P,Q,IFX,NDC500E6001008K,M5362G,1200,IFX0094E,B,XFER-TEST,TRAY,N,12,1,65.5 X 71.8,,CZ0289
IFLQR0017.1,2024,7,2,140,140,QFN,3FT6N4955PL,2/12/2024 19:00,B-A-T-P,Q,IFX,NDC500E6001008K,M5362G,1200,IFX0094E,B,XFER-TEST,TRAY,N,12,1,65.5 X 71.8,,CZ0289
IFLQR0019.1,2024,7,2,140,140,QFN,3FT6N4955PN,2/12/2024 19:00,B-A-T-P,Q,IFX,NDC500E6001008K,M5362G,1200,IFX0094E,B,XFER-TEST,TRAY,N,12,1,65.5 X 71.8,,CZ0289
IFLQR0021.1,2024,7,2,140,140,QFN,3FT6N4955PP,2/12/2024 19:00,B-A-T-P,Q,IFX,NDC500E6001008K,M5362G,1000,IFX0094E,B,XFER-TEST,TRAY,N,12,1,65.5 X 71.8,,CZ0289
IFSPR0360.1,2024,7,4,140,140,QFN,84P38T155P1,2/14/2024 7:00,B-A-T-P,P,IFX,NQ-500E500B032P,MA005947111,7825,IFX0020P,M,2024-IFS-03-G015,TRAY,N,12,1,101.20X115.90,,CZ0289
IFSPR0361.1,2024,7,4,140,140,QFN,84P3KK325P1,2/14/2024 7:00,B-A-T-P,P,IFX,NQ-500E500B032P,MA005947111,7774,IFX0020P,M,2024-IFS-03-G015,TRAY,N,12,1,101.20X115.90,,CZ0289
IFSPR0412.1,2024,8,3,140,140,QFN,84P26A485PK,2/20/2024 7:00,B-A-T-P,P,IFX,NQ-500E500B032P,MA005979634,23617,IFX0020P,M,2024-IFS-03-G026,TRAY,N,12,1,101.2X115.9,,CZ0289
IFSPR0413.1,2024,8,3,140,140,QFN,84P26A485PL,2/20/2024 7:00,B-A-T-P,P,IFX,NQ-500E500B032P,MA005979634,23663,IFX0020P,M,2024-IFS-04-G038,TRAY,N,12,1,101.2X115.9,,CZ0289
IFSPR0510.1,2024,9,4,140,140,QFN,84P26A485PR,2/28/2024 19:00,B-A-T-P,P,IFX,NQ-500E500B032P,MA005979634,7857,IFX0020P,M,2024-IFS-04-G038,TRAY,N,12,1,101.2X115.9,,CZ0289
IFSPR0511.1,2024,9,4,140,140,QFN,84P38T155P2,2/28/2024 19:00,B-A-T-P,P,IFX,NQ-500E500B032P,MA005979634,23436,IFX0020P,M,2024-IFS-03-G032,TRAY,N,12,1,101.2X115.9,,CZ0289
IFSMR0346.1,2024,7,3,140,140,QFN,84P26A485P8,2/13/2024 19:00,B-A-T-P,M,IFX,NQ-500E500B032P,MA005980341,7762,IFX0020P,M,2024-IFS-02-G034,TRAY,N,12,1,101.2X115.9,,CZ0289
IFSMR0347.1,2024,7,3,140,140,QFN,84P26A485P9,2/13/2024 19:00,B-A-T-P,M,IFX,NQ-500E500B032P,MA005980341,7751,IFX0020P,M,2024-IFS-02-G038,TRAY,N,12,1,101.2X115.9,,CZ0289
IFSMR0348.1,2024,7,3,140,140,QFN,84P26A485PA,2/13/2024 19:00,B-A-T-P,M,IFX,NQ-500E500B032P,MA005980341,7829,IFX0020P,M,2024-IFS-03-G021,TRAY,N,12,1,101.2X115.9,,CZ0289
IFSMR0349.1,2024,7,3,140,140,QFN,84P26A485PB,2/13/2024 19:00,B-A-T-P,M,IFX,NQ-500E500B032P,MA005980341,7852,IFX0020P,M,2024-IFS-03-G021,TRAY,N,12,1,101.2X115.9,,CZ0289
IFSMR0350.1,2024,7,3,140,140,QFN,84P26A485PC,2/13/2024 19:00,B-A-T-P,M,IFX,NQ-500E500B032P,MA005980341,7902,IFX0020P,M,2024-IFS-02-G034,TRAY,N,12,1,101.2X115.9,,CZ0289
IFSMR0351.1,2024,7,3,140,140,QFN,84P26A485PD,2/13/2024 19:00,B-A-T-P,M,IFX,NQ-500E500B032P,MA005980341,7903,IFX0020P,M,2024-IFS-03-G021,TRAY,N,12,1,101.2X115.9,,CZ0289
IFSMR0352.1,2024,7,3,140,140,QFN,84P26A485PE,2/13/2024 19:00,B-A-T-P,M,IFX,NQ-500E500B032P,MA005980341,7823,IFX0020P,M,2024-IFS-02-G034,TRAY,N,12,1,101.2X115.9,,CZ0289
IFSPR0362.1,2024,7,4,140,140,QFN,84P26A485PF,2/14/2024 7:00,B-A-T-P,P,IFX,NQ-500E500B032P,MA005980341,7861,IFX0020P,M,2024-IFS-03-G003,TRAY,N,12,1,101.2X115.9,,CZ0289
IFSPR0363.1,2024,7,4,140,140,QFN,84P26A485PG,2/14/2024 7:00,B-A-T-P,P,IFX,NQ-500E500B032P,MA005980341,7901,IFX0020P,M,2024-IFS-03-G017,TRAY,N,12,1,101.2X115.9,,CZ0289
IFSPR0401.1,2024,8,3,140,140,QFN,84P26A485PH,2/20/2024 7:00,B-A-T-P,P,IFX,NQ-500E500B032P,MA005980341,7921,IFX0020P,M,2024-IFS-03-G023,TRAY,N,12,1,101.2X115.9,,CZ0289
IFSPR0402.1,2024,8,3,140,140,QFN,84P26A485PI,2/20/2024 7:00,B-A-T-P,P,IFX,NQ-500E500B032P,MA005980341,7841,IFX0020P,M,2024-IFS-03-G023,TRAY,N,12,1,101.2X115.9,,CZ0289
IFSPR0403.1,2024,8,3,140,140,QFN,84P26A485PJ,2/20/2024 7:00,B-A-T-P,P,IFX,NQ-500E500B032P,MA005980341,7909,IFX0020P,M,2024-IFS-03-G024,TRAY,N,12,1,101.2X115.9,,CZ0289
IFSPR0404.1,2024,8,3,140,140,QFN,84P2TV435P1,2/20/2024 7:00,B-A-T-P,P,IFX,NQ-500E500B032P,MA005980341,7733,IFX0020P,M,2024-IFS-03-G022,TRAY,N,12,1,101.2X115.9,,CZ0289
IFSPR0405.1,2024,8,3,140,140,QFN,84P2TV435P2,2/20/2024 7:00,B-A-T-P,P,IFX,NQ-500E500B032P,MA005980341,7725,IFX0020P,M,2024-IFS-03-G040,TRAY,N,12,1,101.2X115.9,,CZ0289
IFSMR0343.1,2024,7,3,140,140,QFN,84P26A925PH,2/13/2024 19:00,B-A-T-P,M,IFX,NQ-500E500B032P,MA005980482,7753,IFX0020P,M,2024-IFS-02-G041,TRAY,N,12,1,101.2X115.9,,CZ0289
IFSMR0344.1,2024,7,3,140,140,QFN,84P26A925PI,2/13/2024 19:00,B-A-T-P,M,IFX,NQ-500E500B032P,MA005980482,7858,IFX0020P,M,2024-IFS-02-G041,TRAY,N,12,1,101.2X115.9,,CZ0289
IFSMR0345.1,2024,7,3,140,140,QFN,84P26A925PJ,2/13/2024 19:00,B-A-T-P,M,IFX,NQ-500E500B032P,MA005980482,7846,IFX0020P,M,2024-IFS-03-G010,TRAY,N,12,1,101.2X115.9,,CZ0289
IFSPR0364.1,2024,7,5,140,140,QFN,84P26A925PK,2/15/2024 7:00,B-A-T-P,P,IFX,NQ-500E500B032P,MA005980482,7879,IFX0020P,M,2024-IFS-03-G007,TRAY,N,12,1,101.2X115.9,,CZ0289
IFSPR0365.1,2024,7,5,140,140,QFN,84P26A925PL,2/15/2024 7:00,B-A-T-P,P,IFX,NQ-500E500B032P,MA005980482,7899,IFX0020P,M,2024-IFS-03-G007,TRAY,N,12,1,101.2X115.9,,CZ0289
IFSPR0366.1,2024,7,5,140,140,QFN,84P26A925PM,2/15/2024 7:00,B-A-T-P,P,IFX,NQ-500E500B032P,MA005980482,7827,IFX0020P,M,2024-IFS-03-G017,TRAY,N,12,1,101.2X115.9,,CZ0289
IFSPR0367.1,2024,7,5,140,140,QFN,84P37S265P1,2/15/2024 7:00,B-A-T-P,P,IFX,NQ-500E500B032P,MA005980482,7720,IFX0020P,M,2024-IFS-03-G012,TRAY,N,12,1,101.2X115.9,,CZ0289
IFSPR0406.1,2024,8,3,140,140,QFN,84P37S265P2,2/20/2024 7:00,B-A-T-P,P,IFX,NQ-500E500B032P,MA005980482,7709,IFX0020P,M,2024-IFS-03-G019,TRAY,N,12,1,101.2X115.9,,CZ0289
IFSPR0407.1,2024,8,3,140,140,QFN,84P37S265P3,2/20/2024 7:00,B-A-T-P,P,IFX,NQ-500E500B032P,MA005980482,7804,IFX0020P,M,2024-IFS-03-G020,TRAY,N,12,1,101.2X115.9,,CZ0289
IFSPR0408.1,2024,8,3,140,140,QFN,84P37S265P4,2/20/2024 7:00,B-A-T-P,P,IFX,NQ-500E500B032P,MA005980482,7709,IFX0020P,M,2024-IFS-03-G024,TRAY,N,12,1,101.2X115.9,,CZ0289
IFSPR0409.1,2024,8,3,140,140,QFN,84P37S265P5,2/20/2024 7:00,B-A-T-P,P,IFX,NQ-500E500B032P,MA005980482,7798,IFX0020P,M,2024-IFS-03-G022,TRAY,N,12,1,101.2X115.9,,CZ0289
IFSPR0410.1,2024,8,3,140,140,QFN,84P37S265P6,2/20/2024 7:00,B-A-T-P,P,IFX,NQ-500E500B032P,MA005980482,7759,IFX0020P,M,2024-IFS-03-G028,TRAY,N,12,1,101.2X115.9,,CZ0289
IFSPR0411.1,2024,8,3,140,140,QFN,84P37S265P7,2/20/2024 7:00,B-A-T-P,P,IFX,NQ-500E500B032P,MA005980482,7755,IFX0020P,M,2024-IFS-03-G026,TRAY,N,12,1,101.2X115.9,,CZ0289
IFKSR0001.1,2024,6,2,140,140,QFN,DUMMY000014,2/5/2024 19:00,A,S,IFX,NQC500E5001032A,M5362G,1200,IFX0013D,B,2024-IFK-02-G002,TRAY,N,8,1,10.00 X 10.00,,CZ0289
INHSR0012.1,2024,8,3,140,140,QFN,ZA3160585P9,2/20/2024 19:00,B-A-T-P,S,IN6,NQC400E400B024B,M1956A,3000,IN60144E,A,SFG0000,TRAY,N,8,1,96.4 X 79.6,,CZ0289
INHSR0014.1,2024,8,3,140,140,QFN,ZA3140075P7,2/20/2024 19:00,B-A-T-P,S,IN6,NQC400E400B024B,M1956A,3000,IN60144E,A,SFG0000,TRAY,N,8,1,96.4 X 79.6,,CZ0289
INHSR0016.1,2024,8,3,140,140,QFN,ZA3140075P9,2/20/2024 19:00,B-A-T-P,S,IN6,NQC400E400B024B,M1956A,3000,IN60144E,A,SFG0000,TRAY,N,8,1,96.4 X 79.6,,CZ0289
INDSR0004.1,2024,8,2,140,140,QFN,ZA2430755P1,2/19/2024 19:00,B-A,S,IN6,NQC500E500B032P,M2048A,2000,IN60146E,A,2024-IND-03-G001,TRAY,N,8,1,0 X 0,,CZ0289
INDSR0005.1,2024,8,6,140,140,QFN,ZA1300145P4,2/23/2024 19:00,B-A,S,IN6,NQC600E600B029B,M1956_POSITIVE,3000,IN60047E,D,2024-IND-03-G002,TRAY,N,8,1,96.3 X 79.6,,CZ0289
INDSR0006.1,2024,9,4,140,140,QFN,ZA3160585PB,2/28/2024 19:00,B-A,S,IN6,NQC600E600B029B,M1956_POSITIVE,1678,IN60047E,D,2024-IND-03-G002,TRAY,N,8,1,96.3X79.6,,CZ0289
INBPR0199.1,2024,7,3,140,140,QFN,ZA2480575PB,2/13/2024 19:00,B-A-T-P,P,IN6,NQC600E600B029B,MA005859933,10975,IN60023P,C,2024-INB-03-G006,TRAY,N,8,1,96.3 X 79.6,,CZ0289
INBPR0200.1,2024,7,5,140,140,QFN,ZA2480575PC,2/15/2024 7:00,B-A-T-P,P,IN6,NQC600E600B029B,MA005859933,10976,IN60023P,C,2024-INB-03-G005,TRAY,N,8,1,96.3 X 79.6,,CZ0289
INBFR0222.1,2024,7,6,140,140,QFN,ZA3300195P7,2/16/2024 7:00,B-A-T-P,F,IN6,NQC600E600B029B,MA005914716,5466,IN60053P,A,2024-INB-05-G019,TRAY,N,8,1,96.3 X 79.6,,CZ0289
INBFR0223.1,2024,7,7,140,140,QFN,ZA3300195P8,2/17/2024 7:00,B-A-T-P,F,IN6,NQC600E600B029B,MA005914716,11069,IN60053P,A,2024-INB-05-G019,TRAY,N,8,1,96.3 X 79.6,,CZ0289
INBPR0183.1,2024,6,4,140,140,QFN,ZA3300195P1,2/7/2024 19:00,B-A-T-P,P,IN6,NQC600E600B029B,MA005914720,11012,IN60052P,A,2024-INB-02-G034,TRAY,N,8,1,96.3 X 79.6,,CZ0289
INBPR0184.1,2024,6,4,140,140,QFN,ZA3300195P2,2/7/2024 19:00,B-A-T-P,P,IN6,NQC600E600B029B,MA005914720,11022,IN60052P,A,2024-INB-02-G037,TRAY,N,8,1,96.3 X 79.6,,CZ0289
INBPR0185.1,2024,6,4,140,140,QFN,ZA3300195P3,2/7/2024 19:00,B-A-T-P,P,IN6,NQC600E600B029B,MA005914720,11043,IN60052P,A,2024-INB-03-G005,TRAY,N,8,1,96.3 X 79.6,,CZ0289
INBPR0186.1,2024,6,4,140,140,QFN,ZA3300195P4,2/7/2024 19:00,B-A-T-P,P,IN6,NQC600E600B029B,MA005914720,11025,IN60052P,A,2024-INB-03-G005,TRAY,N,8,1,96.3 X 79.6,,CZ0289
INBPR0201.1,2024,7,5,140,140,QFN,ZA2480575PD,2/15/2024 7:00,B-A-T-P,P,IN6,NQC600E600B029B,MA005926124,10993,IN60023P,C,2024-INB-03-G007,TRAY,N,8,1,96.3 X 79.6,,CZ0289
INBPR0202.1,2024,7,5,140,140,QFN,ZA2480575PE,2/15/2024 7:00,B-A-T-P,P,IN6,NQC600E600B029B,MA005926124,11003,IN60023P,C,2024-INB-03-G008,TRAY,N,8,1,96.3 X 79.6,,CZ0289
INBPR0203.1,2024,7,5,140,140,QFN,ZA2480575PF,2/15/2024 7:00,B-A-T-P,P,IN6,NQC600E600B029B,MA005926124,11022,IN60023P,C,2024-INB-03-G008,TRAY,N,8,1,96.3 X 79.6,,CZ0289
INBPR0204.1,2024,7,4,140,140,QFN,ZA2480575PG,2/14/2024 7:00,B-A-T-P,P,IN6,NQC600E600B029B,MA005926124,11012,IN60023P,C,2024-INB-03-G011,TRAY,N,8,1,96.3 X 79.6,,CZ0289
INBPR0205.1,2024,7,4,140,140,QFN,ZA3402265P1,2/14/2024 7:00,B-A-T-P,P,IN6,NQC600E600B029B,MA005926124,11014,IN60023P,C,2024-INB-05-G039,TRAY,N,8,1,96.3 X 79.6,,CZ0289
INBPR0206.1,2024,7,4,140,140,QFN,ZA3402265P2,2/14/2024 7:00,B-A-T-P,P,IN6,NQC600E600B029B,MA005926124,11069,IN60023P,C,2024-INB-05-G011,TRAY,N,8,1,96.3 X 79.6,,CZ0289
INISR0005.1,2024,6,2,140,140,QFN,DUMMY000020,2/5/2024 19:00,A-T-P,S,IN6,NQC600E600B040P,M5516A,6300,IN60022D,A,Close Yield Loss,TRAY,N,8,1,10.00 X 10.00,,CZ0289
INBPR0198.1,2024,7,3,140,140,QFN,LH1257305P5,2/13/2024 19:00,B-A-T-P,P,IN6,NQC600E600B040P,MA005582343,9718,IN60020P,B,2024-INB-03-G001,TRAY,N,8,1,102.7 X 128.3,,CZ0289
INBPR0208.1,2024,7,6,140,140,QFN,LH1257305P7,2/16/2024 7:00,B-A-T-P,P,IN6,NQC600E600B040P,MA005582343,9640,IN60020P,B,2024-INB-03-G005,TRAY,N,8,1,102.7 X 128.3,,CZ0289
INBPR0209.1,2024,7,6,140,140,QFN,LH1257305P8,2/16/2024 7:00,B-A-T-P,P,IN6,NQC600E600B040P,MA005582343,9697,IN60020P,B,2024-INB-06-G001,TRAY,N,8,1,102.7 X 128.3,,CZ0289
INBPR0210.1,2024,7,6,140,140,QFN,LH1257305P9,2/16/2024 7:00,B-A-T-P,P,IN6,NQC600E600B040P,MA005582343,9712,IN60020P,B,2024-INB-03-G024,TRAY,N,8,1,102.7 X 128.3,,CZ0289
INBPR0257.1,2024,8,5,140,140,QFN,LH1257335P9,2/22/2024 19:00,B-A-T-P,P,IN6,NQC600E600B040P,MA005582343,9890,IN60020P,B,2024-INB-03-G016,TRAY,N,8,1,102.7 X 128.3,,CZ0289
INBPR0258.1,2024,8,5,140,140,QFN,LH1257335PA,2/22/2024 19:00,B-A-T-P,P,IN6,NQC600E600B040P,MA005582343,9874,IN60020P,B,2024-INB-03-G017,TRAY,N,8,1,102.7 X 128.3,,CZ0289
INBPR0259.1,2024,8,5,140,140,QFN,LH1257335PB,2/22/2024 19:00,B-A-T-P,P,IN6,NQC600E600B040P,MA005582343,9846,IN60020P,B,2024-INB-03-G017,TRAY,N,8,1,102.7 X 128.3,,CZ0289
INBPR0171.1,2024,5,6,140,140,QFN,ZA3412185PP,2/2/2024 7:00,B-A-T-P,P,IN6,TDC300E300C008B,MA005727173,22063,IN60007P,B,2024-INB-02-G016,TUBE,N,8,1,41.7 X 46.6,,CZ0288
INBPR0172.1,2024,5,6,140,140,QFN,ZA3412185PQ,2/2/2024 7:00,B-A-T-P,P,IN6,TDC300E300C008B,MA005727173,22063,IN60007P,B,2024-INB-02-G017,TUBE,N,8,1,41.7 X 46.6,,CZ0288
INBPR0173.1,2024,5,6,140,140,QFN,ZA3412185PR,2/2/2024 7:00,B-A-T-P,P,IN6,TDC300E300C008B,MA005727173,22060,IN60007P,B,2024-INB-02-G017,TUBE,N,8,1,41.7 X 46.6,,CZ0288
INBPR0188.1,2024,7,3,140,140,QFN,ZA3401135P1,2/13/2024 19:00,B-A-T-P,P,IN6,TDC300E300C008B,MA005727173,21658,IN60007P,B,2024-INB-02-G027,TUBE,N,8,1,41.7 X 46.6,,CZ0288
INBPR0189.1,2024,7,3,140,140,QFN,ZA3401135P2,2/13/2024 19:00,B-A-T-P,P,IN6,TDC300E300C008B,MA005727173,22032,IN60007P,B,2024-INB-02-G028,TUBE,N,8,1,41.7 X 46.6,,CZ0288
INBPR0190.1,2024,7,3,140,140,QFN,ZA3412185PY,2/13/2024 19:00,B-A-T-P,P,IN6,TDC300E300C008B,MA005727173,22064,IN60007P,B,2024-INB-02-G028,TUBE,N,8,1,41.7 X 46.6,,CZ0288
INBPR0191.1,2024,7,3,140,140,QFN,ZA3412185PZ,2/13/2024 19:00,B-A-T-P,P,IN6,TDC300E300C008B,MA005727173,22065,IN60007P,B,2024-INB-02-G029,TUBE,N,8,1,41.7 X 46.6,,CZ0288
INBPR0192.1,2024,7,4,140,140,QFN,ZA3412185Q1,2/14/2024 7:00,B-A-T-P,P,IN6,TDC300E300C008B,MA005727173,22061,IN60007P,B,2024-INB-02-G030,TUBE,N,8,1,41.7 X 46.6,,CZ0288
INBPR0193.1,2024,7,4,140,140,QFN,ZA3401135P3,2/14/2024 7:00,B-A-T-P,P,IN6,TDC300E300C008B,MA005727173,22023,IN60007P,B,2024-INB-02-G031,TUBE,N,8,1,41.7 X 46.6,,CZ0288
INBPR0194.1,2024,7,4,140,140,QFN,ZA3401135P4,2/14/2024 7:00,B-A-T-P,P,IN6,TDC300E300C008B,MA005727173,21900,IN60007P,B,2024-INB-02-G031,TUBE,N,8,1,41.7 X 46.6,,CZ0288
INBPR0195.1,2024,7,4,140,140,QFN,ZA3401135P5,2/14/2024 7:00,B-A-T-P,P,IN6,TDC300E300C008B,MA005727173,22054,IN60007P,B,2024-INB-02-G033,TUBE,N,8,1,41.7 X 46.6,,CZ0288
INBPR0196.1,2024,7,5,140,140,QFN,ZA3401135P6,2/15/2024 7:00,B-A-T-P,P,IN6,TDC300E300C008B,MA005727173,22038,IN60007P,B,2024-INB-02-G033,TUBE,N,8,1,41.7 X 46.6,,CZ0288
INBPR0197.1,2024,7,5,140,140,QFN,ZA3401135P7,2/15/2024 7:00,B-A-T-P,P,IN6,TDC300E300C008B,MA005727173,22053,IN60007P,B,2024-INB-02-G038,TUBE,N,8,1,41.7 X 46.6,,CZ0288
INBPR0211.1,2024,7,7,140,140,QFN,ZA3401135P8,2/17/2024 7:00,B-A-T-P,P,IN6,TDC300E300C008B,MA005727173,22059,IN60007P,B,2024-INB-03-G001,TUBE,N,8,1,41.7 X 46.6,,CZ0288
INBPR0212.1,2024,7,7,140,140,QFN,ZA3401135P9,2/17/2024 7:00,B-A-T-P,P,IN6,TDC300E300C008B,MA005727173,22051,IN60007P,B,2024-INB-03-G001,TUBE,N,8,1,41.7 X 46.6,,CZ0288
INBPR0213.1,2024,8,1,140,140,QFN,ZA3401135PA,2/18/2024 7:00,B-A-T-P,P,IN6,TDC300E300C008B,MA005727173,22061,IN60007P,B,2024-INB-03-G001,TUBE,N,8,1,41.7 X 46.6,,CZ0288
INBPR0214.1,2024,8,1,140,140,QFN,ZA3401135PB,2/18/2024 7:00,B-A-T-P,P,IN6,TDC300E300C008B,MA005727173,22043,IN60007P,B,2024-INB-03-G001,TUBE,N,8,1,41.7 X 46.6,,CZ0288
INBPR0215.1,2024,8,1,140,140,QFN,ZA3401135PC,2/18/2024 7:00,B-A-T-P,P,IN6,TDC300E300C008B,MA005727173,22051,IN60007P,B,2024-INB-03-G001,TUBE,N,8,1,41.7 X 46.6,,CZ0288
INBPR0216.1,2024,8,1,140,140,QFN,ZA3401135PD,2/18/2024 7:00,B-A-T-P,P,IN6,TDC300E300C008B,MA005727173,22060,IN60007P,B,2024-INB-03-G001,TUBE,N,8,1,41.7 X 46.6,,CZ0288
INBPR0217.1,2024,8,2,140,140,QFN,ZA3401135PE,2/19/2024 7:00,B-A-T-P,P,IN6,TDC300E300C008B,MA005727173,22055,IN60007P,B,2024-INB-03-G001,TUBE,N,8,1,41.7 X 46.6,,CZ0288
INBPR0218.1,2024,8,2,140,140,QFN,ZA3401135PF,2/19/2024 7:00,B-A-T-P,P,IN6,TDC300E300C008B,MA005727173,22062,IN60007P,B,2024-INB-03-G001,TUBE,N,8,1,41.7 X 46.6,,CZ0288
INBPR0219.1,2024,8,2,140,140,QFN,ZA3401135PG,2/19/2024 7:00,B-A-T-P,P,IN6,TDC300E300C008B,MA005727173,22058,IN60007P,B,2024-INB-03-G001,TUBE,N,8,1,41.7 X 46.6,,CZ0288
INBPR0220.1,2024,8,2,140,140,QFN,ZA3401135PH,2/19/2024 7:00,B-A-T-P,P,IN6,TDC300E300C008B,MA005727173,22049,IN60007P,B,2024-INB-03-G001,TUBE,N,8,1,41.7 X 46.6,,CZ0288
INBPR0260.1,2024,8,6,140,140,QFN,ZA3401135PI,2/23/2024 7:00,B-A-T-P,P,IN6,TDC300E300C008B,MA005727173,22060,IN60007P,B,2024-INB-03-G006,TUBE,N,8,1,41.7 X 46.6,,CZ0288
INBPR0261.1,2024,8,6,140,140,QFN,ZA3401135PJ,2/23/2024 7:00,B-A-T-P,P,IN6,TDC300E300C008B,MA005727173,22051,IN60007P,B,2024-INB-03-G006,TUBE,N,8,1,41.7 X 46.6,,CZ0288
INBPR0262.1,2024,8,6,140,140,QFN,ZA3401135PK,2/23/2024 7:00,B-A-T-P,P,IN6,TDC300E300C008B,MA005727173,22026,IN60007P,B,2024-INB-03-G005,TUBE,N,8,1,41.7 X 46.6,,CZ0288
INBPR0263.1,2024,8,6,140,140,QFN,ZA3401135PL,2/23/2024 7:00,B-A-T-P,P,IN6,TDC300E300C008B,MA005727173,22038,IN60007P,B,2024-INB-03-G006,TUBE,N,8,1,41.7 X 46.6,,CZ0288
INBPR0264.1,2024,9,1,140,140,QFN,ZA3401135PM,2/25/2024 7:00,B-A-T-P,P,IN6,TDC300E300C008B,MA005727173,22060,IN60007P,B,2024-INB-03-G007,TUBE,N,8,1,41.7 X 46.6,,CZ0288
INBPR0265.1,2024,9,1,140,140,QFN,ZA3401135PN,2/25/2024 7:00,B-A-T-P,P,IN6,TDC300E300C008B,MA005727173,22059,IN60007P,B,2024-INB-03-G008,TUBE,N,8,1,41.7 X 46.6,,CZ0288
INBPR0266.1,2024,9,1,140,140,QFN,ZA3401135PO,2/25/2024 7:00,B-A-T-P,P,IN6,TDC300E300C008B,MA005727173,22053,IN60007P,B,2024-INB-03-G010,TUBE,N,8,1,41.7 X 46.6,,CZ0288
INBPR0267.1,2024,9,1,140,140,QFN,ZA3423355P1,2/25/2024 7:00,B-A-T-P,P,IN6,TDC300E300C008B,MA005727173,22004,IN60007P,B,2024-INB-03-G008,TUBE,N,8,1,41.7 X 46.6,,CZ0288
INBPR0268.1,2024,9,1,140,140,QFN,ZA3423355P2,2/25/2024 7:00,B-A-T-P,P,IN6,TDC300E300C008B,MA005727173,22043,IN60007P,B,2024-INB-03-G010,TUBE,N,8,1,41.7 X 46.6,,CZ0288
INBPR0269.1,2024,9,1,140,140,QFN,ZA3423355P3,2/25/2024 7:00,B-A-T-P,P,IN6,TDC300E300C008B,MA005727173,21951,IN60007P,B,2024-INB-03-G009,TUBE,N,8,1,41.7 X 46.6,,CZ0288
INBPR0270.1,2024,9,1,140,140,QFN,ZA3423355P4,2/25/2024 7:00,B-A-T-P,P,IN6,TDC300E300C008B,MA005727173,22019,IN60007P,B,2024-INB-03-G011,TUBE,N,8,1,41.7 X 46.6,,CZ0288
LSRER0001.1,2024,8,5,140,140,QFN,401,2/22/2024 19:00,B-A,E,LS0,TQ-500E500B032D,ML7425GDZFANZ,3000,LS00009E,E,2024-LSR-03-G001,TRAY,N,8,1,111.8 X 110.6,,CZ0288
LSRER0002.1,2024,8,5,140,140,QFN,401,2/22/2024 19:00,B-A,E,LS0,TQ-500E500B032D,ML7425GDZFANZ,3000,LS00009E,E,2024-LSR-03-G001,TRAY,N,8,1,111.8 X 110.6,,CZ0288
LSRER0003.1,2024,8,5,140,140,QFN,401,2/22/2024 19:00,B-A,E,LS0,TQ-500E500B032D,ML7425GDZFANZ,494,LS00009E,E,2024-LSR-03-G001,TRAY,N,8,1,111.8 X 110.6,,CZ0288
MTHER0554.1,2024,6,3,140,140,QFN,NSEB244500165.000,2/6/2024 19:00,A,E,MCH,NQ-400E400C016D,EQCO62T20.3,3532,MCH1684E,B,2024-MTH-02-G059,TRAY,N,8,1,46.5 X 31.4,,CZ0142
MTHER0555.1,2024,6,3,140,140,QFN,NSEB244500166.000,2/6/2024 19:00,A,E,MCH,NQ-400E400C016D,EQCO62T20.3,3532,MCH1684E,B,2024-MTH-02-G059,TRAY,N,8,1,46.5 X 31.4,,CZ0142
MTHER0656.1,2024,7,3,140,140,QFN,NSEB244600141.000,2/13/2024 19:00,A,E,MCH,NQ-400E400C016D,EQCO62T20.3,3532,MCH1684E,B,2024-MTH-02-G092,TRAY,N,8,1,46.5 X 31.4,,CZ0142
MTHER0657.1,2024,7,3,140,140,QFN,NSEB244600142.000,2/13/2024 19:00,A,E,MCH,NQ-400E400C016D,EQCO62T20.3,3532,MCH1684E,B,2024-MTH-02-G092,TRAY,N,8,1,46.5 X 31.4,,CZ0142
MTHER0658.1,2024,7,3,140,140,QFN,NSEB244600143.000,2/13/2024 19:00,A,E,MCH,NQ-400E400C016D,EQCO62T20.3,3532,MCH1684E,B,2024-MTH-02-G092,TRAY,N,8,1,46.5 X 31.4,,CZ0142
MTHER0552.1,2024,6,3,140,140,QFN,NSEB244500163.000,2/6/2024 19:00,A,E,MCH,NQ-400E400C016D,EQCO62T20.3-TRAY,3532,MCH1684E,B,2024-MTH-02-G059,TRAY,N,8,1,46.5 X 31.4,,CZ0142
MTHER0553.1,2024,6,3,140,140,QFN,NSEB244500164.000,2/6/2024 19:00,A,E,MCH,NQ-400E400C016D,EQCO62T20.3-TRAY,3532,MCH1684E,B,2024-MTH-02-G059,TRAY,N,8,1,46.5 X 31.4,,CZ0142
MNGPR0402.4,2024,5,7,140,140,QFN,826735,2/3/2024 19:00,B-A,P,MNS,NQ-600E600B040K,XMHVCG3448WYE68,12600,MNS0010P,D,2024-MNG-02-G091,TRAY,Y,8,1,126.7 X 98.8,,CZ0289
MNGPR0402.3,2024,5,7,140,140,QFN,826735,2/3/2024 19:00,B-A,P,MNS,NQ-600E600B040K,XMHVCG3448WYE68,12600,MNS0010P,D,2024-MNG-02-G091,TRAY,Y,8,1,126.7 X 98.8,,CZ0289
MNGPR0402.2,2024,5,7,140,140,QFN,826735,2/3/2024 19:00,B-A,P,MNS,NQ-600E600B040K,XMHVCG3448WYE68,12600,MNS0010P,D,2024-MNG-02-G091,TRAY,Y,8,1,126.7 X 98.8,,CZ0289
MNGPR0402.5,2024,5,7,140,140,QFN,826735,2/3/2024 19:00,B-A,P,MNS,NQ-600E600B040K,XMHVCG3448WYE68,12600,MNS0010P,D,2024-MNG-02-G091,TRAY,Y,8,1,126.7 X 98.8,,CZ0289
MNGPR0402.1,2024,5,7,140,140,QFN,826735,2/3/2024 19:00,B-A,P,MNS,NQ-600E600B040K,XMHVCG3448WYE68,12600,MNS0010P,D,2024-MNG-02-G091,TRAY,Y,8,1,126.7 X 98.8,,CZ0289
MNGPR0402.6,2024,5,7,140,140,QFN,826735,2/3/2024 19:00,B-A,P,MNS,NQ-600E600B040K,XMHVCG3448WYE68,11661,MNS0010P,D,2024-MNG-02-G091,TRAY,Y,8,1,126.7 X 98.8,,CZ0289
MNTPR0059.4,2024,6,1,140,140,QFN,826939,2/4/2024 19:00,B-A,P,MNS,NQ-600E600B040K,XMHVCG3448WYE68,12600,MNS0010P,D,SFG2000,TRAY,Y,8,1,126.7 X 98.8,,CZ0289
MNTPR0059.2,2024,6,1,140,140,QFN,826939,2/4/2024 19:00,B-A,P,MNS,NQ-600E600B040K,XMHVCG3448WYE68,12600,MNS0010P,D,SFG2000,TRAY,Y,8,1,126.7 X 98.8,,CZ0289
MNTPR0059.3,2024,6,1,140,140,QFN,826939,2/4/2024 19:00,B-A,P,MNS,NQ-600E600B040K,XMHVCG3448WYE68,12600,MNS0010P,D,SFG2000,TRAY,Y,8,1,126.7 X 98.8,,CZ0289
MNTPR0059.1,2024,6,1,140,140,QFN,826939,2/4/2024 19:00,B-A,P,MNS,NQ-600E600B040K,XMHVCG3448WYE68,12600,MNS0010P,D,SFG2000,TRAY,Y,8,1,126.7 X 98.8,,CZ0289
MNTPR0059.6,2024,6,1,140,140,QFN,826939,2/4/2024 19:00,B-A,P,MNS,NQ-600E600B040K,XMHVCG3448WYE68,12846,MNS0010P,D,SFG2000,TRAY,Y,8,1,126.7 X 98.8,,CZ0289
MNTPR0059.5,2024,6,1,140,140,QFN,826939,2/4/2024 19:00,B-A,P,MNS,NQ-600E600B040K,XMHVCG3448WYE68,12600,MNS0010P,D,SFG2000,TRAY,Y,8,1,126.7 X 98.8,,CZ0289
MNTPR0067.1,2024,6,2,140,140,QFN,826981,2/5/2024 19:00,B-A,P,MNS,NQ-600E600B040K,XMHVCG3448WYE68,12600,MNS0010P,D,SFG2000,TRAY,Y,8,1,126.7 X 98.8,,CZ0289
MNTPR0067.2,2024,6,2,140,140,QFN,826981,2/5/2024 19:00,B-A,P,MNS,NQ-600E600B040K,XMHVCG3448WYE68,12600,MNS0010P,D,SFG2000,TRAY,Y,8,1,126.7 X 98.8,,CZ0289
MNTPR0067.6,2024,6,2,140,140,QFN,826981,2/5/2024 19:00,B-A,P,MNS,NQ-600E600B040K,XMHVCG3448WYE68,11498,MNS0010P,D,SFG2000,TRAY,Y,8,1,126.7 X 98.8,,CZ0289
MNTPR0067.3,2024,6,2,140,140,QFN,826981,2/5/2024 19:00,B-A,P,MNS,NQ-600E600B040K,XMHVCG3448WYE68,12600,MNS0010P,D,SFG2000,TRAY,Y,8,1,126.7 X 98.8,,CZ0289
MNTPR0067.4,2024,6,2,140,140,QFN,826981,2/5/2024 19:00,B-A,P,MNS,NQ-600E600B040K,XMHVCG3448WYE68,12600,MNS0010P,D,SFG2000,TRAY,Y,8,1,126.7 X 98.8,,CZ0289
MNTPR0067.5,2024,6,2,140,140,QFN,826981,2/5/2024 19:00,B-A,P,MNS,NQ-600E600B040K,XMHVCG3448WYE68,12600,MNS0010P,D,SFG2000,TRAY,Y,8,1,126.7 X 98.8,,CZ0289
MNTPR0068.2,2024,6,2,140,140,QFN,826978,2/5/2024 19:00,B-A,P,MNS,NQ-600E600B040K,XMHVCG3448WYE68,12600,MNS0010P,D,SFG2000,TRAY,Y,8,1,126.7 X 98.8,,CZ0289
MNTPR0068.1,2024,6,2,140,140,QFN,826978,2/5/2024 19:00,B-A,P,MNS,NQ-600E600B040K,XMHVCG3448WYE68,12600,MNS0010P,D,SFG2000,TRAY,Y,8,1,126.7 X 98.8,,CZ0289
MNTPR0068.6,2024,6,2,140,140,QFN,826978,2/5/2024 19:00,B-A,P,MNS,NQ-600E600B040K,XMHVCG3448WYE68,6623,MNS0010P,D,SFG2000,TRAY,Y,8,1,126.7 X 98.8,,CZ0289
MNTPR0068.5,2024,6,2,140,140,QFN,826978,2/5/2024 19:00,B-A,P,MNS,NQ-600E600B040K,XMHVCG3448WYE68,12600,MNS0010P,D,SFG2000,TRAY,Y,8,1,126.7 X 98.8,,CZ0289
MNTPR0068.3,2024,6,2,140,140,QFN,826978,2/5/2024 19:00,B-A,P,MNS,NQ-600E600B040K,XMHVCG3448WYE68,12600,MNS0010P,D,SFG2000,TRAY,Y,8,1,126.7 X 98.8,,CZ0289
MNTPR0068.4,2024,6,2,140,140,QFN,826978,2/5/2024 19:00,B-A,P,MNS,NQ-600E600B040K,XMHVCG3448WYE68,12600,MNS0010P,D,SFG2000,TRAY,Y,8,1,126.7 X 98.8,,CZ0289
MNTPR0069.6,2024,6,2,140,140,QFN,826678,2/5/2024 19:00,B-A,P,MNS,NQ-600E600B040K,XMHVCG3448WYE68,7658,MNS0010P,D,SFG2000,TRAY,Y,8,1,126.7 X 98.8,,CZ0289
MNTPR0069.5,2024,6,2,140,140,QFN,826678,2/5/2024 19:00,B-A,P,MNS,NQ-600E600B040K,XMHVCG3448WYE68,12600,MNS0010P,D,SFG2000,TRAY,Y,8,1,126.7 X 98.8,,CZ0289
MNTPR0069.4,2024,6,2,140,140,QFN,826678,2/5/2024 19:00,B-A,P,MNS,NQ-600E600B040K,XMHVCG3448WYE68,12600,MNS0010P,D,SFG2000,TRAY,Y,8,1,126.7 X 98.8,,CZ0289
MNTPR0069.3,2024,6,2,140,140,QFN,826678,2/5/2024 19:00,B-A,P,MNS,NQ-600E600B040K,XMHVCG3448WYE68,12600,MNS0010P,D,SFG2000,TRAY,Y,8,1,126.7 X 98.8,,CZ0289
MNTPR0069.1,2024,6,2,140,140,QFN,826678,2/5/2024 19:00,B-A,P,MNS,NQ-600E600B040K,XMHVCG3448WYE68,12600,MNS0010P,D,SFG2000,TRAY,Y,8,1,126.7 X 98.8,,CZ0289
MNTPR0069.2,2024,6,2,140,140,QFN,826678,2/5/2024 19:00,B-A,P,MNS,NQ-600E600B040K,XMHVCG3448WYE68,12600,MNS0010P,D,SFG2000,TRAY,Y,8,1,126.7 X 98.8,,CZ0289
MNTPR0070.4,2024,6,2,140,140,QFN,826863,2/5/2024 19:00,B-A,P,MNS,NQ-600E600B040K,XMHVCG3448WYE68,12600,MNS0010P,D,SFG2000,TRAY,Y,8,1,126.7 X 98.8,,CZ0289
MNTPR0070.5,2024,6,2,140,140,QFN,826863,2/5/2024 19:00,B-A,P,MNS,NQ-600E600B040K,XMHVCG3448WYE68,18132,MNS0010P,D,SFG2000,TRAY,Y,8,1,126.7 X 98.8,,CZ0289
MNTPR0070.2,2024,6,2,140,140,QFN,826863,2/5/2024 19:00,B-A,P,MNS,NQ-600E600B040K,XMHVCG3448WYE68,12600,MNS0010P,D,SFG2000,TRAY,Y,8,1,126.7 X 98.8,,CZ0289
MNTPR0070.1,2024,6,2,140,140,QFN,826863,2/5/2024 19:00,B-A,P,MNS,NQ-600E600B040K,XMHVCG3448WYE68,12600,MNS0010P,D,SFG2000,TRAY,Y,8,1,126.7 X 98.8,,CZ0289
MNTPR0070.3,2024,6,2,140,140,QFN,826863,2/5/2024 19:00,B-A,P,MNS,NQ-600E600B040K,XMHVCG3448WYE68,12600,MNS0010P,D,SFG2000,TRAY,Y,8,1,126.7 X 98.8,,CZ0289
MNTPR0073.5,2024,6,3,140,140,QFN,826825,2/6/2024 19:00,B-A,P,MNS,NQ-600E600B040K,XMHVCG3448WYE68,12600,MNS0010P,D,SFG2000,TRAY,Y,8,1,126.7 X 98.8,,CZ0289
MNTPR0073.3,2024,6,3,140,140,QFN,826825,2/6/2024 19:00,B-A,P,MNS,NQ-600E600B040K,XMHVCG3448WYE68,12600,MNS0010P,D,SFG2000,TRAY,Y,8,1,126.7 X 98.8,,CZ0289
MNTPR0073.4,2024,6,3,140,140,QFN,826825,2/6/2024 19:00,B-A,P,MNS,NQ-600E600B040K,XMHVCG3448WYE68,12600,MNS0010P,D,SFG2000,TRAY,Y,8,1,126.7 X 98.8,,CZ0289
MNTPR0073.2,2024,6,3,140,140,QFN,826825,2/6/2024 19:00,B-A,P,MNS,NQ-600E600B040K,XMHVCG3448WYE68,12600,MNS0010P,D,SFG2000,TRAY,Y,8,1,126.7 X 98.8,,CZ0289
MNTPR0073.6,2024,6,3,140,140,QFN,826825,2/6/2024 19:00,B-A,P,MNS,NQ-600E600B040K,XMHVCG3448WYE68,9262,MNS0010P,D,SFG2000,TRAY,Y,8,1,126.7 X 98.8,,CZ0289
MNTPR0073.1,2024,6,3,140,140,QFN,826825,2/6/2024 19:00,B-A,P,MNS,NQ-600E600B040K,XMHVCG3448WYE68,12600,MNS0010P,D,SFG2000,TRAY,Y,8,1,126.7 X 98.8,,CZ0289
MNTPR0074.5,2024,6,3,140,140,QFN,826520,2/6/2024 19:00,B-A,P,MNS,NQ-600E600B040K,XMHVCG3448WYE68,12600,MNS0010P,D,SFG2000,TRAY,Y,8,1,126.7 X 98.8,,CZ0289
MNTPR0074.3,2024,6,3,140,140,QFN,826520,2/6/2024 19:00,B-A,P,MNS,NQ-600E600B040K,XMHVCG3448WYE68,12600,MNS0010P,D,SFG2000,TRAY,Y,8,1,126.7 X 98.8,,CZ0289
MNTPR0074.2,2024,6,3,140,140,QFN,826520,2/6/2024 19:00,B-A,P,MNS,NQ-600E600B040K,XMHVCG3448WYE68,12600,MNS0010P,D,SFG2000,TRAY,Y,8,1,126.7 X 98.8,,CZ0289
MNTPR0074.1,2024,6,3,140,140,QFN,826520,2/6/2024 19:00,B-A,P,MNS,NQ-600E600B040K,XMHVCG3448WYE68,12600,MNS0010P,D,SFG2000,TRAY,Y,8,1,126.7 X 98.8,,CZ0289
MNTPR0074.6,2024,6,3,140,140,QFN,826520,2/6/2024 19:00,B-A,P,MNS,NQ-600E600B040K,XMHVCG3448WYE68,12317,MNS0010P,D,SFG2000,TRAY,Y,8,1,126.7 X 98.8,,CZ0289
MNTPR0074.4,2024,6,3,140,140,QFN,826520,2/6/2024 19:00,B-A,P,MNS,NQ-600E600B040K,XMHVCG3448WYE68,12600,MNS0010P,D,SFG2000,TRAY,Y,8,1,126.7 X 98.8,,CZ0289
MNTPR0075.1,2024,6,5,140,140,QFN,826896,2/8/2024 19:00,B-A,P,MNS,NQ-600E600B040K,XMHVCG3448WYE68,12600,MNS0010P,D,SFG2000,TRAY,Y,8,1,126.7 X 98.8,,CZ0289
MNTPR0075.2,2024,6,5,140,140,QFN,826896,2/8/2024 19:00,B-A,P,MNS,NQ-600E600B040K,XMHVCG3448WYE68,12600,MNS0010P,D,SFG2000,TRAY,Y,8,1,126.7 X 98.8,,CZ0289
MNTPR0075.3,2024,6,5,140,140,QFN,826896,2/8/2024 19:00,B-A,P,MNS,NQ-600E600B040K,XMHVCG3448WYE68,12600,MNS0010P,D,SFG2000,TRAY,Y,8,1,126.7 X 98.8,,CZ0289
MNTPR0075.4,2024,6,5,140,140,QFN,826896,2/8/2024 19:00,B-A,P,MNS,NQ-600E600B040K,XMHVCG3448WYE68,12600,MNS0010P,D,SFG2000,TRAY,Y,8,1,126.7 X 98.8,,CZ0289
MNTPR0075.5,2024,6,5,140,140,QFN,826896,2/8/2024 19:00,B-A,P,MNS,NQ-600E600B040K,XMHVCG3448WYE68,12600,MNS0010P,D,SFG2000,TRAY,Y,8,1,126.7 X 98.8,,CZ0289
MNTPR0075.6,2024,6,5,140,140,QFN,826896,2/8/2024 19:00,B-A,P,MNS,NQ-600E600B040K,XMHVCG3448WYE68,6948,MNS0010P,D,SFG2000,TRAY,Y,8,1,126.7 X 98.8,,CZ0289
MNTPR0076.1,2024,6,5,140,140,QFN,826897,2/8/2024 19:00,B-A,P,MNS,NQ-600E600B040K,XMHVCG3448WYE68,12600,MNS0010P,D,SFG2000,TRAY,Y,8,1,126.7 X 98.8,,CZ0289
MNTPR0076.2,2024,6,5,140,140,QFN,826897,2/8/2024 19:00,B-A,P,MNS,NQ-600E600B040K,XMHVCG3448WYE68,12600,MNS0010P,D,SFG2000,TRAY,Y,8,1,126.7 X 98.8,,CZ0289
MNTPR0076.3,2024,6,5,140,140,QFN,826897,2/8/2024 19:00,B-A,P,MNS,NQ-600E600B040K,XMHVCG3448WYE68,12600,MNS0010P,D,SFG2000,TRAY,Y,8,1,126.7 X 98.8,,CZ0289
MNTPR0076.4,2024,6,5,140,140,QFN,826897,2/8/2024 19:00,B-A,P,MNS,NQ-600E600B040K,XMHVCG3448WYE68,12600,MNS0010P,D,SFG2000,TRAY,Y,8,1,126.7 X 98.8,,CZ0289
MNTPR0076.5,2024,6,5,140,140,QFN,826897,2/8/2024 19:00,B-A,P,MNS,NQ-600E600B040K,XMHVCG3448WYE68,12600,MNS0010P,D,SFG2000,TRAY,Y,8,1,126.7 X 98.8,,CZ0289
MNTPR0076.6,2024,6,5,140,140,QFN,826897,2/8/2024 19:00,B-A,P,MNS,NQ-600E600B040K,XMHVCG3448WYE68,9388,MNS0010P,D,SFG2000,TRAY,Y,8,1,126.7 X 98.8,,CZ0289
MNTPR0077.5,2024,6,6,140,140,QFN,826744,2/9/2024 19:00,B-A,P,MNS,NQ-600E600B040K,XMHVCG3448WYE68,12600,MNS0010P,D,SFG2000,TRAY,Y,8,1,126.7 X 98.8,,CZ0289
MNTPR0077.6,2024,6,6,140,140,QFN,826744,2/9/2024 19:00,B-A,P,MNS,NQ-600E600B040K,XMHVCG3448WYE68,14199,MNS0010P,D,SFG2000,TRAY,Y,8,1,126.7 X 98.8,,CZ0289
MNTPR0077.1,2024,6,6,140,140,QFN,826744,2/9/2024 19:00,B-A,P,MNS,NQ-600E600B040K,XMHVCG3448WYE68,12600,MNS0010P,D,SFG2000,TRAY,Y,8,1,126.7 X 98.8,,CZ0289
MNTPR0077.2,2024,6,6,140,140,QFN,826744,2/9/2024 19:00,B-A,P,MNS,NQ-600E600B040K,XMHVCG3448WYE68,12600,MNS0010P,D,SFG2000,TRAY,Y,8,1,126.7 X 98.8,,CZ0289
MNTPR0077.3,2024,6,6,140,140,QFN,826744,2/9/2024 19:00,B-A,P,MNS,NQ-600E600B040K,XMHVCG3448WYE68,12600,MNS0010P,D,SFG2000,TRAY,Y,8,1,126.7 X 98.8,,CZ0289
MNTPR0077.4,2024,6,6,140,140,QFN,826744,2/9/2024 19:00,B-A,P,MNS,NQ-600E600B040K,XMHVCG3448WYE68,12600,MNS0010P,D,SFG2000,TRAY,Y,8,1,126.7 X 98.8,,CZ0289
MNTPR0078.2,2024,6,6,140,140,QFN,826977,2/9/2024 19:00,B-A,P,MNS,NQ-600E600B040K,XMHVCG3448WYE68,12600,MNS0010P,D,SFG2000,TRAY,Y,8,1,126.7 X 98.8,,CZ0289
MNTPR0078.3,2024,6,6,140,140,QFN,826977,2/9/2024 19:00,B-A,P,MNS,NQ-600E600B040K,XMHVCG3448WYE68,12600,MNS0010P,D,SFG2000,TRAY,Y,8,1,126.7 X 98.8,,CZ0289
MNTPR0078.1,2024,6,6,140,140,QFN,826977,2/9/2024 19:00,B-A,P,MNS,NQ-600E600B040K,XMHVCG3448WYE68,12600,MNS0010P,D,SFG2000,TRAY,Y,8,1,126.7 X 98.8,,CZ0289
MNTPR0078.4,2024,6,6,140,140,QFN,826977,2/9/2024 19:00,B-A,P,MNS,NQ-600E600B040K,XMHVCG3448WYE68,12600,MNS0010P,D,SFG2000,TRAY,Y,8,1,126.7 X 98.8,,CZ0289
MNTPR0078.5,2024,6,6,140,140,QFN,826977,2/9/2024 19:00,B-A,P,MNS,NQ-600E600B040K,XMHVCG3448WYE68,12600,MNS0010P,D,SFG2000,TRAY,Y,8,1,126.7 X 98.8,,CZ0289
MNTPR0078.6,2024,6,6,140,140,QFN,826977,2/9/2024 19:00,B-A,P,MNS,NQ-600E600B040K,XMHVCG3448WYE68,8473,MNS0010P,D,SFG2000,TRAY,Y,8,1,126.7 X 98.8,,CZ0289
MNTPR0079.2,2024,6,7,140,140,QFN,826940,2/10/2024 19:00,B-A,P,MNS,NQ-600E600B040K,XMHVCG3448WYE68,12600,MNS0010P,D,SFG2000,TRAY,Y,8,1,126.7 X 98.8,,CZ0289
MNTPR0079.1,2024,6,7,140,140,QFN,826940,2/10/2024 19:00,B-A,P,MNS,NQ-600E600B040K,XMHVCG3448WYE68,12600,MNS0010P,D,SFG2000,TRAY,Y,8,1,126.7 X 98.8,,CZ0289
MNTPR0079.3,2024,6,7,140,140,QFN,826940,2/10/2024 19:00,B-A,P,MNS,NQ-600E600B040K,XMHVCG3448WYE68,12600,MNS0010P,D,SFG2000,TRAY,Y,8,1,126.7 X 98.8,,CZ0289
MNTPR0079.6,2024,6,7,140,140,QFN,826940,2/10/2024 19:00,B-A,P,MNS,NQ-600E600B040K,XMHVCG3448WYE68,11310,MNS0010P,D,SFG2000,TRAY,Y,8,1,126.7 X 98.8,,CZ0289
MNTPR0079.5,2024,6,7,140,140,QFN,826940,2/10/2024 19:00,B-A,P,MNS,NQ-600E600B040K,XMHVCG3448WYE68,12600,MNS0010P,D,SFG2000,TRAY,Y,8,1,126.7 X 98.8,,CZ0289
MNTPR0079.4,2024,6,7,140,140,QFN,826940,2/10/2024 19:00,B-A,P,MNS,NQ-600E600B040K,XMHVCG3448WYE68,12600,MNS0010P,D,SFG2000,TRAY,Y,8,1,126.7 X 98.8,,CZ0289
MNTPR0080.1,2024,6,7,140,140,QFN,826674,2/10/2024 19:00,B-A,P,MNS,NQ-600E600B040K,XMHVCG3448WYE68,12600,MNS0010P,D,SFG2000,TRAY,Y,8,1,126.7 X 98.8,,CZ0289
MNTPR0080.2,2024,6,7,140,140,QFN,826674,2/10/2024 19:00,B-A,P,MNS,NQ-600E600B040K,XMHVCG3448WYE68,12600,MNS0010P,D,SFG2000,TRAY,Y,8,1,126.7 X 98.8,,CZ0289
MNTPR0080.5,2024,6,7,140,140,QFN,826674,2/10/2024 19:00,B-A,P,MNS,NQ-600E600B040K,XMHVCG3448WYE68,12600,MNS0010P,D,SFG2000,TRAY,Y,8,1,126.7 X 98.8,,CZ0289
MNTPR0080.4,2024,6,7,140,140,QFN,826674,2/10/2024 19:00,B-A,P,MNS,NQ-600E600B040K,XMHVCG3448WYE68,12600,MNS0010P,D,SFG2000,TRAY,Y,8,1,126.7 X 98.8,,CZ0289
MNTPR0080.3,2024,6,7,140,140,QFN,826674,2/10/2024 19:00,B-A,P,MNS,NQ-600E600B040K,XMHVCG3448WYE68,12600,MNS0010P,D,SFG2000,TRAY,Y,8,1,126.7 X 98.8,,CZ0289
MNTPR0080.6,2024,6,7,140,140,QFN,826674,2/10/2024 19:00,B-A,P,MNS,NQ-600E600B040K,XMHVCG3448WYE68,7061,MNS0010P,D,SFG2000,TRAY,Y,8,1,126.7 X 98.8,,CZ0289
MNTPR0081.4,2024,7,1,140,140,QFN,826745,2/11/2024 19:00,B-A,P,MNS,NQ-600E600B040K,XMHVCG3448WYE68,9765,MNS0010P,D,SFG2000,TRAY,Y,8,1,126.7 X 98.8,,CZ0289
MNTPR0081.2,2024,7,1,140,140,QFN,826745,2/11/2024 19:00,B-A,P,MNS,NQ-600E600B040K,XMHVCG3448WYE68,12600,MNS0010P,D,SFG2000,TRAY,Y,8,1,126.7 X 98.8,,CZ0289
MNTPR0081.1,2024,7,1,140,140,QFN,826745,2/11/2024 19:00,B-A,P,MNS,NQ-600E600B040K,XMHVCG3448WYE68,12600,MNS0010P,D,SFG2000,TRAY,Y,8,1,126.7 X 98.8,,CZ0289
MNTPR0081.3,2024,7,1,140,140,QFN,826745,2/11/2024 19:00,B-A,P,MNS,NQ-600E600B040K,XMHVCG3448WYE68,12600,MNS0010P,D,SFG2000,TRAY,Y,8,1,126.7 X 98.8,,CZ0289
MNTPR0092.2,2024,8,2,140,140,QFN,826990,2/19/2024 19:00,B-A,P,MNS,NQ-600E600B040K,XMHVCG3448WYE68,12600,MNS0010P,D,SFG2000,TRAY,Y,8,1,126.7 X 98.8,,CZ0289
MNTPR0092.3,2024,8,2,140,140,QFN,826990,2/19/2024 19:00,B-A,P,MNS,NQ-600E600B040K,XMHVCG3448WYE68,12600,MNS0010P,D,SFG2000,TRAY,Y,8,1,126.7 X 98.8,,CZ0289
MNTPR0092.4,2024,8,2,140,140,QFN,826990,2/19/2024 19:00,B-A,P,MNS,NQ-600E600B040K,XMHVCG3448WYE68,12600,MNS0010P,D,SFG2000,TRAY,Y,8,1,126.7 X 98.8,,CZ0289
MNTPR0092.5,2024,8,2,140,140,QFN,826990,2/19/2024 19:00,B-A,P,MNS,NQ-600E600B040K,XMHVCG3448WYE68,12848,MNS0010P,D,SFG2000,TRAY,Y,8,1,126.7 X 98.8,,CZ0289
MNTPR0092.1,2024,8,2,140,140,QFN,826990,2/19/2024 19:00,B-A,P,MNS,NQ-600E600B040K,XMHVCG3448WYE68,12600,MNS0010P,D,SFG2000,TRAY,Y,8,1,126.7 X 98.8,,CZ0289
MNTPR0093.5,2024,8,2,140,140,QFN,826984,2/19/2024 19:00,B-A,P,MNS,NQ-600E600B040K,XMHVCG3448WYE68,11515,MNS0010P,D,SFG2000,TRAY,Y,8,1,126.7 X 98.8,,CZ0289
MNTPR0093.4,2024,8,2,140,140,QFN,826984,2/19/2024 19:00,B-A,P,MNS,NQ-600E600B040K,XMHVCG3448WYE68,12600,MNS0010P,D,SFG2000,TRAY,Y,8,1,126.7 X 98.8,,CZ0289
MNTPR0093.3,2024,8,2,140,140,QFN,826984,2/19/2024 19:00,B-A,P,MNS,NQ-600E600B040K,XMHVCG3448WYE68,12600,MNS0010P,D,SFG2000,TRAY,Y,8,1,126.7 X 98.8,,CZ0289
MNTPR0093.2,2024,8,2,140,140,QFN,826984,2/19/2024 19:00,B-A,P,MNS,NQ-600E600B040K,XMHVCG3448WYE68,12600,MNS0010P,D,SFG2000,TRAY,Y,8,1,126.7 X 98.8,,CZ0289
MNTPR0093.1,2024,8,2,140,140,QFN,826984,2/19/2024 19:00,B-A,P,MNS,NQ-600E600B040K,XMHVCG3448WYE68,12600,MNS0010P,D,SFG2000,TRAY,Y,8,1,126.7 X 98.8,,CZ0289
MNTPR0094.5,2024,8,3,140,140,QFN,826656,2/20/2024 19:00,B-A,P,MNS,NQ-600E600B040K,XMHVCG3448WYE68,16797,MNS0010P,D,SFG2000,TRAY,Y,8,1,126.7 X 98.8,,CZ0289
MNTPR0094.4,2024,8,3,140,140,QFN,826656,2/20/2024 19:00,B-A,P,MNS,NQ-600E600B040K,XMHVCG3448WYE68,12600,MNS0010P,D,SFG2000,TRAY,Y,8,1,126.7 X 98.8,,CZ0289
MNTPR0094.3,2024,8,3,140,140,QFN,826656,2/20/2024 19:00,B-A,P,MNS,NQ-600E600B040K,XMHVCG3448WYE68,12600,MNS0010P,D,SFG2000,TRAY,Y,8,1,126.7 X 98.8,,CZ0289
MNTPR0094.2,2024,8,3,140,140,QFN,826656,2/20/2024 19:00,B-A,P,MNS,NQ-600E600B040K,XMHVCG3448WYE68,12600,MNS0010P,D,SFG2000,TRAY,Y,8,1,126.7 X 98.8,,CZ0289
MNTPR0094.1,2024,8,3,140,140,QFN,826656,2/20/2024 19:00,B-A,P,MNS,NQ-600E600B040K,XMHVCG3448WYE68,12600,MNS0010P,D,SFG2000,TRAY,Y,8,1,126.7 X 98.8,,CZ0289
MNTPR0095.2,2024,8,3,140,140,QFN,827084,2/20/2024 19:00,B-A,P,MNS,NQ-600E600B040K,XMHVCG3448WYE68,12600,MNS0010P,D,SFG2000,TRAY,Y,8,1,126.7 X 98.8,,CZ0289
MNTPR0095.3,2024,8,3,140,140,QFN,827084,2/20/2024 19:00,B-A,P,MNS,NQ-600E600B040K,XMHVCG3448WYE68,12600,MNS0010P,D,SFG2000,TRAY,Y,8,1,126.7 X 98.8,,CZ0289
MNTPR0095.4,2024,8,3,140,140,QFN,827084,2/20/2024 19:00,B-A,P,MNS,NQ-600E600B040K,XMHVCG3448WYE68,12600,MNS0010P,D,SFG2000,TRAY,Y,8,1,126.7 X 98.8,,CZ0289
MNTPR0095.5,2024,8,3,140,140,QFN,827084,2/20/2024 19:00,B-A,P,MNS,NQ-600E600B040K,XMHVCG3448WYE68,17380,MNS0010P,D,SFG2000,TRAY,Y,8,1,126.7 X 98.8,,CZ0289
MNTPR0095.1,2024,8,3,140,140,QFN,827084,2/20/2024 19:00,B-A,P,MNS,NQ-600E600B040K,XMHVCG3448WYE68,12600,MNS0010P,D,SFG2000,TRAY,Y,8,1,126.7 X 98.8,,CZ0289
MNTPR0060.2,2024,6,1,140,140,QFN,826269,2/4/2024 0:00,B-A,P,MNS,NQ-600E600B040K,XMHVCG3548WYE69,12600,MNS0010P,D,SFG2000,TRAY,Y,8,1,126.7 X 98.8,,CZ0289
MNTPR0060.1,2024,6,1,140,140,QFN,826269,2/4/2024 0:00,B-A,P,MNS,NQ-600E600B040K,XMHVCG3548WYE69,12600,MNS0010P,D,SFG2000,TRAY,Y,8,1,126.7 X 98.8,,CZ0289
MNTPR0060.3,2024,6,1,140,140,QFN,826269,2/4/2024 0:00,B-A,P,MNS,NQ-600E600B040K,XMHVCG3548WYE69,12600,MNS0010P,D,SFG2000,TRAY,Y,8,1,126.7 X 98.8,,CZ0289
MNTPR0060.6,2024,6,1,140,140,QFN,826269,2/4/2024 0:00,B-A,P,MNS,NQ-600E600B040K,XMHVCG3548WYE69,12221,MNS0010P,D,SFG2000,TRAY,Y,8,1,126.7 X 98.8,,CZ0289
MNTPR0060.5,2024,6,1,140,140,QFN,826269,2/4/2024 0:00,B-A,P,MNS,NQ-600E600B040K,XMHVCG3548WYE69,12600,MNS0010P,D,SFG2000,TRAY,Y,8,1,126.7 X 98.8,,CZ0289
MNTPR0060.4,2024,6,1,140,140,QFN,826269,2/4/2024 0:00,B-A,P,MNS,NQ-600E600B040K,XMHVCG3548WYE69,12600,MNS0010P,D,SFG2000,TRAY,Y,8,1,126.7 X 98.8,,CZ0289
MNTPR0082.4,2024,7,3,140,140,QFN,826983,2/13/2024 19:00,B-A,P,MNS,NQ-600E600B040K,XMHVCG3548WYE69,18371,MNS0010P,D,SFG2000,TRAY,Y,8,1,126.7 X 98.8,,CZ0289
MNTPR0082.3,2024,7,3,140,140,QFN,826983,2/13/2024 19:00,B-A,P,MNS,NQ-600E600B040K,XMHVCG3548WYE69,12600,MNS0010P,D,SFG2000,TRAY,Y,8,1,126.7 X 98.8,,CZ0289
MNTPR0082.1,2024,7,3,140,140,QFN,826983,2/13/2024 19:00,B-A,P,MNS,NQ-600E600B040K,XMHVCG3548WYE69,12600,MNS0010P,D,SFG2000,TRAY,Y,8,1,126.7 X 98.8,,CZ0289
MNTPR0082.2,2024,7,3,140,140,QFN,826983,2/13/2024 19:00,B-A,P,MNS,NQ-600E600B040K,XMHVCG3548WYE69,12600,MNS0010P,D,SFG2000,TRAY,Y,8,1,126.7 X 98.8,,CZ0289
MNTPR0096.1,2024,8,5,140,140,QFN,825176,2/22/2024 19:00,B-A,P,MNS,NQ-600E600B040K,XMHVCG3548WYE69,12600,MNS0010P,D,SFG2000,TRAY,Y,8,1,126.7 X 98.8,,CZ0289
MNTPR0096.2,2024,8,5,140,140,QFN,825176,2/22/2024 19:00,B-A,P,MNS,NQ-600E600B040K,XMHVCG3548WYE69,12600,MNS0010P,D,SFG2000,TRAY,Y,8,1,126.7 X 98.8,,CZ0289
MNTPR0096.3,2024,8,5,140,140,QFN,825176,2/22/2024 19:00,B-A,P,MNS,NQ-600E600B040K,XMHVCG3548WYE69,16501,MNS0010P,D,SFG2000,TRAY,Y,8,1,126.7 X 98.8,,CZ0289
MNTPR0097.1,2024,8,5,140,140,QFN,824419,2/22/2024 19:00,B-A,P,MNS,NQ-600E600B040K,XMHVCG3548WYE69,12600,MNS0010P,D,SFG2000,TRAY,Y,8,1,126.7 X 98.8,,CZ0289
MNTPR0097.2,2024,8,5,140,140,QFN,824419,2/22/2024 19:00,B-A,P,MNS,NQ-600E600B040K,XMHVCG3548WYE69,12600,MNS0010P,D,SFG2000,TRAY,Y,8,1,126.7 X 98.8,,CZ0289
MNTPR0097.3,2024,8,5,140,140,QFN,824419,2/22/2024 19:00,B-A,P,MNS,NQ-600E600B040K,XMHVCG3548WYE69,12600,MNS0010P,D,SFG2000,TRAY,Y,8,1,126.7 X 98.8,,CZ0289
MNTPR0097.4,2024,8,5,140,140,QFN,824419,2/22/2024 19:00,B-A,P,MNS,NQ-600E600B040K,XMHVCG3548WYE69,7255,MNS0010P,D,SFG2000,TRAY,Y,8,1,126.7 X 98.8,,CZ0289
MNTPR0098.6,2024,8,4,140,140,QFN,826937,2/21/2024 19:00,B-A,P,MNS,NQ-600E600B040K,XMHVCG3548WYE69,9912,MNS0010P,D,SFG2000,TRAY,Y,8,1,126.7 X 98.8,,CZ0289
MNTPR0098.1,2024,8,4,140,140,QFN,826937,2/21/2024 19:00,B-A,P,MNS,NQ-600E600B040K,XMHVCG3548WYE69,12600,MNS0010P,D,SFG2000,TRAY,Y,8,1,126.7 X 98.8,,CZ0289
MNTPR0098.2,2024,8,4,140,140,QFN,826937,2/21/2024 19:00,B-A,P,MNS,NQ-600E600B040K,XMHVCG3548WYE69,12600,MNS0010P,D,SFG2000,TRAY,Y,8,1,126.7 X 98.8,,CZ0289
MNTPR0098.3,2024,8,4,140,140,QFN,826937,2/21/2024 19:00,B-A,P,MNS,NQ-600E600B040K,XMHVCG3548WYE69,12600,MNS0010P,D,SFG2000,TRAY,Y,8,1,126.7 X 98.8,,CZ0289
MNTPR0098.4,2024,8,4,140,140,QFN,826937,2/21/2024 19:00,B-A,P,MNS,NQ-600E600B040K,XMHVCG3548WYE69,12600,MNS0010P,D,SFG2000,TRAY,Y,8,1,126.7 X 98.8,,CZ0289
MNTPR0098.5,2024,8,4,140,140,QFN,826937,2/21/2024 19:00,B-A,P,MNS,NQ-600E600B040K,XMHVCG3548WYE69,12600,MNS0010P,D,SFG2000,TRAY,Y,8,1,126.7 X 98.8,,CZ0289
MNTPR0099.1,2024,8,4,140,140,QFN,823807,2/21/2024 19:00,B-A,P,MNS,NQ-600E600B040K,XMHVCG3548WYE69,12600,MNS0010P,D,SFG2000,TRAY,Y,8,1,126.7 X 98.8,,CZ0289
MNTPR0099.3,2024,8,4,140,140,QFN,823807,2/21/2024 19:00,B-A,P,MNS,NQ-600E600B040K,XMHVCG3548WYE69,18173,MNS0010P,D,SFG2000,TRAY,Y,8,1,126.7 X 98.8,,CZ0289
MNTPR0099.2,2024,8,4,140,140,QFN,823807,2/21/2024 19:00,B-A,P,MNS,NQ-600E600B040K,XMHVCG3548WYE69,12600,MNS0010P,D,SFG2000,TRAY,Y,8,1,126.7 X 98.8,,CZ0289
MNTPR0083.1,2024,7,4,140,140,QFN,827439,2/14/2024 19:00,B-A,P,MNS,NQC500E500C024K,XMHVCK2350WQA1,17600,MNS0011P,B,SFG2000,TRAY,Y,12,1,105.5 X 96.8,,CZ0289
MNTPR0083.10,2024,7,4,140,140,QFN,827439,2/14/2024 19:00,B-A,P,MNS,NQC500E500C024K,XMHVCK2350WQA1,17600,MNS0011P,B,SFG2000,TRAY,Y,12,1,105.5 X 96.8,,CZ0289
MNTPR0083.11,2024,7,4,140,140,QFN,827439,2/14/2024 19:00,B-A,P,MNS,NQC500E500C024K,XMHVCK2350WQA1,22567,MNS0011P,B,SFG2000,TRAY,Y,12,1,105.5 X 96.8,,CZ0289
MNTPR0083.2,2024,7,4,140,140,QFN,827439,2/14/2024 19:00,B-A,P,MNS,NQC500E500C024K,XMHVCK2350WQA1,17600,MNS0011P,B,SFG2000,TRAY,Y,12,1,105.5 X 96.8,,CZ0289
MNTPR0083.3,2024,7,4,140,140,QFN,827439,2/14/2024 19:00,B-A,P,MNS,NQC500E500C024K,XMHVCK2350WQA1,17600,MNS0011P,B,SFG2000,TRAY,Y,12,1,105.5 X 96.8,,CZ0289
MNTPR0083.9,2024,7,4,140,140,QFN,827439,2/14/2024 19:00,B-A,P,MNS,NQC500E500C024K,XMHVCK2350WQA1,17600,MNS0011P,B,SFG2000,TRAY,Y,12,1,105.5 X 96.8,,CZ0289
MNTPR0083.5,2024,7,4,140,140,QFN,827439,2/14/2024 19:00,B-A,P,MNS,NQC500E500C024K,XMHVCK2350WQA1,17600,MNS0011P,B,SFG2000,TRAY,Y,12,1,105.5 X 96.8,,CZ0289
MNTPR0083.6,2024,7,4,140,140,QFN,827439,2/14/2024 19:00,B-A,P,MNS,NQC500E500C024K,XMHVCK2350WQA1,17600,MNS0011P,B,SFG2000,TRAY,Y,12,1,105.5 X 96.8,,CZ0289
MNTPR0083.7,2024,7,4,140,140,QFN,827439,2/14/2024 19:00,B-A,P,MNS,NQC500E500C024K,XMHVCK2350WQA1,17600,MNS0011P,B,SFG2000,TRAY,Y,12,1,105.5 X 96.8,,CZ0289
MNTPR0083.8,2024,7,4,140,140,QFN,827439,2/14/2024 19:00,B-A,P,MNS,NQC500E500C024K,XMHVCK2350WQA1,17600,MNS0011P,B,SFG2000,TRAY,Y,12,1,105.5 X 96.8,,CZ0289
MNTPR0083.4,2024,7,4,140,140,QFN,827439,2/14/2024 19:00,B-A,P,MNS,NQC500E500C024K,XMHVCK2350WQA1,17600,MNS0011P,B,SFG2000,TRAY,Y,12,1,105.5 X 96.8,,CZ0289
MNTPR0084.7,2024,7,5,140,140,QFN,827474,2/15/2024 19:00,B-A,P,MNS,NQC500E500C024K,XMHVCK2350WQA1,17600,MNS0011P,B,SFG2000,TRAY,Y,12,1,105.5 X 96.8,,CZ0289
MNTPR0084.8,2024,7,5,140,140,QFN,827474,2/15/2024 19:00,B-A,P,MNS,NQC500E500C024K,XMHVCK2350WQA1,17600,MNS0011P,B,SFG2000,TRAY,Y,12,1,105.5 X 96.8,,CZ0289
MNTPR0084.9,2024,7,5,140,140,QFN,827474,2/15/2024 19:00,B-A,P,MNS,NQC500E500C024K,XMHVCK2350WQA1,17600,MNS0011P,B,SFG2000,TRAY,Y,12,1,105.5 X 96.8,,CZ0289
MNTPR0084.1,2024,7,5,140,140,QFN,827474,2/15/2024 19:00,B-A,P,MNS,NQC500E500C024K,XMHVCK2350WQA1,17600,MNS0011P,B,SFG2000,TRAY,Y,12,1,105.5 X 96.8,,CZ0289
MNTPR0084.10,2024,7,5,140,140,QFN,827474,2/15/2024 19:00,B-A,P,MNS,NQC500E500C024K,XMHVCK2350WQA1,17600,MNS0011P,B,SFG2000,TRAY,Y,12,1,105.5 X 96.8,,CZ0289
MNTPR0084.11,2024,7,5,140,140,QFN,827474,2/15/2024 19:00,B-A,P,MNS,NQC500E500C024K,XMHVCK2350WQA1,24637,MNS0011P,B,SFG2000,TRAY,Y,12,1,105.5 X 96.8,,CZ0289
MNTPR0084.2,2024,7,5,140,140,QFN,827474,2/15/2024 19:00,B-A,P,MNS,NQC500E500C024K,XMHVCK2350WQA1,17600,MNS0011P,B,SFG2000,TRAY,Y,12,1,105.5 X 96.8,,CZ0289
MNTPR0084.3,2024,7,5,140,140,QFN,827474,2/15/2024 19:00,B-A,P,MNS,NQC500E500C024K,XMHVCK2350WQA1,17600,MNS0011P,B,SFG2000,TRAY,Y,12,1,105.5 X 96.8,,CZ0289
MNTPR0084.4,2024,7,5,140,140,QFN,827474,2/15/2024 19:00,B-A,P,MNS,NQC500E500C024K,XMHVCK2350WQA1,17600,MNS0011P,B,SFG2000,TRAY,Y,12,1,105.5 X 96.8,,CZ0289
MNTPR0084.5,2024,7,5,140,140,QFN,827474,2/15/2024 19:00,B-A,P,MNS,NQC500E500C024K,XMHVCK2350WQA1,17600,MNS0011P,B,SFG2000,TRAY,Y,12,1,105.5 X 96.8,,CZ0289
MNTPR0084.6,2024,7,5,140,140,QFN,827474,2/15/2024 19:00,B-A,P,MNS,NQC500E500C024K,XMHVCK2350WQA1,17600,MNS0011P,B,SFG2000,TRAY,Y,12,1,105.5 X 96.8,,CZ0289
MNTPR0085.1,2024,7,6,140,140,QFN,827444,2/16/2024 19:00,B-A,P,MNS,NQC500E500C024K,XMHVCK2350WQA1,17600,MNS0011P,B,SFG2000,TRAY,Y,12,1,105.5 X 96.8,,CZ0289
MNTPR0085.10,2024,7,6,140,140,QFN,827444,2/16/2024 19:00,B-A,P,MNS,NQC500E500C024K,XMHVCK2350WQA1,17600,MNS0011P,B,SFG2000,TRAY,Y,12,1,105.5 X 96.8,,CZ0289
MNTPR0085.11,2024,7,6,140,140,QFN,827444,2/16/2024 19:00,B-A,P,MNS,NQC500E500C024K,XMHVCK2350WQA1,17600,MNS0011P,B,SFG2000,TRAY,Y,12,1,105.5 X 96.8,,CZ0289
MNTPR0085.12,2024,7,6,140,140,QFN,827444,2/16/2024 19:00,B-A,P,MNS,NQC500E500C024K,XMHVCK2350WQA1,14275,MNS0011P,B,SFG2000,TRAY,Y,12,1,105.5 X 96.8,,CZ0289
MNTPR0085.2,2024,7,6,140,140,QFN,827444,2/16/2024 19:00,B-A,P,MNS,NQC500E500C024K,XMHVCK2350WQA1,17600,MNS0011P,B,SFG2000,TRAY,Y,12,1,105.5 X 96.8,,CZ0289
MNTPR0085.9,2024,7,6,140,140,QFN,827444,2/16/2024 19:00,B-A,P,MNS,NQC500E500C024K,XMHVCK2350WQA1,17600,MNS0011P,B,SFG2000,TRAY,Y,12,1,105.5 X 96.8,,CZ0289
MNTPR0085.4,2024,7,6,140,140,QFN,827444,2/16/2024 19:00,B-A,P,MNS,NQC500E500C024K,XMHVCK2350WQA1,17600,MNS0011P,B,SFG2000,TRAY,Y,12,1,105.5 X 96.8,,CZ0289
MNTPR0085.5,2024,7,6,140,140,QFN,827444,2/16/2024 19:00,B-A,P,MNS,NQC500E500C024K,XMHVCK2350WQA1,17600,MNS0011P,B,SFG2000,TRAY,Y,12,1,105.5 X 96.8,,CZ0289
MNTPR0085.6,2024,7,6,140,140,QFN,827444,2/16/2024 19:00,B-A,P,MNS,NQC500E500C024K,XMHVCK2350WQA1,17600,MNS0011P,B,SFG2000,TRAY,Y,12,1,105.5 X 96.8,,CZ0289
MNTPR0085.7,2024,7,6,140,140,QFN,827444,2/16/2024 19:00,B-A,P,MNS,NQC500E500C024K,XMHVCK2350WQA1,17600,MNS0011P,B,SFG2000,TRAY,Y,12,1,105.5 X 96.8,,CZ0289
MNTPR0085.8,2024,7,6,140,140,QFN,827444,2/16/2024 19:00,B-A,P,MNS,NQC500E500C024K,XMHVCK2350WQA1,17600,MNS0011P,B,SFG2000,TRAY,Y,12,1,105.5 X 96.8,,CZ0289
MNTPR0085.3,2024,7,6,140,140,QFN,827444,2/16/2024 19:00,B-A,P,MNS,NQC500E500C024K,XMHVCK2350WQA1,17600,MNS0011P,B,SFG2000,TRAY,Y,12,1,105.5 X 96.8,,CZ0289
MNTPR0103.10,2024,9,4,140,140,QFN,827431,2/28/2024 19:00,B-A,P,MNS,NQC500E500C024K,XMHVCK2350WQA1,17600,MNS0011P,B,SFG2000,TRAY,Y,12,1,105.5 X 96.8,,CZ0289
MNTPR0103.1,2024,9,4,140,140,QFN,827431,2/28/2024 19:00,B-A,P,MNS,NQC500E500C024K,XMHVCK2350WQA1,17600,MNS0011P,B,SFG2000,TRAY,Y,12,1,105.5 X 96.8,,CZ0289
MNTPR0103.11,2024,9,4,140,140,QFN,827431,2/28/2024 19:00,B-A,P,MNS,NQC500E500C024K,XMHVCK2350WQA1,17600,MNS0011P,B,SFG2000,TRAY,Y,12,1,105.5 X 96.8,,CZ0289
MNTPR0103.12,2024,9,4,140,140,QFN,827431,2/28/2024 19:00,B-A,P,MNS,NQC500E500C024K,XMHVCK2350WQA1,22113,MNS0011P,B,SFG2000,TRAY,Y,12,1,105.5 X 96.8,,CZ0289
MNTPR0103.2,2024,9,4,140,140,QFN,827431,2/28/2024 19:00,B-A,P,MNS,NQC500E500C024K,XMHVCK2350WQA1,17600,MNS0011P,B,SFG2000,TRAY,Y,12,1,105.5 X 96.8,,CZ0289
MNTPR0103.4,2024,9,4,140,140,QFN,827431,2/28/2024 19:00,B-A,P,MNS,NQC500E500C024K,XMHVCK2350WQA1,17600,MNS0011P,B,SFG2000,TRAY,Y,12,1,105.5 X 96.8,,CZ0289
MNTPR0103.3,2024,9,4,140,140,QFN,827431,2/28/2024 19:00,B-A,P,MNS,NQC500E500C024K,XMHVCK2350WQA1,17600,MNS0011P,B,SFG2000,TRAY,Y,12,1,105.5 X 96.8,,CZ0289
MNTPR0103.6,2024,9,4,140,140,QFN,827431,2/28/2024 19:00,B-A,P,MNS,NQC500E500C024K,XMHVCK2350WQA1,17600,MNS0011P,B,SFG2000,TRAY,Y,12,1,105.5 X 96.8,,CZ0289
MNTPR0103.5,2024,9,4,140,140,QFN,827431,2/28/2024 19:00,B-A,P,MNS,NQC500E500C024K,XMHVCK2350WQA1,17600,MNS0011P,B,SFG2000,TRAY,Y,12,1,105.5 X 96.8,,CZ0289
MNTPR0103.7,2024,9,4,140,140,QFN,827431,2/28/2024 19:00,B-A,P,MNS,NQC500E500C024K,XMHVCK2350WQA1,17600,MNS0011P,B,SFG2000,TRAY,Y,12,1,105.5 X 96.8,,CZ0289
MNTPR0103.8,2024,9,4,140,140,QFN,827431,2/28/2024 19:00,B-A,P,MNS,NQC500E500C024K,XMHVCK2350WQA1,17600,MNS0011P,B,SFG2000,TRAY,Y,12,1,105.5 X 96.8,,CZ0289
MNTPR0103.9,2024,9,4,140,140,QFN,827431,2/28/2024 19:00,B-A,P,MNS,NQC500E500C024K,XMHVCK2350WQA1,17600,MNS0011P,B,SFG2000,TRAY,Y,12,1,105.5 X 96.8,,CZ0289
MNTPR0104.10,2024,9,3,140,140,QFN,827434,2/27/2024 19:00,B-A,P,MNS,NQC500E500C024K,XMHVCK2350WQA1,17600,MNS0011P,B,SFG2000,TRAY,Y,12,1,105.5 X 96.8,,CZ0289
MNTPR0104.11,2024,9,3,140,140,QFN,827434,2/27/2024 19:00,B-A,P,MNS,NQC500E500C024K,XMHVCK2350WQA1,11545,MNS0011P,B,SFG2000,TRAY,Y,12,1,105.5 X 96.8,,CZ0289
MNTPR0104.8,2024,9,3,140,140,QFN,827434,2/27/2024 19:00,B-A,P,MNS,NQC500E500C024K,XMHVCK2350WQA1,17600,MNS0011P,B,SFG2000,TRAY,Y,12,1,105.5 X 96.8,,CZ0289
MNTPR0104.7,2024,9,3,140,140,QFN,827434,2/27/2024 19:00,B-A,P,MNS,NQC500E500C024K,XMHVCK2350WQA1,17600,MNS0011P,B,SFG2000,TRAY,Y,12,1,105.5 X 96.8,,CZ0289
MNTPR0104.9,2024,9,3,140,140,QFN,827434,2/27/2024 19:00,B-A,P,MNS,NQC500E500C024K,XMHVCK2350WQA1,17600,MNS0011P,B,SFG2000,TRAY,Y,12,1,105.5 X 96.8,,CZ0289
MNTPR0104.5,2024,9,3,140,140,QFN,827434,2/27/2024 19:00,B-A,P,MNS,NQC500E500C024K,XMHVCK2350WQA1,17600,MNS0011P,B,SFG2000,TRAY,Y,12,1,105.5 X 96.8,,CZ0289
MNTPR0104.3,2024,9,3,140,140,QFN,827434,2/27/2024 19:00,B-A,P,MNS,NQC500E500C024K,XMHVCK2350WQA1,17600,MNS0011P,B,SFG2000,TRAY,Y,12,1,105.5 X 96.8,,CZ0289
MNTPR0104.4,2024,9,3,140,140,QFN,827434,2/27/2024 19:00,B-A,P,MNS,NQC500E500C024K,XMHVCK2350WQA1,17600,MNS0011P,B,SFG2000,TRAY,Y,12,1,105.5 X 96.8,,CZ0289
MNTPR0104.6,2024,9,3,140,140,QFN,827434,2/27/2024 19:00,B-A,P,MNS,NQC500E500C024K,XMHVCK2350WQA1,17600,MNS0011P,B,SFG2000,TRAY,Y,12,1,105.5 X 96.8,,CZ0289
MNTPR0104.1,2024,9,3,140,140,QFN,827434,2/27/2024 19:00,B-A,P,MNS,NQC500E500C024K,XMHVCK2350WQA1,17600,MNS0011P,B,SFG2000,TRAY,Y,12,1,105.5 X 96.8,,CZ0289
MNTPR0104.2,2024,9,3,140,140,QFN,827434,2/27/2024 19:00,B-A,P,MNS,NQC500E500C024K,XMHVCK2350WQA1,17600,MNS0011P,B,SFG2000,TRAY,Y,12,1,105.5 X 96.8,,CZ0289
MNTPR0105.1,2024,9,2,140,140,QFN,827441,2/26/2024 19:00,B-A,P,MNS,NQC500E500C024K,XMHVCK2350WQA1,17600,MNS0011P,B,SFG2000,TRAY,Y,12,1,105.5 X 96.8,,CZ0289
MNTPR0105.10,2024,9,2,140,140,QFN,827441,2/26/2024 19:00,B-A,P,MNS,NQC500E500C024K,XMHVCK2350WQA1,20848,MNS0011P,B,SFG2000,TRAY,Y,12,1,105.5 X 96.8,,CZ0289
MNTPR0105.2,2024,9,2,140,140,QFN,827441,2/26/2024 19:00,B-A,P,MNS,NQC500E500C024K,XMHVCK2350WQA1,17600,MNS0011P,B,SFG2000,TRAY,Y,12,1,105.5 X 96.8,,CZ0289
MNTPR0105.3,2024,9,2,140,140,QFN,827441,2/26/2024 19:00,B-A,P,MNS,NQC500E500C024K,XMHVCK2350WQA1,17600,MNS0011P,B,SFG2000,TRAY,Y,12,1,105.5 X 96.8,,CZ0289
MNTPR0105.4,2024,9,2,140,140,QFN,827441,2/26/2024 19:00,B-A,P,MNS,NQC500E500C024K,XMHVCK2350WQA1,17600,MNS0011P,B,SFG2000,TRAY,Y,12,1,105.5 X 96.8,,CZ0289
MNTPR0105.5,2024,9,2,140,140,QFN,827441,2/26/2024 19:00,B-A,P,MNS,NQC500E500C024K,XMHVCK2350WQA1,17600,MNS0011P,B,SFG2000,TRAY,Y,12,1,105.5 X 96.8,,CZ0289
MNTPR0105.6,2024,9,2,140,140,QFN,827441,2/26/2024 19:00,B-A,P,MNS,NQC500E500C024K,XMHVCK2350WQA1,17600,MNS0011P,B,SFG2000,TRAY,Y,12,1,105.5 X 96.8,,CZ0289
MNTPR0105.7,2024,9,2,140,140,QFN,827441,2/26/2024 19:00,B-A,P,MNS,NQC500E500C024K,XMHVCK2350WQA1,17600,MNS0011P,B,SFG2000,TRAY,Y,12,1,105.5 X 96.8,,CZ0289
MNTPR0105.9,2024,9,2,140,140,QFN,827441,2/26/2024 19:00,B-A,P,MNS,NQC500E500C024K,XMHVCK2350WQA1,17600,MNS0011P,B,SFG2000,TRAY,Y,12,1,105.5 X 96.8,,CZ0289
MNTPR0105.8,2024,9,2,140,140,QFN,827441,2/26/2024 19:00,B-A,P,MNS,NQC500E500C024K,XMHVCK2350WQA1,17600,MNS0011P,B,SFG2000,TRAY,Y,12,1,105.5 X 96.8,,CZ0289
MNTPR0057.9,2024,5,6,140,140,QFN,826616,2/2/2024 19:00,B-A,P,MNS,NQC500E500C024K,XMHVCM2250PQAC,17600,MNS0012P,A,SFG2000,TRAY,Y,12,1,105.5 X 100.7,,CZ0289
MNTPR0057.8,2024,5,6,140,140,QFN,826616,2/2/2024 19:00,B-A,P,MNS,NQC500E500C024K,XMHVCM2250PQAC,17600,MNS0012P,A,SFG2000,TRAY,Y,12,1,105.5 X 100.7,,CZ0289
MNTPR0057.7,2024,5,6,140,140,QFN,826616,2/2/2024 19:00,B-A,P,MNS,NQC500E500C024K,XMHVCM2250PQAC,17600,MNS0012P,A,SFG2000,TRAY,Y,12,1,105.5 X 100.7,,CZ0289
MNTPR0057.6,2024,5,6,140,140,QFN,826616,2/2/2024 19:00,B-A,P,MNS,NQC500E500C024K,XMHVCM2250PQAC,17600,MNS0012P,A,SFG2000,TRAY,Y,12,1,105.5 X 100.7,,CZ0289
MNTPR0057.5,2024,5,6,140,140,QFN,826616,2/2/2024 19:00,B-A,P,MNS,NQC500E500C024K,XMHVCM2250PQAC,17600,MNS0012P,A,SFG2000,TRAY,Y,12,1,105.5 X 100.7,,CZ0289
MNTPR0057.1,2024,5,6,140,140,QFN,826616,2/2/2024 19:00,B-A,P,MNS,NQC500E500C024K,XMHVCM2250PQAC,17600,MNS0012P,A,SFG2000,TRAY,Y,12,1,105.5 X 100.7,,CZ0289
MNTPR0057.3,2024,5,6,140,140,QFN,826616,2/2/2024 19:00,B-A,P,MNS,NQC500E500C024K,XMHVCM2250PQAC,17600,MNS0012P,A,SFG2000,TRAY,Y,12,1,105.5 X 100.7,,CZ0289
MNTPR0057.2,2024,5,6,140,140,QFN,826616,2/2/2024 19:00,B-A,P,MNS,NQC500E500C024K,XMHVCM2250PQAC,17600,MNS0012P,A,SFG2000,TRAY,Y,12,1,105.5 X 100.7,,CZ0289
MNTPR0057.12,2024,5,6,140,140,QFN,826616,2/2/2024 19:00,B-A,P,MNS,NQC500E500C024K,XMHVCM2250PQAC,16613,MNS0012P,A,SFG2000,TRAY,Y,12,1,105.5 X 100.7,,CZ0289
MNTPR0057.11,2024,5,6,140,140,QFN,826616,2/2/2024 19:00,B-A,P,MNS,NQC500E500C024K,XMHVCM2250PQAC,17600,MNS0012P,A,SFG2000,TRAY,Y,12,1,105.5 X 100.7,,CZ0289
MNTPR0057.10,2024,5,6,140,140,QFN,826616,2/2/2024 19:00,B-A,P,MNS,NQC500E500C024K,XMHVCM2250PQAC,17600,MNS0012P,A,SFG2000,TRAY,Y,12,1,105.5 X 100.7,,CZ0289
MNTPR0057.4,2024,5,6,140,140,QFN,826616,2/2/2024 19:00,B-A,P,MNS,NQC500E500C024K,XMHVCM2250PQAC,17600,MNS0012P,A,SFG2000,TRAY,Y,12,1,105.5 X 100.7,,CZ0289
MXCPR0432.1,2024,5,6,140,140,QFN,EBWG0A037H,2/2/2024 19:00,G-A,P,MXM,TD-200E200B008E,MAX15492BGTA/V+T,49400,MXMC389P,D,2024-MXC-02-G033,CANISTER,Y,8,1,24.00X46.80,,CZ0141
MXCPR0432.2,2024,5,6,140,140,QFN,EBWG0A037H,2/2/2024 19:00,G-A,P,MXM,TD-200E200B008E,MAX15492BGTA/V+T,70566,MXMC389P,D,MXCPR0432.1,CANISTER,Y,8,1,24.00X46.80,,CZ0141
MXCPR0566.1,2024,6,7,140,140,QFN,EBWG0A038F,2/10/2024 19:00,G-A,P,MXM,TD-200E200B008E,MAX15492BGTA/V+T,49400,MXMC389P,D,2024-MXC-02-G062,CANISTER,Y,8,1,24.00X46.80,,CZ0141
MXCPR0566.2,2024,6,7,140,140,QFN,EBWG0A038F,2/10/2024 19:00,G-A,P,MXM,TD-200E200B008E,MAX15492BGTA/V+T,28351,MXMC389P,D,MXCPR0566.1,CANISTER,Y,8,1,24.00X46.80,,CZ0141
MXCPR0605.1,2024,7,1,140,140,QFN,EBWG0A037I,2/11/2024 19:00,G-A,P,MXM,TD-200E200B008E,MAX15492BGTA/V+T,49400,MXMC389P,D,2024-MXC-02-G062,CANISTER,Y,8,1,24.00X46.80,,CZ0141
MXCPR0605.2,2024,7,1,140,140,QFN,EBWG0A037I,2/11/2024 19:00,G-A,P,MXM,TD-200E200B008E,MAX15492BGTA/V+T,30424,MXMC389P,D,MXCPR0605.1,CANISTER,Y,8,1,24.00X46.80,,CZ0141
MXCPR0749.1,2024,8,1,140,140,QFN,EBWG0A037J,2/18/2024 19:00,G-A,P,MXM,TD-200E200B008E,MAX15492BGTA/V+T,49400,MXMC389P,D,2024-MXC-02-G088,CANISTER,Y,8,1,24.00X46.80,,CZ0141
MXCPR0749.2,2024,8,1,140,140,QFN,EBWG0A037J,2/18/2024 19:00,G-A,P,MXM,TD-200E200B008E,MAX15492BGTA/V+T,30583,MXMC389P,D,MXCPR0749.1,CANISTER,Y,8,1,24.00X46.80,,CZ0141
MXCPR0788.1,2024,8,1,140,140,QFN,EBWG0A035N,2/18/2024 19:00,G-A,P,MXM,TD-200E200B008E,MAX15492BGTA/V+T,49400,MXMC389P,D,2024-MXC-02-G084,CANISTER,Y,8,1,24.00X46.80,,CZ0141
MXCPR0788.2,2024,8,1,140,140,QFN,EBWG0A035N,2/18/2024 19:00,G-A,P,MXM,TD-200E200B008E,MAX15492BGTA/V+T,29795,MXMC389P,D,MXCPR0788.1,CANISTER,Y,8,1,24.00X46.80,,CZ0141
MXCPR0834.1,2024,8,4,140,140,QFN,EBWG0A037K,2/21/2024 19:00,G-A,P,MXM,TD-200E200B008E,MAX15492BGTA/V+T,39882,MXMC389P,D,2024-MXC-03-G001,CANISTER,Y,8,1,24.00X46.80,,CZ0141
MXCPR0876.6,2024,8,6,140,140,QFN,EBWG0A038G,2/23/2024 19:00,G-A,P,MXM,TD-200E200B008E,MAX15492BGTA/V+T,64530,MXMC389P,D,MXCPR0876.1,CANISTER,Y,8,1,24.00X46.80,,CZ0141
MXCPR0876.5,2024,8,6,140,140,QFN,EBWG0A038G,2/23/2024 19:00,G-A,P,MXM,TD-200E200B008E,MAX15492BGTA/V+T,49400,MXMC389P,D,MXCPR0876.1,CANISTER,Y,8,1,24.00X46.80,,CZ0141
MXCPR0876.4,2024,8,6,140,140,QFN,EBWG0A038G,2/23/2024 19:00,G-A,P,MXM,TD-200E200B008E,MAX15492BGTA/V+T,49400,MXMC389P,D,MXCPR0876.1,CANISTER,Y,8,1,24.00X46.80,,CZ0141
MXCPR0876.3,2024,8,6,140,140,QFN,EBWG0A038G,2/23/2024 19:00,G-A,P,MXM,TD-200E200B008E,MAX15492BGTA/V+T,49400,MXMC389P,D,MXCPR0876.1,CANISTER,Y,8,1,24.00X46.80,,CZ0141
MXCPR0876.1,2024,8,6,140,140,QFN,EBWG0A038G,2/23/2024 19:00,G-A,P,MXM,TD-200E200B008E,MAX15492BGTA/V+T,49400,MXMC389P,D,2024-MXC-03-G010,CANISTER,Y,8,1,24.00X46.80,,CZ0141
MXCPR0876.2,2024,8,6,140,140,QFN,EBWG0A038G,2/23/2024 19:00,G-A,P,MXM,TD-200E200B008E,MAX15492BGTA/V+T,49400,MXMC389P,D,MXCPR0876.1,CANISTER,Y,8,1,24.00X46.80,,CZ0141
MXBPR1558.1,2024,8,4,140,140,QFN,TJUZCA055C,2/21/2024 19:00,G-A,P,MXM,TD-200E200B008E,MAX4995AATA+T,29715,MXMD401P,A,2024-MXB-03-G001,CANISTER,N,8,1,31.00 X 47.00,,CZ0141
MXBFR0858.2,2024,5,7,140,140,QFN,TCQX1A601A,2/3/2024 19:00,G-A,F,MXM,TD-200E200B008E,MAX8902BATA+T,71806,MXMD402P,A,MXBFR0858.1,CANISTER,N,8,1,31.0 X 57.0,,CZ0141
MXBFR0858.1,2024,5,7,140,140,QFN,TCQX1A601A,2/3/2024 19:00,G-A,F,MXM,TD-200E200B008E,MAX8902BATA+T,49400,MXMD402P,A,2024-MXB-02-G053,CANISTER,N,8,1,31.0 X 57.0,,CZ0141
MXCPR0860.2,2024,8,5,140,140,QFN,EBAH8A019A,2/22/2024 19:00,G-A,P,MXM,TD-200E300B008E,MAX2615ETA+T,49440,MXMD291P,A,MXCPR0860.1,CANISTER,N,8,1,26.7 X 38.9,,CZ0141
MXCPR0860.1,2024,8,5,140,140,QFN,EBAH8A019A,2/22/2024 19:00,G-A,P,MXM,TD-200E300B008E,MAX2615ETA+T,33800,MXMD291P,A,2024-MXC-03-G006,CANISTER,N,8,1,26.7 X 38.9,,CZ0141
MXCPR0968.1,2024,9,4,140,140,QFN,EBAH8A019E,2/28/2024 19:00,G-A,P,MXM,TD-200E300B008E,MAX2615ETA+T,33800,MXMD291P,A,2024-MXC-03-G023,CANISTER,N,8,1,26.7 X 38.9,,CZ0141
MXCPR0968.2,2024,9,4,140,140,QFN,EBAH8A019E,2/28/2024 19:00,G-A,P,MXM,TD-200E300B008E,MAX2615ETA+T,49477,MXMD291P,A,MXCPR0968.1,CANISTER,N,8,1,26.7 X 38.9,,CZ0141
MXCPR0999.1,2024,9,4,140,140,QFN,TNUXBA126F,2/28/2024 19:00,G-A,P,MXM,TD-300E300A014E,MAX13432EETD+T,9135,MXMB899P,B,2024-MXC-03-G032,TUBE,N,8,1,54.00X87.00,,CZ0141
MXCPR0468.1,2024,6,1,140,140,QFN,TNUWBA127C,2/4/2024 19:00,G-A,P,MXM,TD-300E300A014E,MAX13433EETD+T,45675,MXMB899P,B,2024-MXC-02-G038,TUBE,N,8,1,54.00 X 87.00,,CZ0141
MXBPR1684.1,2024,9,1,140,140,QFN,J8N4EA157D,2/25/2024 19:00,G-A,P,MXM,TD-300E300A014E,MAX3378EETD+,34624,MXM7401P,C,2024-MXB-03-G018,TUBE,N,8,1,61.00X80.00,,CZ0141
MXCPR0752.1,2024,8,1,140,140,QFN,TAPZDA128C,2/18/2024 19:00,G-A,P,MXM,TD-300E300A014E,MAX9814ETD+,11924,MXMB708P,B,2024-MXC-02-G093,TUBE,N,8,1,64.00 X 87.00,,CZ0141
MXBPR1381.1,2024,8,1,140,140,QFN,EALE0A012G,2/18/2024 19:00,G-A,P,MXM,TD-300E300B010E,MAX13253ATB+T,35100,MXMC602P,A,2024-MXB-02-G117,TUBE,N,8,1,58.60 X 48.80,,CZ0141
MXBPR1381.2,2024,8,1,140,140,QFN,EALE0A012G,2/18/2024 19:00,G-A,P,MXM,TD-300E300B010E,MAX13253ATB+T,27160,MXMC602P,A,MXBPR1381.1,TUBE,N,8,1,58.60 X 48.80,,CZ0141
MXCPR0918.2,2024,9,2,140,140,QFN,JCMZ2A012D,2/26/2024 19:00,G-A,P,MXM,TD-300E300B010E,MAX13431EETB+T,20310,MXMD088P,A,MXCPR0918.1,TUBE,N,8,1,54.00 X 87.00,,CZ0141
MXCPR0918.1,2024,9,2,140,140,QFN,JCMZ2A012D,2/26/2024 19:00,G-A,P,MXM,TD-300E300B010E,MAX13431EETB+T,35100,MXMD088P,A,2024-MXC-03-G014,TUBE,N,8,1,54.00 X 87.00,,CZ0141
MXCPR0552.1,2024,6,6,140,140,QFN,TJDZBA164B,2/9/2024 19:00,G-A,P,MXM,TD-300E300B010E,MAX15024AATB+T,35100,MXM9988P,D,2024-MXC-02-G059,TUBE,N,8,1,57.00 X 89.00,,CZ0141
MXCPR0552.2,2024,6,6,140,140,QFN,TJDZBA164B,2/9/2024 19:00,G-A,P,MXM,TD-300E300B010E,MAX15024AATB+T,25732,MXM9988P,D,MXCPR0552.1,TUBE,N,8,1,57.00 X 89.00,,CZ0141
MXCPR0685.1,2024,7,5,140,140,QFN,TJDZBA164C,2/15/2024 19:00,G-A,P,MXM,TD-300E300B010E,MAX15024AATB+T,52221,MXM9988P,D,2024-MXC-02-G075,TUBE,N,8,1,57.00 X 89.00,,CZ0141
MXBPR1390.1,2024,8,2,140,140,QFN,TQX2BA170A,2/19/2024 0:00,G-A,P,MXM,TD-300E300B010E,MAX1556AETB+T,39690,MXM5626P,E,2024-MXB-02-G117,TUBE,N,8,1,47X71,,CZ0141
MXBPR0921.1,2024,6,1,140,140,QFN,JS60DA460F,2/4/2024 19:00,G-A,P,MXM,TD-300E300B010E,MAX16016LTBR+,7223,MXM8280P,E,2024-MXB-02-G056,TUBE,N,8,1,63X88,,CZ0141
MXCPR0609.2,2024,7,1,140,140,QFN,TJM0EA705A,2/11/2024 19:00,G-A,P,MXM,TD-300E300B010E,MAX17510ATB+T,24200,MXM5603P,F,MXCPR0609.1,TUBE,N,8,1,54.00 X 56.00,,CZ0141
MXCPR0609.1,2024,7,1,140,140,QFN,TJM0EA705A,2/11/2024 19:00,G-A,P,MXM,TD-300E300B010E,MAX17510ATB+T,35100,MXM5603P,F,2024-MXC-02-G062,TUBE,N,8,1,54.00 X 56.00,,CZ0141
MXCPR0443.1,2024,5,7,140,140,QFN,TJM0EA706A,2/3/2024 0:00,G-A,P,MXM,TD-300E300B010E,MAX17510ATB/V+T,35100,MXMA769P,D,2024-MXC-02-G040,TUBE,Y,8,1,54.00 X 56.00,,CZ0141
MXCPR0443.2,2024,5,7,140,140,QFN,TJM0EA706A,2/3/2024 0:00,G-A,P,MXM,TD-300E300B010E,MAX17510ATB/V+T,24200,MXMA769P,D,MXCPR0443.1,TUBE,Y,8,1,54.00 X 56.00,,CZ0141
MXCPR0750.1,2024,8,1,140,140,QFN,TJM0EA700D,2/18/2024 19:00,G-A,P,MXM,TD-300E300B010E,MAX17510ATB/V+T,35100,MXMA769P,D,2024-MXC-02-G093,TUBE,Y,8,1,54.00 X 56.00,,CZ0141
MXCPR0750.2,2024,8,1,140,140,QFN,TJM0EA700D,2/18/2024 19:00,G-A,P,MXM,TD-300E300B010E,MAX17510ATB/V+T,24200,MXMA769P,D,MXCPR0750.1,TUBE,Y,8,1,54.00 X 56.00,,CZ0141
MXCPR0835.2,2024,8,4,140,140,QFN,TCUH2A193B,2/21/2024 19:00,G-A,P,MXM,TD-300E300B010E,MAX5969BETB+T,19555,MXMC717P,B,MXCPR0835.1,TUBE,N,8,1,60.00 X 68.00,,CZ0141
MXCPR0835.1,2024,8,4,140,140,QFN,TCUH2A193B,2/21/2024 19:00,G-A,P,MXM,TD-300E300B010E,MAX5969BETB+T,35100,MXMC717P,B,2024-MXC-03-G007,TUBE,N,8,1,60.00 X 68.00,,CZ0141
MXCPR0864.1,2024,8,5,140,140,QFN,TCUH2A192D,2/22/2024 19:00,G-A,P,MXM,TD-300E300B010E,MAX5969BETB+T,35100,MXMC717P,B,2024-MXC-03-G007,TUBE,N,8,1,60.00 X 68.00,,CZ0141
MXCPR0864.2,2024,8,5,140,140,QFN,TCUH2A192D,2/22/2024 19:00,G-A,P,MXM,TD-300E300B010E,MAX5969BETB+T,19555,MXMC717P,B,MXCPR0864.1,TUBE,N,8,1,60.00 X 68.00,,CZ0141
MXBPR1685.1,2024,9,1,140,140,QFN,JJH3FA346D,2/25/2024 19:00,G-A,P,MXM,TD-300E300B010E,MAX9718AETB+T,22266,MXMC004P,B,2024-MXB-03-G014,TUBE,N,8,1,61.00 X 63.00,,CZ0141
MXCPR0577.2,2024,6,7,140,140,QFN,TCRF8A048C,2/10/2024 19:00,G-A,P,MXM,TD-300E300C008E,MAX14523AATA+T,18747,MXMA470P,D,MXCPR0577.1,TUBE,N,8,1,40.00 X 60.00,,CZ0141
MXCPR0577.1,2024,6,7,140,140,QFN,TCRF8A048C,2/10/2024 19:00,G-A,P,MXM,TD-300E300C008E,MAX14523AATA+T,35100,MXMA470P,D,2024-MXC-02-G059,TUBE,N,8,1,40.00 X 60.00,,CZ0141
MXCPR0607.1,2024,7,2,140,140,QFN,JBDU9A406B,2/12/2024 0:00,G-A,P,MXM,TD-300E300C008E,MAX14783EATA+T,35100,MXMC008P,C,2024-MXC-02-G062,TUBE,N,8,1,55.00 X 81.00,,CZ0141
MXCPR0607.2,2024,7,2,140,140,QFN,JBDU9A406B,2/12/2024 0:00,G-A,P,MXM,TD-300E300C008E,MAX14783EATA+T,49545,MXMC008P,C,MXCPR0607.1,TUBE,N,8,1,55.00 X 81.00,,CZ0141
MXBPR1449.1,2024,8,1,140,140,QFN,JVDBCA4A2C,2/18/2024 19:00,G-A,P,MXM,TD-300E300C008E,MAX16011TAA+,11136,MXMC152P,F,2024-MXB-02-G103,TUBE,N,8,1,61.00X62.00,,CZ0141
MXBPR1389.1,2024,8,2,140,140,QFN,JVDBCA4A2D,2/19/2024 19:00,G-A,P,MXM,TD-300E300C008E,MAX16011TAC+,35100,MXMC152P,E,2024-MXB-02-G121,TUBE,N,8,1,61.00X62.00,,CZ0141
MXBPR1389.2,2024,8,2,140,140,QFN,JVDBCA4A2D,2/19/2024 19:00,G-A,P,MXM,TD-300E300C008E,MAX16011TAC+,20577,MXMC152P,E,MXBPR1389.1,TUBE,N,8,1,61.00X62.00,,CZ0141
MXBPR0859.1,2024,5,7,140,140,QFN,EBDL8A050L,2/3/2024 19:00,G-A,P,MXM,TD-300E300C008E,MAX16056ATA17+,24154,MXMC100P,G,2024-MXB-02-G047,TUBE,N,8,1,55X63,,CZ0141
MXBPR1205.2,2024,7,4,140,140,QFN,TAPK9A443D,2/14/2024 19:00,G-A,P,MXM,TD-300E300C008E,MAX16910ATA9/V+TCB,38892,MXMB215P,G,MXBPR1205.1,TUBE,Y,8,1,40.00 X 45.00,,CZ0141
MXBPR1205.1,2024,7,4,140,140,QFN,TAPK9A443D,2/14/2024 19:00,G-A,P,MXM,TD-300E300C008E,MAX16910ATA9/V+TCB,35100,MXMB215P,G,2024-MXB-02-G107,TUBE,Y,8,1,40.00 X 45.00,,CZ0141
MXBPR1686.1,2024,9,1,140,140,QFN,TAPK9A446B,2/25/2024 19:00,G-A,P,MXM,TD-300E300C008E,MAX16910ATA9/V+TCB,35100,MXMB215P,G,2024-MXB-03-G021,TUBE,Y,8,1,40.00 X 45.00,,CZ0141
MXBPR1686.2,2024,9,1,140,140,QFN,TAPK9A446B,2/25/2024 19:00,G-A,P,MXM,TD-300E300C008E,MAX16910ATA9/V+TCB,37962,MXMB215P,G,MXBPR1686.1,TUBE,Y,8,1,40.00 X 45.00,,CZ0141
MXBPR1197.2,2024,7,3,140,140,QFN,TAPK9A442A,2/13/2024 19:00,G-A,P,MXM,TD-300E300C008E,MAX16910CATA8+T,38990,MXMC073P,C,MXBPR1197.1,TUBE,N,8,1,40.00 X 45.00,,CZ0141
MXBPR1197.1,2024,7,3,140,140,QFN,TAPK9A442A,2/13/2024 19:00,G-A,P,MXM,TD-300E300C008E,MAX16910CATA8+T,35100,MXMC073P,C,2024-MXB-02-G095,TUBE,N,8,1,40.00 X 45.00,,CZ0141
MXBPR1601.2,2024,8,6,140,140,QFN,TBRO2A005G,2/23/2024 19:00,G-A,P,MXM,TD-300E300C008E,MAX16910EATA9/V+T,39608,MXMC024P,I,MXBPR1601.1,TUBE,Y,8,1,40X45,,CZ0141
MXBPR1601.1,2024,8,6,140,140,QFN,TBRO2A005G,2/23/2024 19:00,G-A,P,MXM,TD-300E300C008E,MAX16910EATA9/V+T,35100,MXMC024P,I,2024-MXB-03-G021,TUBE,Y,8,1,40X45,,CZ0141
MXCPR0470.1,2024,6,1,140,140,QFN,TNS2FA047E,2/4/2024 19:00,G-A,P,MXM,TD-300E300C008E,MAX5419LETA+,16060,MXMB927P,G,2024-MXC-02-G040,TUBE,N,8,1,61 X 45,,CZ0141
MXCPR0756.1,2024,8,2,140,140,QFN,TNS2FA047F,2/19/2024 19:00,G-A,P,MXM,TD-300E300C008E,MAX5419LETA+,16196,MXMB927P,G,2024-MXC-02-G093,TUBE,N,8,1,61 X 45,,CZ0141
MXCPR0495.1,2024,6,3,140,140,QFN,TNS9EA039D,2/6/2024 19:00,G-A,P,MXM,TD-300E300C008E,MAX5419NETA+,15934,MXMB927P,G,2024-MXC-02-G051,TUBE,N,8,1,61.0X45.0,,CZ0141
MXCPR0610.1,2024,7,2,140,140,QFN,JW1DDA256H,2/12/2024 0:00,G-A,P,MXM,TD-300E300C008E,MAX6499ATA+,18555,MXMD225P,A,2024-MXC-02-G060,TUBE,N,8,1,61.00 X 75.00,,CZ0141
MXBPR1599.1,2024,8,6,140,140,QFN,JCRH9A812C,2/23/2024 19:00,G-A,P,MXM,TD-300E300C008E,MAX8586ETA+T,35100,MXMD353P,A,2024-MXB-03-G017,TUBE,N,8,1,65.00 X 61.00,,CZ0141
MXBPR1599.2,2024,8,6,140,140,QFN,JCRH9A812C,2/23/2024 19:00,G-A,P,MXM,TD-300E300C008E,MAX8586ETA+T,23189,MXMD353P,A,MXBPR1599.1,TUBE,N,8,1,65.00 X 61.00,,CZ0141
MXCPR0836.1,2024,8,4,140,140,QFN,JADZBA7B4G,2/21/2024 19:00,G-A,P,MXM,TD-300E300E006A,MAX15006AATT/V+,50611,MXMB576P,E,2024-MXC-03-G001,TUBE,Y,8,1,68X74,,CZ0141
MXCPR0772.2,2024,7,6,140,140,QFN,JADVBA7B6D,2/16/2024 19:00,G-A,P,MXM,TD-300E300E006A,MAX15006CATT/V+,32060,MXMB578P,C,MXCPR0772.1,TUBE,Y,8,1,68.00 X 74.00,,CZ0141
MXCPR0772.1,2024,7,6,140,140,QFN,JADVBA7B6D,2/16/2024 19:00,G-A,P,MXM,TD-300E300E006A,MAX15006CATT/V+,35100,MXMB578P,C,2024-MXC-02-G088,TUBE,Y,8,1,68.00 X 74.00,,CZ0141
MXBPR1582.1,2024,8,5,140,140,QFN,JCA0CA029B,2/22/2024 19:00,G-A,P,MXM,TD-300E300E006A,MAX3202EETT+T,35100,MXMC258P,A,2024-MXB-03-G014,TUBE,N,8,1,44.00 X 44.00,,CZ0141
MXBPR1582.2,2024,8,5,140,140,QFN,JCA0CA029B,2/22/2024 19:00,G-A,P,MXM,TD-300E300E006A,MAX3202EETT+T,31374,MXMC258P,A,MXBPR1582.1,TUBE,N,8,1,44.00 X 44.00,,CZ0141
MXCPR0608.1,2024,7,1,140,140,QFN,JRR5CA037G,2/11/2024 19:00,G-A,P,MXM,TD-300E300E006A,MAX4210FETT+T,20147,MXM6076P,C,2024-MXC-02-G059,TUBE,N,8,1,53.00 X 79.00,,CZ0141
MXBPR1123.1,2024,7,1,140,140,QFN,EAJG0A101C,2/11/2024 0:00,G-A,P,MXM,TD-300E300E006A,MAX5048BATT+T,33826,MXM5678P,B,2024-MXB-02-G083,TUBE,N,8,1,45.00 X 87.00,,CZ0141
MXCPR0606.1,2024,7,1,140,140,QFN,JYH0CA027I,2/11/2024 19:00,G-A,P,MXM,TD-300E300E006A,MAX5085ATT+,6384,MXM6068P,D,2024-MXC-02-G060,TUBE,N,8,1,70.00 X 94.00,,CZ0141
MXCPR0758.1,2024,8,2,140,140,QFN,JYH0CA027L,2/19/2024 19:00,G-A,P,MXM,TD-300E300E006A,MAX5085ATT+,6348,MXM6068P,D,2024-MXC-02-G094,TUBE,N,8,1,70.00 X 94.00,,CZ0141
MXCPR0759.1,2024,8,2,140,140,QFN,JYH0CA027K,2/19/2024 19:00,G-A,P,MXM,TD-300E300E006A,MAX5085ATT+,19225,MXM6068P,D,2024-MXC-02-G089,TUBE,N,8,1,70.00 X 94.00,,CZ0141
MXCPR0962.1,2024,9,2,140,140,QFN,JYH0CA027M,2/26/2024 0:00,G-A,P,MXM,TD-300E300E006A,MAX5085ATT+,44597,MXM6068P,D,2024-MXC-03-G013,TUBE,N,8,1,70.00 X 94.00,,CZ0141
MXCPR0612.1,2024,7,1,140,140,QFN,JW1ADA257F,2/11/2024 19:00,G-A,P,MXM,TD-300E300E006A,MAX6495ATT+,9078,MXM6061P,E,2024-MXC-02-G060,TUBE,N,8,1,61.00 X 75.00,,CZ0141
MXCPR0639.2,2024,7,2,140,140,QFN,JW1ADA267C,2/12/2024 19:00,G-A,P,MXM,TD-300E300E006A,MAX6495ATT+,19979,MXM6061P,E,MXCPR0639.1,TUBE,N,8,1,61.00 X 75.00,,CZ0141
MXCPR0639.1,2024,7,2,140,140,QFN,JW1ADA267C,2/12/2024 19:00,G-A,P,MXM,TD-300E300E006A,MAX6495ATT+,35100,MXM6061P,E,2024-MXC-02-G060,TUBE,N,8,1,61.00 X 75.00,,CZ0141
MXCPR0472.1,2024,6,1,140,140,QFN,JW1ADA247I,2/4/2024 19:00,G-A,P,MXM,TD-300E300E006A,MAX6495ATT/V+,27453,MXMB575P,C,2024-MXC-02-G031,TUBE,Y,8,1,61.00 X 75.00,,CZ0141
MXCPR0489.1,2024,6,2,140,140,QFN,JW1ADA252B,2/5/2024 19:00,G-A,P,MXM,TD-300E300E006A,MAX6495ATT/V+,45319,MXMB575P,C,2024-MXC-02-G031,TUBE,Y,8,1,61.00 X 75.00,,CZ0141
MXCPR0757.2,2024,8,2,140,140,QFN,JW1ADA267D,2/19/2024 19:00,G-A,P,MXM,TD-300E300E006A,MAX6495ATT/V+,47549,MXMB575P,C,MXCPR0757.1,TUBE,Y,8,1,61.00 X 75.00,,CZ0141
MXCPR0757.1,2024,8,2,140,140,QFN,JW1ADA267D,2/19/2024 19:00,G-A,P,MXM,TD-300E300E006A,MAX6495ATT/V+,35100,MXMB575P,C,2024-MXC-02-G089,TUBE,Y,8,1,61.00 X 75.00,,CZ0141
MXCPR0771.2,2024,7,5,140,140,QFN,JW1ADA267B,2/15/2024 19:00,G-A,P,MXM,TD-300E300E006A,MAX6495ATT/V+,19762,MXMB575P,C,MXCPR0771.1,TUBE,Y,8,1,61.00 X 75.00,,CZ0141
MXCPR0771.1,2024,7,5,140,140,QFN,JW1ADA267B,2/15/2024 19:00,G-A,P,MXM,TD-300E300E006A,MAX6495ATT/V+,35100,MXMB575P,C,2024-MXC-02-G079,TUBE,Y,8,1,61.00 X 75.00,,CZ0141
MXBPR0855.1,2024,5,6,140,140,QFN,J30AE3218F,2/2/2024 19:00,G-A,P,MXM,TD-300E300E006A,MAX6629MTT+T,20797,MXM6003P,F,2024-MXB-02-G042,TUBE,N,8,1,45.00 X 90.00,,CZ0141
MXBPR1583.1,2024,8,5,140,140,QFN,JGW0DA029R,2/22/2024 19:00,G-A,P,MXM,TD-300E300E006A,MAX6642ATT90+T,20305,MXM6018P,F,2024-MXB-03-G012,TUBE,N,8,1,46.00 X 90.00,,CZ0141
MXBPR0865.1,2024,5,7,140,140,QFN,J980DA466D,2/3/2024 19:00,G-A,P,MXM,TD-300E300E006A,MAX6765TTLD2/V+T,35100,MXMA434P,C,2024-MXB-02-G053,TUBE,Y,8,1,70.00 X 94.00,,CZ0141
MXBPR0865.2,2024,5,7,140,140,QFN,J980DA466D,2/3/2024 19:00,G-A,P,MXM,TD-300E300E006A,MAX6765TTLD2/V+T,25695,MXMA434P,C,MXBPR0865.1,TUBE,Y,8,1,70.00 X 94.00,,CZ0141
MXCPR0680.1,2024,7,5,140,140,QFN,TCET4A017B,2/15/2024 19:00,G-A,P,MXM,TDC200E200B008A,MAX20072ATAC/V+T,20068,MXMD311P,A,2024-MXC-02-G088,CANISTER,Y,8,1,34.6 X 63.7,,CZ0141
MXBPR1162.1,2024,7,2,140,140,QFN,EBGZ9A131C,2/12/2024 19:00,B-A,P,MXM,TDC200E200B008D,MAX15062AATA+T,61940,MXMD383P,C,2024-MXB-02-G087,CANISTER,N,8,1,55.1 X 65.3,,CZ0141
MXBPR1203.1,2024,7,4,140,140,QFN,EBGZ9A124B,2/14/2024 0:00,B-A,P,MXM,TDC200E200B008D,MAX15062AATA+T,49552,MXMD383P,C,2024-MXB-02-G095,CANISTER,N,8,1,55.1 X 65.3,,CZ0141
MXBPR1736.1,2024,9,3,140,140,QFN,JCOW9A011B,2/27/2024 19:00,B-A,P,MXM,TDC200E200B008D,MAX15062AATA+T,35435,MXMD396P,D,2024-MXB-03-G017,CANISTER,N,8,1,55.1 X 65.3,,CZ0141
MXBPR1388.1,2024,8,2,140,140,QFN,JCOW9A011A,2/19/2024 19:00,B-A,P,MXM,TDC200E200B008D,MAX15062BATA+T,12426,MXMD396P,D,2024-MXB-02-G121,CANISTER,N,8,1,55.1 X 65.3,,CZ0141
MXBPR1484.1,2024,8,3,140,140,QFN,JCOW9A010F,2/20/2024 19:00,B-A,P,MXM,TDC200E200B008D,MAX15062BATA+T,37278,MXMD396P,D,2024-MXB-02-G121,CANISTER,N,8,1,55.1 X 65.3,,CZ0141
MXBPR1065.1,2024,6,7,140,140,QFN,VCNN5A032K,2/10/2024 19:00,B-A,P,MXM,TDC200E200B008D,MAX15062CATA+T,57604,MXMD340P,E,2024-MXB-02-G088,CANISTER,N,12,1,55.1 X 65.3,,CZ0141
MXBPR1703.1,2024,9,1,140,140,QFN,EBGZ9A136A,2/25/2024 19:00,B-A,P,MXM,TDC200E200B008D,MAX15062CATA+T,49552,MXMD383P,D,2024-MXB-03-G011,CANISTER,N,8,1,55.1 X 65.3,,CZ0141
MXBPR0919.1,2024,6,1,140,140,QFN,JCOW9A010C,2/4/2024 19:00,B-A,P,MXM,TDC200E200B008D,MAX15062CATA+T,49400,MXMD396P,B,2024-MXB-02-G050,CANISTER,N,8,1,55.1 X 65.3,,CZ0141
MXBPR0919.2,2024,6,1,140,140,QFN,JCOW9A010C,2/4/2024 19:00,B-A,P,MXM,TDC200E200B008D,MAX15062CATA+T,25156,MXMD396P,B,MXBPR0919.1,CANISTER,N,8,1,55.1 X 65.3,,CZ0141
MXBPR1194.1,2024,7,3,140,140,QFN,JCOW9A010E,2/13/2024 19:00,B-A,P,MXM,TDC200E200B008D,MAX15062CATA+T,49704,MXMD396P,C,2024-MXB-02-G087,CANISTER,N,8,1,55.1 X 65.3,,CZ0141
MXBPR1204.2,2024,7,4,140,140,QFN,JCOW9A010D,2/14/2024 0:00,B-A,P,MXM,TDC200E200B008D,MAX15062CATA+T,25156,MXMD396P,C,MXBPR1204.1,CANISTER,N,8,1,55.1 X 65.3,,CZ0141
MXBPR1204.1,2024,7,4,140,140,QFN,JCOW9A010D,2/14/2024 0:00,B-A,P,MXM,TDC200E200B008D,MAX15062CATA+T,49400,MXMD396P,C,2024-MXB-02-G095,CANISTER,N,8,1,55.1 X 65.3,,CZ0141
MXBPR0973.1,2024,6,4,140,140,QFN,EBGZ9A129C,2/7/2024 19:00,B-A,P,MXM,TDC200E200B008D,MAX15462BATA+T,37164,MXMD383P,C,2024-MXB-02-G059,CANISTER,N,8,1,55.1 X 65.3,,CZ0141
MXBPR0974.1,2024,6,4,140,140,QFN,EBGZ9A129B,2/7/2024 19:00,B-A,P,MXM,TDC200E200B008D,MAX17640AATA+T,49552,MXMD383P,C,2024-MXB-02-G059,CANISTER,N,8,1,55.1 X 65.3,,CZ0141
MXBPR0975.1,2024,6,4,140,140,QFN,EBGZ9A135A,2/7/2024 19:00,B-A,P,MXM,TDC200E200B008D,MAX17640BATA+T,37164,MXMD383P,C,2024-MXB-02-G059,CANISTER,N,8,1,55.1 X 65.3,,CZ0141
MXBPR1275.1,2024,7,5,140,140,QFN,JCMT2Q002K,2/15/2024 19:00,B-A,P,MXM,TDC200E200B008D,MAX17645DATA+T,12979,MXMD407P,A,2024-MXB-02-G112,CANISTER,N,8,1,55.1 X 62.5,,CZ0141
MXCPR0512.3,2024,6,4,140,140,QFN,VCEQ3A197E,2/7/2024 19:00,B-A,P,MXM,TDC300E3001012E,MAX20077ATCA/VY+,28167,MXMC977P,F,MXCPR0512.1,TRAY,Y,12,1,64.9 X 95.6,,CZ0141
MXCPR0512.1,2024,6,4,140,140,QFN,VCEQ3A197E,2/7/2024 19:00,B-A,P,MXM,TDC300E3001012E,MAX20077ATCA/VY+,35100,MXMC977P,F,2024-MXC-02-G059,TRAY,Y,12,1,64.9 X 95.6,,CZ0141
MXCPR0512.2,2024,6,4,140,140,QFN,VCEQ3A197E,2/7/2024 19:00,B-A,P,MXM,TDC300E3001012E,MAX20077ATCA/VY+,35100,MXMC977P,F,MXCPR0512.1,TRAY,Y,12,1,64.9 X 95.6,,CZ0141
MXCPR0649.2,2024,7,3,140,140,QFN,VCEQ3A229A,2/13/2024 19:00,B-A,P,MXM,TDC300E3001012E,MAX20077ATCA/VY+,30793,MXMC977P,F,MXCPR0649.1,TRAY,Y,12,1,64.9 X 95.6,,CZ0141
MXCPR0649.1,2024,7,3,140,140,QFN,VCEQ3A229A,2/13/2024 19:00,B-A,P,MXM,TDC300E3001012E,MAX20077ATCA/VY+,35100,MXMC977P,F,2024-MXC-02-G073,TRAY,Y,12,1,64.9 X 95.6,,CZ0141
MXCPR0572.1,2024,7,1,140,140,QFN,EBYH2A079B,2/11/2024 19:00,G-A,P,MXM,TDC300E3001012E,MAX20077ATCB/VY+,35100,MXMC649P,D,2024-MXC-02-G070,TRAY,Y,8,1,64.90 X 95.60,,CZ0141
MXCPR0572.2,2024,7,1,140,140,QFN,EBYH2A079B,2/11/2024 19:00,G-A,P,MXM,TDC300E3001012E,MAX20077ATCB/VY+,42124,MXMC649P,D,MXCPR0572.1,TRAY,Y,8,1,64.90 X 95.60,,CZ0141
MXCPR0761.1,2024,8,2,140,140,QFN,EBYH2A087B,2/19/2024 19:00,G-A,P,MXM,TDC300E3001012E,MAX20077ATCB/VY+,35100,MXMC649P,D,2024-MXC-03-G009,TRAY,Y,8,1,64.90 X 95.60,,CZ0141
MXCPR0761.2,2024,8,2,140,140,QFN,EBYH2A087B,2/19/2024 19:00,G-A,P,MXM,TDC300E3001012E,MAX20077ATCB/VY+,35100,MXMC649P,D,MXCPR0761.1,TRAY,Y,8,1,64.90 X 95.60,,CZ0141
MXCPR0761.3,2024,8,2,140,140,QFN,EBYH2A087B,2/19/2024 19:00,G-A,P,MXM,TDC300E3001012E,MAX20077ATCB/VY+,35250,MXMC649P,D,MXCPR0761.1,TRAY,Y,8,1,64.90 X 95.60,,CZ0141
MXCPR0762.1,2024,8,2,140,140,QFN,EBYH2A087A,2/19/2024 19:00,G-A,P,MXM,TDC300E3001012E,MAX20077ATCB/VY+,35100,MXMC649P,D,2024-MXC-03-G007,TRAY,Y,8,1,64.90 X 95.60,,CZ0141
MXCPR0762.2,2024,8,2,140,140,QFN,EBYH2A087A,2/19/2024 19:00,G-A,P,MXM,TDC300E3001012E,MAX20077ATCB/VY+,27952,MXMC649P,D,MXCPR0762.1,TRAY,Y,8,1,64.90 X 95.60,,CZ0141
MXCPR0471.1,2024,6,1,140,140,QFN,VCEQ3A220C,2/4/2024 19:00,B-A,P,MXM,TDC300E3001012E,MAX20077ATCB/VY+,35100,MXMC977P,F,2024-MXC-02-G052,TRAY,Y,12,1,64.9 X 95.6,,CZ0141
MXCPR0471.2,2024,6,1,140,140,QFN,VCEQ3A220C,2/4/2024 19:00,B-A,P,MXM,TDC300E3001012E,MAX20077ATCB/VY+,47249,MXMC977P,F,MXCPR0471.1,TRAY,Y,12,1,64.9 X 95.6,,CZ0141
MXCPR0488.2,2024,6,2,140,140,QFN,VCEQ3A222A,2/5/2024 19:00,B-A,P,MXM,TDC300E3001012E,MAX20077ATCB/VY+,47159,MXMC977P,F,MXCPR0488.1,TRAY,Y,12,1,64.9 X 95.6,,CZ0141
MXCPR0488.1,2024,6,2,140,140,QFN,VCEQ3A222A,2/5/2024 19:00,B-A,P,MXM,TDC300E3001012E,MAX20077ATCB/VY+,35100,MXMC977P,F,2024-MXC-02-G055,TRAY,Y,12,1,64.9 X 95.6,,CZ0141
MXCPR0513.2,2024,6,4,140,140,QFN,VCEQ3A220B,2/7/2024 19:00,B-A,P,MXM,TDC300E3001012E,MAX20077ATCB/VY+,30726,MXMC977P,F,MXCPR0513.1,TRAY,Y,12,1,64.9 X 95.6,,CZ0141
MXCPR0513.1,2024,6,4,140,140,QFN,VCEQ3A220B,2/7/2024 19:00,B-A,P,MXM,TDC300E3001012E,MAX20077ATCB/VY+,35100,MXMC977P,F,2024-MXC-02-G060,TRAY,Y,12,1,64.9 X 95.6,,CZ0141
MXCPR0576.1,2024,6,7,140,140,QFN,VCEQ3A191E,2/10/2024 0:00,B-A,P,MXM,TDC300E3001012E,MAX20077ATCB/VY+,35100,MXMC977P,F,2024-MXC-02-G065,TRAY,Y,12,1,64.9 X 95.6,,CZ0141
MXCPR0576.3,2024,6,7,140,140,QFN,VCEQ3A191E,2/10/2024 0:00,B-A,P,MXM,TDC300E3001012E,MAX20077ATCB/VY+,35100,MXMC977P,F,MXCPR0576.1,TRAY,Y,12,1,64.9 X 95.6,,CZ0141
MXCPR0576.4,2024,6,7,140,140,QFN,VCEQ3A191E,2/10/2024 0:00,B-A,P,MXM,TDC300E3001012E,MAX20077ATCB/VY+,25527,MXMC977P,F,MXCPR0576.1,TRAY,Y,12,1,64.9 X 95.6,,CZ0141
MXCPR0576.2,2024,6,7,140,140,QFN,VCEQ3A191E,2/10/2024 0:00,B-A,P,MXM,TDC300E3001012E,MAX20077ATCB/VY+,35100,MXMC977P,F,MXCPR0576.1,TRAY,Y,12,1,64.9 X 95.6,,CZ0141
MXCPR0764.3,2024,8,2,140,140,QFN,VCEQ3A208D,2/19/2024 19:00,B-A,P,MXM,TDC300E3001012E,MAX20077ATCB/VY+,28006,MXMC977P,F,MXCPR0764.1,TRAY,Y,12,1,64.9 X 95.6,,CZ0141
MXCPR0764.2,2024,8,2,140,140,QFN,VCEQ3A208D,2/19/2024 19:00,B-A,P,MXM,TDC300E3001012E,MAX20077ATCB/VY+,35100,MXMC977P,F,MXCPR0764.1,TRAY,Y,12,1,64.9 X 95.6,,CZ0141
MXCPR0764.1,2024,8,2,140,140,QFN,VCEQ3A208D,2/19/2024 19:00,B-A,P,MXM,TDC300E3001012E,MAX20077ATCB/VY+,35100,MXMC977P,F,2024-MXC-03-G006,TRAY,Y,12,1,64.9 X 95.6,,CZ0141
MXCPR0773.1,2024,7,6,140,140,QFN,VCEQ3A184E,2/16/2024 0:00,B-A,P,MXM,TDC300E3001012E,MAX20077ATCB/VY+,35100,MXMC977P,F,2024-MXC-02-G094,TRAY,Y,12,1,64.9 X 95.6,,CZ0141
MXCPR0773.2,2024,7,6,140,140,QFN,VCEQ3A184E,2/16/2024 0:00,B-A,P,MXM,TDC300E3001012E,MAX20077ATCB/VY+,46786,MXMC977P,F,MXCPR0773.1,TRAY,Y,12,1,64.9 X 95.6,,CZ0141
MXCPR0810.5,2024,8,3,140,140,QFN,VCEQ3A216E,2/20/2024 19:00,B-A,P,MXM,TDC300E3001012E,MAX20077ATCB/VY+,40526,MXMC977P,F,MXCPR0810.1,TRAY,Y,12,1,64.9 X 95.6,,CZ0141
MXCPR0810.4,2024,8,3,140,140,QFN,VCEQ3A216E,2/20/2024 19:00,B-A,P,MXM,TDC300E3001012E,MAX20077ATCB/VY+,35100,MXMC977P,F,MXCPR0810.1,TRAY,Y,12,1,64.9 X 95.6,,CZ0141
MXCPR0810.3,2024,8,3,140,140,QFN,VCEQ3A216E,2/20/2024 19:00,B-A,P,MXM,TDC300E3001012E,MAX20077ATCB/VY+,35100,MXMC977P,F,MXCPR0810.1,TRAY,Y,12,1,64.9 X 95.6,,CZ0141
MXCPR0810.2,2024,8,3,140,140,QFN,VCEQ3A216E,2/20/2024 19:00,B-A,P,MXM,TDC300E3001012E,MAX20077ATCB/VY+,35100,MXMC977P,F,MXCPR0810.1,TRAY,Y,12,1,64.9 X 95.6,,CZ0141
MXCPR0810.1,2024,8,3,140,140,QFN,VCEQ3A216E,2/20/2024 19:00,B-A,P,MXM,TDC300E3001012E,MAX20077ATCB/VY+,35100,MXMC977P,F,2024-MXC-03-G009,TRAY,Y,12,1,64.9 X 95.6,,CZ0141
MXCPR0451.1,2024,5,6,140,140,QFN,VCEQ3A215B,2/2/2024 19:00,B-A,P,MXM,TDC300E3001012E,MAX20077ATCC/VY+,35100,MXMC977P,F,2024-MXC-02-G051,TRAY,Y,12,1,64.9 X 95.6,,CZ0141
MXCPR0451.2,2024,5,6,140,140,QFN,VCEQ3A215B,2/2/2024 19:00,B-A,P,MXM,TDC300E3001012E,MAX20077ATCC/VY+,30849,MXMC977P,F,MXCPR0451.1,TRAY,Y,12,1,64.9 X 95.6,,CZ0141
MXCPR0838.1,2024,8,4,140,140,QFN,VCEQ3A221A,2/21/2024 19:00,B-A,P,MXM,TDC300E3001012E,MAX20077ATCC/VY+,35100,MXMC977P,F,2024-MXC-03-G014,TRAY,Y,12,1,64.9 X 95.6,,CZ0141
MXCPR0838.2,2024,8,4,140,140,QFN,VCEQ3A221A,2/21/2024 19:00,B-A,P,MXM,TDC300E3001012E,MAX20077ATCC/VY+,47212,MXMC977P,F,MXCPR0838.1,TRAY,Y,12,1,64.9 X 95.6,,CZ0141
MXCPR0487.2,2024,6,2,140,140,QFN,VCEQ3A217D,2/5/2024 19:00,B-A,P,MXM,TDC300E3001012E,MAX20077ATCE/VY+,46991,MXMC977P,F,MXCPR0487.1,TRAY,Y,12,1,64.9 X 95.6,,CZ0141
MXCPR0487.1,2024,6,2,140,140,QFN,VCEQ3A217D,2/5/2024 19:00,B-A,P,MXM,TDC300E3001012E,MAX20077ATCE/VY+,35100,MXMC977P,F,2024-MXC-02-G053,TRAY,Y,12,1,64.9 X 95.6,,CZ0141
MXCPR0969.3,2024,9,4,140,140,QFN,VCEQ3A227D,2/28/2024 19:00,B-A,P,MXM,TDC300E3001012E,MAX20077ATCE/VY+,28609,MXMC977P,F,MXCPR0969.1,TRAY,Y,12,1,64.9 X 95.6,,CZ0141
MXCPR0969.2,2024,9,4,140,140,QFN,VCEQ3A227D,2/28/2024 19:00,B-A,P,MXM,TDC300E3001012E,MAX20077ATCE/VY+,35100,MXMC977P,F,MXCPR0969.1,TRAY,Y,12,1,64.9 X 95.6,,CZ0141
MXCPR0969.1,2024,9,4,140,140,QFN,VCEQ3A227D,2/28/2024 19:00,B-A,P,MXM,TDC300E3001012E,MAX20077ATCE/VY+,35100,MXMC977P,F,2024-MXC-03-G036,TRAY,Y,12,1,64.9 X 95.6,,CZ0141
MXCPR0650.2,2024,7,3,140,140,QFN,VCEQ3A224A,2/13/2024 19:00,B-A,P,MXM,TDC300E3001012E,MAX20077ATCE2/VY+,30521,MXMC977P,F,MXCPR0650.1,TRAY,Y,12,1,64.9 X 95.6,,CZ0141
MXCPR0650.1,2024,7,3,140,140,QFN,VCEQ3A224A,2/13/2024 19:00,B-A,P,MXM,TDC300E3001012E,MAX20077ATCE2/VY+,35100,MXMC977P,F,2024-MXC-02-G073,TRAY,Y,12,1,64.9 X 95.6,,CZ0141
MXCPR0728.1,2024,7,7,140,140,QFN,VCEQ3A227C,2/17/2024 0:00,B-A,P,MXM,TDC300E3001012E,MAX20077ATCE2/VY+,35100,MXMC977P,F,2024-MXC-03-G003,TRAY,Y,12,1,64.9 X 95.6,,CZ0141
MXCPR0728.2,2024,7,7,140,140,QFN,VCEQ3A227C,2/17/2024 0:00,B-A,P,MXM,TDC300E3001012E,MAX20077ATCE2/VY+,30521,MXMC977P,F,MXCPR0728.1,TRAY,Y,12,1,64.9 X 95.6,,CZ0141
MXBPR0866.1,2024,5,7,140,140,QFN,EBEK7A039E,2/3/2024 19:00,G-A,P,MXM,TDC300E300B010E,MAX14834ETB+T,35100,MXMD047P,A,2024-MXB-02-G043,TUBE,N,8,1,62.9 X 79.9,,CZ0141
MXBPR0866.2,2024,5,7,140,140,QFN,EBEK7A039E,2/3/2024 19:00,G-A,P,MXM,TDC300E300B010E,MAX14834ETB+T,44109,MXMD047P,A,MXBPR0866.1,TUBE,N,8,1,62.9 X 79.9,,CZ0141
MXBPR1682.1,2024,9,1,140,140,QFN,EBEK7A040B,2/25/2024 19:00,G-A,P,MXM,TDC300E300B010E,MAX14834ETB+T,35100,MXMD047P,A,2024-MXB-03-G018,TUBE,N,8,1,62.9 X 79.9,,CZ0141
MXBPR1682.2,2024,9,1,140,140,QFN,EBEK7A040B,2/25/2024 19:00,G-A,P,MXM,TDC300E300B010E,MAX14834ETB+T,17706,MXMD047P,A,MXBPR1682.1,TUBE,N,8,1,62.9 X 79.9,,CZ0141
MXBPR1707.1,2024,9,3,140,140,QFN,JCCG4A011B,2/27/2024 19:00,G-A,P,MXM,TDC300E300B010E,MAX25301BATB/V+,35100,MXMD220P,A,2024-MXB-03-G038,TRAY,Y,8,1,53.9 X 55.1,,CZ0141
MXBPR1707.3,2024,9,3,140,140,QFN,JCCG4A011B,2/27/2024 19:00,G-A,P,MXM,TDC300E300B010E,MAX25301BATB/V+,32450,MXMD220P,A,MXBPR1707.1,TRAY,Y,8,1,53.9 X 55.1,,CZ0141
MXBPR1707.2,2024,9,3,140,140,QFN,JCCG4A011B,2/27/2024 19:00,G-A,P,MXM,TDC300E300B010E,MAX25301BATB/V+,35100,MXMD220P,A,MXBPR1707.1,TRAY,Y,8,1,53.9 X 55.1,,CZ0141
MXCPR0683.2,2024,7,5,140,140,QFN,ECCD5A052C,2/15/2024 19:00,G-A,P,MXM,TDC300E300B012E,MAX20075ATCB/V+,26176,MXMC160P,S,MXCPR0683.1,TRAY,Y,8,1,62.60X68.50,,CZ0141
MXCPR0683.1,2024,7,5,140,140,QFN,ECCD5A052C,2/15/2024 19:00,G-A,P,MXM,TDC300E300B012E,MAX20075ATCB/V+,35100,MXMC160P,S,2024-MXC-02-G085,TRAY,Y,8,1,62.60X68.50,,CZ0141
MXCPR0727.1,2024,7,7,140,140,QFN,ECCD5A052D,2/17/2024 19:00,G-A,P,MXM,TDC300E300B012E,MAX20075ATCB/V+,35100,MXMC160P,S,2024-MXC-03-G003,TRAY,Y,8,1,62.60X68.50,,CZ0141
MXCPR0727.2,2024,7,7,140,140,QFN,ECCD5A052D,2/17/2024 19:00,G-A,P,MXM,TDC300E300B012E,MAX20075ATCB/V+,36484,MXMC160P,S,MXCPR0727.1,TRAY,Y,8,1,62.60X68.50,,CZ0141
MXCPR0925.1,2024,9,3,140,140,QFN,ECCD5A051C,2/27/2024 19:00,G-A,P,MXM,TDC300E300B012E,MAX20075ATCB/V+,50976,MXMC160P,S,2024-MXC-03-G028,TRAY,Y,8,1,62.60X68.50,,CZ0141
MXCPR0434.1,2024,5,6,140,140,QFN,VCKZ8A052G,2/2/2024 19:00,B-A,P,MXM,TDC300E300B012E,MAX20075ATCB/V+,35100,MXMC968P,B,2024-MXC-02-G048,TRAY,Y,12,1,62.6 X 68.5,,CZ0141
MXCPR0434.2,2024,5,6,140,140,QFN,VCKZ8A052G,2/2/2024 19:00,B-A,P,MXM,TDC300E300B012E,MAX20075ATCB/V+,36159,MXMC968P,B,MXCPR0434.1,TRAY,Y,12,1,62.6 X 68.5,,CZ0141
MXCPR0848.1,2024,8,3,140,140,QFN,VCKZ8A057G,2/20/2024 19:00,B-A,P,MXM,TDC300E300B012E,MAX20075ATCB/V+,35100,MXMC968P,B,2024-MXC-03-G010,TRAY,Y,12,1,62.6 X 68.5,,CZ0141
MXCPR0848.2,2024,8,3,140,140,QFN,VCKZ8A057G,2/20/2024 19:00,B-A,P,MXM,TDC300E300B012E,MAX20075ATCB/V+,36326,MXMC968P,B,MXCPR0848.1,TRAY,Y,12,1,62.6 X 68.5,,CZ0141
MXCPR0973.1,2024,9,4,140,140,QFN,VCKZ8A053I,2/28/2024 19:00,B-A,P,MXM,TDC300E300B012E,MAX20075ATCB/V+,35100,MXMC968P,B,2024-MXC-03-G031,TRAY,Y,12,1,62.6 X 68.5,,CZ0141
MXCPR0973.2,2024,9,4,140,140,QFN,VCKZ8A053I,2/28/2024 19:00,B-A,P,MXM,TDC300E300B012E,MAX20075ATCB/V+,36509,MXMC968P,B,MXCPR0973.1,TRAY,Y,12,1,62.6 X 68.5,,CZ0141
MXCPR0975.1,2024,9,4,140,140,QFN,VCKZ8A053J,2/28/2024 19:00,B-A,P,MXM,TDC300E300B012E,MAX20075ATCB/V+,35100,MXMC968P,B,2024-MXC-03-G034,TRAY,Y,12,1,62.6 X 68.5,,CZ0141
MXCPR0975.2,2024,9,4,140,140,QFN,VCKZ8A053J,2/28/2024 19:00,B-A,P,MXM,TDC300E300B012E,MAX20075ATCB/V+,36402,MXMC968P,B,MXCPR0975.1,TRAY,Y,12,1,62.6 X 68.5,,CZ0141
MXCPR0994.1,2024,9,3,140,140,QFN,VCKZ8A050H,2/27/2024 19:00,B-A,P,MXM,TDC300E300B012E,MAX20075ATCB/V+,35100,MXMC968P,B,2024-MXC-03-G028,TRAY,Y,12,1,62.6 X 68.5,,CZ0141
MXCPR0994.2,2024,9,3,140,140,QFN,VCKZ8A050H,2/27/2024 19:00,B-A,P,MXM,TDC300E300B012E,MAX20075ATCB/V+,36070,MXMC968P,B,MXCPR0994.1,TRAY,Y,12,1,62.6 X 68.5,,CZ0141
MXCPR0997.1,2024,9,4,140,140,QFN,VCKZ8A039I,2/28/2024 19:00,B-A,P,MXM,TDC300E300B012E,MAX20075ATCB/V+,47843,MXMC968P,B,2024-MXC-03-G032,TRAY,Y,12,1,62.6 X 68.5,,CZ0141
MXCPR0905.2,2024,9,1,140,140,QFN,EBNP3A090B,2/25/2024 19:00,G-A,P,MXM,TDC300E300B012E,MAX20075ATCC/V+,36245,MXMC160P,S,MXCPR0905.1,TRAY,Y,8,1,62.60 X 68.50,,CZ0141
MXCPR0905.1,2024,9,1,140,140,QFN,EBNP3A090B,2/25/2024 19:00,G-A,P,MXM,TDC300E300B012E,MAX20075ATCC/V+,35100,MXMC160P,S,2024-MXC-03-G023,TRAY,Y,8,1,62.60 X 68.50,,CZ0141
MXCPR0915.1,2024,9,2,140,140,QFN,EBNP3A090C,2/26/2024 19:00,G-A,P,MXM,TDC300E300B012E,MAX20075ATCC/V+,35100,MXMC160P,S,2024-MXC-03-G024,TRAY,Y,8,1,62.60 X 68.50,,CZ0141
MXCPR0915.2,2024,9,2,140,140,QFN,EBNP3A090C,2/26/2024 19:00,G-A,P,MXM,TDC300E300B012E,MAX20075ATCC/V+,35445,MXMC160P,S,MXCPR0915.1,TRAY,Y,8,1,62.60 X 68.50,,CZ0141
MXCPR0433.1,2024,5,6,140,140,QFN,VCKZ8A052F,2/2/2024 19:00,B-A,P,MXM,TDC300E300B012E,MAX20075ATCC/V+,35100,MXMC993P,I,2024-MXC-02-G048,TRAY,Y,12,1,62.6 X 68.5,,CZ0141
MXCPR0433.2,2024,5,6,140,140,QFN,VCKZ8A052F,2/2/2024 19:00,B-A,P,MXM,TDC300E300B012E,MAX20075ATCC/V+,36231,MXMC993P,I,MXCPR0433.1,TRAY,Y,12,1,62.6 X 68.5,,CZ0141
MXCPR0435.2,2024,5,6,140,140,QFN,VCKZ8A052E,2/2/2024 19:00,B-A,P,MXM,TDC300E300B012E,MAX20075ATCC/V+,36240,MXMC993P,I,MXCPR0435.1,TRAY,Y,12,1,62.6 X 68.5,,CZ0141
MXCPR0435.1,2024,5,6,140,140,QFN,VCKZ8A052E,2/2/2024 19:00,B-A,P,MXM,TDC300E300B012E,MAX20075ATCC/V+,35100,MXMC993P,I,2024-MXC-02-G051,TRAY,Y,12,1,62.6 X 68.5,,CZ0141
MXCPR0963.1,2024,9,2,140,140,QFN,VCKZ8A055D,2/26/2024 0:00,B-A,P,MXM,TDC300E300B012E,MAX20075ATCC/V+,47747,MXMC993P,I,2024-MXC-03-G023,TRAY,Y,12,1,62.6 X 68.5,,CZ0141
MXCPR0582.1,2024,6,6,140,140,QFN,VCKZ8A056D,2/9/2024 19:00,B-A,P,MXM,TDC300E300B012E,MAX20075DATCA/V+,47823,MXMC993P,I,2024-MXC-02-G062,TRAY,Y,12,1,62.6 X 68.5,,CZ0141
MXCPR0842.3,2024,8,2,140,140,QFN,VCKZ8A058G,2/19/2024 19:00,B-A,P,MXM,TDC300E300B012E,MAX20075DATCA/V+,25030,MXMC993P,I,MXCPR0842.1,TRAY,Y,12,1,62.6 X 68.5,,CZ0141
MXCPR0842.2,2024,8,2,140,140,QFN,VCKZ8A058G,2/19/2024 19:00,B-A,P,MXM,TDC300E300B012E,MAX20075DATCA/V+,35100,MXMC993P,I,MXCPR0842.1,TRAY,Y,12,1,62.6 X 68.5,,CZ0141
MXCPR0842.1,2024,8,2,140,140,QFN,VCKZ8A058G,2/19/2024 19:00,B-A,P,MXM,TDC300E300B012E,MAX20075DATCA/V+,35100,MXMC993P,I,2024-MXC-03-G006,TRAY,Y,12,1,62.6 X 68.5,,CZ0141
MXCPR0554.1,2024,6,6,140,140,QFN,ECCD5A053B,2/9/2024 19:00,G-A,P,MXM,TDC300E300B012E,MAX20075DATCB/V+,48272,MXMC160P,S,2024-MXC-02-G064,TRAY,Y,8,1,62.60X68.50,,CZ0141
MXCPR0684.1,2024,7,5,140,140,QFN,EBNP3A090A,2/15/2024 19:00,G-A,P,MXM,TDC300E300B012E,MAX20076ATCC/V+,10082,MXMC160P,S,2024-MXC-02-G084,TRAY,Y,8,1,62.60 X 68.50,,CZ0141
MXCPR0998.1,2024,9,4,140,140,QFN,VCKZ8A055E,2/28/2024 19:00,B-A,P,MXM,TDC300E300B012E,MAX20076DATCA/V+,35100,MXMC993P,I,2024-MXC-03-G034,TRAY,Y,12,1,62.6 X 68.5,,CZ0141
MXCPR0998.2,2024,9,4,140,140,QFN,VCKZ8A055E,2/28/2024 19:00,B-A,P,MXM,TDC300E300B012E,MAX20076DATCA/V+,36601,MXMC993P,I,MXCPR0998.1,TRAY,Y,12,1,62.6 X 68.5,,CZ0141
MXBPR0995.1,2024,6,5,140,140,QFN,JBTI0A043B,2/8/2024 19:00,G-A,P,MXM,TDC300E300B012E,MAX20471ATCA/V+,48251,MXMC323P,H,2024-MXB-02-G087,TRAY,Y,8,1,51.10X72,,CZ0141
MXBPR1603.1,2024,8,6,140,140,QFN,JBTI0A039D,2/23/2024 19:00,G-A,P,MXM,TDC300E300B012E,MAX20471ATCB/V+,47514,MXMC323P,H,2024-MXB-03-G029,TRAY,Y,8,1,51.10X72,,CZ0141
MXBPR1640.1,2024,8,6,140,140,QFN,JBTI0A045A,2/23/2024 19:00,G-A,P,MXM,TDC300E300B012E,MAX20472ATCB/V+,35100,MXMC323P,H,2024-MXB-03-G023,TRAY,Y,8,1,51.10X72,,CZ0141
MXBPR1640.2,2024,8,6,140,140,QFN,JBTI0A045A,2/23/2024 19:00,G-A,P,MXM,TDC300E300B012E,MAX20472ATCB/V+,24922,MXMC323P,H,MXBPR1640.1,TRAY,Y,8,1,51.10X72,,CZ0141
MXBPR1705.2,2024,9,3,140,140,QFN,JBTI0A042C,2/27/2024 19:00,G-A,P,MXM,TDC300E300B012E,MAX20472ATCB/V+,37324,MXMC323P,H,MXBPR1705.1,TRAY,Y,8,1,51.10X72,,CZ0141
MXBPR1705.1,2024,9,3,140,140,QFN,JBTI0A042C,2/27/2024 19:00,G-A,P,MXM,TDC300E300B012E,MAX20472ATCB/V+,35100,MXMC323P,H,2024-MXB-03-G039,TRAY,Y,8,1,51.10X72,,CZ0141
MXBPR1639.1,2024,8,5,140,140,QFN,JBTI0A036F,2/22/2024 19:00,G-A,P,MXM,TDC300E300B012E,MAX20472ATCE/V+,48132,MXMC323P,H,2024-MXB-03-G022,TRAY,Y,8,1,51.10X72,,CZ0141
MXBPR1206.2,2024,7,4,140,140,QFN,JCGI6A009A,2/14/2024 19:00,G-A,P,MXM,TDC300E300B012E,MAX20472BATCC/V+,25360,MXMC323P,H,MXBPR1206.1,TRAY,Y,8,1,51.1X72,,CZ0141
MXBPR1206.1,2024,7,4,140,140,QFN,JCGI6A009A,2/14/2024 19:00,G-A,P,MXM,TDC300E300B012E,MAX20472BATCC/V+,35100,MXMC323P,H,2024-MXB-02-G104,TRAY,Y,8,1,51.1X72,,CZ0141
MXCPR0583.2,2024,6,6,140,140,QFN,VCMU3A054E,2/9/2024 0:00,B-A,P,MXM,TDC300E300B012E,MAX25231ATCD/V+,36587,MXMC993P,I,MXCPR0583.1,TRAY,Y,12,1,62.6X68.5,,CZ0141
MXCPR0583.1,2024,6,6,140,140,QFN,VCMU3A054E,2/9/2024 0:00,B-A,P,MXM,TDC300E300B012E,MAX25231ATCD/V+,35100,MXMC993P,I,2024-MXC-02-G063,TRAY,Y,12,1,62.6X68.5,,CZ0141
MXCPR0849.1,2024,8,3,140,140,QFN,VCMU3A054F,2/20/2024 19:00,B-A,P,MXM,TDC300E300B012E,MAX25231ATCD/V+,35100,MXMC993P,I,2024-MXC-03-G010,TRAY,Y,12,1,62.6X68.5,,CZ0141
MXCPR0849.2,2024,8,3,140,140,QFN,VCMU3A054F,2/20/2024 19:00,B-A,P,MXM,TDC300E300B012E,MAX25231ATCD/V+,36585,MXMC993P,I,MXCPR0849.1,TRAY,Y,12,1,62.6X68.5,,CZ0141
MXCPR0917.2,2024,9,2,140,140,QFN,VCMU3A054G,2/26/2024 19:00,B-A,P,MXM,TDC300E300B012E,MAX25231ATCD/V+,36193,MXMC993P,I,MXCPR0917.1,TRAY,Y,12,1,62.6X68.5,,CZ0141
MXCPR0917.1,2024,9,2,140,140,QFN,VCMU3A054G,2/26/2024 19:00,B-A,P,MXM,TDC300E300B012E,MAX25231ATCD/V+,35100,MXMC993P,I,2024-MXC-03-G027,TRAY,Y,12,1,62.6X68.5,,CZ0141
MXCPR0490.1,2024,6,2,140,140,QFN,VCDV5A171H,2/5/2024 19:00,B-A,P,MXM,TDC300E300B012E,MAX25232ATCA/V+,49367,MXMC868P,F,2024-MXC-02-G046,TRAY,Y,12,1,64.90 X 95.60,,CZ0141
MXCPR0863.1,2024,8,5,140,140,QFN,VCDV5A149F,2/22/2024 19:00,B-A,P,MXM,TDC300E300B012E,MAX25232ATCA/V+,49272,MXMC868P,F,2024-MXC-03-G018,TRAY,Y,12,1,64.90 X 95.60,,CZ0141
MXCPR0760.1,2024,8,2,140,140,QFN,VCDV5A149E,2/19/2024 19:00,G-A,P,MXM,TDC300E300B012E,MAX25232ATCH/V+,32870,MXMC868P,F,2024-MXC-03-G001,TUBE,Y,12,1,64.90 X 95.60,,CZ0141
MXCPR0837.2,2024,8,4,140,140,QFN,EBDV9A045C,2/21/2024 19:00,G-A,P,MXM,TDC300E300C008E,MAX14763ETA+T,25004,MXMD155P,B,MXCPR0837.1,TUBE,N,8,1,62.9 X 93.7,,CZ0141
MXCPR0837.1,2024,8,4,140,140,QFN,EBDV9A045C,2/21/2024 19:00,G-A,P,MXM,TDC300E300C008E,MAX14763ETA+T,35100,MXMD155P,B,2024-MXC-03-G004,TUBE,N,8,1,62.9 X 93.7,,CZ0141
MXBPR0936.6,2024,6,3,140,140,QFN,CCFT4A008B,2/6/2024 19:00,B-A,P,MXM,TDC300E300C008E,MAX25210ATAA9/V+,19296,MXMD024P,B,MXBPR0936.1,TRAY,Y,12,1,32.6 X 48.0,,CZ0141
MXBPR0936.5,2024,6,3,140,140,QFN,CCFT4A008B,2/6/2024 19:00,B-A,P,MXM,TDC300E300C008E,MAX25210ATAA9/V+,35100,MXMD024P,B,MXBPR0936.1,TRAY,Y,12,1,32.6 X 48.0,,CZ0141
MXBPR0936.4,2024,6,3,140,140,QFN,CCFT4A008B,2/6/2024 19:00,B-A,P,MXM,TDC300E300C008E,MAX25210ATAA9/V+,35100,MXMD024P,B,MXBPR0936.1,TRAY,Y,12,1,32.6 X 48.0,,CZ0141
MXBPR0936.2,2024,6,3,140,140,QFN,CCFT4A008B,2/6/2024 19:00,B-A,P,MXM,TDC300E300C008E,MAX25210ATAA9/V+,35100,MXMD024P,B,MXBPR0936.1,TRAY,Y,12,1,32.6 X 48.0,,CZ0141
MXBPR0936.3,2024,6,3,140,140,QFN,CCFT4A008B,2/6/2024 19:00,B-A,P,MXM,TDC300E300C008E,MAX25210ATAA9/V+,35100,MXMD024P,B,MXBPR0936.1,TRAY,Y,12,1,32.6 X 48.0,,CZ0141
MXBPR0936.1,2024,6,3,140,140,QFN,CCFT4A008B,2/6/2024 19:00,B-A,P,MXM,TDC300E300C008E,MAX25210ATAA9/V+,35100,MXMD024P,B,2024-MXB-02-G079,TRAY,Y,12,1,32.6 X 48.0,,CZ0141
MXBPR1066.1,2024,6,7,140,140,QFN,CCFT4A008E,2/10/2024 0:00,B-A,P,MXM,TDC300E300C008E,MAX25210ATAA9/V+,35100,MXMD024P,B,2024-MXB-02-G088,TRAY,Y,12,1,32.6 X 48.0,,CZ0141
MXBPR1066.2,2024,6,7,140,140,QFN,CCFT4A008E,2/10/2024 0:00,B-A,P,MXM,TDC300E300C008E,MAX25210ATAA9/V+,30610,MXMD024P,B,MXBPR1066.1,TRAY,Y,12,1,32.6 X 48.0,,CZ0141
MXBPR1584.2,2024,8,5,140,140,QFN,CCFT4A008G,2/22/2024 19:00,B-A,P,MXM,TDC300E300C008E,MAX25210ATAA9/V+,35100,MXMD024P,B,MXBPR1584.1,TRAY,Y,12,1,32.6 X 48.0,,CZ0141
MXBPR1584.1,2024,8,5,140,140,QFN,CCFT4A008G,2/22/2024 19:00,B-A,P,MXM,TDC300E300C008E,MAX25210ATAA9/V+,35100,MXMD024P,B,2024-MXB-03-G021,TRAY,Y,12,1,32.6 X 48.0,,CZ0141
MXBPR1584.3,2024,8,5,140,140,QFN,CCFT4A008G,2/22/2024 19:00,B-A,P,MXM,TDC300E300C008E,MAX25210ATAA9/V+,35100,MXMD024P,B,MXBPR1584.1,TRAY,Y,12,1,32.6 X 48.0,,CZ0141
MXBPR1584.4,2024,8,5,140,140,QFN,CCFT4A008G,2/22/2024 19:00,B-A,P,MXM,TDC300E300C008E,MAX25210ATAA9/V+,26156,MXMD024P,B,MXBPR1584.1,TRAY,Y,12,1,32.6 X 48.0,,CZ0141
MXBPR1196.2,2024,7,3,140,140,QFN,CCFT4A008F,2/13/2024 19:00,B-A,P,MXM,TDC300E300C008E,MAX25210ATAB9/V+,30621,MXMD024P,B,MXBPR1196.1,TRAY,Y,12,1,32.6 X 48.0,,CZ0141
MXBPR1196.1,2024,7,3,140,140,QFN,CCFT4A008F,2/13/2024 19:00,B-A,P,MXM,TDC300E300C008E,MAX25210ATAB9/V+,35100,MXMD024P,B,2024-MXB-02-G103,TRAY,Y,12,1,32.6 X 48.0,,CZ0141
MXBPR1638.1,2024,8,4,140,140,QFN,JCDF7A402B,2/21/2024 19:00,G-A,P,MXM,TDC350E300B014A,MAX25302BATD/V+,45579,MXMC987P,B,2024-MXB-03-G009,TRAY,Y,8,1,53.9 X 86.6,,CZ0141
MXBPR1276.1,2024,7,5,140,140,QFN,JCKO7A005G,2/15/2024 0:00,G-A,P,MXM,TDC350E300B014E,MAX20474ATDA/V+,6394,MXMD289P,C,2024-MXB-02-G117,TRAY,Y,8,1,60.60 X 111.40,,CZ0141
MXCPR0567.1,2024,6,7,140,140,QFN,QCHA4A009C,2/10/2024 19:00,G-A,P,MXM,TQ-200E300B016P,MAX11192ATE+,8422,MXMC252P,F,2024-MXC-02-G079,TRAY,N,8,1,55.10X94.40,,CZ0141
MXBPR1383.2,2024,8,1,140,140,QFN,JCHS9A038F,2/18/2024 19:00,G-A,P,MXM,TQ-300E3001016U,MAX20480DATEJ/VY+,18830,MXMC974P,H,MXBPR1383.1,TRAY,Y,8,1,62.9X65.3,,CZ0141
MXBPR1383.1,2024,8,1,140,140,QFN,JCHS9A038F,2/18/2024 19:00,G-A,P,MXM,TQ-300E3001016U,MAX20480DATEJ/VY+,35100,MXMC974P,H,2024-MXB-03-G003,TRAY,Y,8,1,62.9X65.3,,CZ0141
MXBPR1207.1,2024,7,4,140,140,QFN,TAYF1A179A,2/14/2024 19:00,G-A,P,MXM,TQ-300E300B012E,MAX16990ATCD/V+,35100,MXMB093P,G,2024-MXB-02-G103,TRAY,Y,8,1,50.00X50.00,,CZ0141
MXBPR1207.2,2024,7,4,140,140,QFN,TAYF1A179A,2/14/2024 19:00,G-A,P,MXM,TQ-300E300B012E,MAX16990ATCD/V+,35100,MXMB093P,G,MXBPR1207.1,TRAY,Y,8,1,50.00X50.00,,CZ0141
MXBPR1207.3,2024,7,4,140,140,QFN,TAYF1A179A,2/14/2024 19:00,G-A,P,MXM,TQ-300E300B012E,MAX16990ATCD/V+,19363,MXMB093P,G,MXBPR1207.1,TRAY,Y,8,1,50.00X50.00,,CZ0141
MXBPR1304.1,2024,7,6,140,140,QFN,TAYF1A170C,2/16/2024 19:00,G-A,P,MXM,TQ-300E300B012E,MAX16990ATCD/V+,35100,MXMB093P,G,2024-MXB-02-G121,TRAY,Y,8,1,50.00X50.00,,CZ0141
MXBPR1304.2,2024,7,6,140,140,QFN,TAYF1A170C,2/16/2024 19:00,G-A,P,MXM,TQ-300E300B012E,MAX16990ATCD/V+,35100,MXMB093P,G,MXBPR1304.1,TRAY,Y,8,1,50.00X50.00,,CZ0141
MXBPR1304.3,2024,7,6,140,140,QFN,TAYF1A170C,2/16/2024 19:00,G-A,P,MXM,TQ-300E300B012E,MAX16990ATCD/V+,35100,MXMB093P,G,MXBPR1304.1,TRAY,Y,8,1,50.00X50.00,,CZ0141
MXBPR1304.5,2024,7,6,140,140,QFN,TAYF1A170C,2/16/2024 19:00,G-A,P,MXM,TQ-300E300B012E,MAX16990ATCD/V+,35100,MXMB093P,G,MXBPR1304.1,TRAY,Y,8,1,50.00X50.00,,CZ0141
MXBPR1304.4,2024,7,6,140,140,QFN,TAYF1A170C,2/16/2024 19:00,G-A,P,MXM,TQ-300E300B012E,MAX16990ATCD/V+,35100,MXMB093P,G,MXBPR1304.1,TRAY,Y,8,1,50.00X50.00,,CZ0141
MXBPR1304.6,2024,7,6,140,140,QFN,TAYF1A170C,2/16/2024 19:00,G-A,P,MXM,TQ-300E300B012E,MAX16990ATCD/V+,39348,MXMB093P,G,MXBPR1304.1,TRAY,Y,8,1,50.00X50.00,,CZ0141
MXBPR1340.4,2024,7,7,140,140,QFN,TAYF1A170B,2/17/2024 19:00,G-A,P,MXM,TQ-300E300B012E,MAX16990ATCD/V+,35100,MXMB093P,G,MXBPR1340.1,TRAY,Y,8,1,50.00X50.00,,CZ0141
MXBPR1340.3,2024,7,7,140,140,QFN,TAYF1A170B,2/17/2024 19:00,G-A,P,MXM,TQ-300E300B012E,MAX16990ATCD/V+,35100,MXMB093P,G,MXBPR1340.1,TRAY,Y,8,1,50.00X50.00,,CZ0141
MXBPR1340.2,2024,7,7,140,140,QFN,TAYF1A170B,2/17/2024 19:00,G-A,P,MXM,TQ-300E300B012E,MAX16990ATCD/V+,35100,MXMB093P,G,MXBPR1340.1,TRAY,Y,8,1,50.00X50.00,,CZ0141
MXBPR1340.1,2024,7,7,140,140,QFN,TAYF1A170B,2/17/2024 19:00,G-A,P,MXM,TQ-300E300B012E,MAX16990ATCD/V+,35100,MXMB093P,G,2024-MXB-02-G126,TRAY,Y,8,1,50.00X50.00,,CZ0141
MXBPR1340.5,2024,7,7,140,140,QFN,TAYF1A170B,2/17/2024 19:00,G-A,P,MXM,TQ-300E300B012E,MAX16990ATCD/V+,38376,MXMB093P,G,MXBPR1340.1,TRAY,Y,8,1,50.00X50.00,,CZ0141
MXCPR0916.1,2024,9,2,140,140,QFN,TAYF1A173A,2/26/2024 19:00,G-A,P,MXM,TQ-300E300B012E,MAX16990ATCD/V+,35100,MXMB093P,G,2024-MXC-03-G023,TRAY,Y,8,1,50.00X50.00,,CZ0141
MXCPR0916.2,2024,9,2,140,140,QFN,TAYF1A173A,2/26/2024 19:00,G-A,P,MXM,TQ-300E300B012E,MAX16990ATCD/V+,36190,MXMB093P,G,MXCPR0916.1,TRAY,Y,8,1,50.00X50.00,,CZ0141
MXBPR1706.2,2024,9,3,140,140,QFN,TAYF1A173B,2/27/2024 19:00,G-A,P,MXM,TQ-300E300B012E,MAX16990ATCF/V+,36323,MXMC273P,C,MXBPR1706.1,TRAY,Y,8,1,50.00 X 50.00,,CZ0141
MXBPR1706.1,2024,9,3,140,140,QFN,TAYF1A173B,2/27/2024 19:00,G-A,P,MXM,TQ-300E300B012E,MAX16990ATCF/V+,35100,MXMC273P,C,2024-MXB-03-G028,TRAY,Y,8,1,50.00 X 50.00,,CZ0141
MXBPR0979.2,2024,6,5,140,140,QFN,JCAN4A364E,2/8/2024 19:00,G-A,P,MXM,TQ-300E300B012E,MAX16990ATCF/V+,36522,MXMD332P,B,MXBPR0979.1,TRAY,Y,8,1,50.00 X 50.00,,CZ0141
MXBPR0979.1,2024,6,5,140,140,QFN,JCAN4A364E,2/8/2024 19:00,G-A,P,MXM,TQ-300E300B012E,MAX16990ATCF/V+,35100,MXMD332P,B,2024-MXB-02-G083,TRAY,Y,8,1,50.00 X 50.00,,CZ0141
MXBPR1341.1,2024,7,7,140,140,QFN,TAYF1A171C,2/17/2024 19:00,G-A,P,MXM,TQ-300E300B012E,MAX16992ATCD/V+,35100,MXMB093P,G,2024-MXB-02-G122,TRAY,Y,8,1,50.00X50.00,,CZ0141
MXBPR1341.2,2024,7,7,140,140,QFN,TAYF1A171C,2/17/2024 19:00,G-A,P,MXM,TQ-300E300B012E,MAX16992ATCD/V+,18343,MXMB093P,G,MXBPR1341.1,TRAY,Y,8,1,50.00X50.00,,CZ0141
MXCPR0686.2,2024,7,5,140,140,QFN,TAYF1A179B,2/15/2024 19:00,G-A,P,MXM,TQ-300E300B012E,MAX16992ATCD/V+,18678,MXMB093P,G,MXCPR0686.1,TRAY,Y,8,1,50.00X50.00,,CZ0141
MXCPR0686.1,2024,7,5,140,140,QFN,TAYF1A179B,2/15/2024 19:00,G-A,P,MXM,TQ-300E300B012E,MAX16992ATCD/V+,35100,MXMB093P,G,2024-MXC-02-G083,TRAY,Y,8,1,50.00X50.00,,CZ0141
MXBPR1151.2,2024,7,2,140,140,QFN,TAMY1A039A,2/12/2024 0:00,G-A,P,MXM,TQ-300E300B016A,MAX15041ETE+,22250,MXM8949P,C,MXBPR1151.1,TUBE,N,8,1,61.00 X 61.00,,CZ0141
MXBPR1151.1,2024,7,2,140,140,QFN,TAMY1A039A,2/12/2024 0:00,G-A,P,MXM,TQ-300E300B016A,MAX15041ETE+,35100,MXM8949P,C,2024-MXB-02-G088,TUBE,N,8,1,61.00 X 61.00,,CZ0141
MXBPR1385.1,2024,8,1,140,140,QFN,TARB5A105D,2/18/2024 0:00,G-A,P,MXM,TQ-300E300B016A,MAX15059AETE+T,35100,MXMA530P,F,2024-MXB-02-G117,TUBE,N,8,1,60X56,,CZ0141
MXBPR1385.2,2024,8,1,140,140,QFN,TARB5A105D,2/18/2024 0:00,G-A,P,MXM,TQ-300E300B016A,MAX15059AETE+T,18196,MXMA530P,F,MXBPR1385.1,TUBE,N,8,1,60X56,,CZ0141
MXBPR1150.1,2024,7,1,140,140,QFN,T701BA027D,2/11/2024 19:00,G-A,P,MXM,TQ-300E300B016A,MAX4899AEETE+,12416,MXM5227P,C,2024-MXB-02-G088,TUBE,N,8,1,61.00 X 59.00,,CZ0141
MXCPR0996.1,2024,9,4,140,140,QFN,TK50CQ001K,2/28/2024 0:00,G-A,P,MXM,TQ-300E300B016A,MAX4910ETE+,22814,MXM5535P,B,2024-MXC-03-G030,TUBE,N,8,1,61.00 X 61.00,,CZ0141
MXBPR0864.2,2024,5,7,140,140,QFN,TBAL2A092C,2/3/2024 19:00,G-A,P,MXM,TQ-300E300B016A,MAX5974AETE+T,25002,MXMC716P,G,MXBPR0864.1,TUBE,N,8,1,49.60X45.20,,CZ0141
MXBPR0864.1,2024,5,7,140,140,QFN,TBAL2A092C,2/3/2024 19:00,G-A,P,MXM,TQ-300E300B016A,MAX5974AETE+T,35100,MXMC716P,G,2024-MXB-02-G053,TUBE,N,8,1,49.60X45.20,,CZ0141
MXBPR1795.1,2024,9,4,140,140,QFN,TBAL2A093C,2/28/2024 0:00,G-A,P,MXM,TQ-300E300B016A,MAX5974AETE+T,35100,MXMC716P,G,2024-MXB-03-G034,TUBE,N,8,1,49.60X45.20,,CZ0141
MXBPR1795.2,2024,9,4,140,140,QFN,TBAL2A093C,2/28/2024 0:00,G-A,P,MXM,TQ-300E300B016A,MAX5974AETE+T,25002,MXMC716P,G,MXBPR1795.1,TUBE,N,8,1,49.60X45.20,,CZ0141
MXBPR1384.1,2024,8,1,140,140,QFN,EBBS7A010B,2/18/2024 0:00,G-A,P,MXM,TQ-300E300B016A,MAX7320ATE+,27280,MXMC898P,A,2024-MXB-02-G117,TUBE,N,8,1,57.0 X 57.0,,CZ0141
MXBPR1822.1,2024,9,3,140,140,QFN,EBBS7A010D,2/27/2024 19:00,G-A,P,MXM,TQ-300E300B016A,MAX7320ATE+,13640,MXMC898P,A,2024-MXB-03-G038,TUBE,N,8,1,57.0 X 57.0,,CZ0141
MXBPR1824.1,2024,9,4,140,140,QFN,EBBS7A010C,2/28/2024 19:00,G-A,P,MXM,TQ-300E300B016A,MAX7320ATE+,27280,MXMC898P,A,2024-MXB-03-G034,TUBE,N,8,1,57.0 X 57.0,,CZ0141
MXBPR0920.1,2024,6,1,140,140,QFN,ST10EA071N,2/4/2024 19:00,G-A,P,MXM,TQ-300E300B016A,MAX7321ATE+,13524,MXM5560P,D,2024-MXB-02-G043,TUBE,N,8,1,57.00 X 57.00,,CZ0141
MXCPR0877.1,2024,8,6,140,140,QFN,JBTS8A2G8G,2/23/2024 19:00,G-A,P,MXM,TQ-300E300B016A,MAX98357AETE+,42834,MXMC707P,A,2024-MXC-03-G019,TRAY,N,8,1,57.80 X 54.30,,CZ0141
MXCPR0926.1,2024,9,3,140,140,QFN,JBTS8A2G8H,2/27/2024 19:00,G-A,P,MXM,TQ-300E300B016A,MAX98357AETE+,42834,MXMC707P,A,2024-MXC-03-G027,TRAY,N,8,1,57.80 X 54.30,,CZ0141
MXCPR0682.1,2024,7,5,140,140,QFN,VBUG4A897F,2/15/2024 0:00,B-A,P,MXM,TQ-300E300B016A,MAX98357AETE+,35100,MXMC822P,A,2024-MXC-02-G084,TRAY,N,12,1,57.80 X 54.30,,CZ0141
MXCPR0682.2,2024,7,5,140,140,QFN,VBUG4A897F,2/15/2024 0:00,B-A,P,MXM,TQ-300E300B016A,MAX98357AETE+,30938,MXMC822P,A,MXCPR0682.1,TRAY,N,12,1,57.80 X 54.30,,CZ0141
MXCPR0681.2,2024,7,5,140,140,QFN,EBEI2A501D,2/15/2024 0:00,G-A,P,MXM,TQ-300E300B016A,MAX98357AGTE/V+,21332,MXMC768P,B,MXCPR0681.1,TRAY,Y,8,1,57.80 X 54.30,,CZ0141
MXCPR0681.1,2024,7,5,140,140,QFN,EBEI2A501D,2/15/2024 0:00,G-A,P,MXM,TQ-300E300B016A,MAX98357AGTE/V+,35100,MXMC768P,B,2024-MXC-02-G083,TRAY,Y,8,1,57.80 X 54.30,,CZ0141
MXBPR1214.1,2024,7,3,140,140,QFN,THMZCA115C,2/13/2024 0:00,G-A,P,MXM,TQ-350E350A024U,MAX7359ETG+,7888,MXMD327P,A,2024-MXB-02-G103,TUBE,N,8,1,70.00 X 80.00,,CZ0141
MXCPR0477.1,2024,6,2,140,140,QFN,JZ3ZCA069B,2/5/2024 0:00,G-A,P,MXM,TQ-350E900B042A,MAX4936ACTO+,18060,MXMC284P,B,2024-MXC-02-G044,TRAY,N,8,1,68.90 X 235.00,,CZ0141
MXCPR0515.1,2024,6,4,140,140,QFN,ECBC3A059B,2/7/2024 19:00,G-A,P,MXM,TQ-400E4001016E,MAX16141AAAA/VY+,22438,MXMC883P,E,2024-MXC-02-G059,TUBE,Y,8,1,88.00 X 88.00,,CZ0141
MXCPR0652.1,2024,7,3,140,140,QFN,ECBC3A052D,2/13/2024 0:00,G-A,P,MXM,TQ-400E4001016E,MAX16141AAAA/VY+,21803,MXMC883P,E,2024-MXC-02-G076,TUBE,Y,8,1,88.00 X 88.00,,CZ0141
MXCPR0992.1,2024,9,4,140,140,QFN,ECBC3A061B,2/28/2024 0:00,G-A,P,MXM,TQ-400E4001016E,MAX16141AAAA/VY+,22594,MXMC883P,E,2024-MXC-03-G030,TUBE,Y,8,1,88.00 X 88.00,,CZ0141
MXCPR0514.2,2024,6,4,140,140,QFN,ECBC3A051D,2/7/2024 19:00,G-A,P,MXM,TQ-400E4001016E,MAX16141AAAF/VY+,16986,MXMC883P,E,MXCPR0514.1,TUBE,Y,8,1,88.00 X 88.00,,CZ0141
MXCPR0514.1,2024,6,4,140,140,QFN,ECBC3A051D,2/7/2024 19:00,G-A,P,MXM,TQ-400E4001016E,MAX16141AAAF/VY+,28000,MXMC883P,E,2024-MXC-02-G059,TUBE,Y,8,1,88.00 X 88.00,,CZ0141
MXCPR0712.1,2024,7,6,140,140,QFN,ECBC3A052C,2/16/2024 0:00,G-A,P,MXM,TQ-400E4001016E,MAX16141AAAF/VY+,22396,MXMC883P,E,2024-MXC-02-G089,TUBE,Y,8,1,88.00 X 88.00,,CZ0141
MXCPR0753.2,2024,8,1,140,140,QFN,ECBC3A055C,2/18/2024 19:00,G-A,P,MXM,TQ-400E4001016E,MAX16141AAAF/VY+,39996,MXMC883P,E,MXCPR0753.1,TUBE,Y,8,1,88.00 X 88.00,,CZ0141
MXCPR0753.1,2024,8,1,140,140,QFN,ECBC3A055C,2/18/2024 19:00,G-A,P,MXM,TQ-400E4001016E,MAX16141AAAF/VY+,28000,MXMC883P,E,2024-MXC-03-G003,TUBE,Y,8,1,88.00 X 88.00,,CZ0141
MXCPR0920.3,2024,9,2,140,140,QFN,ECBC3A056C,2/26/2024 19:00,G-A,P,MXM,TQ-400E4001016E,MAX16141AAAF/VY+,34441,MXMC883P,E,MXCPR0920.1,TUBE,Y,8,1,88.00 X 88.00,,CZ0141
MXCPR0920.2,2024,9,2,140,140,QFN,ECBC3A056C,2/26/2024 19:00,G-A,P,MXM,TQ-400E4001016E,MAX16141AAAF/VY+,28000,MXMC883P,E,MXCPR0920.1,TUBE,Y,8,1,88.00 X 88.00,,CZ0141
MXCPR0920.1,2024,9,2,140,140,QFN,ECBC3A056C,2/26/2024 19:00,G-A,P,MXM,TQ-400E4001016E,MAX16141AAAF/VY+,28000,MXMC883P,E,2024-MXC-03-G023,TUBE,Y,8,1,88.00 X 88.00,,CZ0141
MXCPR0469.1,2024,6,1,140,140,QFN,TBVS8A050B,2/4/2024 19:00,G-A,P,MXM,TQ-400E400A028E,MAX16051ETI+,28000,MXMD244P,B,2024-MXC-02-G043,TUBE,N,8,1,85.00 X 85.00,,CZ0141
MXCPR0469.2,2024,6,1,140,140,QFN,TBVS8A050B,2/4/2024 19:00,G-A,P,MXM,TQ-400E400A028E,MAX16051ETI+,28000,MXMD244P,B,MXCPR0469.1,TUBE,N,8,1,85.00 X 85.00,,CZ0141
MXCPR0469.3,2024,6,1,140,140,QFN,TBVS8A050B,2/4/2024 19:00,G-A,P,MXM,TQ-400E400A028E,MAX16051ETI+,20853,MXMD244P,B,MXCPR0469.1,TUBE,N,8,1,85.00 X 85.00,,CZ0141
MXCPR0812.2,2024,8,3,140,140,QFN,TBVS8A061A,2/20/2024 19:00,G-A,P,MXM,TQ-400E400A028E,MAX16051ETI+,21821,MXMD244P,B,MXCPR0812.1,TUBE,N,8,1,85.00 X 85.00,,CZ0141
MXCPR0812.1,2024,8,3,140,140,QFN,TBVS8A061A,2/20/2024 19:00,G-A,P,MXM,TQ-400E400A028E,MAX16051ETI+,28000,MXMD244P,B,2024-MXC-03-G006,TUBE,N,8,1,85.00 X 85.00,,CZ0141
MXCPR0978.1,2024,9,4,140,140,QFN,TNPZDA011D,2/28/2024 0:00,G-A,P,MXM,TQ-400E400A028E,MAX9791AETI+,4887,MXMD342P,A,2024-MXC-03-G032,TUBE,N,8,1,98.00 X 92.00,,CZ0141
MXCPR0555.3,2024,6,6,140,140,QFN,TBRZ1A455B,2/9/2024 19:00,G-A,P,MXM,TQ-400E400B020E,MAX16813BATP/V+,28000,MXMC474P,C,MXCPR0555.1,TRAY,Y,8,1,84.00 X 79.00,,CZ0141
MXCPR0555.4,2024,6,6,140,140,QFN,TBRZ1A455B,2/9/2024 19:00,G-A,P,MXM,TQ-400E400B020E,MAX16813BATP/V+,22721,MXMC474P,C,MXCPR0555.1,TRAY,Y,8,1,84.00 X 79.00,,CZ0141
MXCPR0555.2,2024,6,6,140,140,QFN,TBRZ1A455B,2/9/2024 19:00,G-A,P,MXM,TQ-400E400B020E,MAX16813BATP/V+,28000,MXMC474P,C,MXCPR0555.1,TRAY,Y,8,1,84.00 X 79.00,,CZ0141
MXCPR0555.1,2024,6,6,140,140,QFN,TBRZ1A455B,2/9/2024 19:00,G-A,P,MXM,TQ-400E400B020E,MAX16813BATP/V+,28000,MXMC474P,C,2024-MXC-02-G070,TRAY,Y,8,1,84.00 X 79.00,,CZ0141
MXCPR0556.1,2024,6,6,140,140,QFN,TBRZ1A453C,2/9/2024 19:00,G-A,P,MXM,TQ-400E400B020E,MAX16813BATP/V+,28000,MXMC474P,C,2024-MXC-02-G073,TRAY,Y,8,1,84.00 X 79.00,,CZ0141
MXCPR0556.3,2024,6,6,140,140,QFN,TBRZ1A453C,2/9/2024 19:00,G-A,P,MXM,TQ-400E400B020E,MAX16813BATP/V+,17383,MXMC474P,C,MXCPR0556.1,TRAY,Y,8,1,84.00 X 79.00,,CZ0141
MXCPR0556.2,2024,6,6,140,140,QFN,TBRZ1A453C,2/9/2024 19:00,G-A,P,MXM,TQ-400E400B020E,MAX16813BATP/V+,28000,MXMC474P,C,MXCPR0556.1,TRAY,Y,8,1,84.00 X 79.00,,CZ0141
MXCPR0711.1,2024,7,6,140,140,QFN,TBRZ1A435B,2/16/2024 0:00,G-A,P,MXM,TQ-400E400B020E,MAX16813BATP/V+,28000,MXMC474P,C,2024-MXC-02-G089,TRAY,Y,8,1,84.00 X 79.00,,CZ0141
MXCPR0711.2,2024,7,6,140,140,QFN,TBRZ1A435B,2/16/2024 0:00,G-A,P,MXM,TQ-400E400B020E,MAX16813BATP/V+,25166,MXMC474P,C,MXCPR0711.1,TRAY,Y,8,1,84.00 X 79.00,,CZ0141
MXCPR0908.1,2024,9,1,140,140,QFN,TBRZ1A441C,2/25/2024 19:00,G-A,P,MXM,TQ-400E400B020E,MAX16813BATP/V+,28000,MXMC474P,C,2024-MXC-03-G009,TRAY,Y,8,1,84.00 X 79.00,,CZ0141
MXCPR0908.2,2024,9,1,140,140,QFN,TBRZ1A441C,2/25/2024 19:00,G-A,P,MXM,TQ-400E400B020E,MAX16813BATP/V+,24523,MXMC474P,C,MXCPR0908.1,TRAY,Y,8,1,84.00 X 79.00,,CZ0141
MXCPR0991.1,2024,9,4,140,140,QFN,TBRZ1A444C,2/28/2024 0:00,G-A,P,MXM,TQ-400E400B020E,MAX16813BATP/V+,40054,MXMC474P,C,2024-MXC-03-G024,TRAY,Y,8,1,84.00 X 79.00,,CZ0141
MXBPR1739.1,2024,9,3,140,140,QFN,JF32GA050E,2/27/2024 19:00,G-A,P,MXM,TQ-400E400B020E,MAX4409ETP+,12747,MXM6358P,B,2024-MXB-03-G034,TUBE,N,8,1,83.00 X 83.00,,CZ0141
MXCPR0687.3,2024,7,5,140,140,QFN,K91AEA779A,2/15/2024 19:00,G-A,P,MXM,TQ-400E400B024E,MAX1452ATG+,16871,MXM7886P,F,MXCPR0687.1,TUBE,N,6,1,91.00 X 88.00,,CZ0141
MXCPR0687.1,2024,7,5,140,140,QFN,K91AEA779A,2/15/2024 19:00,G-A,P,MXM,TQ-400E400B024E,MAX1452ATG+,28000,MXM7886P,F,2024-MXC-02-G068,TUBE,N,6,1,91.00 X 88.00,,CZ0141
MXCPR0687.2,2024,7,5,140,140,QFN,K91AEA779A,2/15/2024 19:00,G-A,P,MXM,TQ-400E400B024E,MAX1452ATG+,28000,MXM7886P,F,MXCPR0687.1,TUBE,N,6,1,91.00 X 88.00,,CZ0141
MXCPR0496.2,2024,6,3,140,140,QFN,KANK8A763A,2/6/2024 19:00,G-A,P,MXM,TQ-400E400B024E,MAX1452ATG+C8J,28000,MXM7886P,F,MXCPR0496.1,TUBE,N,6,1,91.00X88.00,,CZ0141
MXCPR0496.1,2024,6,3,140,140,QFN,KANK8A763A,2/6/2024 19:00,G-A,P,MXM,TQ-400E400B024E,MAX1452ATG+C8J,28000,MXM7886P,F,2024-MXC-02-G044,TUBE,N,6,1,91.00X88.00,,CZ0141
MXCPR0496.3,2024,6,3,140,140,QFN,KANK8A763A,2/6/2024 19:00,G-A,P,MXM,TQ-400E400B024E,MAX1452ATG+C8J,15427,MXM7886P,F,MXCPR0496.1,TUBE,N,6,1,91.00X88.00,,CZ0141
MXCPR0517.1,2024,6,4,140,140,QFN,KANK8A736A,2/7/2024 19:00,G-A,P,MXM,TQ-400E400B024E,MAX1452ATG+C8J,34624,MXM7886P,F,2024-MXC-02-G052,TUBE,N,6,1,91.00X88.00,,CZ0141
MXCPR0518.1,2024,6,4,140,140,QFN,KANK8A733D,2/7/2024 19:00,G-A,P,MXM,TQ-400E400B024E,MAX1452ATG+C8J,14223,MXM7886P,F,2024-MXC-02-G052,TUBE,N,6,1,91.00X88.00,,CZ0141
MXCPR0519.1,2024,6,4,140,140,QFN,KANK8A753A,2/7/2024 19:00,G-A,P,MXM,TQ-400E400B024E,MAX1452ATG+C8J,34801,MXM7886P,F,2024-MXC-02-G052,TUBE,N,6,1,91.00X88.00,,CZ0141
MXCPR0729.1,2024,7,7,140,140,QFN,KANK8A767A,2/17/2024 0:00,G-A,P,MXM,TQ-400E400B024E,MAX1452ATG+C8J,28000,MXM7886P,F,2024-MXC-03-G004,TUBE,N,6,1,91.00X88.00,,CZ0141
MXCPR0729.2,2024,7,7,140,140,QFN,KANK8A767A,2/17/2024 0:00,G-A,P,MXM,TQ-400E400B024E,MAX1452ATG+C8J,28000,MXM7886P,F,MXCPR0729.1,TUBE,N,6,1,91.00X88.00,,CZ0141
MXCPR0729.3,2024,7,7,140,140,QFN,KANK8A767A,2/17/2024 0:00,G-A,P,MXM,TQ-400E400B024E,MAX1452ATG+C8J,16513,MXM7886P,F,MXCPR0729.1,TUBE,N,6,1,91.00X88.00,,CZ0141
MXCPR0754.1,2024,8,1,140,140,QFN,KANK8A759A,2/18/2024 0:00,G-A,P,MXM,TQ-400E400B024E,MAX1452ATG+C8J,28000,MXM7886P,F,2024-MXC-03-G004,TUBE,N,6,1,91.00X88.00,,CZ0141
MXCPR0754.2,2024,8,1,140,140,QFN,KANK8A759A,2/18/2024 0:00,G-A,P,MXM,TQ-400E400B024E,MAX1452ATG+C8J,28000,MXM7886P,F,MXCPR0754.1,TUBE,N,6,1,91.00X88.00,,CZ0141
MXCPR0754.3,2024,8,1,140,140,QFN,KANK8A759A,2/18/2024 0:00,G-A,P,MXM,TQ-400E400B024E,MAX1452ATG+C8J,16260,MXM7886P,F,MXCPR0754.1,TUBE,N,6,1,91.00X88.00,,CZ0141
MXCPR0437.1,2024,5,6,140,140,QFN,JZB1BA577E,2/2/2024 19:00,G-A,P,MXM,TQ-400E400B024E,MAX16009TG+,6760,MXM8750P,C,2024-MXC-02-G034,TUBE,N,8,1,78.00 X 79.00,,CZ0141
MXCPR0619.1,2024,7,1,140,140,QFN,JZB1BA577F,2/11/2024 19:00,G-A,P,MXM,TQ-400E400B024E,MAX16009TG+,6777,MXM8750P,C,2024-MXC-02-G060,TUBE,N,8,1,78.00 X 79.00,,CZ0141
MXCPR0617.1,2024,7,1,140,140,QFN,JV30EA707H,2/11/2024 19:00,G-A,P,MXM,TQ-400E400B024E,MAX16029TG+,23879,MXMC800P,C,2024-MXC-02-G060,TUBE,N,8,1,80.00X88.00,,CZ0141
MXCPR1002.1,2024,9,4,140,140,QFN,JV32EA708K,2/28/2024 19:00,G-A,P,MXM,TQ-400E400B024E,MAX16030TG+,5712,MXMC800P,C,2024-MXC-03-G028,TUBE,N,8,1,80.00X88.00,,CZ0141
MXCPR0879.1,2024,8,6,140,140,QFN,JAQO4A054B,2/23/2024 19:00,G-A,P,MXM,TQ-400E400B024E,MAX3643ETG+,16956,MXMC618P,A,2024-MXC-03-G010,TUBE,N,8,1,88.90 X 57.80,,CZ0141
MXBPR1688.1,2024,9,1,140,140,QFN,EBTR3A009G,2/25/2024 19:00,G-A,P,MXM,TQ-400E400B024E,MAX5992AETG+,10549,MXMC702P,C,2024-MXB-03-G011,TUBE,N,8,1,64.50 X 65.30,,CZ0141
MXCPR0943.3,2024,9,3,140,140,QFN,TTYZDA094A,2/27/2024 19:00,G-A,P,MXM,TQ-400E400B024E,MAX6581TG9A+,16020,MXM8536P,H,MXCPR0943.1,TUBE,N,8,1,89.00 X 89.00,,CZ0141
MXCPR0943.2,2024,9,3,140,140,QFN,TTYZDA094A,2/27/2024 19:00,G-A,P,MXM,TQ-400E400B024E,MAX6581TG9A+,28000,MXM8536P,H,MXCPR0943.1,TUBE,N,8,1,89.00 X 89.00,,CZ0141
MXCPR0943.1,2024,9,3,140,140,QFN,TTYZDA094A,2/27/2024 19:00,G-A,P,MXM,TQ-400E400B024E,MAX6581TG9A+,28000,MXM8536P,H,2024-MXC-03-G014,TUBE,N,8,1,89.00 X 89.00,,CZ0141
MXCPR0436.1,2024,5,6,140,140,QFN,JPI0EA007D,2/2/2024 19:00,G-A,P,MXM,TQ-400E400B024E,MAX8713ETG+,8689,MXM5682P,B,2024-MXC-02-G034,TUBE,N,8,1,95.00 X 95.00,,CZ0141
MXBPR1209.2,2024,7,4,140,140,QFN,QCJC0A164B,2/14/2024 19:00,G-A,P,MXM,TQ-400E400B024E,MAX96701GTG/V+,25990,MXMC797P,F,MXBPR1209.1,TRAY,Y,8,1,96.8X90.9,,CZ0141
MXBPR1209.1,2024,7,4,140,140,QFN,QCJC0A164B,2/14/2024 19:00,G-A,P,MXM,TQ-400E400B024E,MAX96701GTG/V+,28000,MXMC797P,F,2024-MXB-02-G110,TRAY,Y,8,1,96.8X90.9,,CZ0141
MXBPR1277.2,2024,7,5,140,140,QFN,QCJC0A193A,2/15/2024 19:00,G-A,P,MXM,TQ-400E400B024E,MAX96701GTG/V+,28000,MXMC797P,F,MXBPR1277.1,TRAY,Y,8,1,96.8X90.9,,CZ0141
MXBPR1277.3,2024,7,5,140,140,QFN,QCJC0A193A,2/15/2024 19:00,G-A,P,MXM,TQ-400E400B024E,MAX96701GTG/V+,28000,MXMC797P,F,MXBPR1277.1,TRAY,Y,8,1,96.8X90.9,,CZ0141
MXBPR1277.4,2024,7,5,140,140,QFN,QCJC0A193A,2/15/2024 19:00,G-A,P,MXM,TQ-400E400B024E,MAX96701GTG/V+,38846,MXMC797P,F,MXBPR1277.1,TRAY,Y,8,1,96.8X90.9,,CZ0141
MXBPR1277.1,2024,7,5,140,140,QFN,QCJC0A193A,2/15/2024 19:00,G-A,P,MXM,TQ-400E400B024E,MAX96701GTG/V+,28000,MXMC797P,F,2024-MXB-02-G112,TRAY,Y,8,1,96.8X90.9,,CZ0141
MXBPR1306.4,2024,7,6,140,140,QFN,QCJC0A173A,2/16/2024 19:00,G-A,P,MXM,TQ-400E400B024E,MAX96701GTG/V+,39277,MXMC797P,F,MXBPR1306.1,TRAY,Y,8,1,96.8X90.9,,CZ0141
MXBPR1306.1,2024,7,6,140,140,QFN,QCJC0A173A,2/16/2024 19:00,G-A,P,MXM,TQ-400E400B024E,MAX96701GTG/V+,28000,MXMC797P,F,2024-MXB-02-G126,TRAY,Y,8,1,96.8X90.9,,CZ0141
MXBPR1306.2,2024,7,6,140,140,QFN,QCJC0A173A,2/16/2024 19:00,G-A,P,MXM,TQ-400E400B024E,MAX96701GTG/V+,28000,MXMC797P,F,MXBPR1306.1,TRAY,Y,8,1,96.8X90.9,,CZ0141
MXBPR1306.3,2024,7,6,140,140,QFN,QCJC0A173A,2/16/2024 19:00,G-A,P,MXM,TQ-400E400B024E,MAX96701GTG/V+,28000,MXMC797P,F,MXBPR1306.1,TRAY,Y,8,1,96.8X90.9,,CZ0141
MXBPR1323.1,2024,7,6,140,140,QFN,QCJC0A179A,2/16/2024 19:00,G-A,P,MXM,TQ-400E400B024E,MAX96701GTG/V+,28000,MXMC797P,F,2024-MXB-02-G126,TRAY,Y,8,1,96.8X90.9,,CZ0141
MXBPR1323.2,2024,7,6,140,140,QFN,QCJC0A179A,2/16/2024 19:00,G-A,P,MXM,TQ-400E400B024E,MAX96701GTG/V+,31208,MXMC797P,F,MXBPR1323.1,TRAY,Y,8,1,96.8X90.9,,CZ0141
MXBPR1386.3,2024,8,1,140,140,QFN,QCJC0A190A,2/18/2024 0:00,G-A,P,MXM,TQ-400E400B024E,MAX96701GTG/V+,28000,MXMC797P,F,MXBPR1386.1,TRAY,Y,8,1,96.8X90.9,,CZ0141
MXBPR1386.4,2024,8,1,140,140,QFN,QCJC0A190A,2/18/2024 0:00,G-A,P,MXM,TQ-400E400B024E,MAX96701GTG/V+,39008,MXMC797P,F,MXBPR1386.1,TRAY,Y,8,1,96.8X90.9,,CZ0141
MXBPR1386.2,2024,8,1,140,140,QFN,QCJC0A190A,2/18/2024 0:00,G-A,P,MXM,TQ-400E400B024E,MAX96701GTG/V+,28000,MXMC797P,F,MXBPR1386.1,TRAY,Y,8,1,96.8X90.9,,CZ0141
MXBPR1386.1,2024,8,1,140,140,QFN,QCJC0A190A,2/18/2024 0:00,G-A,P,MXM,TQ-400E400B024E,MAX96701GTG/V+,28000,MXMC797P,F,2024-MXB-02-G126,TRAY,Y,8,1,96.8X90.9,,CZ0141
MXBPR1387.1,2024,8,1,140,140,QFN,QCJC0A179B,2/18/2024 19:00,G-A,P,MXM,TQ-400E400B024E,MAX96701GTG/V+,28000,MXMC797P,F,2024-MXB-02-G122,TRAY,Y,8,1,96.8X90.9,,CZ0141
MXBPR1387.2,2024,8,1,140,140,QFN,QCJC0A179B,2/18/2024 19:00,G-A,P,MXM,TQ-400E400B024E,MAX96701GTG/V+,36143,MXMC797P,F,MXBPR1387.1,TRAY,Y,8,1,96.8X90.9,,CZ0141
MXBPR1391.1,2024,8,2,140,140,QFN,QCJC0A184A,2/19/2024 19:00,G-A,P,MXM,TQ-400E400B024E,MAX96701GTG/V+,28000,MXMC797P,F,2024-MXB-03-G001,TRAY,Y,8,1,96.8X90.9,,CZ0141
MXBPR1391.3,2024,8,2,140,140,QFN,QCJC0A184A,2/19/2024 19:00,G-A,P,MXM,TQ-400E400B024E,MAX96701GTG/V+,28000,MXMC797P,F,MXBPR1391.1,TRAY,Y,8,1,96.8X90.9,,CZ0141
MXBPR1391.4,2024,8,2,140,140,QFN,QCJC0A184A,2/19/2024 19:00,G-A,P,MXM,TQ-400E400B024E,MAX96701GTG/V+,39070,MXMC797P,F,MXBPR1391.1,TRAY,Y,8,1,96.8X90.9,,CZ0141
MXBPR1391.2,2024,8,2,140,140,QFN,QCJC0A184A,2/19/2024 19:00,G-A,P,MXM,TQ-400E400B024E,MAX96701GTG/V+,28000,MXMC797P,F,MXBPR1391.1,TRAY,Y,8,1,96.8X90.9,,CZ0141
MXBPR1392.2,2024,8,2,140,140,QFN,QCJC0A188A,2/19/2024 19:00,G-A,P,MXM,TQ-400E400B024E,MAX96701GTG/V+,28000,MXMC797P,F,MXBPR1392.1,TRAY,Y,8,1,96.8X90.9,,CZ0141
MXBPR1392.1,2024,8,2,140,140,QFN,QCJC0A188A,2/19/2024 19:00,G-A,P,MXM,TQ-400E400B024E,MAX96701GTG/V+,28000,MXMC797P,F,2024-MXB-03-G006,TRAY,Y,8,1,96.8X90.9,,CZ0141
MXBPR1392.3,2024,8,2,140,140,QFN,QCJC0A188A,2/19/2024 19:00,G-A,P,MXM,TQ-400E400B024E,MAX96701GTG/V+,28000,MXMC797P,F,MXBPR1392.1,TRAY,Y,8,1,96.8X90.9,,CZ0141
MXBPR1392.4,2024,8,2,140,140,QFN,QCJC0A188A,2/19/2024 19:00,G-A,P,MXM,TQ-400E400B024E,MAX96701GTG/V+,39271,MXMC797P,F,MXBPR1392.1,TRAY,Y,8,1,96.8X90.9,,CZ0141
MXBPR0997.1,2024,6,5,140,140,QFN,QCGZ5A150B,2/8/2024 19:00,G-A,P,MXM,TQ-400E400B024E,MAX96707GTG/V+,28000,MXMC797P,F,2024-MXB-02-G083,TRAY,Y,8,1,96.8X90.9,,CZ0141
MXBPR0997.2,2024,6,5,140,140,QFN,QCGZ5A150B,2/8/2024 19:00,G-A,P,MXM,TQ-400E400B024E,MAX96707GTG/V+,40943,MXMC797P,F,MXBPR0997.1,TRAY,Y,8,1,96.8X90.9,,CZ0141
MXBPR1198.1,2024,7,3,140,140,QFN,QCJI5A189C,2/13/2024 19:00,G-A,P,MXM,TQ-400E400B024E,MAX96715GTG/V+,9862,MXMC439P,D,2024-MXB-02-G104,TRAY,Y,8,1,96.8X90.9,,CZ0141
MXCPR0618.2,2024,7,1,140,140,QFN,TZZ1DA253C,2/11/2024 0:00,G-A,P,MXM,TQ-400E400B024E,MAX9768BETG+,31721,MXMB911P,B,MXCPR0618.1,TUBE,N,8,1,88.00 X 98.00,,CZ0141
MXCPR0618.1,2024,7,1,140,140,QFN,TZZ1DA253C,2/11/2024 0:00,G-A,P,MXM,TQ-400E400B024E,MAX9768BETG+,28000,MXMB911P,B,2024-MXC-02-G060,TUBE,N,8,1,88.00 X 98.00,,CZ0141
MXCPR0944.1,2024,9,3,140,140,QFN,QILZCA104C,2/27/2024 19:00,G-A,P,MXM,TQ-400E400B024E,MAX9860ETG+,27045,MXMB340P,D,2024-MXC-03-G010,TUBE,N,8,1,60.60 X 80.70,,CZ0141
MXCPR0945.1,2024,9,3,140,140,QFN,QILZCA105C,2/27/2024 19:00,G-A,P,MXM,TQ-400E400B024E,MAX9860ETG+,9015,MXMB340P,D,2024-MXC-03-G030,TUBE,N,8,1,60.60 X 80.70,,CZ0141
MXCPR1001.2,2024,9,4,140,140,QFN,QILZCA106A,2/28/2024 19:00,G-A,P,MXM,TQ-400E400B024E,MAX9860ETG+,28000,MXMB340P,D,MXCPR1001.1,TUBE,N,8,1,60.60 X 80.70,,CZ0141
MXCPR1001.1,2024,9,4,140,140,QFN,QILZCA106A,2/28/2024 19:00,G-A,P,MXM,TQ-400E400B024E,MAX9860ETG+,28000,MXMB340P,D,2024-MXC-03-G023,TUBE,N,8,1,60.60 X 80.70,,CZ0141
MXCPR1001.3,2024,9,4,140,140,QFN,QILZCA106A,2/28/2024 19:00,G-A,P,MXM,TQ-400E400B024E,MAX9860ETG+,28000,MXMB340P,D,MXCPR1001.1,TUBE,N,8,1,60.60 X 80.70,,CZ0141
MXCPR1001.4,2024,9,4,140,140,QFN,QILZCA106A,2/28/2024 19:00,G-A,P,MXM,TQ-400E400B024E,MAX9860ETG+,15165,MXMB340P,D,MXCPR1001.1,TUBE,N,8,1,60.60 X 80.70,,CZ0141
MXBPR0996.1,2024,6,5,140,140,QFN,TANQ9A213D,2/8/2024 19:00,G-A,P,MXM,TQ-400E400C016E,MAX16946GTE/V+,28000,MXMB842P,D,2024-MXB-02-G082,TUBE,Y,8,1,71.00 X 71.00,,CZ0141
MXBPR0996.2,2024,6,5,140,140,QFN,TANQ9A213D,2/8/2024 19:00,G-A,P,MXM,TQ-400E400C016E,MAX16946GTE/V+,24445,MXMB842P,D,MXBPR0996.1,TUBE,Y,8,1,71.00 X 71.00,,CZ0141
MXCPR0981.1,2024,9,4,140,140,QFN,E3R0IA008K,2/28/2024 0:00,G-A,P,MXM,TQ-400E400C016E,MAX5410ETE+,6797,MXM7432P,G,2024-MXC-03-G028,TUBE,N,8,1,81.00 X 80.00,,CZ0141
MXCPR0613.1,2024,7,1,140,140,QFN,EEP0EA047L,2/11/2024 19:00,G-A,P,MXM,TQ-400E400D012E,MAX5535ETC+,6582,MXMC937P,D,2024-MXC-02-G064,TUBE,N,8,1,75.00 X 88.00,,CZ0141
MXBPR1064.1,2024,6,7,140,140,QFN,JCEF6A521B,2/10/2024 19:00,G-A,P,MXM,TQ-500E5001032A,MAX20012BATJH/VY+,17600,MXMC889P,B,2024-MXB-02-G103,TRAY,Y,8,1,86.6 X 94.4,,CZ0288
MXBPR1064.2,2024,6,7,140,140,QFN,JCEF6A521B,2/10/2024 19:00,G-A,P,MXM,TQ-500E5001032A,MAX20012BATJH/VY+,25332,MXMC889P,B,MXBPR1064.1,TRAY,Y,8,1,86.6 X 94.4,,CZ0288
MXBPR1309.1,2024,7,6,140,140,QFN,JCEF6A520C,2/16/2024 19:00,G-A,P,MXM,TQ-500E5001032A,MAX20012BATJH/VY+,17600,MXMC889P,B,2024-MXB-02-G116,TRAY,Y,8,1,86.6 X 94.4,,CZ0288
MXBPR1309.2,2024,7,6,140,140,QFN,JCEF6A520C,2/16/2024 19:00,G-A,P,MXM,TQ-500E5001032A,MAX20012BATJH/VY+,25225,MXMC889P,B,MXBPR1309.1,TRAY,Y,8,1,86.6 X 94.4,,CZ0288
MXBPR1698.1,2024,9,2,140,140,QFN,TN10GA348E,2/26/2024 19:00,G-A,P,MXM,TQ-500E500A040A,MAX8660ETL/V+,2460,MXMA575P,C,2024-MXB-03-G028,TUBE,Y,8,1,132.00 X 127.00,,CZ0141
MXCPR0474.1,2024,6,1,140,140,QFN,QBZY3A041C,2/4/2024 19:00,G-A,P,MXM,TQ-500E500B028A,MAX11128ATI/V+,13200,MXMC673P,A,2024-MXC-02-G048,TUBE,Y,8,1,65.00 X 87.00,,CZ0141
MXCPR0474.2,2024,6,1,140,140,QFN,QBZY3A041C,2/4/2024 19:00,G-A,P,MXM,TQ-500E500B028A,MAX11128ATI/V+,18198,MXMC673P,A,MXCPR0474.1,TUBE,Y,8,1,65.00 X 87.00,,CZ0141
MXCPR0624.1,2024,7,1,140,140,QFN,QBZY3A040D,2/11/2024 19:00,G-A,P,MXM,TQ-500E500B028A,MAX11128ATI/V+,13200,MXMC673P,A,2024-MXC-02-G068,TUBE,Y,8,1,65.00 X 87.00,,CZ0141
MXCPR0624.2,2024,7,1,140,140,QFN,QBZY3A040D,2/11/2024 19:00,G-A,P,MXM,TQ-500E500B028A,MAX11128ATI/V+,10418,MXMC673P,A,MXCPR0624.1,TUBE,Y,8,1,65.00 X 87.00,,CZ0141
MXCPR0625.2,2024,7,1,140,140,QFN,QBZY3A044B,2/11/2024 19:00,G-A,P,MXM,TQ-500E500B028A,MAX11128ATI/V+,10356,MXMC673P,A,MXCPR0625.1,TUBE,Y,8,1,65.00 X 87.00,,CZ0141
MXCPR0625.1,2024,7,1,140,140,QFN,QBZY3A044B,2/11/2024 19:00,G-A,P,MXM,TQ-500E500B028A,MAX11128ATI/V+,13200,MXMC673P,A,2024-MXC-02-G068,TUBE,Y,8,1,65.00 X 87.00,,CZ0141
MXCPR0850.6,2024,8,4,140,140,QFN,QBZY3A045A,2/21/2024 19:00,G-A,P,MXM,TQ-500E500B028A,MAX11128ATI/V+,13200,MXMC673P,A,MXCPR0850.1,TUBE,Y,8,1,65.00 X 87.00,,CZ0141
MXCPR0850.5,2024,8,4,140,140,QFN,QBZY3A045A,2/21/2024 19:00,G-A,P,MXM,TQ-500E500B028A,MAX11128ATI/V+,13200,MXMC673P,A,MXCPR0850.1,TUBE,Y,8,1,65.00 X 87.00,,CZ0141
MXCPR0850.4,2024,8,4,140,140,QFN,QBZY3A045A,2/21/2024 19:00,G-A,P,MXM,TQ-500E500B028A,MAX11128ATI/V+,13200,MXMC673P,A,MXCPR0850.1,TUBE,Y,8,1,65.00 X 87.00,,CZ0141
MXCPR0850.2,2024,8,4,140,140,QFN,QBZY3A045A,2/21/2024 19:00,G-A,P,MXM,TQ-500E500B028A,MAX11128ATI/V+,13200,MXMC673P,A,MXCPR0850.1,TUBE,Y,8,1,65.00 X 87.00,,CZ0141
MXCPR0850.1,2024,8,4,140,140,QFN,QBZY3A045A,2/21/2024 19:00,G-A,P,MXM,TQ-500E500B028A,MAX11128ATI/V+,13200,MXMC673P,A,2024-MXC-03-G010,TUBE,Y,8,1,65.00 X 87.00,,CZ0141
MXCPR0850.7,2024,8,4,140,140,QFN,QBZY3A045A,2/21/2024 19:00,G-A,P,MXM,TQ-500E500B028A,MAX11128ATI/V+,14969,MXMC673P,A,MXCPR0850.1,TUBE,Y,8,1,65.00 X 87.00,,CZ0141
MXCPR0850.3,2024,8,4,140,140,QFN,QBZY3A045A,2/21/2024 19:00,G-A,P,MXM,TQ-500E500B028A,MAX11128ATI/V+,13200,MXMC673P,A,MXCPR0850.1,TUBE,Y,8,1,65.00 X 87.00,,CZ0141
MXCPR0993.1,2024,9,4,140,140,QFN,QBZY3A041D,2/28/2024 0:00,G-A,P,MXM,TQ-500E500B028A,MAX11128ATI/V+,13200,MXMC673P,A,2024-MXC-03-G027,TUBE,Y,8,1,65.00 X 87.00,,CZ0141
MXCPR0993.5,2024,9,4,140,140,QFN,QBZY3A041D,2/28/2024 0:00,G-A,P,MXM,TQ-500E500B028A,MAX11128ATI/V+,17875,MXMC673P,A,MXCPR0993.1,TUBE,Y,8,1,65.00 X 87.00,,CZ0141
MXCPR0993.4,2024,9,4,140,140,QFN,QBZY3A041D,2/28/2024 0:00,G-A,P,MXM,TQ-500E500B028A,MAX11128ATI/V+,13200,MXMC673P,A,MXCPR0993.1,TUBE,Y,8,1,65.00 X 87.00,,CZ0141
MXCPR0993.3,2024,9,4,140,140,QFN,QBZY3A041D,2/28/2024 0:00,G-A,P,MXM,TQ-500E500B028A,MAX11128ATI/V+,13200,MXMC673P,A,MXCPR0993.1,TUBE,Y,8,1,65.00 X 87.00,,CZ0141
MXCPR0993.2,2024,9,4,140,140,QFN,QBZY3A041D,2/28/2024 0:00,G-A,P,MXM,TQ-500E500B028A,MAX11128ATI/V+,13200,MXMC673P,A,MXCPR0993.1,TUBE,Y,8,1,65.00 X 87.00,,CZ0141
MXBPR1402.1,2024,8,2,140,140,QFN,JLI2HA7C1D,2/19/2024 19:00,G-A,P,MXM,TQ-500E500B028A,MAX8724ETI+,2902,MXMD056P,A,2024-MXB-02-G121,TUBE,N,8,1,120.00 X 120.00,,CZ0141
MXCPR0528.1,2024,6,5,140,140,QFN,EF4ZAA122J,2/8/2024 19:00,G-A,P,MXM,TQ-500E500B028E,MAX1231BCTI+,3650,MXMA183P,I,2024-MXC-02-G065,TUBE,N,8,1,90.00 X 130.00,,CZ0141
MXBPR1393.1,2024,8,2,140,140,QFN,JFLXCA071D,2/19/2024 19:00,G-A,P,MXM,TQ-500E500B028E,MAX16821CATI+,3369,MXMC182P,B,2024-MXB-03-G009,TUBE,N,8,1,114.00 X 110.00,,CZ0141
MXCPR0946.3,2024,9,3,140,140,QFN,QBYA6A166B,2/27/2024 19:00,G-A,P,MXM,TQ-500E500B032A,MAX1471ATJ+C3N,16986,MXMB569P,D,MXCPR0946.1,TUBE,N,8,1,90.00 X 78.00,,CZ0141
MXCPR0946.1,2024,9,3,140,140,QFN,QBYA6A166B,2/27/2024 19:00,G-A,P,MXM,TQ-500E500B032A,MAX1471ATJ+C3N,13200,MXMB569P,D,2024-MXC-03-G024,TUBE,N,8,1,90.00 X 78.00,,CZ0141
MXCPR0946.2,2024,9,3,140,140,QFN,QBYA6A166B,2/27/2024 19:00,G-A,P,MXM,TQ-500E500B032A,MAX1471ATJ+C3N,13200,MXMB569P,D,MXCPR0946.1,TUBE,N,8,1,90.00 X 78.00,,CZ0141
MXBFR1487.3,2024,8,3,140,140,QFN,QCJG0A057A,2/20/2024 19:00,G-A,F,MXM,TQ-500E500B032A,MAX96700GTJ/V+,13200,MXMD035P,A,MXBFR1487.1,TRAY,Y,8,1,92.9X95.2,,CZ0141
MXBFR1487.2,2024,8,3,140,140,QFN,QCJG0A057A,2/20/2024 19:00,G-A,F,MXM,TQ-500E500B032A,MAX96700GTJ/V+,13200,MXMD035P,A,MXBFR1487.1,TRAY,Y,8,1,92.9X95.2,,CZ0141
MXBFR1487.1,2024,8,3,140,140,QFN,QCJG0A057A,2/20/2024 19:00,G-A,F,MXM,TQ-500E500B032A,MAX96700GTJ/V+,13200,MXMD035P,A,2024-MXB-03-G006,TRAY,Y,8,1,92.9X95.2,,CZ0141
MXBFR1487.4,2024,8,3,140,140,QFN,QCJG0A057A,2/20/2024 19:00,G-A,F,MXM,TQ-500E500B032A,MAX96700GTJ/V+,13200,MXMD035P,A,MXBFR1487.1,TRAY,Y,8,1,92.9X95.2,,CZ0141
MXBFR1487.5,2024,8,3,140,140,QFN,QCJG0A057A,2/20/2024 19:00,G-A,F,MXM,TQ-500E500B032A,MAX96700GTJ/V+,13200,MXMD035P,A,MXBFR1487.1,TRAY,Y,8,1,92.9X95.2,,CZ0141
MXBFR1487.7,2024,8,3,140,140,QFN,QCJG0A057A,2/20/2024 19:00,G-A,F,MXM,TQ-500E500B032A,MAX96700GTJ/V+,13200,MXMD035P,A,MXBFR1487.1,TRAY,Y,8,1,92.9X95.2,,CZ0141
MXBFR1487.8,2024,8,3,140,140,QFN,QCJG0A057A,2/20/2024 19:00,G-A,F,MXM,TQ-500E500B032A,MAX96700GTJ/V+,13200,MXMD035P,A,MXBFR1487.1,TRAY,Y,8,1,92.9X95.2,,CZ0141
MXBFR1487.9,2024,8,3,140,140,QFN,QCJG0A057A,2/20/2024 19:00,G-A,F,MXM,TQ-500E500B032A,MAX96700GTJ/V+,17169,MXMD035P,A,MXBFR1487.1,TRAY,Y,8,1,92.9X95.2,,CZ0141
MXBFR1487.6,2024,8,3,140,140,QFN,QCJG0A057A,2/20/2024 19:00,G-A,F,MXM,TQ-500E500B032A,MAX96700GTJ/V+,13200,MXMD035P,A,MXBFR1487.1,TRAY,Y,8,1,92.9X95.2,,CZ0141
MXBFR1690.8,2024,9,1,140,140,QFN,QCJG0A053A,2/25/2024 19:00,G-A,F,MXM,TQ-500E500B032A,MAX96700GTJ/V+,13200,MXMD035P,A,MXBFR1690.1,TRAY,Y,8,1,92.9X95.2,,CZ0141
MXBFR1690.9,2024,9,1,140,140,QFN,QCJG0A053A,2/25/2024 19:00,G-A,F,MXM,TQ-500E500B032A,MAX96700GTJ/V+,16977,MXMD035P,A,MXBFR1690.1,TRAY,Y,8,1,92.9X95.2,,CZ0141
MXBFR1690.7,2024,9,1,140,140,QFN,QCJG0A053A,2/25/2024 19:00,G-A,F,MXM,TQ-500E500B032A,MAX96700GTJ/V+,13200,MXMD035P,A,MXBFR1690.1,TRAY,Y,8,1,92.9X95.2,,CZ0141
MXBFR1690.6,2024,9,1,140,140,QFN,QCJG0A053A,2/25/2024 19:00,G-A,F,MXM,TQ-500E500B032A,MAX96700GTJ/V+,13200,MXMD035P,A,MXBFR1690.1,TRAY,Y,8,1,92.9X95.2,,CZ0141
MXBFR1690.5,2024,9,1,140,140,QFN,QCJG0A053A,2/25/2024 19:00,G-A,F,MXM,TQ-500E500B032A,MAX96700GTJ/V+,13200,MXMD035P,A,MXBFR1690.1,TRAY,Y,8,1,92.9X95.2,,CZ0141
MXBFR1690.4,2024,9,1,140,140,QFN,QCJG0A053A,2/25/2024 19:00,G-A,F,MXM,TQ-500E500B032A,MAX96700GTJ/V+,13200,MXMD035P,A,MXBFR1690.1,TRAY,Y,8,1,92.9X95.2,,CZ0141
MXBFR1690.3,2024,9,1,140,140,QFN,QCJG0A053A,2/25/2024 19:00,G-A,F,MXM,TQ-500E500B032A,MAX96700GTJ/V+,13200,MXMD035P,A,MXBFR1690.1,TRAY,Y,8,1,92.9X95.2,,CZ0141
MXBFR1690.2,2024,9,1,140,140,QFN,QCJG0A053A,2/25/2024 19:00,G-A,F,MXM,TQ-500E500B032A,MAX96700GTJ/V+,13200,MXMD035P,A,MXBFR1690.1,TRAY,Y,8,1,92.9X95.2,,CZ0141
MXBFR1690.1,2024,9,1,140,140,QFN,QCJG0A053A,2/25/2024 19:00,G-A,F,MXM,TQ-500E500B032A,MAX96700GTJ/V+,13200,MXMD035P,A,2024-MXB-03-G021,TRAY,Y,8,1,92.9X95.2,,CZ0141
MXBPR0994.4,2024,6,4,140,140,QFN,QCJG0A049A,2/7/2024 19:00,G-A,P,MXM,TQ-500E500B032A,MAX96700GTJ/V+,13200,MXMD035P,A,MXBPR0994.1,TRAY,Y,8,1,92.9X95.2,,CZ0141
MXBPR0994.6,2024,6,4,140,140,QFN,QCJG0A049A,2/7/2024 19:00,G-A,P,MXM,TQ-500E500B032A,MAX96700GTJ/V+,13200,MXMD035P,A,MXBPR0994.1,TRAY,Y,8,1,92.9X95.2,,CZ0141
MXBPR0994.7,2024,6,4,140,140,QFN,QCJG0A049A,2/7/2024 19:00,G-A,P,MXM,TQ-500E500B032A,MAX96700GTJ/V+,13200,MXMD035P,A,MXBPR0994.1,TRAY,Y,8,1,92.9X95.2,,CZ0141
MXBPR0994.8,2024,6,4,140,140,QFN,QCJG0A049A,2/7/2024 19:00,G-A,P,MXM,TQ-500E500B032A,MAX96700GTJ/V+,13200,MXMD035P,A,MXBPR0994.1,TRAY,Y,8,1,92.9X95.2,,CZ0141
MXBPR0994.9,2024,6,4,140,140,QFN,QCJG0A049A,2/7/2024 19:00,G-A,P,MXM,TQ-500E500B032A,MAX96700GTJ/V+,17020,MXMD035P,A,MXBPR0994.1,TRAY,Y,8,1,92.9X95.2,,CZ0141
MXBPR0994.1,2024,6,4,140,140,QFN,QCJG0A049A,2/7/2024 19:00,G-A,P,MXM,TQ-500E500B032A,MAX96700GTJ/V+,13200,MXMD035P,A,2024-MXB-02-G082,TRAY,Y,8,1,92.9X95.2,,CZ0141
MXBPR0994.2,2024,6,4,140,140,QFN,QCJG0A049A,2/7/2024 19:00,G-A,P,MXM,TQ-500E500B032A,MAX96700GTJ/V+,13200,MXMD035P,A,MXBPR0994.1,TRAY,Y,8,1,92.9X95.2,,CZ0141
MXBPR0994.3,2024,6,4,140,140,QFN,QCJG0A049A,2/7/2024 19:00,G-A,P,MXM,TQ-500E500B032A,MAX96700GTJ/V+,13200,MXMD035P,A,MXBPR0994.1,TRAY,Y,8,1,92.9X95.2,,CZ0141
MXBPR0994.5,2024,6,4,140,140,QFN,QCJG0A049A,2/7/2024 19:00,G-A,P,MXM,TQ-500E500B032A,MAX96700GTJ/V+,13200,MXMD035P,A,MXBPR0994.1,TRAY,Y,8,1,92.9X95.2,,CZ0141
MXBPR1005.5,2024,6,5,140,140,QFN,QCJG0A045A,2/8/2024 19:00,G-A,P,MXM,TQ-500E500B032A,MAX96700GTJ/V+,13200,MXMD035P,A,MXBPR1005.1,TRAY,Y,8,1,92.9X95.2,,CZ0141
MXBPR1005.4,2024,6,5,140,140,QFN,QCJG0A045A,2/8/2024 19:00,G-A,P,MXM,TQ-500E500B032A,MAX96700GTJ/V+,13200,MXMD035P,A,MXBPR1005.1,TRAY,Y,8,1,92.9X95.2,,CZ0141
MXBPR1005.9,2024,6,5,140,140,QFN,QCJG0A045A,2/8/2024 19:00,G-A,P,MXM,TQ-500E500B032A,MAX96700GTJ/V+,17025,MXMD035P,A,MXBPR1005.1,TRAY,Y,8,1,92.9X95.2,,CZ0141
MXBPR1005.8,2024,6,5,140,140,QFN,QCJG0A045A,2/8/2024 19:00,G-A,P,MXM,TQ-500E500B032A,MAX96700GTJ/V+,13200,MXMD035P,A,MXBPR1005.1,TRAY,Y,8,1,92.9X95.2,,CZ0141
MXBPR1005.7,2024,6,5,140,140,QFN,QCJG0A045A,2/8/2024 19:00,G-A,P,MXM,TQ-500E500B032A,MAX96700GTJ/V+,13200,MXMD035P,A,MXBPR1005.1,TRAY,Y,8,1,92.9X95.2,,CZ0141
MXBPR1005.6,2024,6,5,140,140,QFN,QCJG0A045A,2/8/2024 19:00,G-A,P,MXM,TQ-500E500B032A,MAX96700GTJ/V+,13200,MXMD035P,A,MXBPR1005.1,TRAY,Y,8,1,92.9X95.2,,CZ0141
MXBPR1005.1,2024,6,5,140,140,QFN,QCJG0A045A,2/8/2024 19:00,G-A,P,MXM,TQ-500E500B032A,MAX96700GTJ/V+,13200,MXMD035P,A,2024-MXB-02-G092,TRAY,Y,8,1,92.9X95.2,,CZ0141
MXBPR1005.2,2024,6,5,140,140,QFN,QCJG0A045A,2/8/2024 19:00,G-A,P,MXM,TQ-500E500B032A,MAX96700GTJ/V+,13200,MXMD035P,A,MXBPR1005.1,TRAY,Y,8,1,92.9X95.2,,CZ0141
MXBPR1005.3,2024,6,5,140,140,QFN,QCJG0A045A,2/8/2024 19:00,G-A,P,MXM,TQ-500E500B032A,MAX96700GTJ/V+,13200,MXMD035P,A,MXBPR1005.1,TRAY,Y,8,1,92.9X95.2,,CZ0141
MXBPR1562.5,2024,8,4,140,140,QFN,QCHC9A674A,2/21/2024 19:00,G-A,P,MXM,TQ-500E500B032A,MAX96700GTJ/V+,13200,MXMD035P,A,MXBPR1562.1,TRAY,Y,8,1,92.9X95.2,,CZ0141
MXBPR1562.8,2024,8,4,140,140,QFN,QCHC9A674A,2/21/2024 19:00,G-A,P,MXM,TQ-500E500B032A,MAX96700GTJ/V+,13200,MXMD035P,A,MXBPR1562.1,TRAY,Y,8,1,92.9X95.2,,CZ0141
MXBPR1562.7,2024,8,4,140,140,QFN,QCHC9A674A,2/21/2024 19:00,G-A,P,MXM,TQ-500E500B032A,MAX96700GTJ/V+,13200,MXMD035P,A,MXBPR1562.1,TRAY,Y,8,1,92.9X95.2,,CZ0141
MXBPR1562.6,2024,8,4,140,140,QFN,QCHC9A674A,2/21/2024 19:00,G-A,P,MXM,TQ-500E500B032A,MAX96700GTJ/V+,13200,MXMD035P,A,MXBPR1562.1,TRAY,Y,8,1,92.9X95.2,,CZ0141
MXBPR1562.9,2024,8,4,140,140,QFN,QCHC9A674A,2/21/2024 19:00,G-A,P,MXM,TQ-500E500B032A,MAX96700GTJ/V+,16759,MXMD035P,A,MXBPR1562.1,TRAY,Y,8,1,92.9X95.2,,CZ0141
MXBPR1562.3,2024,8,4,140,140,QFN,QCHC9A674A,2/21/2024 19:00,G-A,P,MXM,TQ-500E500B032A,MAX96700GTJ/V+,13200,MXMD035P,A,MXBPR1562.1,TRAY,Y,8,1,92.9X95.2,,CZ0141
MXBPR1562.2,2024,8,4,140,140,QFN,QCHC9A674A,2/21/2024 19:00,G-A,P,MXM,TQ-500E500B032A,MAX96700GTJ/V+,13200,MXMD035P,A,MXBPR1562.1,TRAY,Y,8,1,92.9X95.2,,CZ0141
MXBPR1562.1,2024,8,4,140,140,QFN,QCHC9A674A,2/21/2024 19:00,G-A,P,MXM,TQ-500E500B032A,MAX96700GTJ/V+,13200,MXMD035P,A,2024-MXB-03-G014,TRAY,Y,8,1,92.9X95.2,,CZ0141
MXBPR1562.4,2024,8,4,140,140,QFN,QCHC9A674A,2/21/2024 19:00,G-A,P,MXM,TQ-500E500B032A,MAX96700GTJ/V+,13200,MXMD035P,A,MXBPR1562.1,TRAY,Y,8,1,92.9X95.2,,CZ0141
MXBPR1608.5,2024,8,6,140,140,QFN,QCJG0A055A,2/23/2024 19:00,G-A,P,MXM,TQ-500E500B032A,MAX96700GTJ/V+,13200,MXMD035P,A,MXBPR1608.1,TRAY,Y,8,1,92.9X95.2,,CZ0141
MXBPR1608.6,2024,8,6,140,140,QFN,QCJG0A055A,2/23/2024 19:00,G-A,P,MXM,TQ-500E500B032A,MAX96700GTJ/V+,13200,MXMD035P,A,MXBPR1608.1,TRAY,Y,8,1,92.9X95.2,,CZ0141
MXBPR1608.7,2024,8,6,140,140,QFN,QCJG0A055A,2/23/2024 19:00,G-A,P,MXM,TQ-500E500B032A,MAX96700GTJ/V+,13200,MXMD035P,A,MXBPR1608.1,TRAY,Y,8,1,92.9X95.2,,CZ0141
MXBPR1608.8,2024,8,6,140,140,QFN,QCJG0A055A,2/23/2024 19:00,G-A,P,MXM,TQ-500E500B032A,MAX96700GTJ/V+,13200,MXMD035P,A,MXBPR1608.1,TRAY,Y,8,1,92.9X95.2,,CZ0141
MXBPR1608.9,2024,8,6,140,140,QFN,QCJG0A055A,2/23/2024 19:00,G-A,P,MXM,TQ-500E500B032A,MAX96700GTJ/V+,16652,MXMD035P,A,MXBPR1608.1,TRAY,Y,8,1,92.9X95.2,,CZ0141
MXBPR1608.1,2024,8,6,140,140,QFN,QCJG0A055A,2/23/2024 19:00,G-A,P,MXM,TQ-500E500B032A,MAX96700GTJ/V+,13200,MXMD035P,A,2024-MXB-03-G022,TRAY,Y,8,1,92.9X95.2,,CZ0141
MXBPR1608.2,2024,8,6,140,140,QFN,QCJG0A055A,2/23/2024 19:00,G-A,P,MXM,TQ-500E500B032A,MAX96700GTJ/V+,13200,MXMD035P,A,MXBPR1608.1,TRAY,Y,8,1,92.9X95.2,,CZ0141
MXBPR1608.3,2024,8,6,140,140,QFN,QCJG0A055A,2/23/2024 19:00,G-A,P,MXM,TQ-500E500B032A,MAX96700GTJ/V+,13200,MXMD035P,A,MXBPR1608.1,TRAY,Y,8,1,92.9X95.2,,CZ0141
MXBPR1608.4,2024,8,6,140,140,QFN,QCJG0A055A,2/23/2024 19:00,G-A,P,MXM,TQ-500E500B032A,MAX96700GTJ/V+,13200,MXMD035P,A,MXBPR1608.1,TRAY,Y,8,1,92.9X95.2,,CZ0141
MXBPR1696.4,2024,9,2,140,140,QFN,QCGZ5A186A,2/26/2024 19:00,G-A,P,MXM,TQ-500E500B032A,MAX96705GTJ/V+,14685,MXMD033P,A,MXBPR1696.1,TRAY,Y,8,1,96.8X90.9,,CZ0141
MXBPR1696.3,2024,9,2,140,140,QFN,QCGZ5A186A,2/26/2024 19:00,G-A,P,MXM,TQ-500E500B032A,MAX96705GTJ/V+,13200,MXMD033P,A,MXBPR1696.1,TRAY,Y,8,1,96.8X90.9,,CZ0141
MXBPR1696.1,2024,9,2,140,140,QFN,QCGZ5A186A,2/26/2024 19:00,G-A,P,MXM,TQ-500E500B032A,MAX96705GTJ/V+,13200,MXMD033P,A,2024-MXB-03-G027,TRAY,Y,8,1,96.8X90.9,,CZ0141
MXBPR1696.2,2024,9,2,140,140,QFN,QCGZ5A186A,2/26/2024 19:00,G-A,P,MXM,TQ-500E500B032A,MAX96705GTJ/V+,13200,MXMD033P,A,MXBPR1696.1,TRAY,Y,8,1,96.8X90.9,,CZ0141
MXBPR1697.4,2024,9,2,140,140,QFN,QCGZ5A178B,2/26/2024 19:00,G-A,P,MXM,TQ-500E500B032A,MAX96705GTJ/V+,14666,MXMD033P,A,MXBPR1697.1,TRAY,Y,8,1,96.8X90.9,,CZ0141
MXBPR1697.3,2024,9,2,140,140,QFN,QCGZ5A178B,2/26/2024 19:00,G-A,P,MXM,TQ-500E500B032A,MAX96705GTJ/V+,13200,MXMD033P,A,MXBPR1697.1,TRAY,Y,8,1,96.8X90.9,,CZ0141
MXBPR1697.1,2024,9,2,140,140,QFN,QCGZ5A178B,2/26/2024 19:00,G-A,P,MXM,TQ-500E500B032A,MAX96705GTJ/V+,13200,MXMD033P,A,2024-MXB-03-G033,TRAY,Y,8,1,96.8X90.9,,CZ0141
MXBPR1697.2,2024,9,2,140,140,QFN,QCGZ5A178B,2/26/2024 19:00,G-A,P,MXM,TQ-500E500B032A,MAX96705GTJ/V+,13200,MXMD033P,A,MXBPR1697.1,TRAY,Y,8,1,96.8X90.9,,CZ0141
MXBPR1063.1,2024,6,7,140,140,QFN,QCHB6A673A,2/10/2024 19:00,G-A,P,MXM,TQ-500E500B032A,MAX96706GTJ+,9761,MXMD036P,A,2024-MXB-02-G103,TRAY,N,8,1,92.9X95.2,,CZ0141
MXBPR0981.3,2024,6,5,140,140,QFN,QCIT8A042A,2/8/2024 19:00,G-A,P,MXM,TQ-500E500B032A,MAX96706GTJ/V+,13200,MXMD035P,A,MXBPR0981.1,TRAY,Y,8,1,92.9X95.2,,CZ0141
MXBPR0981.4,2024,6,5,140,140,QFN,QCIT8A042A,2/8/2024 19:00,G-A,P,MXM,TQ-500E500B032A,MAX96706GTJ/V+,14461,MXMD035P,A,MXBPR0981.1,TRAY,Y,8,1,92.9X95.2,,CZ0141
MXBPR0981.2,2024,6,5,140,140,QFN,QCIT8A042A,2/8/2024 19:00,G-A,P,MXM,TQ-500E500B032A,MAX96706GTJ/V+,13200,MXMD035P,A,MXBPR0981.1,TRAY,Y,8,1,92.9X95.2,,CZ0141
MXBPR0981.1,2024,6,5,140,140,QFN,QCIT8A042A,2/8/2024 19:00,G-A,P,MXM,TQ-500E500B032A,MAX96706GTJ/V+,13200,MXMD035P,A,2024-MXB-02-G083,TRAY,Y,8,1,92.9X95.2,,CZ0141
MXBPR1200.3,2024,7,3,140,140,QFN,QCIT8A047A,2/13/2024 19:00,G-A,P,MXM,TQ-500E500B032A,MAX96706GTJ/V+,13200,MXMD035P,A,MXBPR1200.1,TRAY,Y,8,1,92.9X95.2,,CZ0141
MXBPR1200.2,2024,7,3,140,140,QFN,QCIT8A047A,2/13/2024 19:00,G-A,P,MXM,TQ-500E500B032A,MAX96706GTJ/V+,13200,MXMD035P,A,MXBPR1200.1,TRAY,Y,8,1,92.9X95.2,,CZ0141
MXBPR1200.1,2024,7,3,140,140,QFN,QCIT8A047A,2/13/2024 19:00,G-A,P,MXM,TQ-500E500B032A,MAX96706GTJ/V+,13200,MXMD035P,A,2024-MXB-02-G107,TRAY,Y,8,1,92.9X95.2,,CZ0141
MXBPR1200.9,2024,7,3,140,140,QFN,QCIT8A047A,2/13/2024 19:00,G-A,P,MXM,TQ-500E500B032A,MAX96706GTJ/V+,16760,MXMD035P,A,MXBPR1200.1,TRAY,Y,8,1,92.9X95.2,,CZ0141
MXBPR1200.4,2024,7,3,140,140,QFN,QCIT8A047A,2/13/2024 19:00,G-A,P,MXM,TQ-500E500B032A,MAX96706GTJ/V+,13200,MXMD035P,A,MXBPR1200.1,TRAY,Y,8,1,92.9X95.2,,CZ0141
MXBPR1200.7,2024,7,3,140,140,QFN,QCIT8A047A,2/13/2024 19:00,G-A,P,MXM,TQ-500E500B032A,MAX96706GTJ/V+,13200,MXMD035P,A,MXBPR1200.1,TRAY,Y,8,1,92.9X95.2,,CZ0141
MXBPR1200.6,2024,7,3,140,140,QFN,QCIT8A047A,2/13/2024 19:00,G-A,P,MXM,TQ-500E500B032A,MAX96706GTJ/V+,13200,MXMD035P,A,MXBPR1200.1,TRAY,Y,8,1,92.9X95.2,,CZ0141
MXBPR1200.5,2024,7,3,140,140,QFN,QCIT8A047A,2/13/2024 19:00,G-A,P,MXM,TQ-500E500B032A,MAX96706GTJ/V+,13200,MXMD035P,A,MXBPR1200.1,TRAY,Y,8,1,92.9X95.2,,CZ0141
MXBPR1200.8,2024,7,3,140,140,QFN,QCIT8A047A,2/13/2024 19:00,G-A,P,MXM,TQ-500E500B032A,MAX96706GTJ/V+,13200,MXMD035P,A,MXBPR1200.1,TRAY,Y,8,1,92.9X95.2,,CZ0141
MXBPR1201.3,2024,7,3,140,140,QFN,QCIT8A043A,2/13/2024 19:00,G-A,P,MXM,TQ-500E500B032A,MAX96706GTJ/V+,13200,MXMD035P,A,MXBPR1201.1,TRAY,Y,8,1,92.9X95.2,,CZ0141
MXBPR1201.2,2024,7,3,140,140,QFN,QCIT8A043A,2/13/2024 19:00,G-A,P,MXM,TQ-500E500B032A,MAX96706GTJ/V+,13200,MXMD035P,A,MXBPR1201.1,TRAY,Y,8,1,92.9X95.2,,CZ0141
MXBPR1201.1,2024,7,3,140,140,QFN,QCIT8A043A,2/13/2024 19:00,G-A,P,MXM,TQ-500E500B032A,MAX96706GTJ/V+,13200,MXMD035P,A,2024-MXB-02-G112,TRAY,Y,8,1,92.9X95.2,,CZ0141
MXBPR1201.6,2024,7,3,140,140,QFN,QCIT8A043A,2/13/2024 19:00,G-A,P,MXM,TQ-500E500B032A,MAX96706GTJ/V+,13200,MXMD035P,A,MXBPR1201.1,TRAY,Y,8,1,92.9X95.2,,CZ0141
MXBPR1201.7,2024,7,3,140,140,QFN,QCIT8A043A,2/13/2024 19:00,G-A,P,MXM,TQ-500E500B032A,MAX96706GTJ/V+,13200,MXMD035P,A,MXBPR1201.1,TRAY,Y,8,1,92.9X95.2,,CZ0141
MXBPR1201.8,2024,7,3,140,140,QFN,QCIT8A043A,2/13/2024 19:00,G-A,P,MXM,TQ-500E500B032A,MAX96706GTJ/V+,13200,MXMD035P,A,MXBPR1201.1,TRAY,Y,8,1,92.9X95.2,,CZ0141
MXBPR1201.4,2024,7,3,140,140,QFN,QCIT8A043A,2/13/2024 19:00,G-A,P,MXM,TQ-500E500B032A,MAX96706GTJ/V+,13200,MXMD035P,A,MXBPR1201.1,TRAY,Y,8,1,92.9X95.2,,CZ0141
MXBPR1201.5,2024,7,3,140,140,QFN,QCIT8A043A,2/13/2024 19:00,G-A,P,MXM,TQ-500E500B032A,MAX96706GTJ/V+,13200,MXMD035P,A,MXBPR1201.1,TRAY,Y,8,1,92.9X95.2,,CZ0141
MXBPR1201.9,2024,7,3,140,140,QFN,QCIT8A043A,2/13/2024 19:00,G-A,P,MXM,TQ-500E500B032A,MAX96706GTJ/V+,16839,MXMD035P,A,MXBPR1201.1,TRAY,Y,8,1,92.9X95.2,,CZ0141
MXBPR1345.4,2024,7,7,140,140,QFN,QCIT8A044A,2/17/2024 19:00,G-A,P,MXM,TQ-500E500B032A,MAX96706GTJ/V+,13200,MXMD035P,A,MXBPR1345.1,TRAY,Y,8,1,92.9X95.2,,CZ0141
MXBPR1345.2,2024,7,7,140,140,QFN,QCIT8A044A,2/17/2024 19:00,G-A,P,MXM,TQ-500E500B032A,MAX96706GTJ/V+,13200,MXMD035P,A,MXBPR1345.1,TRAY,Y,8,1,92.9X95.2,,CZ0141
MXBPR1345.3,2024,7,7,140,140,QFN,QCIT8A044A,2/17/2024 19:00,G-A,P,MXM,TQ-500E500B032A,MAX96706GTJ/V+,13200,MXMD035P,A,MXBPR1345.1,TRAY,Y,8,1,92.9X95.2,,CZ0141
MXBPR1345.1,2024,7,7,140,140,QFN,QCIT8A044A,2/17/2024 19:00,G-A,P,MXM,TQ-500E500B032A,MAX96706GTJ/V+,13200,MXMD035P,A,2024-MXB-02-G122,TRAY,Y,8,1,92.9X95.2,,CZ0141
MXBPR1345.5,2024,7,7,140,140,QFN,QCIT8A044A,2/17/2024 19:00,G-A,P,MXM,TQ-500E500B032A,MAX96706GTJ/V+,15991,MXMD035P,A,MXBPR1345.1,TRAY,Y,8,1,92.9X95.2,,CZ0141
MXBPR1202.1,2024,7,3,140,140,QFN,QCIT8A059A,2/13/2024 19:00,G-A,P,MXM,TQ-500E500B032A,MAX96708GTJ/V+,13200,MXMD037P,A,2024-MXB-02-G110,TRAY,Y,8,1,92.9X95.2,,CZ0141
MXBPR1202.2,2024,7,3,140,140,QFN,QCIT8A059A,2/13/2024 19:00,G-A,P,MXM,TQ-500E500B032A,MAX96708GTJ/V+,13200,MXMD037P,A,MXBPR1202.1,TRAY,Y,8,1,92.9X95.2,,CZ0141
MXBPR1202.3,2024,7,3,140,140,QFN,QCIT8A059A,2/13/2024 19:00,G-A,P,MXM,TQ-500E500B032A,MAX96708GTJ/V+,13200,MXMD037P,A,MXBPR1202.1,TRAY,Y,8,1,92.9X95.2,,CZ0141
MXBPR1202.4,2024,7,3,140,140,QFN,QCIT8A059A,2/13/2024 19:00,G-A,P,MXM,TQ-500E500B032A,MAX96708GTJ/V+,14435,MXMD037P,A,MXBPR1202.1,TRAY,Y,8,1,92.9X95.2,,CZ0141
MXBPR1691.1,2024,9,1,140,140,QFN,QCIT8A050A,2/25/2024 19:00,G-A,P,MXM,TQ-500E500B032A,MAX96708GTJ/V+,13200,MXMD037P,A,2024-MXB-03-G022,TRAY,Y,8,1,92.9X95.2,,CZ0141
MXBPR1691.2,2024,9,1,140,140,QFN,QCIT8A050A,2/25/2024 19:00,G-A,P,MXM,TQ-500E500B032A,MAX96708GTJ/V+,13200,MXMD037P,A,MXBPR1691.1,TRAY,Y,8,1,92.9X95.2,,CZ0141
MXBPR1691.3,2024,9,1,140,140,QFN,QCIT8A050A,2/25/2024 19:00,G-A,P,MXM,TQ-500E500B032A,MAX96708GTJ/V+,13200,MXMD037P,A,MXBPR1691.1,TRAY,Y,8,1,92.9X95.2,,CZ0141
MXBPR1691.4,2024,9,1,140,140,QFN,QCIT8A050A,2/25/2024 19:00,G-A,P,MXM,TQ-500E500B032A,MAX96708GTJ/V+,14445,MXMD037P,A,MXBPR1691.1,TRAY,Y,8,1,92.9X95.2,,CZ0141
MXBPR1695.1,2024,9,2,140,140,QFN,QCIT8A048A,2/26/2024 19:00,G-A,P,MXM,TQ-500E500B032A,MAX96708GTJ/V+,13200,MXMD037P,A,2024-MXB-03-G028,TRAY,Y,8,1,92.9X95.2,,CZ0141
MXBPR1695.2,2024,9,2,140,140,QFN,QCIT8A048A,2/26/2024 19:00,G-A,P,MXM,TQ-500E500B032A,MAX96708GTJ/V+,13200,MXMD037P,A,MXBPR1695.1,TRAY,Y,8,1,92.9X95.2,,CZ0141
MXBPR1695.3,2024,9,2,140,140,QFN,QCIT8A048A,2/26/2024 19:00,G-A,P,MXM,TQ-500E500B032A,MAX96708GTJ/V+,13200,MXMD037P,A,MXBPR1695.1,TRAY,Y,8,1,92.9X95.2,,CZ0141
MXBPR1695.4,2024,9,2,140,140,QFN,QCIT8A048A,2/26/2024 19:00,G-A,P,MXM,TQ-500E500B032A,MAX96708GTJ/V+,13200,MXMD037P,A,MXBPR1695.1,TRAY,Y,8,1,92.9X95.2,,CZ0141
MXBPR1695.5,2024,9,2,140,140,QFN,QCIT8A048A,2/26/2024 19:00,G-A,P,MXM,TQ-500E500B032A,MAX96708GTJ/V+,13200,MXMD037P,A,MXBPR1695.1,TRAY,Y,8,1,92.9X95.2,,CZ0141
MXBPR1695.6,2024,9,2,140,140,QFN,QCIT8A048A,2/26/2024 19:00,G-A,P,MXM,TQ-500E500B032A,MAX96708GTJ/V+,13200,MXMD037P,A,MXBPR1695.1,TRAY,Y,8,1,92.9X95.2,,CZ0141
MXBPR1695.7,2024,9,2,140,140,QFN,QCIT8A048A,2/26/2024 19:00,G-A,P,MXM,TQ-500E500B032A,MAX96708GTJ/V+,13200,MXMD037P,A,MXBPR1695.1,TRAY,Y,8,1,92.9X95.2,,CZ0141
MXBPR1695.8,2024,9,2,140,140,QFN,QCIT8A048A,2/26/2024 19:00,G-A,P,MXM,TQ-500E500B032A,MAX96708GTJ/V+,13200,MXMD037P,A,MXBPR1695.1,TRAY,Y,8,1,92.9X95.2,,CZ0141
MXBPR1695.9,2024,9,2,140,140,QFN,QCIT8A048A,2/26/2024 19:00,G-A,P,MXM,TQ-500E500B032A,MAX96708GTJ/V+,17279,MXMD037P,A,MXBPR1695.1,TRAY,Y,8,1,92.9X95.2,,CZ0141
MXBPR0982.1,2024,6,5,140,140,QFN,QCGZ5A129C,2/8/2024 19:00,G-A,P,MXM,TQ-500E500B032A,MAX96711GTJ/V+,13200,MXMD034P,A,2024-MXB-02-G083,TRAY,Y,8,1,96.8X90.9,,CZ0141
MXBPR0982.2,2024,6,5,140,140,QFN,QCGZ5A129C,2/8/2024 19:00,G-A,P,MXM,TQ-500E500B032A,MAX96711GTJ/V+,13200,MXMD034P,A,MXBPR0982.1,TRAY,Y,8,1,96.8X90.9,,CZ0141
MXBPR0982.3,2024,6,5,140,140,QFN,QCGZ5A129C,2/8/2024 19:00,G-A,P,MXM,TQ-500E500B032A,MAX96711GTJ/V+,17992,MXMD034P,A,MXBPR0982.1,TRAY,Y,8,1,96.8X90.9,,CZ0141
MXBPR1607.4,2024,8,6,140,140,QFN,QCGZ5A178A,2/23/2024 19:00,G-A,P,MXM,TQ-500E500B032A,MAX96711GTJ/V+,9678,MXMD034P,A,MXBPR1607.1,TRAY,Y,8,1,96.8X90.9,,CZ0141
MXBPR1607.3,2024,8,6,140,140,QFN,QCGZ5A178A,2/23/2024 19:00,G-A,P,MXM,TQ-500E500B032A,MAX96711GTJ/V+,13200,MXMD034P,A,MXBPR1607.1,TRAY,Y,8,1,96.8X90.9,,CZ0141
MXBPR1607.2,2024,8,6,140,140,QFN,QCGZ5A178A,2/23/2024 19:00,G-A,P,MXM,TQ-500E500B032A,MAX96711GTJ/V+,13200,MXMD034P,A,MXBPR1607.1,TRAY,Y,8,1,96.8X90.9,,CZ0141
MXBPR1607.1,2024,8,6,140,140,QFN,QCGZ5A178A,2/23/2024 19:00,G-A,P,MXM,TQ-500E500B032A,MAX96711GTJ/V+,13200,MXMD034P,A,2024-MXB-03-G027,TRAY,Y,8,1,96.8X90.9,,CZ0141
MXCPR0841.1,2024,8,4,140,140,QFN,EBEO3A013B,2/21/2024 19:00,G-A,P,MXM,TQ-500E500B032E,MAX14890EATJ+,9036,MXMC231P,B,2024-MXC-03-G004,TUBE,N,8,1,75.50X64.50,,CZ0141
MXCPR0995.1,2024,9,4,140,140,QFN,EBEO3A011G,2/28/2024 19:00,G-A,P,MXM,TQ-500E500B032E,MAX14890EATJ+,9036,MXMC231P,B,2024-MXC-03-G028,TUBE,N,8,1,75.50X64.50,,CZ0141
MXBPR1161.1,2024,7,1,140,140,QFN,JFYYFA8A6C,2/11/2024 19:00,G-A,P,MXM,TQ-500E500B032E,MAX16826ATJ+,6050,MXMC637P,B,2024-MXB-02-G095,TUBE,N,8,1,118X118,,CZ0141
MXBPR1740.2,2024,9,3,140,140,QFN,JFYYFA8A6D,2/27/2024 19:00,G-A,P,MXM,TQ-500E500B032E,MAX16826ATJ+,15755,MXMC637P,B,MXBPR1740.1,TUBE,N,8,1,118X118,,CZ0141
MXBPR1740.1,2024,9,3,140,140,QFN,JFYYFA8A6D,2/27/2024 19:00,G-A,P,MXM,TQ-500E500B032E,MAX16826ATJ+,17600,MXMC637P,B,2024-MXB-03-G027,TUBE,N,8,1,118X118,,CZ0141
MXBPR1741.1,2024,9,3,140,140,QFN,JFYYFA8A0D,2/27/2024 19:00,G-A,P,MXM,TQ-500E500B032E,MAX16826ATJ+,17600,MXMC637P,B,2024-MXB-03-G027,TUBE,N,8,1,118X118,,CZ0141
MXBPR1741.2,2024,9,3,140,140,QFN,JFYYFA8A0D,2/27/2024 19:00,G-A,P,MXM,TQ-500E500B032E,MAX16826ATJ+,11636,MXMC637P,B,MXBPR1741.1,TUBE,N,8,1,118X118,,CZ0141
MXBPR1796.1,2024,9,4,140,140,QFN,JFYYFA8A0C,2/28/2024 0:00,G-A,P,MXM,TQ-500E500B032E,MAX16826ATJ+,8742,MXMC637P,B,2024-MXB-03-G034,TUBE,N,8,1,118X118,,CZ0141
MXBPR1825.2,2024,9,4,140,140,QFN,JFYYFA8A0E,2/28/2024 19:00,G-A,P,MXM,TQ-500E500B032E,MAX16826ATJ+,17411,MXMC637P,B,MXBPR1825.1,TUBE,N,8,1,118X118,,CZ0141
MXBPR1825.1,2024,9,4,140,140,QFN,JFYYFA8A0E,2/28/2024 19:00,G-A,P,MXM,TQ-500E500B032E,MAX16826ATJ+,17600,MXMC637P,B,2024-MXB-03-G033,TUBE,N,8,1,118X118,,CZ0141
MXCPR0438.1,2024,5,6,140,140,QFN,JCMN9A138A,2/2/2024 19:00,G-A,P,MXM,TQ-500E500B032E,MAX16989BATJC/V+,17600,MXMC757P,F,2024-MXC-02-G044,TRAY,Y,8,1,86.6X94.4,,CZ0141
MXCPR0438.4,2024,5,6,140,140,QFN,JCMN9A138A,2/2/2024 19:00,G-A,P,MXM,TQ-500E500B032E,MAX16989BATJC/V+,17038,MXMC757P,F,MXCPR0438.1,TRAY,Y,8,1,86.6X94.4,,CZ0141
MXCPR0438.3,2024,5,6,140,140,QFN,JCMN9A138A,2/2/2024 19:00,G-A,P,MXM,TQ-500E500B032E,MAX16989BATJC/V+,17600,MXMC757P,F,MXCPR0438.1,TRAY,Y,8,1,86.6X94.4,,CZ0141
MXCPR0438.2,2024,5,6,140,140,QFN,JCMN9A138A,2/2/2024 19:00,G-A,P,MXM,TQ-500E500B032E,MAX16989BATJC/V+,17600,MXMC757P,F,MXCPR0438.1,TRAY,Y,8,1,86.6X94.4,,CZ0141
MXCPR0473.1,2024,5,6,140,140,QFN,JCMN9A108B,2/2/2024 0:00,G-A,P,MXM,TQ-500E500B032E,MAX16989BATJC/V+,17600,MXMC757P,F,2024-MXC-02-G019,TRAY,Y,8,1,86.6X94.4,,CZ0141
MXCPR0473.2,2024,5,6,140,140,QFN,JCMN9A108B,2/2/2024 0:00,G-A,P,MXM,TQ-500E500B032E,MAX16989BATJC/V+,17600,MXMC757P,F,MXCPR0473.1,TRAY,Y,8,1,86.6X94.4,,CZ0141
MXCPR0473.3,2024,5,6,140,140,QFN,JCMN9A108B,2/2/2024 0:00,G-A,P,MXM,TQ-500E500B032E,MAX16989BATJC/V+,17600,MXMC757P,F,MXCPR0473.1,TRAY,Y,8,1,86.6X94.4,,CZ0141
MXCPR0473.4,2024,5,6,140,140,QFN,JCMN9A108B,2/2/2024 0:00,G-A,P,MXM,TQ-500E500B032E,MAX16989BATJC/V+,17600,MXMC757P,F,MXCPR0473.1,TRAY,Y,8,1,86.6X94.4,,CZ0141
MXCPR0473.5,2024,5,6,140,140,QFN,JCMN9A108B,2/2/2024 0:00,G-A,P,MXM,TQ-500E500B032E,MAX16989BATJC/V+,9619,MXMC757P,F,MXCPR0473.1,TRAY,Y,8,1,86.6X94.4,,CZ0141
MXCPR0491.1,2024,6,2,140,140,QFN,JCMN9A138B,2/5/2024 19:00,G-A,P,MXM,TQ-500E500B032E,MAX16989BATJC/V+,17600,MXMC757P,F,2024-MXC-02-G053,TRAY,Y,8,1,86.6X94.4,,CZ0141
MXCPR0491.2,2024,6,2,140,140,QFN,JCMN9A138B,2/5/2024 19:00,G-A,P,MXM,TQ-500E500B032E,MAX16989BATJC/V+,17600,MXMC757P,F,MXCPR0491.1,TRAY,Y,8,1,86.6X94.4,,CZ0141
MXCPR0491.3,2024,6,2,140,140,QFN,JCMN9A138B,2/5/2024 19:00,G-A,P,MXM,TQ-500E500B032E,MAX16989BATJC/V+,17600,MXMC757P,F,MXCPR0491.1,TRAY,Y,8,1,86.6X94.4,,CZ0141
MXCPR0491.4,2024,6,2,140,140,QFN,JCMN9A138B,2/5/2024 19:00,G-A,P,MXM,TQ-500E500B032E,MAX16989BATJC/V+,11661,MXMC757P,F,MXCPR0491.1,TRAY,Y,8,1,86.6X94.4,,CZ0141
MXCPR0492.2,2024,6,2,140,140,QFN,JCMN9A141A,2/5/2024 19:00,G-A,P,MXM,TQ-500E500B032E,MAX16989BATJC/V+,25236,MXMC757P,F,MXCPR0492.1,TRAY,Y,8,1,86.6X94.4,,CZ0141
MXCPR0492.1,2024,6,2,140,140,QFN,JCMN9A141A,2/5/2024 19:00,G-A,P,MXM,TQ-500E500B032E,MAX16989BATJC/V+,17600,MXMC757P,F,2024-MXC-02-G053,TRAY,Y,8,1,86.6X94.4,,CZ0141
MXCPR0557.1,2024,6,6,140,140,QFN,JCMN9A140A,2/9/2024 19:00,G-A,P,MXM,TQ-500E500B032E,MAX16989BATJC/V+,17600,MXMC757P,F,2024-MXC-02-G067,TRAY,Y,8,1,86.6X94.4,,CZ0141
MXCPR0557.2,2024,6,6,140,140,QFN,JCMN9A140A,2/9/2024 19:00,G-A,P,MXM,TQ-500E500B032E,MAX16989BATJC/V+,17600,MXMC757P,F,MXCPR0557.1,TRAY,Y,8,1,86.6X94.4,,CZ0141
MXCPR0557.3,2024,6,6,140,140,QFN,JCMN9A140A,2/9/2024 19:00,G-A,P,MXM,TQ-500E500B032E,MAX16989BATJC/V+,17600,MXMC757P,F,MXCPR0557.1,TRAY,Y,8,1,86.6X94.4,,CZ0141
MXCPR0557.4,2024,6,6,140,140,QFN,JCMN9A140A,2/9/2024 19:00,G-A,P,MXM,TQ-500E500B032E,MAX16989BATJC/V+,17600,MXMC757P,F,MXCPR0557.1,TRAY,Y,8,1,86.6X94.4,,CZ0141
MXCPR0557.5,2024,6,6,140,140,QFN,JCMN9A140A,2/9/2024 19:00,G-A,P,MXM,TQ-500E500B032E,MAX16989BATJC/V+,15057,MXMC757P,F,MXCPR0557.1,TRAY,Y,8,1,86.6X94.4,,CZ0141
MXCPR0653.1,2024,7,4,140,140,QFN,JCMN9A146A,2/14/2024 19:00,G-A,P,MXM,TQ-500E500B032E,MAX16989BATJC/V+,17600,MXMC757P,F,2024-MXC-02-G084,TRAY,Y,8,1,86.6X94.4,,CZ0141
MXCPR0653.4,2024,7,4,140,140,QFN,JCMN9A146A,2/14/2024 19:00,G-A,P,MXM,TQ-500E500B032E,MAX16989BATJC/V+,16282,MXMC757P,F,MXCPR0653.1,TRAY,Y,8,1,86.6X94.4,,CZ0141
MXCPR0653.3,2024,7,4,140,140,QFN,JCMN9A146A,2/14/2024 19:00,G-A,P,MXM,TQ-500E500B032E,MAX16989BATJC/V+,17600,MXMC757P,F,MXCPR0653.1,TRAY,Y,8,1,86.6X94.4,,CZ0141
MXCPR0653.2,2024,7,4,140,140,QFN,JCMN9A146A,2/14/2024 19:00,G-A,P,MXM,TQ-500E500B032E,MAX16989BATJC/V+,17600,MXMC757P,F,MXCPR0653.1,TRAY,Y,8,1,86.6X94.4,,CZ0141
MXCPR0654.3,2024,7,4,140,140,QFN,JCMN9A148B,2/14/2024 19:00,G-A,P,MXM,TQ-500E500B032E,MAX16989BATJC/V+,17600,MXMC757P,F,MXCPR0654.1,TRAY,Y,8,1,86.6X94.4,,CZ0141
MXCPR0654.5,2024,7,4,140,140,QFN,JCMN9A148B,2/14/2024 19:00,G-A,P,MXM,TQ-500E500B032E,MAX16989BATJC/V+,17600,MXMC757P,F,MXCPR0654.1,TRAY,Y,8,1,86.6X94.4,,CZ0141
MXCPR0654.4,2024,7,4,140,140,QFN,JCMN9A148B,2/14/2024 19:00,G-A,P,MXM,TQ-500E500B032E,MAX16989BATJC/V+,17600,MXMC757P,F,MXCPR0654.1,TRAY,Y,8,1,86.6X94.4,,CZ0141
MXCPR0654.2,2024,7,4,140,140,QFN,JCMN9A148B,2/14/2024 19:00,G-A,P,MXM,TQ-500E500B032E,MAX16989BATJC/V+,17600,MXMC757P,F,MXCPR0654.1,TRAY,Y,8,1,86.6X94.4,,CZ0141
MXCPR0654.1,2024,7,4,140,140,QFN,JCMN9A148B,2/14/2024 19:00,G-A,P,MXM,TQ-500E500B032E,MAX16989BATJC/V+,17600,MXMC757P,F,2024-MXC-02-G083,TRAY,Y,8,1,86.6X94.4,,CZ0141
MXCPR0654.7,2024,7,4,140,140,QFN,JCMN9A148B,2/14/2024 19:00,G-A,P,MXM,TQ-500E500B032E,MAX16989BATJC/V+,21576,MXMC757P,F,MXCPR0654.1,TRAY,Y,8,1,86.6X94.4,,CZ0141
MXCPR0654.6,2024,7,4,140,140,QFN,JCMN9A148B,2/14/2024 19:00,G-A,P,MXM,TQ-500E500B032E,MAX16989BATJC/V+,17600,MXMC757P,F,MXCPR0654.1,TRAY,Y,8,1,86.6X94.4,,CZ0141
MXCPR0655.1,2024,7,4,140,140,QFN,JCMN9A110B,2/14/2024 19:00,G-A,P,MXM,TQ-500E500B032E,MAX16989BATJC/V+,17600,MXMC757P,F,2024-MXC-02-G084,TRAY,Y,8,1,86.6X94.4,,CZ0141
MXCPR0655.2,2024,7,4,140,140,QFN,JCMN9A110B,2/14/2024 19:00,G-A,P,MXM,TQ-500E500B032E,MAX16989BATJC/V+,25299,MXMC757P,F,MXCPR0655.1,TRAY,Y,8,1,86.6X94.4,,CZ0141
MXCPR0688.4,2024,7,5,140,140,QFN,JCMN9A146B,2/15/2024 0:00,G-A,P,MXM,TQ-500E500B032E,MAX16989BATJC/V+,11132,MXMC757P,F,MXCPR0688.1,TRAY,Y,8,1,86.6X94.4,,CZ0141
MXCPR0688.2,2024,7,5,140,140,QFN,JCMN9A146B,2/15/2024 0:00,G-A,P,MXM,TQ-500E500B032E,MAX16989BATJC/V+,17600,MXMC757P,F,MXCPR0688.1,TRAY,Y,8,1,86.6X94.4,,CZ0141
MXCPR0688.3,2024,7,5,140,140,QFN,JCMN9A146B,2/15/2024 0:00,G-A,P,MXM,TQ-500E500B032E,MAX16989BATJC/V+,17600,MXMC757P,F,MXCPR0688.1,TRAY,Y,8,1,86.6X94.4,,CZ0141
MXCPR0688.1,2024,7,5,140,140,QFN,JCMN9A146B,2/15/2024 0:00,G-A,P,MXM,TQ-500E500B032E,MAX16989BATJC/V+,17600,MXMC757P,F,2024-MXC-02-G085,TRAY,Y,8,1,86.6X94.4,,CZ0141
MXCPR0840.8,2024,8,4,140,140,QFN,JCMN9A135A,2/21/2024 19:00,G-A,P,MXM,TQ-500E500B032E,MAX16989BATJC/V+,11403,MXMC757P,F,MXCPR0840.1,TRAY,Y,8,1,86.6X94.4,,CZ0141
MXCPR0840.7,2024,8,4,140,140,QFN,JCMN9A135A,2/21/2024 19:00,G-A,P,MXM,TQ-500E500B032E,MAX16989BATJC/V+,17600,MXMC757P,F,MXCPR0840.1,TRAY,Y,8,1,86.6X94.4,,CZ0141
MXCPR0840.6,2024,8,4,140,140,QFN,JCMN9A135A,2/21/2024 19:00,G-A,P,MXM,TQ-500E500B032E,MAX16989BATJC/V+,17600,MXMC757P,F,MXCPR0840.1,TRAY,Y,8,1,86.6X94.4,,CZ0141
MXCPR0840.5,2024,8,4,140,140,QFN,JCMN9A135A,2/21/2024 19:00,G-A,P,MXM,TQ-500E500B032E,MAX16989BATJC/V+,17600,MXMC757P,F,MXCPR0840.1,TRAY,Y,8,1,86.6X94.4,,CZ0141
MXCPR0840.4,2024,8,4,140,140,QFN,JCMN9A135A,2/21/2024 19:00,G-A,P,MXM,TQ-500E500B032E,MAX16989BATJC/V+,17600,MXMC757P,F,MXCPR0840.1,TRAY,Y,8,1,86.6X94.4,,CZ0141
MXCPR0840.3,2024,8,4,140,140,QFN,JCMN9A135A,2/21/2024 19:00,G-A,P,MXM,TQ-500E500B032E,MAX16989BATJC/V+,17600,MXMC757P,F,MXCPR0840.1,TRAY,Y,8,1,86.6X94.4,,CZ0141
MXCPR0840.2,2024,8,4,140,140,QFN,JCMN9A135A,2/21/2024 19:00,G-A,P,MXM,TQ-500E500B032E,MAX16989BATJC/V+,17600,MXMC757P,F,MXCPR0840.1,TRAY,Y,8,1,86.6X94.4,,CZ0141
MXCPR0840.1,2024,8,4,140,140,QFN,JCMN9A135A,2/21/2024 19:00,G-A,P,MXM,TQ-500E500B032E,MAX16989BATJC/V+,17600,MXMC757P,F,2024-MXC-03-G009,TRAY,Y,8,1,86.6X94.4,,CZ0141
MXCPR0921.3,2024,9,2,140,140,QFN,JCMN9A147A,2/26/2024 19:00,G-A,P,MXM,TQ-500E500B032E,MAX16989BATJC/V+,17600,MXMC757P,F,MXCPR0921.1,TRAY,Y,8,1,86.6X94.4,,CZ0141
MXCPR0921.4,2024,9,2,140,140,QFN,JCMN9A147A,2/26/2024 19:00,G-A,P,MXM,TQ-500E500B032E,MAX16989BATJC/V+,17600,MXMC757P,F,MXCPR0921.1,TRAY,Y,8,1,86.6X94.4,,CZ0141
MXCPR0921.5,2024,9,2,140,140,QFN,JCMN9A147A,2/26/2024 19:00,G-A,P,MXM,TQ-500E500B032E,MAX16989BATJC/V+,17600,MXMC757P,F,MXCPR0921.1,TRAY,Y,8,1,86.6X94.4,,CZ0141
MXCPR0921.6,2024,9,2,140,140,QFN,JCMN9A147A,2/26/2024 19:00,G-A,P,MXM,TQ-500E500B032E,MAX16989BATJC/V+,17600,MXMC757P,F,MXCPR0921.1,TRAY,Y,8,1,86.6X94.4,,CZ0141
MXCPR0921.7,2024,9,2,140,140,QFN,JCMN9A147A,2/26/2024 19:00,G-A,P,MXM,TQ-500E500B032E,MAX16989BATJC/V+,22943,MXMC757P,F,MXCPR0921.1,TRAY,Y,8,1,86.6X94.4,,CZ0141
MXCPR0921.2,2024,9,2,140,140,QFN,JCMN9A147A,2/26/2024 19:00,G-A,P,MXM,TQ-500E500B032E,MAX16989BATJC/V+,17600,MXMC757P,F,MXCPR0921.1,TRAY,Y,8,1,86.6X94.4,,CZ0141
MXCPR0921.1,2024,9,2,140,140,QFN,JCMN9A147A,2/26/2024 19:00,G-A,P,MXM,TQ-500E500B032E,MAX16989BATJC/V+,17600,MXMC757P,F,2024-MXC-03-G018,TRAY,Y,8,1,86.6X94.4,,CZ0141
MXCPR0730.2,2024,7,7,140,140,QFN,JCEF6A520B,2/17/2024 0:00,G-A,P,MXM,TQ-500E500B032E,MAX20012BATJF/V+,14635,MXMC757P,F,MXCPR0730.1,TUBE,Y,8,1,86.60 X 94.40,,CZ0141
MXCPR0730.1,2024,7,7,140,140,QFN,JCEF6A520B,2/17/2024 0:00,G-A,P,MXM,TQ-500E500B032E,MAX20012BATJF/V+,17600,MXMC757P,F,2024-MXC-02-G089,TUBE,Y,8,1,86.60 X 94.40,,CZ0141
MXCPR0561.1,2024,6,6,140,140,QFN,JCEF6A519B,2/9/2024 0:00,G-A,P,MXM,TQ-500E500B032E,MAX20012BATJL/V+,21299,MXMC757P,F,2024-MXC-02-G067,TUBE,Y,8,1,86.60 X 94.40,,CZ0141
MXCPR0476.1,2024,6,1,140,140,QFN,EANL3A014I,2/4/2024 19:00,G-A,P,MXM,TQ-500E500B032E,MAX2870ETJ+,4590,MXMC819P,B,2024-MXC-02-G051,TUBE,N,8,1,100.00 X 90.90,,CZ0141
MXCPR0638.1,2024,7,2,140,140,QFN,EANL3A014J,2/12/2024 19:00,G-A,P,MXM,TQ-500E500B032E,MAX2870ETJ+,9109,MXMC819P,B,2024-MXC-02-G067,TUBE,N,8,1,100.00 X 90.90,,CZ0141
MXCPR0640.1,2024,7,2,140,140,QFN,EANL3A014K,2/12/2024 19:00,G-A,P,MXM,TQ-500E500B032E,MAX2870ETJ+,4591,MXMC819P,B,2024-MXC-02-G068,TUBE,N,8,1,100.00 X 90.90,,CZ0141
MXCPR0565.1,2024,6,7,140,140,QFN,QS1ZCA022A,2/10/2024 19:00,G-A,P,MXM,TQ-500E500B032E,MAX3109ETJ+,18492,MXMB405P,C,2024-MXC-02-G067,TUBE,N,8,1,84.2 X 84.2,,CZ0141
MXCPR0447.1,2024,5,7,140,140,QFN,TBVK3A043A,2/3/2024 19:00,G-A,P,MXM,TQ-500E500B032P,MAX17135ETJ+,17600,MXMB882P,A,2024-MXC-02-G031,TUBE,N,8,1,120.00 X 137.70,,CZ0141
MXCPR0447.2,2024,5,7,140,140,QFN,TBVK3A043A,2/3/2024 19:00,G-A,P,MXM,TQ-500E500B032P,MAX17135ETJ+,16850,MXMB882P,A,MXCPR0447.1,TUBE,N,8,1,120.00 X 137.70,,CZ0141
MXBPR1606.1,2024,8,6,140,140,QFN,JAKC0AT7GG,2/23/2024 19:00,G-A,P,MXM,TQ-500E500C020E,MAX3223EETP+,17600,MXMB141P,J,2024-MXB-03-G022,TUBE,N,8,1,61.80 X 109.80,,CZ0141
MXBPR1606.2,2024,8,6,140,140,QFN,JAKC0AT7GG,2/23/2024 19:00,G-A,P,MXM,TQ-500E500C020E,MAX3223EETP+,20092,MXMB141P,J,MXBPR1606.1,TUBE,N,8,1,61.80 X 109.80,,CZ0141
MXBPR1700.1,2024,9,2,140,140,QFN,TASF7A054B,2/26/2024 19:00,G-A,P,MXM,TQ-500E500C020E,MAX6886ETP+,4408,MXMC845P,A,2024-MXB-03-G034,TUBE,N,8,1,136.00 X 136.00,,CZ0141
MXBPR1561.1,2024,8,4,140,140,QFN,JZI2CA065G,2/21/2024 19:00,G-A,P,MXM,TQ-500E500D016E,MAX16803ATE+,15449,MXMB597P,C,2024-MXB-03-G012,TUBE,N,8,1,136.00 X 60.00,,CZ0141
MXBPR1819.1,2024,9,4,140,140,QFN,JEOZCA759D,2/28/2024 19:00,G-A,P,MXM,TQ-500E500D016E,MAX16823ATE+,3792,MXMC834P,A,2024-MXB-03-G038,TUBE,N,8,1,105.00 X 105.00,,CZ0141
MXBPR1450.1,2024,8,1,140,140,QFN,JEOZCA760B,2/18/2024 19:00,G-A,P,MXM,TQ-500E500D016E,MAX16823ATE/V+,15224,MXM7071P,E,2024-MXB-02-G121,TUBE,Y,8,1,105.00 X 105.00,,CZ0141
MXBPR1210.1,2024,7,4,140,140,QFN,JAKC2AT1IG,2/14/2024 19:00,G-A,P,MXM,TQ-500E500D016E,MAX3227ECTE+,12682,MXMC174P,E,2024-MXB-02-G107,TUBE,N,8,1,61.80X109.80,,CZ0141
MXBFR1823.1,2024,9,4,140,140,QFN,NDSBDA232H,2/28/2024 19:00,G-A,F,MXM,TQ-500E500D016E,MAX339ETE+,5166,MXM9497P,D,2024-MXB-03-G034,TUBE,N,6,1,78.00 X 114.00,,CZ0141
MXBPR1828.1,2024,9,4,140,140,QFN,JY0DCA091F,2/28/2024 0:00,G-A,P,MXM,TQ-500E500D016E,MAX5087BATE+,6672,MXMB938P,D,2024-MXB-03-G034,TUBE,N,8,1,107.00X113.00,,CZ0141
MXBPR1820.1,2024,9,4,140,140,QFN,JZ6ABA128A,2/28/2024 0:00,G-A,P,MXM,TQ-500E500D016E,MAX5090AATE+,11209,MXMC012P,D,2024-MXB-03-G038,TUBE,N,8,1,136.00 X 136.00,,CZ0141
MXCPR0475.1,2024,6,1,140,140,QFN,TXG4DA037B,2/4/2024 19:00,G-A,P,MXM,TQ-500E500D016E,MAX5498ETE+,3300,MXMC257P,F,2024-MXC-02-G051,TUBE,N,8,1,108X111,,CZ0141
MXCPR0867.1,2024,8,5,140,140,QFN,JVWZDA055A,2/22/2024 19:00,G-A,P,MXM,TQ-500EB00B056E,MAX4936CTN+,10202,MXMB924P,A,2024-MXC-03-G003,TRAY,N,8,1,95.20 X 331.50,,CZ0141
MXCPR0710.2,2024,7,6,140,140,QFN,JCFR0A746A,2/16/2024 19:00,B-A,P,MXM,TQC300E3001016E,MAX20049ATED/VY+,20696,MXMD181P,B,MXCPR0710.1,TRAY,Y,8,1,74.4 X 74.4,,CZ0141
MXCPR0710.1,2024,7,6,140,140,QFN,JCFR0A746A,2/16/2024 19:00,B-A,P,MXM,TQC300E3001016E,MAX20049ATED/VY+,35100,MXMD181P,B,2024-MXC-03-G001,TRAY,Y,8,1,74.4 X 74.4,,CZ0141
MXCPR0811.2,2024,8,3,140,140,QFN,JCFR0A747A,2/20/2024 19:00,B-A,P,MXM,TQC300E3001016E,MAX20049ATED/VY+,35100,MXMD181P,B,MXCPR0811.1,TRAY,Y,8,1,74.4 X 74.4,,CZ0141
MXCPR0811.5,2024,8,3,140,140,QFN,JCFR0A747A,2/20/2024 19:00,B-A,P,MXM,TQC300E3001016E,MAX20049ATED/VY+,50627,MXMD181P,B,MXCPR0811.1,TRAY,Y,8,1,74.4 X 74.4,,CZ0141
MXCPR0811.4,2024,8,3,140,140,QFN,JCFR0A747A,2/20/2024 19:00,B-A,P,MXM,TQC300E3001016E,MAX20049ATED/VY+,35100,MXMD181P,B,MXCPR0811.1,TRAY,Y,8,1,74.4 X 74.4,,CZ0141
MXCPR0811.3,2024,8,3,140,140,QFN,JCFR0A747A,2/20/2024 19:00,B-A,P,MXM,TQC300E3001016E,MAX20049ATED/VY+,35100,MXMD181P,B,MXCPR0811.1,TRAY,Y,8,1,74.4 X 74.4,,CZ0141
MXCPR0811.1,2024,8,3,140,140,QFN,JCFR0A747A,2/20/2024 19:00,B-A,P,MXM,TQC300E3001016E,MAX20049ATED/VY+,35100,MXMD181P,B,2024-MXC-03-G014,TRAY,Y,8,1,74.4 X 74.4,,CZ0141
MXCPR0553.1,2024,6,6,140,140,QFN,JCFR0A748A,2/9/2024 19:00,B-A,P,MXM,TQC300E3001016E,MAX20049ATEE/VY+,35100,MXMD181P,B,2024-MXC-02-G068,TRAY,Y,8,1,74.4 X 74.4,,CZ0141
MXCPR0553.2,2024,6,6,140,140,QFN,JCFR0A748A,2/9/2024 19:00,B-A,P,MXM,TQC300E3001016E,MAX20049ATEE/VY+,20759,MXMD181P,B,MXCPR0553.1,TRAY,Y,8,1,74.4 X 74.4,,CZ0141
MXCPR0751.2,2024,8,1,140,140,QFN,JCFR0A746B,2/18/2024 19:00,B-A,P,MXM,TQC300E3001016E,MAX20049ATEE/VY+,44341,MXMD181P,B,MXCPR0751.1,TRAY,Y,8,1,74.4 X 74.4,,CZ0141
MXCPR0751.1,2024,8,1,140,140,QFN,JCFR0A746B,2/18/2024 19:00,B-A,P,MXM,TQC300E3001016E,MAX20049ATEE/VY+,35100,MXMD181P,B,2024-MXC-03-G001,TRAY,Y,8,1,74.4 X 74.4,,CZ0141
MXBPR1559.3,2024,8,4,140,140,QFN,JBZB1A073A,2/21/2024 19:00,G-A,P,MXM,TQC400E4001016E,MAX20084ATEA/VY+,16280,MXMD008P,D,MXBPR1559.1,TRAY,Y,8,1,71.2 X 81.5,,CZ0141
MXBPR1559.2,2024,8,4,140,140,QFN,JBZB1A073A,2/21/2024 19:00,G-A,P,MXM,TQC400E4001016E,MAX20084ATEA/VY+,28000,MXMD008P,D,MXBPR1559.1,TRAY,Y,8,1,71.2 X 81.5,,CZ0141
MXBPR1559.1,2024,8,4,140,140,QFN,JBZB1A073A,2/21/2024 19:00,G-A,P,MXM,TQC400E4001016E,MAX20084ATEA/VY+,28000,MXMD008P,D,2024-MXB-03-G012,TRAY,Y,8,1,71.2 X 81.5,,CZ0141
MXBPR1342.1,2024,7,7,140,140,QFN,JBZB1A053D,2/17/2024 19:00,G-A,P,MXM,TQC400E4001016E,MAX20084ATEB/VY+,37971,MXMD008P,D,2024-MXB-03-G003,TRAY,Y,8,1,71.2 X 81.5,,CZ0141
MXBPR1563.1,2024,8,4,140,140,QFN,JBUD4A022D,2/21/2024 19:00,G-A,P,MXM,TQC400E4001020E,MAX20040ATPA/VY+,17677,MXMC302P,E,2024-MXB-03-G012,TUBE,Y,8,1,87.00X110.20,,CZ0141
MXBPR0976.1,2024,6,4,140,140,QFN,JCBD0A116B,2/7/2024 19:00,G-A,P,MXM,TQC400E4001020E,MAX20040BATPA/VY+,28000,MXMC714P,G,2024-MXB-02-G083,TUBE,Y,8,1,96.40X112.50,,CZ0141
MXBPR0976.2,2024,6,4,140,140,QFN,JCBD0A116B,2/7/2024 19:00,G-A,P,MXM,TQC400E4001020E,MAX20040BATPA/VY+,35764,MXMC714P,G,MXBPR0976.1,TUBE,Y,8,1,96.40X112.50,,CZ0141
MXBPR0977.1,2024,6,4,140,140,QFN,JCBD0A110D,2/7/2024 19:00,G-A,P,MXM,TQC400E4001020E,MAX20040BATPA/VY+,35627,MXMC714P,G,2024-MXB-02-G087,TUBE,Y,8,1,96.40X112.50,,CZ0141
MXBPR1199.1,2024,7,3,140,140,QFN,JCBD0A119A,2/13/2024 19:00,G-A,P,MXM,TQC400E4001020E,MAX20040BATPA/VY+,28000,MXMC714P,G,2024-MXB-02-G110,TUBE,Y,8,1,96.40X112.50,,CZ0141
MXBPR1199.2,2024,7,3,140,140,QFN,JCBD0A119A,2/13/2024 19:00,G-A,P,MXM,TQC400E4001020E,MAX20040BATPA/VY+,39880,MXMC714P,G,MXBPR1199.1,TUBE,Y,8,1,96.40X112.50,,CZ0141
MXBPR1793.2,2024,9,4,140,140,QFN,JCBD0A117A,2/28/2024 19:00,G-A,P,MXM,TQC400E4001020E,MAX20040BATPA/VY+,28000,MXMC714P,G,MXBPR1793.1,TUBE,Y,8,1,96.40X112.50,,CZ0141
MXBPR1793.3,2024,9,4,140,140,QFN,JCBD0A117A,2/28/2024 19:00,G-A,P,MXM,TQC400E4001020E,MAX20040BATPA/VY+,28000,MXMC714P,G,MXBPR1793.1,TUBE,Y,8,1,96.40X112.50,,CZ0141
MXBPR1793.4,2024,9,4,140,140,QFN,JCBD0A117A,2/28/2024 19:00,G-A,P,MXM,TQC400E4001020E,MAX20040BATPA/VY+,15965,MXMC714P,G,MXBPR1793.1,TUBE,Y,8,1,96.40X112.50,,CZ0141
MXBPR1793.1,2024,9,4,140,140,QFN,JCBD0A117A,2/28/2024 19:00,G-A,P,MXM,TQC400E4001020E,MAX20040BATPA/VY+,28000,MXMC714P,G,2024-MXB-03-G041,TUBE,Y,8,1,96.40X112.50,,CZ0141
MXBPR1344.2,2024,7,7,140,140,QFN,JBTH5A024B,2/17/2024 19:00,G-A,P,MXM,TQC400E4001024A,MAX20048ATGB/VY+,23895,MXMD345P,A,MXBPR1344.1,TRAY,Y,8,1,80.3 X 84.2,,CZ0141
MXBPR1344.1,2024,7,7,140,140,QFN,JBTH5A024B,2/17/2024 19:00,G-A,P,MXM,TQC400E4001024A,MAX20048ATGB/VY+,28000,MXMD345P,A,2024-MXB-03-G001,TRAY,Y,8,1,80.3 X 84.2,,CZ0141
MXBPR1400.1,2024,7,7,140,140,QFN,JCGP4A216B,2/17/2024 19:00,G-A,P,MXM,TQC400E4001024A,MAX20446BATG/VY+,28000,MXMD280P,A,2024-MXB-03-G001,TRAY,Y,8,1,96.00 X 101.9,,CZ0141
MXBPR1400.2,2024,7,7,140,140,QFN,JCGP4A216B,2/17/2024 19:00,G-A,P,MXM,TQC400E4001024A,MAX20446BATG/VY+,37442,MXMD280P,A,MXBPR1400.1,TRAY,Y,8,1,96.00 X 101.9,,CZ0141
MXBPR1560.2,2024,8,4,140,140,QFN,JCGP4A214B,2/21/2024 19:00,G-A,P,MXM,TQC400E4001024A,MAX20446BATG/VY+,27545,MXMD280P,A,MXBPR1560.1,TRAY,Y,8,1,96.00 X 101.9,,CZ0141
MXBPR1560.1,2024,8,4,140,140,QFN,JCGP4A214B,2/21/2024 19:00,G-A,P,MXM,TQC400E4001024A,MAX20446BATG/VY+,28000,MXMD280P,A,2024-MXB-03-G018,TRAY,Y,8,1,96.00 X 101.9,,CZ0141
MXBFR1605.1,2024,8,6,140,140,QFN,TCUN8A103C,2/23/2024 0:00,G-A,F,MXM,TQC400E400A028E,MAX20026SATIE/V+,28000,MXMD281P,A,2024-MXB-03-G017,TUBE,Y,8,1,86.2 X 100.7,,CZ0141
MXBFR1605.2,2024,8,6,140,140,QFN,TCUN8A103C,2/23/2024 0:00,G-A,F,MXM,TQC400E400A028E,MAX20026SATIE/V+,24450,MXMD281P,A,MXBFR1605.1,TUBE,Y,8,1,86.2 X 100.7,,CZ0141
MXBFR1704.1,2024,9,1,140,140,QFN,TCUN8A088C,2/25/2024 19:00,G-A,F,MXM,TQC400E400A028E,MAX20026SATIE/V+,28000,MXMD281P,A,2024-MXB-03-G017,TUBE,Y,8,1,86.2 X 100.7,,CZ0141
MXBFR1704.2,2024,9,1,140,140,QFN,TCUN8A088C,2/25/2024 19:00,G-A,F,MXM,TQC400E400A028E,MAX20026SATIE/V+,21473,MXMD281P,A,MXBFR1704.1,TUBE,Y,8,1,86.2 X 100.7,,CZ0141
MXBFR1610.2,2024,8,6,140,140,QFN,JCOD8A025B,2/23/2024 19:00,G-A,F,MXM,TQC400E400A028E,MAX20026SATIE/V+,28000,MXMD321P,A,MXBFR1610.1,TUBE,Y,8,1,86.2 X 100.7,,CZ0141
MXBFR1610.1,2024,8,6,140,140,QFN,JCOD8A025B,2/23/2024 19:00,G-A,F,MXM,TQC400E400A028E,MAX20026SATIE/V+,28000,MXMD321P,A,2024-MXB-03-G012,TUBE,Y,8,1,86.2 X 100.7,,CZ0141
MXBFR1610.3,2024,8,6,140,140,QFN,JCOD8A025B,2/23/2024 19:00,G-A,F,MXM,TQC400E400A028E,MAX20026SATIE/V+,16309,MXMD321P,A,MXBFR1610.1,TUBE,Y,8,1,86.2 X 100.7,,CZ0141
MXBFR1611.3,2024,8,6,140,140,QFN,JCOD8A029B,2/23/2024 0:00,G-A,F,MXM,TQC400E400A028E,MAX20026SATIE/V+,17421,MXMD321P,A,MXBFR1611.1,TUBE,Y,8,1,86.2 X 100.7,,CZ0141
MXBFR1611.2,2024,8,6,140,140,QFN,JCOD8A029B,2/23/2024 0:00,G-A,F,MXM,TQC400E400A028E,MAX20026SATIE/V+,28000,MXMD321P,A,MXBFR1611.1,TUBE,Y,8,1,86.2 X 100.7,,CZ0141
MXBFR1611.1,2024,8,6,140,140,QFN,JCOD8A029B,2/23/2024 0:00,G-A,F,MXM,TQC400E400A028E,MAX20026SATIE/V+,28000,MXMD321P,A,2024-MXB-03-G017,TUBE,Y,8,1,86.2 X 100.7,,CZ0141
MXCPR0910.1,2024,9,1,140,140,QFN,JCFB0A796C,2/25/2024 19:00,G-A,P,MXM,TQC400E400B020E,MAX16995CATPJ/V+,12555,MXMD039P,D,2024-MXC-03-G014,TUBE,Y,8,1,73.2X93.7,,CZ0141
MXCPR0911.2,2024,9,1,140,140,QFN,JCFB0A792C,2/25/2024 19:00,G-A,P,MXM,TQC400E400B020E,MAX16995CATPJ/V+,15645,MXMD039P,D,MXCPR0911.1,TUBE,Y,8,1,73.2X93.7,,CZ0141
MXCPR0911.1,2024,9,1,140,140,QFN,JCFB0A792C,2/25/2024 19:00,G-A,P,MXM,TQC400E400B020E,MAX16995CATPJ/V+,28000,MXMD039P,D,2024-MXC-03-G014,TUBE,Y,8,1,73.2X93.7,,CZ0141
MXCPR0919.1,2024,9,2,140,140,QFN,JCFB0A749G,2/26/2024 19:00,G-A,P,MXM,TQC400E400B020E,MAX16995CATPJ/V+,12731,MXMD039P,D,2024-MXC-03-G018,TUBE,Y,8,1,73.2X93.7,,CZ0141
MXCPR0909.1,2024,9,1,140,140,QFN,EBNI6A227C,2/25/2024 19:00,G-A,P,MXM,TQC400E400B020E,MAX16995CATPK/V+,19239,MXMC957P,F,2024-MXC-03-G018,TUBE,Y,8,1,73.2X93.7,,CZ0141
MXBPR1604.1,2024,8,6,140,140,QFN,VCOC4A057A,2/23/2024 19:00,B-A,P,MXM,TQC400E400B020E,MAX17543ATP+,24242,MXMD205P,C,2024-MXB-03-G009,TRAY,N,12,1,85.0 X 100.0,,CZ0141
MXBPR1001.1,2024,6,5,140,140,QFN,TCBZ3A142A,2/8/2024 19:00,G-A,P,MXM,TQC400E400B024E,MAX20416ATGD/V+,38662,MXMC694P,M,2024-MXB-02-G088,TRAY,Y,8,1,100X100,,CZ0141
MXCPR0562.1,2024,6,6,140,140,QFN,ECBY3A065A,2/9/2024 19:00,G-A,P,MXM,TQC400E400B024E,MAX20419ATGB/V+,29982,MXMC916P,G,2024-MXC-02-G073,TRAY,Y,8,1,100.00 X 100.00,,CZ0141
MXCPR0651.2,2024,7,3,140,140,QFN,ECBY3A065C,2/13/2024 19:00,G-A,P,MXM,TQC400E400B024E,MAX20419ATGB/V+,19430,MXMC916P,G,MXCPR0651.1,TRAY,Y,8,1,100.00 X 100.00,,CZ0141
MXCPR0651.1,2024,7,3,140,140,QFN,ECBY3A065C,2/13/2024 19:00,G-A,P,MXM,TQC400E400B024E,MAX20419ATGB/V+,28000,MXMC916P,G,2024-MXC-02-G079,TRAY,Y,8,1,100.00 X 100.00,,CZ0141
MXCPR0614.2,2024,7,2,140,140,QFN,VCDV3A145F,2/12/2024 0:00,B-A,P,MXM,TQC400E400B024E,MAX20419ATGB/V+,32539,MXMC948P,I,MXCPR0614.1,TRAY,Y,12,1,100.0 X 100.0,,CZ0141
MXCPR0614.1,2024,7,2,140,140,QFN,VCDV3A145F,2/12/2024 0:00,B-A,P,MXM,TQC400E400B024E,MAX20419ATGB/V+,28000,MXMC948P,I,2024-MXC-02-G076,TRAY,Y,12,1,100.0 X 100.0,,CZ0141
MXCPR0615.1,2024,7,1,140,140,QFN,VCDV3A201C,2/11/2024 19:00,B-A,P,MXM,TQC400E400B024E,MAX20419ATGB/V+,30386,MXMC948P,I,2024-MXC-02-G076,TRAY,Y,12,1,100.0 X 100.0,,CZ0141
MXCPR0616.1,2024,7,2,140,140,QFN,VCDV3A207G,2/12/2024 0:00,B-A,P,MXM,TQC400E400B024E,MAX20419ATGB/V+,40208,MXMC948P,I,2024-MXC-02-G079,TRAY,Y,12,1,100.0 X 100.0,,CZ0141
MXCPR0942.1,2024,9,3,140,140,QFN,VCDV3A197D,2/27/2024 19:00,B-A,P,MXM,TQC400E400B024E,MAX20419ATGB/V+,30279,MXMC948P,I,2024-MXC-03-G024,TRAY,Y,12,1,100.0 X 100.0,,CZ0141
MXCPR1000.1,2024,9,4,140,140,QFN,VCDV3A210B,2/28/2024 19:00,B-A,P,MXM,TQC400E400B024E,MAX20419ATGB/V+,30217,MXMC948P,I,2024-MXC-03-G028,TRAY,Y,12,1,100.0 X 100.0,,CZ0141
MXCPR0568.3,2024,6,7,140,140,QFN,VCDV3A211B,2/10/2024 19:00,B-A,P,MXM,TQC400E400B024E,MAX20419ATGC/V+,24709,MXMC948P,I,MXCPR0568.1,TRAY,Y,12,1,100.0 X 100.0,,CZ0141
MXCPR0568.2,2024,6,7,140,140,QFN,VCDV3A211B,2/10/2024 19:00,B-A,P,MXM,TQC400E400B024E,MAX20419ATGC/V+,28000,MXMC948P,I,MXCPR0568.1,TRAY,Y,12,1,100.0 X 100.0,,CZ0141
MXCPR0568.1,2024,6,7,140,140,QFN,VCDV3A211B,2/10/2024 19:00,B-A,P,MXM,TQC400E400B024E,MAX20419ATGC/V+,28000,MXMC948P,I,2024-MXC-02-G075,TRAY,Y,12,1,100.0 X 100.0,,CZ0141
MXCPR0569.5,2024,6,7,140,140,QFN,VCDV3A188D,2/10/2024 19:00,B-A,P,MXM,TQC400E400B024E,MAX20419ATGC/V+,23487,MXMC948P,I,MXCPR0569.1,TRAY,Y,12,1,100.0 X 100.0,,CZ0141
MXCPR0569.2,2024,6,7,140,140,QFN,VCDV3A188D,2/10/2024 19:00,B-A,P,MXM,TQC400E400B024E,MAX20419ATGC/V+,28000,MXMC948P,I,MXCPR0569.1,TRAY,Y,12,1,100.0 X 100.0,,CZ0141
MXCPR0569.4,2024,6,7,140,140,QFN,VCDV3A188D,2/10/2024 19:00,B-A,P,MXM,TQC400E400B024E,MAX20419ATGC/V+,28000,MXMC948P,I,MXCPR0569.1,TRAY,Y,12,1,100.0 X 100.0,,CZ0141
MXCPR0569.3,2024,6,7,140,140,QFN,VCDV3A188D,2/10/2024 19:00,B-A,P,MXM,TQC400E400B024E,MAX20419ATGC/V+,28000,MXMC948P,I,MXCPR0569.1,TRAY,Y,12,1,100.0 X 100.0,,CZ0141
MXCPR0569.1,2024,6,7,140,140,QFN,VCDV3A188D,2/10/2024 19:00,B-A,P,MXM,TQC400E400B024E,MAX20419ATGC/V+,28000,MXMC948P,I,2024-MXC-02-G075,TRAY,Y,12,1,100.0 X 100.0,,CZ0141
MXCPR0626.3,2024,7,2,140,140,QFN,VCDV3A201D,2/12/2024 19:00,B-A,P,MXM,TQC400E400B024E,MAX20419ATGC/V+,24899,MXMC948P,I,MXCPR0626.1,TRAY,Y,12,1,100.0 X 100.0,,CZ0141
MXCPR0626.1,2024,7,2,140,140,QFN,VCDV3A201D,2/12/2024 19:00,B-A,P,MXM,TQC400E400B024E,MAX20419ATGC/V+,28000,MXMC948P,I,2024-MXC-02-G076,TRAY,Y,12,1,100.0 X 100.0,,CZ0141
MXCPR0626.2,2024,7,2,140,140,QFN,VCDV3A201D,2/12/2024 19:00,B-A,P,MXM,TQC400E400B024E,MAX20419ATGC/V+,28000,MXMC948P,I,MXCPR0626.1,TRAY,Y,12,1,100.0 X 100.0,,CZ0141
MXCPR0755.2,2024,8,1,140,140,QFN,VCDV3A182E,2/18/2024 19:00,B-A,P,MXM,TQC400E400B024E,MAX20419ATGE/V+GA,30133,MXMC948P,I,MXCPR0755.1,TRAY,Y,12,1,100.0 X 100.0,,CZ0141
MXCPR0755.1,2024,8,1,140,140,QFN,VCDV3A182E,2/18/2024 19:00,B-A,P,MXM,TQC400E400B024E,MAX20419ATGE/V+GA,28000,MXMC948P,I,2024-MXC-02-G093,TRAY,Y,12,1,100.0 X 100.0,,CZ0141
MXCPR0980.1,2024,9,4,140,140,QFN,VCDV3A154D,2/28/2024 19:00,B-A,P,MXM,TQC400E400B024E,MAX20419ATGE/V+GA,28000,MXMC948P,I,2024-MXC-03-G028,TRAY,Y,12,1,100.0 X 100.0,,CZ0141
MXCPR0980.2,2024,9,4,140,140,QFN,VCDV3A154D,2/28/2024 19:00,B-A,P,MXM,TQC400E400B024E,MAX20419ATGE/V+GA,24472,MXMC948P,I,MXCPR0980.1,TRAY,Y,12,1,100.0 X 100.0,,CZ0141
MXCPR0857.2,2024,8,4,140,140,QFN,ECBY3A069B,2/21/2024 0:00,G-A,P,MXM,TQC400E400B024E,MAX20419ATGV/V+,24071,MXMC916P,H,MXCPR0857.1,TRAY,Y,8,1,100.00 X 100.00,,CZ0141
MXCPR0857.1,2024,8,4,140,140,QFN,ECBY3A069B,2/21/2024 0:00,G-A,P,MXM,TQC400E400B024E,MAX20419ATGV/V+,28000,MXMC916P,H,2024-MXC-03-G010,TRAY,Y,8,1,100.00 X 100.00,,CZ0141
MXBPR1308.1,2024,7,6,140,140,QFN,EBYF7A007E,2/16/2024 19:00,G-A,P,MXM,TQC400E400B024E,MAX20444ATG/V+,21006,MXMC724P,C,2024-MXB-02-G126,TRAY,Y,8,1,92.5X88.5,,CZ0141
MXBPR0933.1,2024,6,2,140,140,QFN,ECUX4A088C,2/5/2024 19:00,G-A,P,MXM,TQC400E400B024E,MAX20444BATG/V+,37479,MXMC724P,C,2024-MXB-02-G060,TRAY,Y,8,1,92.50 X 88.50,,CZ0141
MXBPR0947.2,2024,6,3,140,140,QFN,ECUX4A094A,2/6/2024 0:00,G-A,P,MXM,TQC400E400B024E,MAX20444BATG/V+,24396,MXMC724P,C,MXBPR0947.1,TRAY,Y,8,1,92.50 X 88.50,,CZ0141
MXBPR0947.1,2024,6,3,140,140,QFN,ECUX4A094A,2/6/2024 0:00,G-A,P,MXM,TQC400E400B024E,MAX20444BATG/V+,28000,MXMC724P,C,2024-MXB-02-G065,TRAY,Y,8,1,92.50 X 88.50,,CZ0141
MXBPR0980.2,2024,6,5,140,140,QFN,ECUX4A089B,2/8/2024 19:00,G-A,P,MXM,TQC400E400B024E,MAX20444BATG/V+,28000,MXMC724P,C,MXBPR0980.1,TRAY,Y,8,1,92.50 X 88.50,,CZ0141
MXBPR0980.3,2024,6,5,140,140,QFN,ECUX4A089B,2/8/2024 19:00,G-A,P,MXM,TQC400E400B024E,MAX20444BATG/V+,40328,MXMC724P,C,MXBPR0980.1,TRAY,Y,8,1,92.50 X 88.50,,CZ0141
MXBPR0980.1,2024,6,5,140,140,QFN,ECUX4A089B,2/8/2024 19:00,G-A,P,MXM,TQC400E400B024E,MAX20444BATG/V+,28000,MXMC724P,C,2024-MXB-02-G088,TRAY,Y,8,1,92.50 X 88.50,,CZ0141
MXBPR1208.5,2024,7,4,140,140,QFN,ECUX4A095A,2/14/2024 19:00,G-A,P,MXM,TQC400E400B024E,MAX20444BATG/V+,15950,MXMC724P,C,MXBPR1208.1,TRAY,Y,8,1,92.50 X 88.50,,CZ0141
MXBPR1208.4,2024,7,4,140,140,QFN,ECUX4A095A,2/14/2024 19:00,G-A,P,MXM,TQC400E400B024E,MAX20444BATG/V+,28000,MXMC724P,C,MXBPR1208.1,TRAY,Y,8,1,92.50 X 88.50,,CZ0141
MXBPR1208.3,2024,7,4,140,140,QFN,ECUX4A095A,2/14/2024 19:00,G-A,P,MXM,TQC400E400B024E,MAX20444BATG/V+,28000,MXMC724P,C,MXBPR1208.1,TRAY,Y,8,1,92.50 X 88.50,,CZ0141
MXBPR1208.1,2024,7,4,140,140,QFN,ECUX4A095A,2/14/2024 19:00,G-A,P,MXM,TQC400E400B024E,MAX20444BATG/V+,28000,MXMC724P,C,2024-MXB-02-G107,TRAY,Y,8,1,92.50 X 88.50,,CZ0141
MXBPR1208.2,2024,7,4,140,140,QFN,ECUX4A095A,2/14/2024 19:00,G-A,P,MXM,TQC400E400B024E,MAX20444BATG/V+,28000,MXMC724P,C,MXBPR1208.1,TRAY,Y,8,1,92.50 X 88.50,,CZ0141
MXBPR1738.1,2024,9,3,140,140,QFN,VCNJ3A036E,2/27/2024 19:00,B-A,P,MXM,TQC400E400B024E,MAX20444BATG/V+,28000,MXMD052P,C,2024-MXB-03-G033,TRAY,Y,12,1,92.5X88.5,,CZ0141
MXBPR1738.2,2024,9,3,140,140,QFN,VCNJ3A036E,2/27/2024 19:00,B-A,P,MXM,TQC400E400B024E,MAX20444BATG/V+,28000,MXMD052P,C,MXBPR1738.1,TRAY,Y,12,1,92.5X88.5,,CZ0141
MXBPR1738.3,2024,9,3,140,140,QFN,VCNJ3A036E,2/27/2024 19:00,B-A,P,MXM,TQC400E400B024E,MAX20444BATG/V+,28000,MXMD052P,C,MXBPR1738.1,TRAY,Y,12,1,92.5X88.5,,CZ0141
MXBPR1738.4,2024,9,3,140,140,QFN,VCNJ3A036E,2/27/2024 19:00,B-A,P,MXM,TQC400E400B024E,MAX20444BATG/V+,15433,MXMD052P,C,MXBPR1738.1,TRAY,Y,12,1,92.5X88.5,,CZ0141
MXBPR0998.2,2024,6,5,140,140,QFN,JBTO6A281B,2/8/2024 19:00,G-A,P,MXM,TQC400E400B024E,MAX20446ATG/V+,17404,MXMC975P,A,MXBPR0998.1,TUBE,Y,8,1,92.50 X 101.90,,CZ0141
MXBPR0998.1,2024,6,5,140,140,QFN,JBTO6A281B,2/8/2024 19:00,G-A,P,MXM,TQC400E400B024E,MAX20446ATG/V+,28000,MXMC975P,A,2024-MXB-02-G082,TUBE,Y,8,1,92.50 X 101.90,,CZ0141
MXBPR0983.1,2024,6,4,140,140,QFN,JCGP4A215B,2/7/2024 19:00,G-A,P,MXM,TQC400E400B024E,MAX20446BATG/V+,34180,MXMD059P,B,2024-MXB-02-G073,TUBE,Y,8,1,96.00 X 101.9,,CZ0141
MXBPR1689.3,2024,9,1,140,140,QFN,JCGP4A217B,2/25/2024 19:00,G-A,P,MXM,TQC400E400B024E,MAX20446BATG/V+,27046,MXMD059P,B,MXBPR1689.1,TUBE,Y,8,1,96.00 X 101.9,,CZ0141
MXBPR1689.2,2024,9,1,140,140,QFN,JCGP4A217B,2/25/2024 19:00,G-A,P,MXM,TQC400E400B024E,MAX20446BATG/V+,28000,MXMD059P,B,MXBPR1689.1,TUBE,Y,8,1,96.00 X 101.9,,CZ0141
MXBPR1689.1,2024,9,1,140,140,QFN,JCGP4A217B,2/25/2024 19:00,G-A,P,MXM,TQC400E400B024E,MAX20446BATG/V+,28000,MXMD059P,B,2024-MXB-03-G017,TUBE,Y,8,1,96.00 X 101.9,,CZ0141
MX7PR0006.4,2024,8,3,140,140,QFN,VCNC8A084C,2/20/2024 19:00,B-A,P,MXM,TQC400E400B024E,MAX22088GTG+,22290,MXMD048P,B,MX7PR0006.1,TRAY,N,12,1,98.4 X 98.4,,CZ0141
MX7PR0006.3,2024,8,3,140,140,QFN,VCNC8A084C,2/20/2024 19:00,B-A,P,MXM,TQC400E400B024E,MAX22088GTG+,28000,MXMD048P,B,MX7PR0006.1,TRAY,N,12,1,98.4 X 98.4,,CZ0141
MX7PR0006.2,2024,8,3,140,140,QFN,VCNC8A084C,2/20/2024 19:00,B-A,P,MXM,TQC400E400B024E,MAX22088GTG+,28000,MXMD048P,B,MX7PR0006.1,TRAY,N,12,1,98.4 X 98.4,,CZ0141
MX7PR0006.1,2024,8,3,140,140,QFN,VCNC8A084C,2/20/2024 19:00,B-A,P,MXM,TQC400E400B024E,MAX22088GTG+,28000,MXMD048P,B,2024-MX7-03-G001,TRAY,N,12,1,98.4 X 98.4,,CZ0141
MX7PR0007.1,2024,8,3,140,140,QFN,VCNC8A084A,2/20/2024 19:00,B-A,P,MXM,TQC400E400B024E,MAX22088GTG+,28000,MXMD048P,B,2024-MX7-03-G001,TRAY,N,12,1,98.4 X 98.4,,CZ0141
MX7PR0007.2,2024,8,3,140,140,QFN,VCNC8A084A,2/20/2024 19:00,B-A,P,MXM,TQC400E400B024E,MAX22088GTG+,25145,MXMD048P,B,MX7PR0007.1,TRAY,N,12,1,98.4 X 98.4,,CZ0141
MX7PR0008.3,2024,8,5,140,140,QFN,VCNC8A084B,2/22/2024 19:00,B-A,P,MXM,TQC400E400B024E,MAX22088GTG+,28000,MXMD048P,B,MX7PR0008.1,TRAY,N,12,1,98.4 X 98.4,,CZ0141
MX7PR0008.1,2024,8,5,140,140,QFN,VCNC8A084B,2/22/2024 19:00,B-A,P,MXM,TQC400E400B024E,MAX22088GTG+,28000,MXMD048P,B,2024-MX7-03-G002,TRAY,N,12,1,98.4 X 98.4,,CZ0141
MX7PR0008.2,2024,8,5,140,140,QFN,VCNC8A084B,2/22/2024 19:00,B-A,P,MXM,TQC400E400B024E,MAX22088GTG+,28000,MXMD048P,B,MX7PR0008.1,TRAY,N,12,1,98.4 X 98.4,,CZ0141
MX7PR0008.4,2024,8,5,140,140,QFN,VCNC8A084B,2/22/2024 19:00,B-A,P,MXM,TQC400E400B024E,MAX22088GTG+,22290,MXMD048P,B,MX7PR0008.1,TRAY,N,12,1,98.4 X 98.4,,CZ0141
MX7PR0009.1,2024,9,3,140,140,QFN,VCNC8A091C,2/27/2024 19:00,B-A,P,MXM,TQC400E400B024E,MAX22088GTG+,28000,MXMD048P,B,2024-MX7-03-G004,TRAY,N,12,1,98.4 X 98.4,,CZ0141
MX7PR0009.2,2024,9,3,140,140,QFN,VCNC8A091C,2/27/2024 19:00,B-A,P,MXM,TQC400E400B024E,MAX22088GTG+,25145,MXMD048P,B,MX7PR0009.1,TRAY,N,12,1,98.4 X 98.4,,CZ0141
MX7PR0010.1,2024,9,3,140,140,QFN,VCNC8A085A,2/27/2024 0:00,B-A,P,MXM,TQC400E400B024E,MAX22088GTG+,31887,MXMD048P,B,2024-MX7-03-G004,TRAY,N,12,1,98.4 X 98.4,,CZ0141
MX7PR0011.3,2024,9,1,140,140,QFN,VCNC8A087A,2/25/2024 19:00,B-A,P,MXM,TQC400E400B024E,MAX22088GTG+,28000,MXMD048P,B,MX7PR0011.1,TRAY,N,12,1,98.4 X 98.4,,CZ0141
MX7PR0011.2,2024,9,1,140,140,QFN,VCNC8A087A,2/25/2024 19:00,B-A,P,MXM,TQC400E400B024E,MAX22088GTG+,28000,MXMD048P,B,MX7PR0011.1,TRAY,N,12,1,98.4 X 98.4,,CZ0141
MX7PR0011.1,2024,9,1,140,140,QFN,VCNC8A087A,2/25/2024 19:00,B-A,P,MXM,TQC400E400B024E,MAX22088GTG+,28000,MXMD048P,B,2024-MX7-03-G003,TRAY,N,12,1,98.4 X 98.4,,CZ0141
MX7PR0011.4,2024,9,1,140,140,QFN,VCNC8A087A,2/25/2024 19:00,B-A,P,MXM,TQC400E400B024E,MAX22088GTG+,22290,MXMD048P,B,MX7PR0011.1,TRAY,N,12,1,98.4 X 98.4,,CZ0141
MXCPR0763.1,2024,8,2,140,140,QFN,EBUJ2A006A,2/19/2024 19:00,G-A,P,MXM,TQC400E400B024E,MAX22505GTG+,15396,MXMC991P,A,2024-MXC-03-G004,TRAY,N,8,1,74.4 X 77.5,,CZ0141
MXBPR0937.1,2024,6,3,140,140,QFN,JCDF3A012E,2/6/2024 0:00,G-A,P,MXM,TQC400E400B024E,MAX25024ATG/V+,4251,MXMD002P,C,2024-MXB-02-G073,TUBE,Y,8,1,99.6 X 101.9,,CZ0141
MXBPR1067.2,2024,6,7,140,140,QFN,CCKG1A047B,2/10/2024 19:00,B-A,P,MXM,TQC400E400B024E,MAX25510ATGA/V+,28000,MXMC994P,C,MXBPR1067.1,TUBE,Y,12,1,83.40X87.70,,CZ0141
MXBPR1067.4,2024,6,7,140,140,QFN,CCKG1A047B,2/10/2024 19:00,B-A,P,MXM,TQC400E400B024E,MAX25510ATGA/V+,40122,MXMC994P,C,MXBPR1067.1,TUBE,Y,12,1,83.40X87.70,,CZ0141
MXBPR1067.3,2024,6,7,140,140,QFN,CCKG1A047B,2/10/2024 19:00,B-A,P,MXM,TQC400E400B024E,MAX25510ATGA/V+,28000,MXMC994P,C,MXBPR1067.1,TUBE,Y,12,1,83.40X87.70,,CZ0141
MXBPR1067.1,2024,6,7,140,140,QFN,CCKG1A047B,2/10/2024 19:00,B-A,P,MXM,TQC400E400B024E,MAX25510ATGA/V+,28000,MXMC994P,C,2024-MXB-02-G088,TUBE,Y,12,1,83.40X87.70,,CZ0141
MXBPR1159.2,2024,7,1,140,140,QFN,CCKG1A048B,2/11/2024 19:00,B-A,P,MXM,TQC400E400B024E,MAX25510ATGA/V+,39785,MXMC994P,C,MXBPR1159.1,TUBE,Y,12,1,83.40X87.70,,CZ0141
MXBPR1159.1,2024,7,1,140,140,QFN,CCKG1A048B,2/11/2024 19:00,B-A,P,MXM,TQC400E400B024E,MAX25510ATGA/V+,28000,MXMC994P,C,2024-MXB-02-G091,TUBE,Y,12,1,83.40X87.70,,CZ0141
MXBPR1163.1,2024,7,2,140,140,QFN,CCKG1A047C,2/12/2024 19:00,B-A,P,MXM,TQC400E400B024E,MAX25510ATGA/V+,41408,MXMC994P,C,2024-MXB-02-G091,TUBE,Y,12,1,83.40X87.70,,CZ0141
MXBPR0856.1,2024,5,6,140,140,QFN,CCKF9A055F,2/2/2024 19:00,B-A,P,MXM,TQC400E400B024E,MAX25512ATG/V+,41369,MXMC994P,C,2024-MXB-02-G051,TUBE,Y,12,1,83.4 X 87.7,,CZ0141
MXBPR0934.1,2024,6,2,140,140,QFN,CCKF9A043E,2/5/2024 19:00,B-A,P,MXM,TQC400E400B024E,MAX25512ATG/V+,41650,MXMC994P,C,2024-MXB-02-G063,TUBE,Y,12,1,83.4 X 87.7,,CZ0141
MXBPR0935.2,2024,6,2,140,140,QFN,CCKF9A039E,2/5/2024 19:00,B-A,P,MXM,TQC400E400B024E,MAX25512ATG/V+,40643,MXMC994P,C,MXBPR0935.1,TUBE,Y,12,1,83.4 X 87.7,,CZ0141
MXBPR0935.1,2024,6,2,140,140,QFN,CCKF9A039E,2/5/2024 19:00,B-A,P,MXM,TQC400E400B024E,MAX25512ATG/V+,28000,MXMC994P,C,2024-MXB-02-G063,TUBE,Y,12,1,83.4 X 87.7,,CZ0141
MXBPR0940.3,2024,6,1,140,140,QFN,CCKF9A041E,2/4/2024 19:00,B-A,P,MXM,TQC400E400B024E,MAX25512ATG/V+,40276,MXMC994P,C,MXBPR0940.1,TUBE,Y,12,1,83.4 X 87.7,,CZ0141
MXBPR0940.1,2024,6,1,140,140,QFN,CCKF9A041E,2/4/2024 19:00,B-A,P,MXM,TQC400E400B024E,MAX25512ATG/V+,28000,MXMC994P,C,2024-MXB-02-G059,TUBE,Y,12,1,83.4 X 87.7,,CZ0141
MXBPR0940.2,2024,6,1,140,140,QFN,CCKF9A041E,2/4/2024 19:00,B-A,P,MXM,TQC400E400B024E,MAX25512ATG/V+,28000,MXMC994P,C,MXBPR0940.1,TUBE,Y,12,1,83.4 X 87.7,,CZ0141
MXBPR1195.1,2024,7,3,140,140,QFN,CCKF9A058D,2/13/2024 0:00,B-A,P,MXM,TQC400E400B024E,MAX25512ATG/V+,40878,MXMC994P,C,2024-MXB-02-G095,TUBE,Y,12,1,83.4 X 87.7,,CZ0141
MXBPR1343.1,2024,7,7,140,140,QFN,CCKF9A055G,2/17/2024 19:00,B-A,P,MXM,TQC400E400B024E,MAX25512ATG/V+,28000,MXMC994P,C,2024-MXB-03-G003,TUBE,Y,12,1,83.4 X 87.7,,CZ0141
MXBPR1343.2,2024,7,7,140,140,QFN,CCKF9A055G,2/17/2024 19:00,B-A,P,MXM,TQC400E400B024E,MAX25512ATG/V+,28000,MXMC994P,C,MXBPR1343.1,TUBE,Y,12,1,83.4 X 87.7,,CZ0141
MXBPR1343.3,2024,7,7,140,140,QFN,CCKF9A055G,2/17/2024 19:00,B-A,P,MXM,TQC400E400B024E,MAX25512ATG/V+,23286,MXMC994P,C,MXBPR1343.1,TUBE,Y,12,1,83.4 X 87.7,,CZ0141
MXBPR1585.4,2024,8,5,140,140,QFN,CCKF9A058E,2/22/2024 19:00,B-A,P,MXM,TQC400E400B024E,MAX25512ATG/V+,28000,MXMC994P,C,MXBPR1585.1,TUBE,Y,12,1,83.4 X 87.7,,CZ0141
MXBPR1585.3,2024,8,5,140,140,QFN,CCKF9A058E,2/22/2024 19:00,B-A,P,MXM,TQC400E400B024E,MAX25512ATG/V+,28000,MXMC994P,C,MXBPR1585.1,TUBE,Y,12,1,83.4 X 87.7,,CZ0141
MXBPR1585.2,2024,8,5,140,140,QFN,CCKF9A058E,2/22/2024 19:00,B-A,P,MXM,TQC400E400B024E,MAX25512ATG/V+,28000,MXMC994P,C,MXBPR1585.1,TUBE,Y,12,1,83.4 X 87.7,,CZ0141
MXBPR1585.1,2024,8,5,140,140,QFN,CCKF9A058E,2/22/2024 19:00,B-A,P,MXM,TQC400E400B024E,MAX25512ATG/V+,28000,MXMC994P,C,2024-MXB-03-G014,TUBE,Y,12,1,83.4 X 87.7,,CZ0141
MXBPR1585.5,2024,8,5,140,140,QFN,CCKF9A058E,2/22/2024 19:00,B-A,P,MXM,TQC400E400B024E,MAX25512ATG/V+,26447,MXMC994P,C,MXBPR1585.1,TUBE,Y,12,1,83.4 X 87.7,,CZ0141
MXBPR0988.1,2024,6,4,140,140,QFN,JCBQ6A095C,2/7/2024 19:00,G-A,P,MXM,TQC500E5001028E,MAX20057ATIK/VY+,7812,MXMC954P,G,2024-MXB-02-G096,TRAY,Y,8,1,105.1 X 105.1,,CZ0141
MXBPR0992.2,2024,6,5,140,140,QFN,JCBQ6A102B,2/8/2024 19:00,G-A,P,MXM,TQC500E5001028E,MAX20057ATIK/VY+,17600,MXMC954P,G,MXBPR0992.1,TRAY,Y,8,1,105.1 X 105.1,,CZ0141
MXBPR0992.1,2024,6,5,140,140,QFN,JCBQ6A102B,2/8/2024 19:00,G-A,P,MXM,TQC500E5001028E,MAX20057ATIK/VY+,17600,MXMC954P,G,2024-MXB-02-G096,TRAY,Y,8,1,105.1 X 105.1,,CZ0141
MXBPR0992.3,2024,6,5,140,140,QFN,JCBQ6A102B,2/8/2024 19:00,G-A,P,MXM,TQC500E5001028E,MAX20057ATIK/VY+,11692,MXMC954P,G,MXBPR0992.1,TRAY,Y,8,1,105.1 X 105.1,,CZ0141
MXBPR0939.6,2024,6,3,140,140,QFN,VCQX6A030A,2/6/2024 19:00,G-A,P,MXM,TQC500E5001028E,MAX20094ATIA/VY+,17600,MXMD300P,A,MXBPR0939.1,TUBE,Y,12,1,92.5 X 92.5,,CZ0141
MXBPR0939.9,2024,6,3,140,140,QFN,VCQX6A030A,2/6/2024 19:00,G-A,P,MXM,TQC500E5001028E,MAX20094ATIA/VY+,17600,MXMD300P,A,MXBPR0939.1,TUBE,Y,12,1,92.5 X 92.5,,CZ0141
MXBPR0939.8,2024,6,3,140,140,QFN,VCQX6A030A,2/6/2024 19:00,G-A,P,MXM,TQC500E5001028E,MAX20094ATIA/VY+,17600,MXMD300P,A,MXBPR0939.1,TUBE,Y,12,1,92.5 X 92.5,,CZ0141
MXBPR0939.4,2024,6,3,140,140,QFN,VCQX6A030A,2/6/2024 19:00,G-A,P,MXM,TQC500E5001028E,MAX20094ATIA/VY+,17600,MXMD300P,A,MXBPR0939.1,TUBE,Y,12,1,92.5 X 92.5,,CZ0141
MXBPR0939.3,2024,6,3,140,140,QFN,VCQX6A030A,2/6/2024 19:00,G-A,P,MXM,TQC500E5001028E,MAX20094ATIA/VY+,17600,MXMD300P,A,MXBPR0939.1,TUBE,Y,12,1,92.5 X 92.5,,CZ0141
MXBPR0939.1,2024,6,3,140,140,QFN,VCQX6A030A,2/6/2024 19:00,G-A,P,MXM,TQC500E5001028E,MAX20094ATIA/VY+,17600,MXMD300P,A,2024-MXB-02-G078,TUBE,Y,12,1,92.5 X 92.5,,CZ0141
MXBPR0939.7,2024,6,3,140,140,QFN,VCQX6A030A,2/6/2024 19:00,G-A,P,MXM,TQC500E5001028E,MAX20094ATIA/VY+,17600,MXMD300P,A,MXBPR0939.1,TUBE,Y,12,1,92.5 X 92.5,,CZ0141
MXBPR0939.5,2024,6,3,140,140,QFN,VCQX6A030A,2/6/2024 19:00,G-A,P,MXM,TQC500E5001028E,MAX20094ATIA/VY+,17600,MXMD300P,A,MXBPR0939.1,TUBE,Y,12,1,92.5 X 92.5,,CZ0141
MXBPR0939.2,2024,6,3,140,140,QFN,VCQX6A030A,2/6/2024 19:00,G-A,P,MXM,TQC500E5001028E,MAX20094ATIA/VY+,17600,MXMD300P,A,MXBPR0939.1,TUBE,Y,12,1,92.5 X 92.5,,CZ0141
MXBPR0939.10,2024,6,3,140,140,QFN,VCQX6A030A,2/6/2024 19:00,G-A,P,MXM,TQC500E5001028E,MAX20094ATIA/VY+,17600,MXMD300P,A,MXBPR0939.1,TUBE,Y,12,1,92.5 X 92.5,,CZ0141
MXBPR0939.11,2024,6,3,140,140,QFN,VCQX6A030A,2/6/2024 19:00,G-A,P,MXM,TQC500E5001028E,MAX20094ATIA/VY+,13274,MXMD300P,A,MXBPR0939.1,TUBE,Y,12,1,92.5 X 92.5,,CZ0141
MXCPR0520.8,2024,6,5,140,140,QFN,VCQX6A028A,2/8/2024 19:00,G-A,P,MXM,TQC500E5001028E,MAX20094ATIA/VY+,17600,MXMD300P,A,MXCPR0520.1,TUBE,Y,12,1,92.5 X 92.5,,CZ0141
MXCPR0520.9,2024,6,5,140,140,QFN,VCQX6A028A,2/8/2024 19:00,G-A,P,MXM,TQC500E5001028E,MAX20094ATIA/VY+,17600,MXMD300P,A,MXCPR0520.1,TUBE,Y,12,1,92.5 X 92.5,,CZ0141
MXCPR0520.7,2024,6,5,140,140,QFN,VCQX6A028A,2/8/2024 19:00,G-A,P,MXM,TQC500E5001028E,MAX20094ATIA/VY+,17600,MXMD300P,A,MXCPR0520.1,TUBE,Y,12,1,92.5 X 92.5,,CZ0141
MXCPR0520.6,2024,6,5,140,140,QFN,VCQX6A028A,2/8/2024 19:00,G-A,P,MXM,TQC500E5001028E,MAX20094ATIA/VY+,17600,MXMD300P,A,MXCPR0520.1,TUBE,Y,12,1,92.5 X 92.5,,CZ0141
MXCPR0520.5,2024,6,5,140,140,QFN,VCQX6A028A,2/8/2024 19:00,G-A,P,MXM,TQC500E5001028E,MAX20094ATIA/VY+,17600,MXMD300P,A,MXCPR0520.1,TUBE,Y,12,1,92.5 X 92.5,,CZ0141
MXCPR0520.4,2024,6,5,140,140,QFN,VCQX6A028A,2/8/2024 19:00,G-A,P,MXM,TQC500E5001028E,MAX20094ATIA/VY+,17600,MXMD300P,A,MXCPR0520.1,TUBE,Y,12,1,92.5 X 92.5,,CZ0141
MXCPR0520.3,2024,6,5,140,140,QFN,VCQX6A028A,2/8/2024 19:00,G-A,P,MXM,TQC500E5001028E,MAX20094ATIA/VY+,17600,MXMD300P,A,MXCPR0520.1,TUBE,Y,12,1,92.5 X 92.5,,CZ0141
MXCPR0520.2,2024,6,5,140,140,QFN,VCQX6A028A,2/8/2024 19:00,G-A,P,MXM,TQC500E5001028E,MAX20094ATIA/VY+,17600,MXMD300P,A,MXCPR0520.1,TUBE,Y,12,1,92.5 X 92.5,,CZ0141
MXCPR0520.11,2024,6,5,140,140,QFN,VCQX6A028A,2/8/2024 19:00,G-A,P,MXM,TQC500E5001028E,MAX20094ATIA/VY+,14165,MXMD300P,A,MXCPR0520.1,TUBE,Y,12,1,92.5 X 92.5,,CZ0141
MXCPR0520.10,2024,6,5,140,140,QFN,VCQX6A028A,2/8/2024 19:00,G-A,P,MXM,TQC500E5001028E,MAX20094ATIA/VY+,17600,MXMD300P,A,MXCPR0520.1,TUBE,Y,12,1,92.5 X 92.5,,CZ0141
MXCPR0520.1,2024,6,5,140,140,QFN,VCQX6A028A,2/8/2024 19:00,G-A,P,MXM,TQC500E5001028E,MAX20094ATIA/VY+,17600,MXMD300P,A,2024-MXC-02-G063,TUBE,Y,12,1,92.5 X 92.5,,CZ0141
MXCPR0689.4,2024,7,5,140,140,QFN,VCQX6A032A,2/15/2024 19:00,G-A,P,MXM,TQC500E5001028E,MAX20094ATIA/VY+,18250,MXMD300P,A,MXCPR0689.1,TUBE,Y,12,1,92.5 X 92.5,,CZ0141
MXCPR0689.3,2024,7,5,140,140,QFN,VCQX6A032A,2/15/2024 19:00,G-A,P,MXM,TQC500E5001028E,MAX20094ATIA/VY+,17600,MXMD300P,A,MXCPR0689.1,TUBE,Y,12,1,92.5 X 92.5,,CZ0141
MXCPR0689.2,2024,7,5,140,140,QFN,VCQX6A032A,2/15/2024 19:00,G-A,P,MXM,TQC500E5001028E,MAX20094ATIA/VY+,17600,MXMD300P,A,MXCPR0689.1,TUBE,Y,12,1,92.5 X 92.5,,CZ0141
MXCPR0689.1,2024,7,5,140,140,QFN,VCQX6A032A,2/15/2024 19:00,G-A,P,MXM,TQC500E5001028E,MAX20094ATIA/VY+,17600,MXMD300P,A,2024-MXC-02-G088,TUBE,Y,12,1,92.5 X 92.5,,CZ0141
MXCPR0690.1,2024,7,5,140,140,QFN,VCQX6A016C,2/15/2024 0:00,G-A,P,MXM,TQC500E5001028E,MAX20094ATIA/VY+,17600,MXMD300P,A,2024-MXC-02-G088,TUBE,Y,12,1,92.5 X 92.5,,CZ0141
MXCPR0690.3,2024,7,5,140,140,QFN,VCQX6A016C,2/15/2024 0:00,G-A,P,MXM,TQC500E5001028E,MAX20094ATIA/VY+,24238,MXMD300P,A,MXCPR0690.1,TUBE,Y,12,1,92.5 X 92.5,,CZ0141
MXCPR0690.2,2024,7,5,140,140,QFN,VCQX6A016C,2/15/2024 0:00,G-A,P,MXM,TQC500E5001028E,MAX20094ATIA/VY+,17600,MXMD300P,A,MXCPR0690.1,TUBE,Y,12,1,92.5 X 92.5,,CZ0141
MXCPR0691.2,2024,7,5,140,140,QFN,VCQX6A032B,2/15/2024 19:00,G-A,P,MXM,TQC500E5001028E,MAX20094ATIA/VY+,17600,MXMD300P,A,MXCPR0691.1,TUBE,Y,12,1,92.5 X 92.5,,CZ0141
MXCPR0691.1,2024,7,5,140,140,QFN,VCQX6A032B,2/15/2024 19:00,G-A,P,MXM,TQC500E5001028E,MAX20094ATIA/VY+,17600,MXMD300P,A,2024-MXC-02-G093,TUBE,Y,12,1,92.5 X 92.5,,CZ0141
MXCPR0691.3,2024,7,5,140,140,QFN,VCQX6A032B,2/15/2024 19:00,G-A,P,MXM,TQC500E5001028E,MAX20094ATIA/VY+,24286,MXMD300P,A,MXCPR0691.1,TUBE,Y,12,1,92.5 X 92.5,,CZ0141
MXCPR0707.1,2024,7,6,140,140,QFN,VCQX6A032D,2/16/2024 0:00,G-A,P,MXM,TQC500E5001028E,MAX20094ATIA/VY+,17600,MXMD300P,A,2024-MXC-02-G097,TUBE,Y,12,1,92.5 X 92.5,,CZ0141
MXCPR0707.2,2024,7,6,140,140,QFN,VCQX6A032D,2/16/2024 0:00,G-A,P,MXM,TQC500E5001028E,MAX20094ATIA/VY+,17600,MXMD300P,A,MXCPR0707.1,TUBE,Y,12,1,92.5 X 92.5,,CZ0141
MXCPR0707.3,2024,7,6,140,140,QFN,VCQX6A032D,2/16/2024 0:00,G-A,P,MXM,TQC500E5001028E,MAX20094ATIA/VY+,12511,MXMD300P,A,MXCPR0707.1,TUBE,Y,12,1,92.5 X 92.5,,CZ0141
MXCPR0708.3,2024,7,6,140,140,QFN,VCQX6A032C,2/16/2024 19:00,G-A,P,MXM,TQC500E5001028E,MAX20094ATIA/VY+,24120,MXMD300P,A,MXCPR0708.1,TUBE,Y,12,1,92.5 X 92.5,,CZ0141
MXCPR0708.2,2024,7,6,140,140,QFN,VCQX6A032C,2/16/2024 19:00,G-A,P,MXM,TQC500E5001028E,MAX20094ATIA/VY+,17600,MXMD300P,A,MXCPR0708.1,TUBE,Y,12,1,92.5 X 92.5,,CZ0141
MXCPR0708.1,2024,7,6,140,140,QFN,VCQX6A032C,2/16/2024 19:00,G-A,P,MXM,TQC500E5001028E,MAX20094ATIA/VY+,17600,MXMD300P,A,2024-MXC-02-G093,TUBE,Y,12,1,92.5 X 92.5,,CZ0141
MXCPR0709.1,2024,7,6,140,140,QFN,VCQX6A032E,2/16/2024 19:00,G-A,P,MXM,TQC500E5001028E,MAX20094ATIA/VY+,17600,MXMD300P,A,2024-MXC-02-G093,TUBE,Y,12,1,92.5 X 92.5,,CZ0141
MXCPR0709.2,2024,7,6,140,140,QFN,VCQX6A032E,2/16/2024 19:00,G-A,P,MXM,TQC500E5001028E,MAX20094ATIA/VY+,17600,MXMD300P,A,MXCPR0709.1,TUBE,Y,12,1,92.5 X 92.5,,CZ0141
MXCPR0709.3,2024,7,6,140,140,QFN,VCQX6A032E,2/16/2024 19:00,G-A,P,MXM,TQC500E5001028E,MAX20094ATIA/VY+,24313,MXMD300P,A,MXCPR0709.1,TUBE,Y,12,1,92.5 X 92.5,,CZ0141
MXCPR0559.3,2024,6,6,140,140,QFN,JBPH4A975B,2/9/2024 0:00,G-A,P,MXM,TQC500E5001028E,MAX20094ATIB/VY+,18502,MXMC387P,K,MXCPR0559.1,TUBE,Y,8,1,92.50 X 92.50,,CZ0141
MXCPR0559.2,2024,6,6,140,140,QFN,JBPH4A975B,2/9/2024 0:00,G-A,P,MXM,TQC500E5001028E,MAX20094ATIB/VY+,17600,MXMC387P,K,MXCPR0559.1,TUBE,Y,8,1,92.50 X 92.50,,CZ0141
MXCPR0559.1,2024,6,6,140,140,QFN,JBPH4A975B,2/9/2024 0:00,G-A,P,MXM,TQC500E5001028E,MAX20094ATIB/VY+,17600,MXMC387P,K,2024-MXC-02-G073,TUBE,Y,8,1,92.50 X 92.50,,CZ0141
MXCPR0497.3,2024,6,3,140,140,QFN,JBPH4A990A,2/6/2024 19:00,G-A,P,MXM,TQC500E5001028E,MAX20094ATID/VY+,18933,MXMC387P,K,MXCPR0497.1,TUBE,Y,8,1,92.50 X 92.50,,CZ0141
MXCPR0497.2,2024,6,3,140,140,QFN,JBPH4A990A,2/6/2024 19:00,G-A,P,MXM,TQC500E5001028E,MAX20094ATID/VY+,17600,MXMC387P,K,MXCPR0497.1,TUBE,Y,8,1,92.50 X 92.50,,CZ0141
MXCPR0497.1,2024,6,3,140,140,QFN,JBPH4A990A,2/6/2024 19:00,G-A,P,MXM,TQC500E5001028E,MAX20094ATID/VY+,17600,MXMC387P,K,2024-MXC-02-G053,TUBE,Y,8,1,92.50 X 92.50,,CZ0141
MXCPR0558.1,2024,6,6,140,140,QFN,JBPH4A983B,2/9/2024 0:00,G-A,P,MXM,TQC500E5001028E,MAX20094ATID/VY+,17600,MXMC387P,K,2024-MXC-02-G073,TUBE,Y,8,1,92.50 X 92.50,,CZ0141
MXCPR0558.2,2024,6,6,140,140,QFN,JBPH4A983B,2/9/2024 0:00,G-A,P,MXM,TQC500E5001028E,MAX20094ATID/VY+,18080,MXMC387P,K,MXCPR0558.1,TUBE,Y,8,1,92.50 X 92.50,,CZ0141
MXCPR0732.2,2024,7,7,140,140,QFN,ECUQ6A018B,2/17/2024 19:00,G-A,P,MXM,TQC500E5001028E,MAX20457ATIB/VY+,17600,MXMC725P,G,MXCPR0732.1,TRAY,Y,8,1,105.10 X 105.10,,CZ0141
MXCPR0732.3,2024,7,7,140,140,QFN,ECUQ6A018B,2/17/2024 19:00,G-A,P,MXM,TQC500E5001028E,MAX20457ATIB/VY+,11921,MXMC725P,G,MXCPR0732.1,TRAY,Y,8,1,105.10 X 105.10,,CZ0141
MXCPR0732.1,2024,7,7,140,140,QFN,ECUQ6A018B,2/17/2024 19:00,G-A,P,MXM,TQC500E5001028E,MAX20457ATIB/VY+,17600,MXMC725P,G,2024-MXC-03-G001,TRAY,Y,8,1,105.10 X 105.10,,CZ0141
MXCPR0444.2,2024,5,7,140,140,QFN,JCBQ6A097B,2/3/2024 19:00,G-A,P,MXM,TQC500E5001028E,MAX20457ATIB/VY+,25509,MXMC954P,F,MXCPR0444.1,TRAY,Y,8,1,105.1 X 105.1,,CZ0141
MXCPR0444.1,2024,5,7,140,140,QFN,JCBQ6A097B,2/3/2024 19:00,G-A,P,MXM,TQC500E5001028E,MAX20457ATIB/VY+,17600,MXMC954P,F,2024-MXC-02-G052,TRAY,Y,8,1,105.1 X 105.1,,CZ0141
MXCPR0445.1,2024,5,7,140,140,QFN,JCBQ6A090B,2/3/2024 19:00,G-A,P,MXM,TQC500E5001028E,MAX20457ATIB/VY+,17600,MXMC954P,F,2024-MXC-02-G052,TRAY,Y,8,1,105.1 X 105.1,,CZ0141
MXCPR0445.2,2024,5,7,140,140,QFN,JCBQ6A090B,2/3/2024 19:00,G-A,P,MXM,TQC500E5001028E,MAX20457ATIB/VY+,17600,MXMC954P,F,MXCPR0445.1,TRAY,Y,8,1,105.1 X 105.1,,CZ0141
MXCPR0445.3,2024,5,7,140,140,QFN,JCBQ6A090B,2/3/2024 19:00,G-A,P,MXM,TQC500E5001028E,MAX20457ATIB/VY+,11433,MXMC954P,F,MXCPR0445.1,TRAY,Y,8,1,105.1 X 105.1,,CZ0141
MXCPR0446.2,2024,5,7,140,140,QFN,JCBQ6A092C,2/3/2024 19:00,G-A,P,MXM,TQC500E5001028E,MAX20457ATIB/VY+,25275,MXMC954P,F,MXCPR0446.1,TRAY,Y,8,1,105.1 X 105.1,,CZ0141
MXCPR0446.1,2024,5,7,140,140,QFN,JCBQ6A092C,2/3/2024 19:00,G-A,P,MXM,TQC500E5001028E,MAX20457ATIB/VY+,17600,MXMC954P,F,2024-MXC-02-G052,TRAY,Y,8,1,105.1 X 105.1,,CZ0141
MXCPR0573.3,2024,7,1,140,140,QFN,JCBQ6A103B,2/11/2024 0:00,G-A,P,MXM,TQC500E5001028E,MAX20457ATIB/VY+,11760,MXMC954P,G,MXCPR0573.1,TRAY,Y,8,1,105.1 X 105.1,,CZ0141
MXCPR0573.2,2024,7,1,140,140,QFN,JCBQ6A103B,2/11/2024 0:00,G-A,P,MXM,TQC500E5001028E,MAX20457ATIB/VY+,17600,MXMC954P,G,MXCPR0573.1,TRAY,Y,8,1,105.1 X 105.1,,CZ0141
MXCPR0573.1,2024,7,1,140,140,QFN,JCBQ6A103B,2/11/2024 0:00,G-A,P,MXM,TQC500E5001028E,MAX20457ATIB/VY+,17600,MXMC954P,G,2024-MXC-02-G073,TRAY,Y,8,1,105.1 X 105.1,,CZ0141
MXCPR0694.2,2024,7,5,140,140,QFN,JCBQ6A086B,2/15/2024 19:00,G-A,P,MXM,TQC500E5001028E,MAX20457ATIB/VY+,9741,MXMC954P,G,MXCPR0694.1,TRAY,Y,8,1,105.1 X 105.1,,CZ0141
MXCPR0694.1,2024,7,5,140,140,QFN,JCBQ6A086B,2/15/2024 19:00,G-A,P,MXM,TQC500E5001028E,MAX20457ATIB/VY+,17600,MXMC954P,G,2024-MXC-02-G089,TRAY,Y,8,1,105.1 X 105.1,,CZ0141
MXCPR0731.2,2024,7,7,140,140,QFN,JCBQ6A099B,2/17/2024 19:00,G-A,P,MXM,TQC500E5001028E,MAX20457ATIB/VY+,15921,MXMC954P,G,MXCPR0731.1,TRAY,Y,8,1,105.1 X 105.1,,CZ0141
MXCPR0731.1,2024,7,7,140,140,QFN,JCBQ6A099B,2/17/2024 19:00,G-A,P,MXM,TQC500E5001028E,MAX20457ATIB/VY+,17600,MXMC954P,G,2024-MXC-03-G001,TRAY,Y,8,1,105.1 X 105.1,,CZ0141
MXCPR0467.1,2024,6,1,140,140,QFN,JCBQ6A107A,2/4/2024 19:00,G-A,P,MXM,TQC500E5001028E,MAX20457ATIF/VY+,17600,MXMC954P,F,2024-MXC-02-G044,TRAY,Y,8,1,105.1 X 105.1,,CZ0141
MXCPR0467.2,2024,6,1,140,140,QFN,JCBQ6A107A,2/4/2024 19:00,G-A,P,MXM,TQC500E5001028E,MAX20457ATIF/VY+,17600,MXMC954P,F,MXCPR0467.1,TRAY,Y,8,1,105.1 X 105.1,,CZ0141
MXCPR0467.4,2024,6,1,140,140,QFN,JCBQ6A107A,2/4/2024 19:00,G-A,P,MXM,TQC500E5001028E,MAX20457ATIF/VY+,17600,MXMC954P,F,MXCPR0467.1,TRAY,Y,8,1,105.1 X 105.1,,CZ0141
MXCPR0467.3,2024,6,1,140,140,QFN,JCBQ6A107A,2/4/2024 19:00,G-A,P,MXM,TQC500E5001028E,MAX20457ATIF/VY+,17600,MXMC954P,F,MXCPR0467.1,TRAY,Y,8,1,105.1 X 105.1,,CZ0141
MXCPR0467.5,2024,6,1,140,140,QFN,JCBQ6A107A,2/4/2024 19:00,G-A,P,MXM,TQC500E5001028E,MAX20457ATIF/VY+,25674,MXMC954P,F,MXCPR0467.1,TRAY,Y,8,1,105.1 X 105.1,,CZ0141
MXCPR0516.1,2024,6,4,140,140,QFN,JCBQ6A094B,2/7/2024 19:00,G-A,P,MXM,TQC500E5001028E,MAX20457ATIF/VY+,3931,MXMC954P,G,2024-MXC-02-G068,TRAY,Y,8,1,105.1 X 105.1,,CZ0141
MXCPR0521.2,2024,6,5,140,140,QFN,JCBQ6A093B,2/8/2024 19:00,G-A,P,MXM,TQC500E5001028E,MAX20457ATIF/VY+,17600,MXMC954P,G,MXCPR0521.1,TRAY,Y,8,1,105.1 X 105.1,,CZ0141
MXCPR0521.3,2024,6,5,140,140,QFN,JCBQ6A093B,2/8/2024 19:00,G-A,P,MXM,TQC500E5001028E,MAX20457ATIF/VY+,11804,MXMC954P,G,MXCPR0521.1,TRAY,Y,8,1,105.1 X 105.1,,CZ0141
MXCPR0521.1,2024,6,5,140,140,QFN,JCBQ6A093B,2/8/2024 19:00,G-A,P,MXM,TQC500E5001028E,MAX20457ATIF/VY+,17600,MXMC954P,G,2024-MXC-02-G063,TRAY,Y,8,1,105.1 X 105.1,,CZ0141
MXCPR0522.1,2024,6,5,140,140,QFN,JCBQ6A101B,2/8/2024 19:00,G-A,P,MXM,TQC500E5001028E,MAX20457ATIF/VY+,17600,MXMC954P,G,2024-MXC-02-G068,TRAY,Y,8,1,105.1 X 105.1,,CZ0141
MXCPR0522.2,2024,6,5,140,140,QFN,JCBQ6A101B,2/8/2024 19:00,G-A,P,MXM,TQC500E5001028E,MAX20457ATIF/VY+,17600,MXMC954P,G,MXCPR0522.1,TRAY,Y,8,1,105.1 X 105.1,,CZ0141
MXCPR0522.3,2024,6,5,140,140,QFN,JCBQ6A101B,2/8/2024 19:00,G-A,P,MXM,TQC500E5001028E,MAX20457ATIF/VY+,11784,MXMC954P,G,MXCPR0522.1,TRAY,Y,8,1,105.1 X 105.1,,CZ0141
MXCPR0439.1,2024,5,6,140,140,QFN,JCCK8A013A,2/2/2024 19:00,G-A,P,MXM,TQC500E5001032A,MAX25601AATJ/VY+,17600,MXMD240P,A,2024-MXC-02-G048,TRAY,Y,8,1,81.1 X 82.2,,CZ0141
MXCPR0439.2,2024,5,6,140,140,QFN,JCCK8A013A,2/2/2024 19:00,G-A,P,MXM,TQC500E5001032A,MAX25601AATJ/VY+,22001,MXMD240P,A,MXCPR0439.1,TRAY,Y,8,1,81.1 X 82.2,,CZ0141
MXCPR0922.1,2024,9,2,140,140,QFN,JBQX6A054A,2/26/2024 19:00,G-A,P,MXM,TQC500E500B032E,MAX20067GTJ/V+,17600,MXMD283P,A,2024-MXC-03-G019,TRAY,Y,8,1,102.7 X 102.7,,CZ0141
MXCPR0922.3,2024,9,2,140,140,QFN,JBQX6A054A,2/26/2024 19:00,G-A,P,MXM,TQC500E500B032E,MAX20067GTJ/V+,24990,MXMD283P,A,MXCPR0922.1,TRAY,Y,8,1,102.7 X 102.7,,CZ0141
MXCPR0922.2,2024,9,2,140,140,QFN,JBQX6A054A,2/26/2024 19:00,G-A,P,MXM,TQC500E500B032E,MAX20067GTJ/V+,17600,MXMD283P,A,MXCPR0922.1,TRAY,Y,8,1,102.7 X 102.7,,CZ0141
MXBPR1045.1,2024,6,6,140,140,QFN,EBYI9A093A,2/9/2024 19:00,G-A,P,MXM,TQC500E500B032E,MAX20412ATJD/V+,17600,MXMC261P,E,2024-MXB-02-G091,TUBE,Y,8,1,87.70 X 94.40,,CZ0141
MXBPR1045.2,2024,6,6,140,140,QFN,EBYI9A093A,2/9/2024 19:00,G-A,P,MXM,TQC500E500B032E,MAX20412ATJD/V+,17600,MXMC261P,E,MXBPR1045.1,TUBE,Y,8,1,87.70 X 94.40,,CZ0141
MXBPR1045.3,2024,6,6,140,140,QFN,EBYI9A093A,2/9/2024 19:00,G-A,P,MXM,TQC500E500B032E,MAX20412ATJD/V+,17600,MXMC261P,E,MXBPR1045.1,TUBE,Y,8,1,87.70 X 94.40,,CZ0141
MXBPR1045.4,2024,6,6,140,140,QFN,EBYI9A093A,2/9/2024 19:00,G-A,P,MXM,TQC500E500B032E,MAX20412ATJD/V+,17600,MXMC261P,E,MXBPR1045.1,TUBE,Y,8,1,87.70 X 94.40,,CZ0141
MXBPR1045.5,2024,6,6,140,140,QFN,EBYI9A093A,2/9/2024 19:00,G-A,P,MXM,TQC500E500B032E,MAX20412ATJD/V+,17600,MXMC261P,E,MXBPR1045.1,TUBE,Y,8,1,87.70 X 94.40,,CZ0141
MXBPR1045.6,2024,6,6,140,140,QFN,EBYI9A093A,2/9/2024 19:00,G-A,P,MXM,TQC500E500B032E,MAX20412ATJD/V+,17600,MXMC261P,E,MXBPR1045.1,TUBE,Y,8,1,87.70 X 94.40,,CZ0141
MXBPR1045.7,2024,6,6,140,140,QFN,EBYI9A093A,2/9/2024 19:00,G-A,P,MXM,TQC500E500B032E,MAX20412ATJD/V+,26042,MXMC261P,E,MXBPR1045.1,TUBE,Y,8,1,87.70 X 94.40,,CZ0141
MXCPR0713.2,2024,7,6,140,140,QFN,EBYI9A090B,2/16/2024 19:00,G-A,P,MXM,TQC500E500B032E,MAX20412ATJD/V+,19100,MXMC261P,E,MXCPR0713.1,TUBE,Y,8,1,87.70 X 94.40,,CZ0141
MXCPR0713.1,2024,7,6,140,140,QFN,EBYI9A090B,2/16/2024 19:00,G-A,P,MXM,TQC500E500B032E,MAX20412ATJD/V+,17600,MXMC261P,E,2024-MXC-02-G088,TUBE,Y,8,1,87.70 X 94.40,,CZ0141
MXCPR0866.6,2024,8,5,140,140,QFN,EBYI9A096A,2/22/2024 19:00,G-A,P,MXM,TQC500E500B032E,MAX20412ATJD/V+,17600,MXMC261P,E,MXCPR0866.1,TUBE,Y,8,1,87.70 X 94.40,,CZ0141
MXCPR0866.2,2024,8,5,140,140,QFN,EBYI9A096A,2/22/2024 19:00,G-A,P,MXM,TQC500E500B032E,MAX20412ATJD/V+,17600,MXMC261P,E,MXCPR0866.1,TUBE,Y,8,1,87.70 X 94.40,,CZ0141
MXCPR0866.3,2024,8,5,140,140,QFN,EBYI9A096A,2/22/2024 19:00,G-A,P,MXM,TQC500E500B032E,MAX20412ATJD/V+,17600,MXMC261P,E,MXCPR0866.1,TUBE,Y,8,1,87.70 X 94.40,,CZ0141
MXCPR0866.4,2024,8,5,140,140,QFN,EBYI9A096A,2/22/2024 19:00,G-A,P,MXM,TQC500E500B032E,MAX20412ATJD/V+,17600,MXMC261P,E,MXCPR0866.1,TUBE,Y,8,1,87.70 X 94.40,,CZ0141
MXCPR0866.5,2024,8,5,140,140,QFN,EBYI9A096A,2/22/2024 19:00,G-A,P,MXM,TQC500E500B032E,MAX20412ATJD/V+,17600,MXMC261P,E,MXCPR0866.1,TUBE,Y,8,1,87.70 X 94.40,,CZ0141
MXCPR0866.1,2024,8,5,140,140,QFN,EBYI9A096A,2/22/2024 19:00,G-A,P,MXM,TQC500E500B032E,MAX20412ATJD/V+,17600,MXMC261P,E,2024-MXC-03-G014,TUBE,Y,8,1,87.70 X 94.40,,CZ0141
MXCPR0866.7,2024,8,5,140,140,QFN,EBYI9A096A,2/22/2024 19:00,G-A,P,MXM,TQC500E500B032E,MAX20412ATJD/V+,26350,MXMC261P,E,MXCPR0866.1,TUBE,Y,8,1,87.70 X 94.40,,CZ0141
MXCPR0912.1,2024,9,1,140,140,QFN,EBYI9A091C,2/25/2024 19:00,G-A,P,MXM,TQC500E500B032E,MAX20412ATJD/V+,17600,MXMC261P,E,2024-MXC-03-G019,TUBE,Y,8,1,87.70 X 94.40,,CZ0141
MXCPR0912.2,2024,9,1,140,140,QFN,EBYI9A091C,2/25/2024 19:00,G-A,P,MXM,TQC500E500B032E,MAX20412ATJD/V+,19281,MXMC261P,E,MXCPR0912.1,TUBE,Y,8,1,87.70 X 94.40,,CZ0141
MXCPR0620.1,2024,7,1,140,140,QFN,JCPL9A108A,2/11/2024 19:00,G-A,P,MXM,TQC500E500B032E,MAX20459ATJC/V+,17600,MXMD259P,D,2024-MXC-02-G070,TRAY,Y,8,1,131.1 X 131.1,,CZ0141
MXCPR0620.2,2024,7,1,140,140,QFN,JCPL9A108A,2/11/2024 19:00,G-A,P,MXM,TQC500E500B032E,MAX20459ATJC/V+,21798,MXMD259P,D,MXCPR0620.1,TRAY,Y,8,1,131.1 X 131.1,,CZ0141
MXCPR0622.1,2024,7,1,140,140,QFN,JCPL9A104B,2/11/2024 19:00,G-A,P,MXM,TQC500E500B032E,MAX20459ATJC/V+,17600,MXMD259P,D,2024-MXC-02-G070,TRAY,Y,8,1,131.1 X 131.1,,CZ0141
MXCPR0622.2,2024,7,1,140,140,QFN,JCPL9A104B,2/11/2024 19:00,G-A,P,MXM,TQC500E500B032E,MAX20459ATJC/V+,17600,MXMD259P,D,MXCPR0622.1,TRAY,Y,8,1,131.1 X 131.1,,CZ0141
MXCPR0622.3,2024,7,1,140,140,QFN,JCPL9A104B,2/11/2024 19:00,G-A,P,MXM,TQC500E500B032E,MAX20459ATJC/V+,23693,MXMD259P,D,MXCPR0622.1,TRAY,Y,8,1,131.1 X 131.1,,CZ0141
MXCPR0623.2,2024,7,1,140,140,QFN,JCPL9A088A,2/11/2024 19:00,G-A,P,MXM,TQC500E500B032E,MAX20459ATJC/V+,17600,MXMD259P,D,MXCPR0623.1,TRAY,Y,8,1,131.1 X 131.1,,CZ0141
MXCPR0623.3,2024,7,1,140,140,QFN,JCPL9A088A,2/11/2024 19:00,G-A,P,MXM,TQC500E500B032E,MAX20459ATJC/V+,25777,MXMD259P,D,MXCPR0623.1,TRAY,Y,8,1,131.1 X 131.1,,CZ0141
MXCPR0623.1,2024,7,1,140,140,QFN,JCPL9A088A,2/11/2024 19:00,G-A,P,MXM,TQC500E500B032E,MAX20459ATJC/V+,17600,MXMD259P,D,2024-MXC-02-G070,TRAY,Y,8,1,131.1 X 131.1,,CZ0141
MXCPR0632.3,2024,7,2,140,140,QFN,JCPL9A099A,2/12/2024 19:00,G-A,P,MXM,TQC500E500B032E,MAX20459ATJC/V+,25736,MXMD259P,D,MXCPR0632.1,TRAY,Y,8,1,131.1 X 131.1,,CZ0141
MXCPR0632.2,2024,7,2,140,140,QFN,JCPL9A099A,2/12/2024 19:00,G-A,P,MXM,TQC500E500B032E,MAX20459ATJC/V+,17600,MXMD259P,D,MXCPR0632.1,TRAY,Y,8,1,131.1 X 131.1,,CZ0141
MXCPR0632.1,2024,7,2,140,140,QFN,JCPL9A099A,2/12/2024 19:00,G-A,P,MXM,TQC500E500B032E,MAX20459ATJC/V+,17600,MXMD259P,D,2024-MXC-02-G070,TRAY,Y,8,1,131.1 X 131.1,,CZ0141
MXCPR0634.1,2024,7,2,140,140,QFN,JCPL9A093A,2/12/2024 19:00,G-A,P,MXM,TQC500E500B032E,MAX20459ATJC/V+,17600,MXMD259P,D,2024-MXC-02-G075,TRAY,Y,8,1,131.1 X 131.1,,CZ0141
MXCPR0634.2,2024,7,2,140,140,QFN,JCPL9A093A,2/12/2024 19:00,G-A,P,MXM,TQC500E500B032E,MAX20459ATJC/V+,17600,MXMD259P,D,MXCPR0634.1,TRAY,Y,8,1,131.1 X 131.1,,CZ0141
MXCPR0634.3,2024,7,2,140,140,QFN,JCPL9A093A,2/12/2024 19:00,G-A,P,MXM,TQC500E500B032E,MAX20459ATJC/V+,23604,MXMD259P,D,MXCPR0634.1,TRAY,Y,8,1,131.1 X 131.1,,CZ0141
MXCPR0636.3,2024,7,2,140,140,QFN,JCPL9A103A,2/12/2024 19:00,G-A,P,MXM,TQC500E500B032E,MAX20459ATJC/V+,25852,MXMD259P,D,MXCPR0636.1,TRAY,Y,8,1,131.1 X 131.1,,CZ0141
MXCPR0636.1,2024,7,2,140,140,QFN,JCPL9A103A,2/12/2024 19:00,G-A,P,MXM,TQC500E500B032E,MAX20459ATJC/V+,17600,MXMD259P,D,2024-MXC-02-G075,TRAY,Y,8,1,131.1 X 131.1,,CZ0141
MXCPR0636.2,2024,7,2,140,140,QFN,JCPL9A103A,2/12/2024 19:00,G-A,P,MXM,TQC500E500B032E,MAX20459ATJC/V+,17600,MXMD259P,D,MXCPR0636.1,TRAY,Y,8,1,131.1 X 131.1,,CZ0141
MXCFR0464.2,2024,6,2,140,140,QFN,JCPL9A097A,2/5/2024 19:00,G-A,F,MXM,TQC500E500B032E,MAX20459ATJZ/V+,24289,MXMD259P,D,MXCFR0464.1,TRAY,Y,8,1,131.1 X 131.1,,CZ0141
MXCFR0464.1,2024,6,2,140,140,QFN,JCPL9A097A,2/5/2024 19:00,G-A,F,MXM,TQC500E500B032E,MAX20459ATJZ/V+,17600,MXMD259P,D,2024-MXC-02-G057,TRAY,Y,8,1,131.1 X 131.1,,CZ0141
MXCPR0493.1,2024,6,2,140,140,QFN,JCPL9A092A,2/5/2024 19:00,G-A,P,MXM,TQC500E500B032E,MAX20461AATJP/V+,17600,MXMD259P,D,2024-MXC-02-G053,TRAY,Y,8,1,131.1 X 131.1,,CZ0141
MXCPR0493.2,2024,6,2,140,140,QFN,JCPL9A092A,2/5/2024 19:00,G-A,P,MXM,TQC500E500B032E,MAX20461AATJP/V+,21367,MXMD259P,D,MXCPR0493.1,TRAY,Y,8,1,131.1 X 131.1,,CZ0141
MXCPR0627.1,2024,7,2,140,140,QFN,JCPL9A090C,2/12/2024 19:00,G-A,P,MXM,TQC500E500B032E,MAX20461AATJP/V+,17600,MXMD259P,D,2024-MXC-02-G075,TRAY,Y,8,1,131.1 X 131.1,,CZ0141
MXCPR0627.2,2024,7,2,140,140,QFN,JCPL9A090C,2/12/2024 19:00,G-A,P,MXM,TQC500E500B032E,MAX20461AATJP/V+,17600,MXMD259P,D,MXCPR0627.1,TRAY,Y,8,1,131.1 X 131.1,,CZ0141
MXCPR0627.3,2024,7,2,140,140,QFN,JCPL9A090C,2/12/2024 19:00,G-A,P,MXM,TQC500E500B032E,MAX20461AATJP/V+,13094,MXMD259P,D,MXCPR0627.1,TRAY,Y,8,1,131.1 X 131.1,,CZ0141
MXCPR0851.1,2024,8,4,140,140,QFN,JCPL9A096B,2/21/2024 19:00,G-A,P,MXM,TQC500E500B032E,MAX20461AATJP/V+,17600,MXMD259P,D,2024-MXC-03-G006,TRAY,Y,8,1,131.1 X 131.1,,CZ0141
MXCPR0851.2,2024,8,4,140,140,QFN,JCPL9A096B,2/21/2024 19:00,G-A,P,MXM,TQC500E500B032E,MAX20461AATJP/V+,17600,MXMD259P,D,MXCPR0851.1,TRAY,Y,8,1,131.1 X 131.1,,CZ0141
MXCPR0851.3,2024,8,4,140,140,QFN,JCPL9A096B,2/21/2024 19:00,G-A,P,MXM,TQC500E500B032E,MAX20461AATJP/V+,22961,MXMD259P,D,MXCPR0851.1,TRAY,Y,8,1,131.1 X 131.1,,CZ0141
MXCFR0659.1,2024,7,3,140,140,QFN,CCHZ2Q002A,2/13/2024 19:00,G-A,F,MXM,TQC500E500B032U,MAX22211ATJ+,9474,MXMD405P,A,2024-MXC-02-G079,TRAY,N,12,1,86.6 X 125.1,,CZ0141
MXCPR0865.4,2024,8,5,140,140,QFN,VCET9A294A,2/22/2024 19:00,G-A,P,MXM,TQC500E500C020E,MAX20003ATPB/V+,17600,MXMC691P,E,MXCPR0865.1,TRAY,Y,12,1,100X103.9,,CZ0141
MXCPR0865.5,2024,8,5,140,140,QFN,VCET9A294A,2/22/2024 19:00,G-A,P,MXM,TQC500E500C020E,MAX20003ATPB/V+,17600,MXMC691P,E,MXCPR0865.1,TRAY,Y,12,1,100X103.9,,CZ0141
MXCPR0865.1,2024,8,5,140,140,QFN,VCET9A294A,2/22/2024 19:00,G-A,P,MXM,TQC500E500C020E,MAX20003ATPB/V+,17600,MXMC691P,E,2024-MXC-03-G013,TRAY,Y,12,1,100X103.9,,CZ0141
MXCPR0865.6,2024,8,5,140,140,QFN,VCET9A294A,2/22/2024 19:00,G-A,P,MXM,TQC500E500C020E,MAX20003ATPB/V+,17600,MXMC691P,E,MXCPR0865.1,TRAY,Y,12,1,100X103.9,,CZ0141
MXCPR0865.7,2024,8,5,140,140,QFN,VCET9A294A,2/22/2024 19:00,G-A,P,MXM,TQC500E500C020E,MAX20003ATPB/V+,17600,MXMC691P,E,MXCPR0865.1,TRAY,Y,12,1,100X103.9,,CZ0141
MXCPR0865.8,2024,8,5,140,140,QFN,VCET9A294A,2/22/2024 19:00,G-A,P,MXM,TQC500E500C020E,MAX20003ATPB/V+,17600,MXMC691P,E,MXCPR0865.1,TRAY,Y,12,1,100X103.9,,CZ0141
MXCPR0865.2,2024,8,5,140,140,QFN,VCET9A294A,2/22/2024 19:00,G-A,P,MXM,TQC500E500C020E,MAX20003ATPB/V+,17600,MXMC691P,E,MXCPR0865.1,TRAY,Y,12,1,100X103.9,,CZ0141
MXCPR0865.3,2024,8,5,140,140,QFN,VCET9A294A,2/22/2024 19:00,G-A,P,MXM,TQC500E500C020E,MAX20003ATPB/V+,17600,MXMC691P,E,MXCPR0865.1,TRAY,Y,12,1,100X103.9,,CZ0141
MXCPR0865.9,2024,8,5,140,140,QFN,VCET9A294A,2/22/2024 19:00,G-A,P,MXM,TQC500E500C020E,MAX20003ATPB/V+,14625,MXMC691P,E,MXCPR0865.1,TRAY,Y,12,1,100X103.9,,CZ0141
MXCPR0441.2,2024,5,6,140,140,QFN,VCHI7A242C,2/2/2024 19:00,G-A,P,MXM,TQC500E500C020E,MAX20003CATPA/V+,17600,MXMC691P,E,MXCPR0441.1,TRAY,Y,12,1,100X103.9,,CZ0141
MXCPR0441.1,2024,5,6,140,140,QFN,VCHI7A242C,2/2/2024 19:00,G-A,P,MXM,TQC500E500C020E,MAX20003CATPA/V+,17600,MXMC691P,E,2024-MXC-02-G043,TRAY,Y,12,1,100X103.9,,CZ0141
MXCPR0441.3,2024,5,6,140,140,QFN,VCHI7A242C,2/2/2024 19:00,G-A,P,MXM,TQC500E500C020E,MAX20003CATPA/V+,23093,MXMC691P,E,MXCPR0441.1,TRAY,Y,12,1,100X103.9,,CZ0141
MXCPR0816.3,2024,8,3,140,140,QFN,VCHI7A270B,2/20/2024 0:00,G-A,P,MXM,TQC500E500C020E,MAX20003CATPB/V+,23113,MXMC691P,E,MXCPR0816.1,TRAY,Y,12,1,100X103.9,,CZ0141
MXCPR0816.1,2024,8,3,140,140,QFN,VCHI7A270B,2/20/2024 0:00,G-A,P,MXM,TQC500E500C020E,MAX20003CATPB/V+,17600,MXMC691P,E,2024-MXC-02-G094,TRAY,Y,12,1,100X103.9,,CZ0141
MXCPR0816.2,2024,8,3,140,140,QFN,VCHI7A270B,2/20/2024 0:00,G-A,P,MXM,TQC500E500C020E,MAX20003CATPB/V+,17600,MXMC691P,E,MXCPR0816.1,TRAY,Y,12,1,100X103.9,,CZ0141
MXCPR0880.1,2024,8,6,140,140,QFN,VCGH2A053B,2/23/2024 19:00,G-A,P,MXM,TQC600E6001040E,MAX20069CGTL/VY+,12600,MXMD334P,A,2024-MXC-03-G027,TRAY,Y,12,1,135.0 X 143.7,,CZ0288
MXCPR0880.2,2024,8,6,140,140,QFN,VCGH2A053B,2/23/2024 19:00,G-A,P,MXM,TQC600E6001040E,MAX20069CGTL/VY+,12600,MXMD334P,A,MXCPR0880.1,TRAY,Y,12,1,135.0 X 143.7,,CZ0288
MXCPR0880.3,2024,8,6,140,140,QFN,VCGH2A053B,2/23/2024 19:00,G-A,P,MXM,TQC600E6001040E,MAX20069CGTL/VY+,12600,MXMD334P,A,MXCPR0880.1,TRAY,Y,12,1,135.0 X 143.7,,CZ0288
MXCPR0880.4,2024,8,6,140,140,QFN,VCGH2A053B,2/23/2024 19:00,G-A,P,MXM,TQC600E6001040E,MAX20069CGTL/VY+,12600,MXMD334P,A,MXCPR0880.1,TRAY,Y,12,1,135.0 X 143.7,,CZ0288
MXCPR0880.5,2024,8,6,140,140,QFN,VCGH2A053B,2/23/2024 19:00,G-A,P,MXM,TQC600E6001040E,MAX20069CGTL/VY+,12600,MXMD334P,A,MXCPR0880.1,TRAY,Y,12,1,135.0 X 143.7,,CZ0288
MXCPR0880.6,2024,8,6,140,140,QFN,VCGH2A053B,2/23/2024 19:00,G-A,P,MXM,TQC600E6001040E,MAX20069CGTL/VY+,14967,MXMD334P,A,MXCPR0880.1,TRAY,Y,12,1,135.0 X 143.7,,CZ0288
MXCPR0960.1,2024,9,1,140,140,QFN,VCGH2A057B,2/25/2024 0:00,G-A,P,MXM,TQC600E6001040E,MAX20069CGTL/VY+,12600,MXMD334P,A,2024-MXC-03-G028,TRAY,Y,12,1,135.0 X 143.7,,CZ0288
MXCPR0960.2,2024,9,1,140,140,QFN,VCGH2A057B,2/25/2024 0:00,G-A,P,MXM,TQC600E6001040E,MAX20069CGTL/VY+,12600,MXMD334P,A,MXCPR0960.1,TRAY,Y,12,1,135.0 X 143.7,,CZ0288
MXCPR0960.3,2024,9,1,140,140,QFN,VCGH2A057B,2/25/2024 0:00,G-A,P,MXM,TQC600E6001040E,MAX20069CGTL/VY+,12600,MXMD334P,A,MXCPR0960.1,TRAY,Y,12,1,135.0 X 143.7,,CZ0288
MXCPR0960.4,2024,9,1,140,140,QFN,VCGH2A057B,2/25/2024 0:00,G-A,P,MXM,TQC600E6001040E,MAX20069CGTL/VY+,12600,MXMD334P,A,MXCPR0960.1,TRAY,Y,12,1,135.0 X 143.7,,CZ0288
MXCPR0960.5,2024,9,1,140,140,QFN,VCGH2A057B,2/25/2024 0:00,G-A,P,MXM,TQC600E6001040E,MAX20069CGTL/VY+,12600,MXMD334P,A,MXCPR0960.1,TRAY,Y,12,1,135.0 X 143.7,,CZ0288
MXCPR0960.6,2024,9,1,140,140,QFN,VCGH2A057B,2/25/2024 0:00,G-A,P,MXM,TQC600E6001040E,MAX20069CGTL/VY+,14953,MXMD334P,A,MXCPR0960.1,TRAY,Y,12,1,135.0 X 143.7,,CZ0288
NPKPR0672.1,2024,6,6,140,140,QFN,N240604K,2/9/2024 19:00,A-T-P,P,NP3,2D-145E100B006D,74LVC1G3157GM,103699,NP30065P,C,2024-NPK-02-G115,CANISTER,Y,8,1,17.3X24.6,,CZ0297
NPKPR0673.1,2024,6,6,140,140,QFN,N240604L,2/9/2024 19:00,A-T-P,P,NP3,2D-145E100B006D,74LVC1G3157GM,103891,NP30065P,C,NPKPR0672.1,CANISTER,Y,8,1,17.3X24.6,,CZ0297
NPKPR0674.1,2024,6,6,140,140,QFN,N240604M,2/9/2024 19:00,A-T-P,P,NP3,2D-145E100B006D,74LVC1G3157GM,103822,NP30065P,C,2024-NPK-02-G088,CANISTER,Y,8,1,17.3X24.6,,CZ0297
NPKPR0675.1,2024,6,7,140,140,QFN,N240604N,2/10/2024 19:00,A-T-P,P,NP3,2D-145E100B006D,74LVC1G3157GM,103686,NP30065P,C,2024-NPK-02-G115,CANISTER,Y,8,1,17.3X24.6,,CZ0297
NPKPR0676.1,2024,6,7,140,140,QFN,N240604O,2/10/2024 19:00,A-T-P,P,NP3,2D-145E100B006D,74LVC1G3157GM,103955,NP30065P,C,NPKPR0674.1,CANISTER,Y,8,1,17.3X24.6,,CZ0297
NPKPR0690.1,2024,7,2,140,140,QFN,N2407011,2/12/2024 19:00,A-T-P,P,NP3,2D-145E100B006D,74LVC1G3157GM,103844,NP30065P,C,2024-NPK-02-G124,CANISTER,Y,8,1,17.3X24.6,,CZ0297
NPKPR0691.1,2024,7,2,140,140,QFN,N2407012,2/12/2024 19:00,A-T-P,P,NP3,2D-145E100B006D,74LVC1G3157GM,103430,NP30065P,C,2024-NPK-02-G124,CANISTER,Y,8,1,17.3X24.6,,CZ0297
NPKPR0692.1,2024,7,2,140,140,QFN,N2407013,2/12/2024 19:00,A-T-P,P,NP3,2D-145E100B006D,74LVC1G3157GM,103451,NP30065P,C,NPKPR0691.1,CANISTER,Y,8,1,17.3X24.6,,CZ0297
NPKPR0693.1,2024,7,3,140,140,QFN,N2407014,2/13/2024 19:00,A-T-P,P,NP3,2D-145E100B006D,74LVC1G3157GM,103905,NP30065P,C,2024-NPK-02-G129,CANISTER,Y,8,1,17.3X24.6,,CZ0297
NPKPR0694.1,2024,7,3,140,140,QFN,N2407015,2/13/2024 19:00,A-T-P,P,NP3,2D-145E100B006D,74LVC1G3157GM,103764,NP30065P,C,NPKPR0693.1,CANISTER,Y,8,1,17.3X24.6,,CZ0297
NPKPR0695.1,2024,7,3,140,140,QFN,N2407016,2/13/2024 19:00,A-T-P,P,NP3,2D-145E100B006D,74LVC1G3157GM,103988,NP30065P,C,NPKPR0690.1,CANISTER,Y,8,1,17.3X24.6,,CZ0297
NPKPR0564.3,2024,5,6,140,140,QFN,N240504L,2/2/2024 19:00,A-T-P,P,NP3,2D-170E135A008D,IP4252CZ8-4-TTL,32723,NP30007P,C,2024-NPK-02-G042,FILM FRAME,N,6,2,14.60 X 21.60,,CZ0297
NPKPR0564.2,2024,5,6,140,140,QFN,N240504K,2/2/2024 19:00,A-T-P,P,NP3,2D-170E135A008D,IP4252CZ8-4-TTL,40300,NP30007P,C,2024-NPK-02-G042,FILM FRAME,N,6,2,14.60 X 21.60,,CZ0297
NPKPR0564.1,2024,5,6,140,140,QFN,N240504J,2/2/2024 19:00,A-T-P,P,NP3,2D-170E135A008D,IP4252CZ8-4-TTL,40300,NP30007P,C,2024-NPK-02-G042,FILM FRAME,N,6,2,14.60 X 21.60,,CZ0297
NPKPR0566.3,2024,5,7,140,140,QFN,N240504O,2/3/2024 19:00,A-T-P,P,NP3,2D-170E135A008D,IP4252CZ8-4-TTL,32506,NP30007P,C,2024-NPK-02-G042,FILM FRAME,N,6,2,14.60 X 21.60,,CZ0297
NPKPR0566.1,2024,5,7,140,140,QFN,N240504M,2/3/2024 19:00,A-T-P,P,NP3,2D-170E135A008D,IP4252CZ8-4-TTL,40300,NP30007P,C,2024-NPK-02-G042,FILM FRAME,N,6,2,14.60 X 21.60,,CZ0297
NPKPR0566.2,2024,5,7,140,140,QFN,N240504N,2/3/2024 19:00,A-T-P,P,NP3,2D-170E135A008D,IP4252CZ8-4-TTL,40300,NP30007P,C,2024-NPK-02-G042,FILM FRAME,N,6,2,14.60 X 21.60,,CZ0297
NPKPR0952.1,2024,9,4,140,140,QFN,N240903S,2/28/2024 19:00,B-A-T-P,P,NP3,2D-210E110B007D,PUSB3TB6,63772,NP30025P,C,2024-NPK-03-G046,FILM FRAME,N,8,1,18.90 X 36.60,,CZ0297
NPKPR0609.1,2024,6,4,140,140,QFN,N2406030,2/7/2024 19:00,B-A-T-P,P,NP3,2D-250E100B010D,IP4283CZ10-TBR,72740,NP30058P,A,2024-NPK-02-G119,FILM FRAME,N,8,1,20.8 X 28.3,,CZ0297
NPKPR0783.1,2024,8,1,140,140,QFN,N2407041,2/18/2024 19:00,B-A-T-P,P,NP3,2D-250E100B010D,IP4292CZ10-TBR,101289,NP30059P,A,2024-NPK-02-G132,FILM FRAME,N,8,1,17.3 X 25.2,,CZ0297
NPKPR0920.1,2024,9,4,140,140,QFN,N240902C,2/28/2024 19:00,B-A-T-P,P,NP3,2D-250E100B010D,IP4292CZ10-TBR,101403,NP30059P,A,2024-NPK-03-G004,FILM FRAME,N,8,1,17.3 X 25.2,,CZ0297
NPKPR0610.1,2024,6,4,140,140,QFN,N2406031,2/7/2024 19:00,B-A-T-P,P,NP3,2D-250E100B010D,IP4294CZ10-TBR,101344,NP30059P,A,2024-NPK-02-G073,FILM FRAME,N,8,1,17.3 X 25.2,,CZ0297
NPKPR0611.1,2024,6,4,140,140,QFN,N2406032,2/7/2024 19:00,B-A-T-P,P,NP3,2D-250E100B010D,IP4294CZ10-TBR,101282,NP30059P,A,2024-NPK-02-G079,FILM FRAME,N,8,1,17.3 X 25.2,,CZ0297
NPKPR0612.1,2024,6,4,140,140,QFN,N2406033,2/7/2024 19:00,B-A-T-P,P,NP3,2D-250E100B010D,IP4294CZ10-TBR,101315,NP30059P,A,2024-NPK-02-G085,FILM FRAME,N,8,1,17.3 X 25.2,,CZ0297
NPKPR0613.1,2024,6,4,140,140,QFN,N2406034,2/7/2024 19:00,B-A-T-P,P,NP3,2D-250E100B010D,IP4294CZ10-TBR,101318,NP30059P,A,2024-NPK-02-G090,FILM FRAME,N,8,1,17.3 X 25.2,,CZ0297
NPKPR0614.1,2024,6,4,140,140,QFN,N2406035,2/7/2024 19:00,B-A-T-P,P,NP3,2D-250E100B010D,IP4294CZ10-TBR,101326,NP30059P,A,2024-NPK-02-G090,FILM FRAME,N,8,1,17.3 X 25.2,,CZ0297
NPKPR0615.1,2024,6,4,140,140,QFN,N2406036,2/7/2024 19:00,B-A-T-P,P,NP3,2D-250E100B010D,IP4294CZ10-TBR,101333,NP30059P,A,2024-NPK-02-G085,FILM FRAME,N,8,1,17.3 X 25.2,,CZ0297
NPKPR0616.1,2024,6,5,140,140,QFN,N2406037,2/8/2024 19:00,B-A-T-P,P,NP3,2D-250E100B010D,IP4294CZ10-TBR,101319,NP30059P,A,2024-NPK-02-G090,FILM FRAME,N,8,1,17.3 X 25.2,,CZ0297
NPKPR0617.1,2024,6,5,140,140,QFN,N2406038,2/8/2024 19:00,B-A-T-P,P,NP3,2D-250E100B010D,IP4294CZ10-TBR,101366,NP30059P,A,2024-NPK-02-G085,FILM FRAME,N,8,1,17.3 X 25.2,,CZ0297
NPKPR0825.1,2024,8,3,140,140,QFN,N240801F,2/20/2024 19:00,B-A-T-P,P,NP3,2D-250E100B010D,IP4294CZ10-TBR,101399,NP30059P,A,2024-NPK-03-G016,FILM FRAME,N,8,1,17.3 X 25.2,,CZ0297
NPKPR0826.1,2024,8,3,140,140,QFN,N240801G,2/20/2024 19:00,B-A-T-P,P,NP3,2D-250E100B010D,IP4294CZ10-TBR,101399,NP30059P,A,2024-NPK-03-G011,FILM FRAME,N,8,1,17.3 X 25.2,,CZ0297
NPKPR0827.1,2024,8,4,140,140,QFN,N240801H,2/21/2024 19:00,B-A-T-P,P,NP3,2D-250E100B010D,IP4294CZ10-TBR,101399,NP30059P,A,2024-NPK-03-G016,FILM FRAME,N,8,1,17.3 X 25.2,,CZ0297
NPKPR0828.1,2024,8,4,140,140,QFN,N240801I,2/21/2024 19:00,B-A-T-P,P,NP3,2D-250E100B010D,IP4294CZ10-TBR,101405,NP30059P,A,2024-NPK-03-G011,FILM FRAME,N,8,1,17.3 X 25.2,,CZ0297
NPKPR0829.1,2024,8,4,140,140,QFN,N240801J,2/21/2024 19:00,B-A-T-P,P,NP3,2D-250E100B010D,IP4294CZ10-TBR,101405,NP30059P,A,2024-NPK-03-G011,FILM FRAME,N,8,1,17.3 X 25.2,,CZ0297
NPKPR0918.1,2024,9,3,140,140,QFN,N240902A,2/27/2024 19:00,B-A-T-P,P,NP3,2D-250E100B010D,IP4294CZ10-TBR,101400,NP30059P,A,2024-NPK-03-G006,FILM FRAME,N,8,1,17.3 X 25.2,,CZ0297
NPKPR0919.1,2024,9,4,140,140,QFN,N240902B,2/28/2024 19:00,B-A-T-P,P,NP3,2D-250E100B010D,IP4294CZ10-TBR,101403,NP30059P,A,2024-NPK-03-G005,FILM FRAME,N,8,1,17.3 X 25.2,,CZ0297
NPKPR0824.1,2024,8,3,140,140,QFN,N240801E,2/20/2024 19:00,B-A-T-P,P,NP3,2D-250E100B010D,PUSB3AB4,126417,NP30023P,F,2024-NPK-03-G013,FILM FRAME,N,8,1,16.90 X 20.90,,CZ0297
NPKPR0915.1,2024,9,3,140,140,QFN,N2409027,2/27/2024 19:00,B-A-T-P,P,NP3,2D-250E100B010D,PUSB3AB4,126396,NP30023P,F,2024-NPK-03-G029,FILM FRAME,N,8,1,16.90 X 20.90,,CZ0297
NPKPR0916.1,2024,9,3,140,140,QFN,N2409028,2/27/2024 19:00,B-A-T-P,P,NP3,2D-250E100B010D,PUSB3AB4,126407,NP30023P,F,2024-NPK-03-G022,FILM FRAME,N,8,1,16.90 X 20.90,,CZ0297
NPKPR0917.1,2024,9,3,140,140,QFN,N2409029,2/27/2024 19:00,B-A-T-P,P,NP3,2D-250E100B010D,PUSB3AB4,126389,NP30023P,F,2024-NPK-03-G022,FILM FRAME,N,8,1,16.90 X 20.90,,CZ0297
NPKPR0535.1,2024,5,6,140,140,QFN,N240503V,2/2/2024 19:00,B-A-T-P,P,NP3,2D-250E100B010D,PUSB3F96,101410,NP30059P,A,2024-NPK-02-G044,FILM FRAME,N,8,1,17.3 X 25.2,,CZ0297
NPKPR0536.1,2024,5,6,140,140,QFN,N240503W,2/2/2024 19:00,B-A-T-P,P,NP3,2D-250E100B010D,PUSB3F96,101401,NP30059P,A,2024-NPK-02-G044,FILM FRAME,N,8,1,17.3 X 25.2,,CZ0297
NPKPR0537.1,2024,5,6,140,140,QFN,N240503X,2/2/2024 19:00,B-A-T-P,P,NP3,2D-250E100B010D,PUSB3F96,101405,NP30059P,A,2024-NPK-02-G044,FILM FRAME,N,8,1,17.3 X 25.2,,CZ0297
NPKPR0538.1,2024,5,6,140,140,QFN,N240503Y,2/2/2024 19:00,B-A-T-P,P,NP3,2D-250E100B010D,PUSB3F96,101405,NP30059P,A,2024-NPK-02-G044,FILM FRAME,N,8,1,17.3 X 25.2,,CZ0297
NPKPR0539.1,2024,5,6,140,140,QFN,N240503Z,2/2/2024 19:00,B-A-T-P,P,NP3,2D-250E100B010D,PUSB3F96,101407,NP30059P,A,2024-NPK-02-G044,FILM FRAME,N,8,1,17.3 X 25.2,,CZ0297
NPKPR0540.1,2024,5,6,140,140,QFN,N2405040,2/2/2024 19:00,B-A-T-P,P,NP3,2D-250E100B010D,PUSB3F96,101375,NP30059P,A,2024-NPK-02-G044,FILM FRAME,N,8,1,17.3 X 25.2,,CZ0297
NPKPR0541.1,2024,5,6,140,140,QFN,N2405041,2/2/2024 19:00,B-A-T-P,P,NP3,2D-250E100B010D,PUSB3F96,101328,NP30059P,A,2024-NPK-02-G044,FILM FRAME,N,8,1,17.3 X 25.2,,CZ0297
NPKPR0542.1,2024,5,6,140,140,QFN,N2405042,2/2/2024 19:00,B-A-T-P,P,NP3,2D-250E100B010D,PUSB3F96,101315,NP30059P,A,2024-NPK-02-G044,FILM FRAME,N,8,1,17.3 X 25.2,,CZ0297
NPKPR0543.1,2024,5,6,140,140,QFN,N2405043,2/2/2024 19:00,B-A-T-P,P,NP3,2D-250E100B010D,PUSB3F96,101301,NP30059P,A,2024-NPK-02-G044,FILM FRAME,N,8,1,17.3 X 25.2,,CZ0297
NPKPR0544.1,2024,5,7,140,140,QFN,N2405044,2/3/2024 19:00,B-A-T-P,P,NP3,2D-250E100B010D,PUSB3F96,101322,NP30059P,A,2024-NPK-02-G078,FILM FRAME,N,8,1,17.3 X 25.2,,CZ0297
NPKPR0679.1,2024,7,2,140,140,QFN,N240700Q,2/12/2024 19:00,B-A-T-P,P,NP3,2D-250E100B010D,PUSB3F96,101336,NP30059P,A,2024-NPK-02-G093,FILM FRAME,N,8,1,17.3 X 25.2,,CZ0297
NPKPR0680.1,2024,7,2,140,140,QFN,N240700R,2/12/2024 19:00,B-A-T-P,P,NP3,2D-250E100B010D,PUSB3F96,101314,NP30059P,A,2024-NPK-02-G093,FILM FRAME,N,8,1,17.3 X 25.2,,CZ0297
NPKPR0681.1,2024,7,2,140,140,QFN,N240700S,2/12/2024 19:00,B-A-T-P,P,NP3,2D-250E100B010D,PUSB3F96,101320,NP30059P,A,2024-NPK-02-G093,FILM FRAME,N,8,1,17.3 X 25.2,,CZ0297
NPKPR0682.1,2024,7,2,140,140,QFN,N240700T,2/12/2024 19:00,B-A-T-P,P,NP3,2D-250E100B010D,PUSB3F96,101306,NP30059P,A,2024-NPK-02-G146,FILM FRAME,N,8,1,17.3 X 25.2,,CZ0297
NPKPR0683.1,2024,7,2,140,140,QFN,N240700U,2/12/2024 19:00,B-A-T-P,P,NP3,2D-250E100B010D,PUSB3F96,101257,NP30059P,A,2024-NPK-02-G102,FILM FRAME,N,8,1,17.3 X 25.2,,CZ0297
NPKPR0684.1,2024,7,3,140,140,QFN,N240700V,2/13/2024 19:00,B-A-T-P,P,NP3,2D-250E100B010D,PUSB3F96,101271,NP30059P,A,2024-NPK-02-G093,FILM FRAME,N,8,1,17.3 X 25.2,,CZ0297
NPKPR0685.1,2024,7,3,140,140,QFN,N240700W,2/13/2024 19:00,B-A-T-P,P,NP3,2D-250E100B010D,PUSB3F96,101194,NP30059P,A,2024-NPK-02-G093,FILM FRAME,N,8,1,17.3 X 25.2,,CZ0297
NPKPR0686.1,2024,7,3,140,140,QFN,N240700X,2/13/2024 19:00,B-A-T-P,P,NP3,2D-250E100B010D,PUSB3F96,101357,NP30059P,A,2024-NPK-02-G102,FILM FRAME,N,8,1,17.3 X 25.2,,CZ0297
NPKPR0687.1,2024,7,3,140,140,QFN,N240700Y,2/13/2024 19:00,B-A-T-P,P,NP3,2D-250E100B010D,PUSB3F96,101320,NP30059P,A,2024-NPK-02-G093,FILM FRAME,N,8,1,17.3 X 25.2,,CZ0297
NPKPR0688.1,2024,7,3,140,140,QFN,N240700Z,2/13/2024 19:00,B-A-T-P,P,NP3,2D-250E100B010D,PUSB3F96,101223,NP30059P,A,2024-NPK-02-G106,FILM FRAME,N,8,1,17.3 X 25.2,,CZ0297
NPKPR0689.1,2024,7,3,140,140,QFN,N2407010,2/13/2024 19:00,B-A-T-P,P,NP3,2D-250E100B010D,PUSB3F96,101297,NP30059P,A,2024-NPK-02-G102,FILM FRAME,N,8,1,17.3 X 25.2,,CZ0297
NPKPR0780.1,2024,7,7,140,140,QFN,N240703Y,2/17/2024 19:00,B-A-T-P,P,NP3,2D-250E100B010D,PUSB3F96,101401,NP30059P,A,2024-NPK-02-G118,FILM FRAME,N,8,1,17.3 X 25.2,,CZ0297
NPKPR0781.1,2024,7,7,140,140,QFN,N240703Z,2/17/2024 19:00,B-A-T-P,P,NP3,2D-250E100B010D,PUSB3F96,101403,NP30059P,A,2024-NPK-02-G121,FILM FRAME,N,8,1,17.3 X 25.2,,CZ0297
NPKPR0782.1,2024,8,1,140,140,QFN,N2407040,2/18/2024 19:00,B-A-T-P,P,NP3,2D-250E100B010D,PUSB3F96,101399,NP30059P,A,2024-NPK-02-G121,FILM FRAME,N,8,1,17.3 X 25.2,,CZ0297
NPKPR0678.1,2024,7,2,140,140,QFN,N240700P,2/12/2024 19:00,B-A-T-P,P,NP3,2D-250E100B010D,PUSB3F99,101303,NP30059P,A,2024-NPK-02-G095,FILM FRAME,N,8,1,17.3 X 25.2,,CZ0297
NPKPR0639.1,2024,7,1,140,140,QFN,N240603U,2/11/2024 19:00,B-A-T-P,P,NP3,2D-250E100B010D,PUSB3FR4/S600,152618,NP30057P,C,2024-NPK-02-G089,FILM FRAME,N,8,1,16.1 X 18.1,,CZ0297
NPKPR0640.1,2024,7,1,140,140,QFN,N240603V,2/11/2024 19:00,B-A-T-P,P,NP3,2D-250E100B010D,PUSB3FR4/S600,152629,NP30057P,C,2024-NPK-02-G096,FILM FRAME,N,8,1,16.1 X 18.1,,CZ0297
NPKPR0641.1,2024,7,1,140,140,QFN,N240603W,2/11/2024 19:00,B-A-T-P,P,NP3,2D-250E100B010D,PUSB3FR4/S600,152633,NP30057P,C,2024-NPK-02-G089,FILM FRAME,N,8,1,16.1 X 18.1,,CZ0297
NPKPR0642.1,2024,7,1,140,140,QFN,N240603X,2/11/2024 19:00,B-A-T-P,P,NP3,2D-250E100B010D,PUSB3FR4/S600,152655,NP30057P,C,2024-NPK-02-G096,FILM FRAME,N,8,1,16.1 X 18.1,,CZ0297
NPKPR0643.1,2024,7,2,140,140,QFN,N240700A,2/12/2024 19:00,B-A-T-P,P,NP3,2D-250E100B010D,PUSB3FR4/S600,152629,NP30057P,C,2024-NPK-02-G096,FILM FRAME,N,8,1,16.1 X 18.1,,CZ0297
NPKPR0644.1,2024,7,2,140,140,QFN,N240700B,2/12/2024 19:00,B-A-T-P,P,NP3,2D-250E100B010D,PUSB3FR4/S600,152639,NP30057P,C,2024-NPK-02-G096,FILM FRAME,N,8,1,16.1 X 18.1,,CZ0297
NPKPR0599.1,2024,6,1,140,140,QFN,N2405057,2/4/2024 19:00,A-T-P,P,NP3,2D-330D135A016D,IP4254CZ16-8-TTL,22100,NP30028P,D,2024-NPK-02-G059,FILM FRAME,N,6,4,14.60 X 21.60,,CZ0297
NPKPR0599.2,2024,6,1,140,140,QFN,N2405058,2/4/2024 19:00,A-T-P,P,NP3,2D-330D135A016D,IP4254CZ16-8-TTL,15229,NP30028P,D,2024-NPK-02-G059,FILM FRAME,N,6,4,14.60 X 21.60,,CZ0297
NPKPR0600.3,2024,6,1,140,140,QFN,N240505B,2/4/2024 19:00,A-T-P,P,NP3,2D-330D135A016D,IP4254CZ16-8-TTL,11797,NP30028P,D,2024-NPK-02-G059,FILM FRAME,N,6,4,14.60 X 21.60,,CZ0297
NPKPR0600.2,2024,6,1,140,140,QFN,N240505A,2/4/2024 19:00,A-T-P,P,NP3,2D-330D135A016D,IP4254CZ16-8-TTL,22100,NP30028P,D,2024-NPK-02-G059,FILM FRAME,N,6,4,14.60 X 21.60,,CZ0297
NPKPR0600.1,2024,6,1,140,140,QFN,N2405059,2/4/2024 19:00,A-T-P,P,NP3,2D-330D135A016D,IP4254CZ16-8-TTL,22100,NP30028P,D,2024-NPK-02-G059,FILM FRAME,N,6,4,14.60 X 21.60,,CZ0297
NPKPR0601.2,2024,6,2,140,140,QFN,N2406025,2/5/2024 19:00,A-T-P,P,NP3,2D-330D135A016D,IP4254CZ16-8-TTL,15186,NP30028P,D,2024-NPK-02-G064,FILM FRAME,N,6,4,14.60 X 21.60,,CZ0297
NPKPR0601.1,2024,6,2,140,140,QFN,N2406024,2/5/2024 19:00,A-T-P,P,NP3,2D-330D135A016D,IP4254CZ16-8-TTL,22100,NP30028P,D,2024-NPK-02-G064,FILM FRAME,N,6,4,14.60 X 21.60,,CZ0297
NPKPR0602.2,2024,6,2,140,140,QFN,N2406027,2/5/2024 19:00,A-T-P,P,NP3,2D-330D135A016D,IP4254CZ16-8-TTL,22100,NP30028P,D,2024-NPK-02-G068,FILM FRAME,N,6,4,14.60 X 21.60,,CZ0297
NPKPR0602.3,2024,6,2,140,140,QFN,N2406028,2/5/2024 19:00,A-T-P,P,NP3,2D-330D135A016D,IP4254CZ16-8-TTL,11770,NP30028P,D,2024-NPK-02-G068,FILM FRAME,N,6,4,14.60 X 21.60,,CZ0297
NPKPR0602.1,2024,6,2,140,140,QFN,N2406026,2/5/2024 19:00,A-T-P,P,NP3,2D-330D135A016D,IP4254CZ16-8-TTL,22100,NP30028P,D,2024-NPK-02-G064,FILM FRAME,N,6,4,14.60 X 21.60,,CZ0297
NPKPR0603.2,2024,6,3,140,140,QFN,N240602A,2/6/2024 19:00,A-T-P,P,NP3,2D-330D135A016D,IP4254CZ16-8-TTL,15237,NP30028P,D,2024-NPK-02-G068,FILM FRAME,N,6,4,14.60 X 21.60,,CZ0297
NPKPR0603.1,2024,6,3,140,140,QFN,N2406029,2/6/2024 19:00,A-T-P,P,NP3,2D-330D135A016D,IP4254CZ16-8-TTL,22100,NP30028P,D,2024-NPK-02-G064,FILM FRAME,N,6,4,14.60 X 21.60,,CZ0297
NPKPR0604.3,2024,6,3,140,140,QFN,N240602D,2/6/2024 19:00,A-T-P,P,NP3,2D-330D135A016D,IP4254CZ16-8-TTL,11390,NP30028P,D,2024-NPK-02-G064,FILM FRAME,N,6,4,14.60 X 21.60,,CZ0297
NPKPR0604.1,2024,6,3,140,140,QFN,N240602B,2/6/2024 19:00,A-T-P,P,NP3,2D-330D135A016D,IP4254CZ16-8-TTL,22100,NP30028P,D,2024-NPK-02-G064,FILM FRAME,N,6,4,14.60 X 21.60,,CZ0297
NPKPR0604.2,2024,6,3,140,140,QFN,N240602C,2/6/2024 19:00,A-T-P,P,NP3,2D-330D135A016D,IP4254CZ16-8-TTL,22100,NP30028P,D,2024-NPK-02-G064,FILM FRAME,N,6,4,14.60 X 21.60,,CZ0297
NPKPR0606.3,2024,6,4,140,140,QFN,N240602K,2/7/2024 19:00,A-T-P,P,NP3,2D-330D135A016D,IP4254CZ16-8-TTL,11647,NP30028P,D,2024-NPK-02-G068,FILM FRAME,N,6,4,14.60 X 21.60,,CZ0297
NPKPR0606.2,2024,6,4,140,140,QFN,N240602J,2/7/2024 19:00,A-T-P,P,NP3,2D-330D135A016D,IP4254CZ16-8-TTL,22100,NP30028P,D,2024-NPK-02-G068,FILM FRAME,N,6,4,14.60 X 21.60,,CZ0297
NPKPR0606.1,2024,6,4,140,140,QFN,N240602I,2/7/2024 19:00,A-T-P,P,NP3,2D-330D135A016D,IP4254CZ16-8-TTL,22100,NP30028P,D,2024-NPK-02-G068,FILM FRAME,N,6,4,14.60 X 21.60,,CZ0297
NPKPR0942.3,2024,9,4,140,140,QFN,N2409036,2/28/2024 19:00,A-T-P,P,NP3,2D-330D135A016D,IP4254CZ16-8-TTL,11704,NP30028P,D,2024-NPK-03-G043,FILM FRAME,N,6,4,14.60 X 21.60,,CZ0297
NPKPR0942.2,2024,9,4,140,140,QFN,N2409035,2/28/2024 19:00,A-T-P,P,NP3,2D-330D135A016D,IP4254CZ16-8-TTL,22100,NP30028P,D,2024-NPK-03-G035,FILM FRAME,N,6,4,14.60 X 21.60,,CZ0297
NPKPR0942.1,2024,9,4,140,140,QFN,N2409034,2/28/2024 19:00,A-T-P,P,NP3,2D-330D135A016D,IP4254CZ16-8-TTL,22100,NP30028P,D,2024-NPK-03-G043,FILM FRAME,N,6,4,14.60 X 21.60,,CZ0297
NPKPR0943.1,2024,9,4,140,140,QFN,N2409037,2/28/2024 19:00,A-T-P,P,NP3,2D-330D135A016D,IP4254CZ16-8-TTL,22100,NP30028P,D,2024-NPK-03-G035,FILM FRAME,N,6,4,14.60 X 21.60,,CZ0297
NPKPR0943.2,2024,9,4,140,140,QFN,N2409038,2/28/2024 19:00,A-T-P,P,NP3,2D-330D135A016D,IP4254CZ16-8-TTL,15224,NP30028P,D,2024-NPK-03-G035,FILM FRAME,N,6,4,14.60 X 21.60,,CZ0297
NPKPR0671.1,2024,6,5,140,140,QFN,N240604C,2/8/2024 19:00,A-T-P,P,NP3,2DC145E100B006D,74AUP1G32GM,243320,NP30073P,B,2024-NPK-02-G076,CANISTER,Y,8,1,15.3X11.8,,CZ0297
NPKPR0527.1,2024,5,6,140,140,QFN,N240503N,2/2/2024 19:00,A-T-P,P,NP3,2DC145E100B006D,74AUP1G57GM,196498,NP30067P,B,2024-NPK-02-G047,CANISTER,Y,8,1,13.9 X 15.7,,CZ0297
NPKPR0875.1,2024,8,6,140,140,QFN,N240802L,2/23/2024 19:00,A-T-P,P,NP3,2DC145E100B006D,74AUP1G57GM,200380,NP30067P,B,2024-NPK-03-G007,CANISTER,Y,8,1,13.9X15.7,,CZ0297
NPKPR0876.1,2024,8,6,140,140,QFN,N240802M,2/23/2024 19:00,A-T-P,P,NP3,2DC145E100B006D,74AUP1G57GM,200496,NP30067P,B,2024-NPK-03-G010,CANISTER,Y,8,1,13.9X15.7,,CZ0297
NPKPR0607.1,2024,6,2,140,140,QFN,N240602V,2/5/2024 19:00,A-T-P,P,NP3,2DC145E100B006D,74AUP1T97GM,197711,NP30071P,B,2024-NPK-02-G110,CANISTER,Y,8,1,13.9X15.7,,CZ0297
NPKPR0608.1,2024,6,3,140,140,QFN,N240602W,2/6/2024 19:00,A-T-P,P,NP3,2DC145E100B006D,74AUP1T97GM,197496,NP30071P,B,2024-NPK-02-G110,CANISTER,Y,8,1,13.9X15.7,,CZ0297
NPKPR0670.1,2024,6,4,140,140,QFN,N240604B,2/7/2024 19:00,A-T-P,P,NP3,2DC145E100B006D,74AUP1T97GM,197383,NP30071P,B,2024-NPK-02-G114,CANISTER,Y,8,1,13.9X15.7,,CZ0297
NPKPR0677.1,2024,7,1,140,140,QFN,N240604P,2/11/2024 19:00,B-A-T-P,P,NP3,2DC145E100B006D,74LVC1G32GM,244934,NP30080P,C,2024-NPK-02-G116,CANISTER,Y,8,1,15.3 X 11.8,,CZ0297
NPKPR0696.1,2024,7,4,140,140,QFN,N2407017,2/14/2024 19:00,A-T-P,P,NP3,2DC145E100B006D,74LVC2G34GM,200305,NP30075P,B,2024-NPK-02-G130,CANISTER,Y,8,1,13.9 X 15.7,,CZ0297
NPKPR0729.1,2024,7,5,140,140,QFN,N240702C,2/15/2024 19:00,A-T-P,P,NP3,2DC145E100B006D,74LVC2G34GM,200158,NP30075P,B,2024-NPK-02-G130,CANISTER,Y,8,1,13.9 X 15.7,,CZ0297
NPKPR0731.1,2024,7,5,140,140,QFN,N240702E,2/15/2024 19:00,A-T-P,P,NP3,2DC145E100B006D,74LVC2G34GM,194367,NP30075P,B,2024-NPK-02-G134,CANISTER,Y,8,1,13.9 X 15.7,,CZ0297
NPKPR0732.1,2024,7,6,140,140,QFN,N240702F,2/16/2024 19:00,A-T-P,P,NP3,2DC145E100B006D,74LVC2G34GM,200325,NP30075P,B,2024-NPK-02-G134,CANISTER,Y,8,1,13.9 X 15.7,,CZ0297
NPKPR0733.1,2024,7,6,140,140,QFN,N240702G,2/16/2024 19:00,A-T-P,P,NP3,2DC145E100B006D,74LVC2G34GM,199886,NP30075P,B,2024-NPK-02-G134,CANISTER,Y,8,1,13.9 X 15.7,,CZ0297
NPKPR0735.1,2024,7,7,140,140,QFN,N240702H,2/17/2024 19:00,A-T-P,P,NP3,2DC145E100B006D,74LVC2G34GM,200179,NP30075P,B,2024-NPK-02-G137,CANISTER,Y,8,1,13.9 X 15.7,,CZ0297
NPKPR0736.1,2024,7,7,140,140,QFN,N240702I,2/17/2024 19:00,A-T-P,P,NP3,2DC145E100B006D,74LVC2G34GM,200140,NP30075P,B,2024-NPK-02-G137,CANISTER,Y,8,1,13.9 X 15.7,,CZ0297
NPKPR0789.1,2024,8,1,140,140,QFN,N2407047,2/18/2024 19:00,A-T-P,P,NP3,2DC145E100B006D,74LVC2G34GM,200069,NP30075P,B,2024-NPK-04-G175,CANISTER,Y,8,1,13.9 X 15.7,,CZ0297
NPKPR0790.1,2024,8,1,140,140,QFN,N2407048,2/18/2024 19:00,A-T-P,P,NP3,2DC145E100B006D,74LVC2G34GM,200328,NP30075P,B,2024-NPK-02-G140,CANISTER,Y,8,1,13.9 X 15.7,,CZ0297
NPKPR0791.1,2024,8,2,140,140,QFN,N240800J,2/19/2024 19:00,A-T-P,P,NP3,2DC145E100B006D,74LVC2G34GM,197424,NP30075P,B,2024-NPK-02-G140,CANISTER,Y,8,1,13.9 X 15.7,,CZ0297
NPKPR0792.1,2024,8,2,140,140,QFN,N240800K,2/19/2024 19:00,A-T-P,P,NP3,2DC145E100B006D,74LVC2G34GM,197635,NP30075P,B,2024-NPK-02-G140,CANISTER,Y,8,1,13.9 X 15.7,,CZ0297
NPKPR0793.1,2024,8,3,140,140,QFN,N240800L,2/20/2024 19:00,A-T-P,P,NP3,2DC145E100B006D,74LVC2G34GM,199761,NP30075P,B,2024-NPK-02-G144,CANISTER,Y,8,1,13.9 X 15.7,,CZ0297
NPKPR0794.1,2024,8,3,140,140,QFN,N240800M,2/20/2024 19:00,A-T-P,P,NP3,2DC145E100B006D,74LVC2G34GM,200280,NP30075P,B,2024-NPK-02-G147,CANISTER,Y,8,1,13.9 X 15.7,,CZ0297
NPKPR0795.1,2024,8,4,140,140,QFN,N240800N,2/21/2024 19:00,A-T-P,P,NP3,2DC145E100B006D,74LVC2G34GM,200172,NP30075P,B,2024-NPK-02-G147,CANISTER,Y,8,1,13.9 X 15.7,,CZ0297
NPKPR0796.1,2024,8,4,140,140,QFN,N240800O,2/21/2024 19:00,A-T-P,P,NP3,2DC145E100B006D,74LVC2G34GM,201191,NP30075P,B,2024-NPK-02-G147,CANISTER,Y,8,1,13.9X15.7,,CZ0297
NPKPR0797.1,2024,8,5,140,140,QFN,N240800P,2/22/2024 19:00,A-T-P,P,NP3,2DC145E100B006D,74LVC2G34GM,201238,NP30075P,B,2024-NPK-02-G147,CANISTER,Y,8,1,13.9X15.7,,CZ0297
NPKPR0798.1,2024,8,5,140,140,QFN,N240800Q,2/22/2024 19:00,A-T-P,P,NP3,2DC145E100B006D,74LVC2G34GM,201097,NP30075P,B,2024-NPK-03-G001,CANISTER,Y,8,1,13.9X15.7,,CZ0297
NPKPR0877.1,2024,9,1,140,140,QFN,N240802N,2/25/2024 19:00,A-T-P,P,NP3,2DC145E100B006D,74LVC2G34GM,201139,NP30075P,B,2024-NPK-03-G018,CANISTER,Y,8,1,13.9X15.7,,CZ0297
NPKPR0878.1,2024,9,1,140,140,QFN,N240802O,2/25/2024 19:00,A-T-P,P,NP3,2DC145E100B006D,74LVC2G34GM,201116,NP30075P,B,2024-NPK-03-G018,CANISTER,Y,8,1,13.9X15.7,,CZ0297
NPKPR0879.1,2024,9,2,140,140,QFN,N240900A,2/26/2024 19:00,A-T-P,P,NP3,2DC145E100B006D,74LVC2G34GM,200229,NP30075P,B,2024-NPK-03-G018,CANISTER,Y,8,1,13.9X15.7,,CZ0297
NPKPR0880.1,2024,9,2,140,140,QFN,N240900B,2/26/2024 19:00,A-T-P,P,NP3,2DC145E100B006D,74LVC2G34GM,195455,NP30075P,B,2024-NPK-03-G018,CANISTER,Y,8,1,13.9X15.7,,CZ0297
NPKPR0936.1,2024,9,4,140,140,QFN,N240902W,2/28/2024 19:00,A-T-P,P,NP3,2DC145E100B006D,74LVC2G34GM,201298,NP30075P,B,2024-NPK-03-G020,CANISTER,Y,8,1,13.9X15.7,,CZ0297
NPKFR0868.1,2024,8,5,140,140,QFN,N240802E,2/22/2024 19:00,B-A-T-P,F,NP3,2DC250E100B010D,PHDMI2BB4,126399,NP30092P,B,2024-NPK-03-G024,FILM FRAME,N,8,1,16.9 X 20.8,,CZ0297
NPKPR0545.1,2024,5,7,140,140,QFN,N2405045,2/3/2024 19:00,B-A-T-P,P,NP3,2DC250E100B010D,PUSB3FR4,152651,NP30098P,A,2024-NPK-02-G045,FILM FRAME,N,8,1,16.1 X 18.1,,CZ0297
NPKPR0546.1,2024,5,7,140,140,QFN,N2405046,2/3/2024 19:00,B-A-T-P,P,NP3,2DC250E100B010D,PUSB3FR4,152656,NP30098P,A,2024-NPK-02-G051,FILM FRAME,N,8,1,16.1 X 18.1,,CZ0297
NPKPR0547.1,2024,5,7,140,140,QFN,N2405047,2/3/2024 19:00,B-A-T-P,P,NP3,2DC250E100B010D,PUSB3FR4,152647,NP30098P,A,2024-NPK-02-G051,FILM FRAME,N,8,1,16.1 X 18.1,,CZ0297
NPKPR0548.1,2024,5,7,140,140,QFN,N2405048,2/3/2024 19:00,B-A-T-P,P,NP3,2DC250E100B010D,PUSB3FR4,152656,NP30098P,A,2024-NPK-02-G051,FILM FRAME,N,8,1,16.1 X 18.1,,CZ0297
NPKPR0549.1,2024,5,7,140,140,QFN,N2405049,2/3/2024 19:00,B-A-T-P,P,NP3,2DC250E100B010D,PUSB3FR4,152649,NP30098P,A,2024-NPK-02-G051,FILM FRAME,N,8,1,16.1 X 18.1,,CZ0297
NPKPR0550.1,2024,6,1,140,140,QFN,N240504A,2/4/2024 19:00,B-A-T-P,P,NP3,2DC250E100B010D,PUSB3FR4,152659,NP30098P,A,2024-NPK-02-G057,FILM FRAME,N,8,1,16.1 X 18.1,,CZ0297
NPKPR0551.1,2024,6,1,140,140,QFN,N240504B,2/4/2024 19:00,B-A-T-P,P,NP3,2DC250E100B010D,PUSB3FR4,152654,NP30098P,A,2024-NPK-02-G057,FILM FRAME,N,8,1,16.1 X 18.1,,CZ0297
NPKPR0552.1,2024,6,1,140,140,QFN,N240504C,2/4/2024 19:00,B-A-T-P,P,NP3,2DC250E100B010D,PUSB3FR4,152653,NP30098P,A,2024-NPK-02-G051,FILM FRAME,N,8,1,16.1 X 18.1,,CZ0297
NPKPR0553.1,2024,6,1,140,140,QFN,N240504D,2/4/2024 19:00,B-A-T-P,P,NP3,2DC250E100B010D,PUSB3FR4,152660,NP30098P,A,2024-NPK-02-G057,FILM FRAME,N,8,1,16.1 X 18.1,,CZ0297
NPKPR0554.1,2024,6,1,140,140,QFN,N240504E,2/4/2024 19:00,B-A-T-P,P,NP3,2DC250E100B010D,PUSB3FR4,152643,NP30098P,A,2024-NPK-02-G057,FILM FRAME,N,8,1,16.1 X 18.1,,CZ0297
NPKPR0555.1,2024,6,1,140,140,QFN,N240504F,2/4/2024 19:00,B-A-T-P,P,NP3,2DC250E100B010D,PUSB3FR4,152654,NP30098P,A,2024-NPK-02-G057,FILM FRAME,N,8,1,16.1 X 18.1,,CZ0297
NPKPR0556.1,2024,6,2,140,140,QFN,N240600K,2/5/2024 19:00,B-A-T-P,P,NP3,2DC250E100B010D,PUSB3FR4,152648,NP30098P,A,2024-NPK-02-G057,FILM FRAME,N,8,1,16.1 X 18.1,,CZ0297
NPKPR0557.1,2024,6,2,140,140,QFN,N240600L,2/5/2024 19:00,B-A-T-P,P,NP3,2DC250E100B010D,PUSB3FR4,152667,NP30098P,A,2024-NPK-02-G063,FILM FRAME,N,8,1,16.1 X 18.1,,CZ0297
NPKPR0558.1,2024,6,2,140,140,QFN,N240600M,2/5/2024 19:00,B-A-T-P,P,NP3,2DC250E100B010D,PUSB3FR4,152656,NP30098P,A,2024-NPK-02-G063,FILM FRAME,N,8,1,16.1 X 18.1,,CZ0297
NPKPR0559.1,2024,6,2,140,140,QFN,N240600N,2/5/2024 19:00,B-A-T-P,P,NP3,2DC250E100B010D,PUSB3FR4,152662,NP30098P,A,2024-NPK-02-G063,FILM FRAME,N,8,1,16.1 X 18.1,,CZ0297
NPKPR0560.1,2024,6,2,140,140,QFN,N240600O,2/5/2024 19:00,B-A-T-P,P,NP3,2DC250E100B010D,PUSB3FR4,152654,NP30098P,A,2024-NPK-02-G072,FILM FRAME,N,8,1,16.1 X 18.1,,CZ0297
NPKPR0561.1,2024,6,2,140,140,QFN,N240600P,2/5/2024 19:00,B-A-T-P,P,NP3,2DC250E100B010D,PUSB3FR4,152664,NP30098P,A,2024-NPK-02-G063,FILM FRAME,N,8,1,16.1 X 18.1,,CZ0297
NPKPR0562.1,2024,6,3,140,140,QFN,N240600Q,2/6/2024 19:00,B-A-T-P,P,NP3,2DC250E100B010D,PUSB3FR4,152653,NP30098P,A,2024-NPK-02-G072,FILM FRAME,N,8,1,16.1 X 18.1,,CZ0297
NPKPR0565.1,2024,6,3,140,140,QFN,N240600R,2/6/2024 19:00,B-A-T-P,P,NP3,2DC250E100B010D,PUSB3FR4,152666,NP30098P,A,2024-NPK-02-G067,FILM FRAME,N,8,1,16.1 X 18.1,,CZ0297
NPKPR0567.1,2024,6,3,140,140,QFN,N240600S,2/6/2024 19:00,B-A-T-P,P,NP3,2DC250E100B010D,PUSB3FR4,152657,NP30098P,A,2024-NPK-02-G072,FILM FRAME,N,8,1,16.1 X 18.1,,CZ0297
NPKPR0568.1,2024,6,3,140,140,QFN,N240600T,2/6/2024 19:00,B-A-T-P,P,NP3,2DC250E100B010D,PUSB3FR4,152661,NP30098P,A,2024-NPK-02-G072,FILM FRAME,N,8,1,16.1 X 18.1,,CZ0297
NPKPR0569.1,2024,6,3,140,140,QFN,N240600U,2/6/2024 19:00,B-A-T-P,P,NP3,2DC250E100B010D,PUSB3FR4,152661,NP30098P,A,2024-NPK-02-G072,FILM FRAME,N,8,1,16.1 X 18.1,,CZ0297
NPKPR0570.1,2024,6,3,140,140,QFN,N240600V,2/6/2024 19:00,B-A-T-P,P,NP3,2DC250E100B010D,PUSB3FR4,152661,NP30098P,A,2024-NPK-02-G067,FILM FRAME,N,8,1,16.1 X 18.1,,CZ0297
NPKPR0572.1,2024,6,4,140,140,QFN,N240600W,2/7/2024 19:00,B-A-T-P,P,NP3,2DC250E100B010D,PUSB3FR4,152647,NP30098P,A,2024-NPK-02-G072,FILM FRAME,N,8,1,16.1 X 18.1,,CZ0297
NPKPR0573.1,2024,6,4,140,140,QFN,N240600X,2/7/2024 19:00,B-A-T-P,P,NP3,2DC250E100B010D,PUSB3FR4,152662,NP30098P,A,2024-NPK-02-G072,FILM FRAME,N,8,1,16.1 X 18.1,,CZ0297
NPKPR0620.1,2024,6,5,140,140,QFN,N240603B,2/8/2024 19:00,B-A-T-P,P,NP3,2DC250E100B010D,PUSB3FR4,152627,NP30098P,A,2024-NPK-02-G072,FILM FRAME,N,8,1,16.1 X 18.1,,CZ0297
NPKPR0621.1,2024,6,5,140,140,QFN,N240603C,2/8/2024 19:00,B-A-T-P,P,NP3,2DC250E100B010D,PUSB3FR4,152633,NP30098P,A,2024-NPK-02-G072,FILM FRAME,N,8,1,16.1 X 18.1,,CZ0297
NPKPR0622.1,2024,6,5,140,140,QFN,N240603D,2/8/2024 19:00,B-A-T-P,P,NP3,2DC250E100B010D,PUSB3FR4,152614,NP30098P,A,2024-NPK-02-G077,FILM FRAME,N,8,1,16.1 X 18.1,,CZ0297
NPKPR0623.1,2024,6,5,140,140,QFN,N240603E,2/8/2024 19:00,B-A-T-P,P,NP3,2DC250E100B010D,PUSB3FR4,152649,NP30098P,A,2024-NPK-02-G077,FILM FRAME,N,8,1,16.1 X 18.1,,CZ0297
NPKPR0624.1,2024,6,5,140,140,QFN,N240603F,2/8/2024 19:00,B-A-T-P,P,NP3,2DC250E100B010D,PUSB3FR4,152655,NP30098P,A,2024-NPK-02-G077,FILM FRAME,N,8,1,16.1 X 18.1,,CZ0297
NPKPR0625.1,2024,6,6,140,140,QFN,N240603G,2/9/2024 19:00,B-A-T-P,P,NP3,2DC250E100B010D,PUSB3FR4,152655,NP30098P,A,2024-NPK-02-G077,FILM FRAME,N,8,1,16.1 X 18.1,,CZ0297
NPKPR0626.1,2024,6,6,140,140,QFN,N240603H,2/9/2024 19:00,B-A-T-P,P,NP3,2DC250E100B010D,PUSB3FR4,152641,NP30098P,A,2024-NPK-02-G077,FILM FRAME,N,8,1,16.1 X 18.1,,CZ0297
NPKPR0627.1,2024,6,6,140,140,QFN,N240603I,2/9/2024 19:00,B-A-T-P,P,NP3,2DC250E100B010D,PUSB3FR4,152632,NP30098P,A,2024-NPK-02-G084,FILM FRAME,N,8,1,16.1 X 18.1,,CZ0297
NPKPR0628.1,2024,6,6,140,140,QFN,N240603J,2/9/2024 19:00,B-A-T-P,P,NP3,2DC250E100B010D,PUSB3FR4,152634,NP30098P,A,2024-NPK-02-G084,FILM FRAME,N,8,1,16.1 X 18.1,,CZ0297
NPKPR0629.1,2024,6,6,140,140,QFN,N240603K,2/9/2024 19:00,B-A-T-P,P,NP3,2DC250E100B010D,PUSB3FR4,152619,NP30098P,A,2024-NPK-02-G077,FILM FRAME,N,8,1,16.1 X 18.1,,CZ0297
NPKPR0630.1,2024,6,6,140,140,QFN,N240603L,2/9/2024 19:00,B-A-T-P,P,NP3,2DC250E100B010D,PUSB3FR4,152617,NP30098P,A,2024-NPK-02-G077,FILM FRAME,N,8,1,16.1 X 18.1,,CZ0297
NPKPR0631.1,2024,6,7,140,140,QFN,N240603M,2/10/2024 19:00,B-A-T-P,P,NP3,2DC250E100B010D,PUSB3FR4,152627,NP30098P,A,2024-NPK-02-G084,FILM FRAME,N,8,1,16.1 X 18.1,,CZ0297
NPKPR0632.1,2024,6,7,140,140,QFN,N240603N,2/10/2024 19:00,B-A-T-P,P,NP3,2DC250E100B010D,PUSB3FR4,152620,NP30098P,A,2024-NPK-02-G084,FILM FRAME,N,8,1,16.1 X 18.1,,CZ0297
NPKPR0633.1,2024,6,7,140,140,QFN,N240603O,2/10/2024 19:00,B-A-T-P,P,NP3,2DC250E100B010D,PUSB3FR4,152641,NP30098P,A,2024-NPK-02-G084,FILM FRAME,N,8,1,16.1 X 18.1,,CZ0297
NPKPR0634.1,2024,6,7,140,140,QFN,N240603P,2/10/2024 19:00,B-A-T-P,P,NP3,2DC250E100B010D,PUSB3FR4,152665,NP30098P,A,2024-NPK-02-G084,FILM FRAME,N,8,1,16.1 X 18.1,,CZ0297
NPKPR0635.1,2024,6,7,140,140,QFN,N240603Q,2/10/2024 19:00,B-A-T-P,P,NP3,2DC250E100B010D,PUSB3FR4,152621,NP30098P,A,2024-NPK-02-G094,FILM FRAME,N,8,1,16.1 X 18.1,,CZ0297
NPKPR0636.1,2024,6,7,140,140,QFN,N240603R,2/10/2024 19:00,B-A-T-P,P,NP3,2DC250E100B010D,PUSB3FR4,152641,NP30098P,A,2024-NPK-02-G084,FILM FRAME,N,8,1,16.1 X 18.1,,CZ0297
NPKPR0637.1,2024,7,1,140,140,QFN,N240603S,2/11/2024 19:00,B-A-T-P,P,NP3,2DC250E100B010D,PUSB3FR4,152618,NP30098P,A,2024-NPK-02-G092,FILM FRAME,N,8,1,16.1 X 18.1,,CZ0297
NPKPR0638.1,2024,7,1,140,140,QFN,N240603T,2/11/2024 19:00,B-A-T-P,P,NP3,2DC250E100B010D,PUSB3FR4,152633,NP30098P,A,2024-NPK-02-G094,FILM FRAME,N,8,1,16.1 X 18.1,,CZ0297
NPKPR0721.1,2024,7,3,140,140,QFN,N2407024,2/13/2024 19:00,B-A-T-P,P,NP3,2DC250E100B010D,PUSB3FR4,152665,NP30098P,A,2024-NPK-02-G100,FILM FRAME,N,8,1,16.1 X 18.1,,CZ0297
NPKPR0722.1,2024,7,3,140,140,QFN,N2407025,2/13/2024 19:00,B-A-T-P,P,NP3,2DC250E100B010D,PUSB3FR4,152669,NP30098P,A,2024-NPK-02-G100,FILM FRAME,N,8,1,16.1 X 18.1,,CZ0297
NPKPR0723.1,2024,7,4,140,140,QFN,N2407026,2/14/2024 19:00,B-A-T-P,P,NP3,2DC250E100B010D,PUSB3FR4,152671,NP30098P,A,2024-NPK-02-G100,FILM FRAME,N,8,1,16.1 X 18.1,,CZ0297
NPKPR0724.1,2024,7,4,140,140,QFN,N2407027,2/14/2024 19:00,B-A-T-P,P,NP3,2DC250E100B010D,PUSB3FR4,152671,NP30098P,A,2024-NPK-02-G105,FILM FRAME,N,8,1,16.1 X 18.1,,CZ0297
NPKPR0725.1,2024,7,4,140,140,QFN,N2407028,2/14/2024 19:00,B-A-T-P,P,NP3,2DC250E100B010D,PUSB3FR4,152669,NP30098P,A,2024-NPK-02-G105,FILM FRAME,N,8,1,16.1 X 18.1,,CZ0297
NPKPR0726.1,2024,7,4,140,140,QFN,N2407029,2/14/2024 19:00,B-A-T-P,P,NP3,2DC250E100B010D,PUSB3FR4,152672,NP30098P,A,2024-NPK-02-G105,FILM FRAME,N,8,1,16.1 X 18.1,,CZ0297
NPKPR0727.1,2024,7,4,140,140,QFN,N240702A,2/14/2024 19:00,B-A-T-P,P,NP3,2DC250E100B010D,PUSB3FR4,152668,NP30098P,A,2024-NPK-02-G111,FILM FRAME,N,8,1,16.1 X 18.1,,CZ0297
NPKPR0728.1,2024,7,4,140,140,QFN,N240702B,2/14/2024 19:00,B-A-T-P,P,NP3,2DC250E100B010D,PUSB3FR4,152670,NP30098P,A,2024-NPK-02-G105,FILM FRAME,N,8,1,16.1 X 18.1,,CZ0297
NPKPR0730.1,2024,7,5,140,140,QFN,N240702D,2/15/2024 19:00,B-A-T-P,P,NP3,2DC250E100B010D,PUSB3FR4,152674,NP30098P,A,2024-NPK-02-G105,FILM FRAME,N,8,1,16.1 X 18.1,,CZ0297
NPKPR0734.1,2024,7,5,140,140,QFN,N240702H,2/15/2024 19:00,B-A-T-P,P,NP3,2DC250E100B010D,PUSB3FR4,152669,NP30098P,A,2024-NPK-02-G111,FILM FRAME,N,8,1,16.1 X 18.1,,CZ0297
NPKPR0737.1,2024,7,5,140,140,QFN,N240702J,2/15/2024 19:00,B-A-T-P,P,NP3,2DC250E100B010D,PUSB3FR4,152674,NP30098P,A,2024-NPK-02-G111,FILM FRAME,N,8,1,16.1 X 18.1,,CZ0297
NPKPR0738.1,2024,7,5,140,140,QFN,N240702K,2/15/2024 19:00,B-A-T-P,P,NP3,2DC250E100B010D,PUSB3FR4,152670,NP30098P,A,2024-NPK-02-G105,FILM FRAME,N,8,1,16.1 X 18.1,,CZ0297
NPKPR0739.1,2024,7,5,140,140,QFN,N240702L,2/15/2024 19:00,B-A-T-P,P,NP3,2DC250E100B010D,PUSB3FR4,152672,NP30098P,A,2024-NPK-02-G111,FILM FRAME,N,8,1,16.1 X 18.1,,CZ0297
NPKPR0740.1,2024,7,5,140,140,QFN,N240702M,2/15/2024 19:00,B-A-T-P,P,NP3,2DC250E100B010D,PUSB3FR4,152666,NP30098P,A,2024-NPK-02-G111,FILM FRAME,N,8,1,16.1 X 18.1,,CZ0297
NPKPR0741.1,2024,7,6,140,140,QFN,N240702N,2/16/2024 19:00,B-A-T-P,P,NP3,2DC250E100B010D,PUSB3FR4,152669,NP30098P,A,2024-NPK-02-G111,FILM FRAME,N,8,1,16.1 X 18.1,,CZ0297
NPKPR0742.1,2024,7,6,140,140,QFN,N240702O,2/16/2024 19:00,B-A-T-P,P,NP3,2DC250E100B010D,PUSB3FR4,152666,NP30098P,A,2024-NPK-02-G117,FILM FRAME,N,8,1,16.1 X 18.1,,CZ0297
NPKPR0743.1,2024,7,6,140,140,QFN,N240702P,2/16/2024 19:00,B-A-T-P,P,NP3,2DC250E100B010D,PUSB3FR4,152672,NP30098P,A,2024-NPK-02-G117,FILM FRAME,N,8,1,16.1 X 18.1,,CZ0297
NPKPR0744.1,2024,7,6,140,140,QFN,N240702Q,2/16/2024 19:00,B-A-T-P,P,NP3,2DC250E100B010D,PUSB3FR4,152671,NP30098P,A,2024-NPK-02-G117,FILM FRAME,N,8,1,16.1 X 18.1,,CZ0297
NPKPR0745.1,2024,7,6,140,140,QFN,N240702R,2/16/2024 19:00,B-A-T-P,P,NP3,2DC250E100B010D,PUSB3FR4,152663,NP30098P,A,2024-NPK-02-G117,FILM FRAME,N,8,1,16.1 X 18.1,,CZ0297
NPKPR0746.1,2024,7,6,140,140,QFN,N240702S,2/16/2024 19:00,B-A-T-P,P,NP3,2DC250E100B010D,PUSB3FR4,152671,NP30098P,A,2024-NPK-02-G117,FILM FRAME,N,8,1,16.1 X 18.1,,CZ0297
NPKPR0747.1,2024,7,7,140,140,QFN,N240702T,2/17/2024 19:00,B-A-T-P,P,NP3,2DC250E100B010D,PUSB3FR4,152666,NP30098P,A,2024-NPK-02-G122,FILM FRAME,N,8,1,16.1 X 18.1,,CZ0297
NPKPR0748.1,2024,7,7,140,140,QFN,N240702U,2/17/2024 19:00,B-A-T-P,P,NP3,2DC250E100B010D,PUSB3FR4,152671,NP30098P,A,2024-NPK-02-G122,FILM FRAME,N,8,1,16.1 X 18.1,,CZ0297
NPKPR0749.1,2024,7,7,140,140,QFN,N240702V,2/17/2024 19:00,B-A-T-P,P,NP3,2DC250E100B010D,PUSB3FR4,152668,NP30098P,A,2024-NPK-02-G122,FILM FRAME,N,8,1,16.1 X 18.1,,CZ0297
NPKPR0750.1,2024,7,7,140,140,QFN,N240702W,2/17/2024 19:00,B-A-T-P,P,NP3,2DC250E100B010D,PUSB3FR4,152672,NP30098P,A,2024-NPK-02-G122,FILM FRAME,N,8,1,16.1 X 18.1,,CZ0297
NPKPR0751.1,2024,7,7,140,140,QFN,N240702X,2/17/2024 19:00,B-A-T-P,P,NP3,2DC250E100B010D,PUSB3FR4,152662,NP30098P,A,2024-NPK-02-G122,FILM FRAME,N,8,1,16.1 X 18.1,,CZ0297
NPKPR0784.1,2024,8,1,140,140,QFN,N2407042,2/18/2024 19:00,B-A-T-P,P,NP3,2DC250E100B010D,PUSB3FR4,152641,NP30098P,A,2024-NPK-02-G131,FILM FRAME,N,8,1,16.1 X 18.1,,CZ0297
NPKPR0785.1,2024,8,1,140,140,QFN,N2407043,2/18/2024 19:00,B-A-T-P,P,NP3,2DC250E100B010D,PUSB3FR4,152672,NP30098P,A,2024-NPK-02-G131,FILM FRAME,N,8,1,16.1 X 18.1,,CZ0297
NPKPR0786.1,2024,8,1,140,140,QFN,N2407044,2/18/2024 19:00,B-A-T-P,P,NP3,2DC250E100B010D,PUSB3FR4,152637,NP30098P,A,2024-NPK-02-G131,FILM FRAME,N,8,1,16.1 X 18.1,,CZ0297
NPKPR0799.1,2024,8,1,140,140,QFN,N240704D,2/18/2024 19:00,B-A-T-P,P,NP3,2DC250E100B010D,PUSB3FR4,152671,NP30098P,A,2024-NPK-02-G131,FILM FRAME,N,8,1,16.1 X 18.1,,CZ0297
NPKPR0800.1,2024,8,1,140,140,QFN,N240704E,2/18/2024 19:00,B-A-T-P,P,NP3,2DC250E100B010D,PUSB3FR4,152636,NP30098P,A,2024-NPK-02-G133,FILM FRAME,N,8,1,16.1 X 18.1,,CZ0297
NPKPR0801.1,2024,8,2,140,140,QFN,N240800R,2/19/2024 19:00,B-A-T-P,P,NP3,2DC250E100B010D,PUSB3FR4,152671,NP30098P,A,2024-NPK-02-G131,FILM FRAME,N,8,1,16.1 X 18.1,,CZ0297
NPKPR0802.1,2024,8,2,140,140,QFN,N240800S,2/19/2024 19:00,B-A-T-P,P,NP3,2DC250E100B010D,PUSB3FR4,152633,NP30098P,A,2024-NPK-02-G131,FILM FRAME,N,8,1,16.1 X 18.1,,CZ0297
NPKPR0803.1,2024,8,2,140,140,QFN,N240800T,2/19/2024 19:00,B-A-T-P,P,NP3,2DC250E100B010D,PUSB3FR4,152668,NP30098P,A,2024-NPK-02-G133,FILM FRAME,N,8,1,16.1 X 18.1,,CZ0297
NPKPR0869.1,2024,8,5,140,140,QFN,N240802F,2/22/2024 19:00,B-A-T-P,P,NP3,2DC250E100B010D,PUSB3FR4,152635,NP30098P,A,2024-NPK-03-G017,FILM FRAME,N,8,1,16.1 X 18.1,,CZ0297
NPKPR0870.1,2024,8,5,140,140,QFN,N240802G,2/22/2024 19:00,B-A-T-P,P,NP3,2DC250E100B010D,PUSB3FR4,152672,NP30098P,A,2024-NPK-03-G012,FILM FRAME,N,8,1,16.1 X 18.1,,CZ0297
NPKPR0871.1,2024,8,6,140,140,QFN,N240802H,2/23/2024 19:00,B-A-T-P,P,NP3,2DC250E100B010D,PUSB3FR4,152629,NP30098P,A,2024-NPK-03-G017,FILM FRAME,N,8,1,16.1 X 18.1,,CZ0297
NPKPR0872.1,2024,8,6,140,140,QFN,N240802I,2/23/2024 19:00,B-A-T-P,P,NP3,2DC250E100B010D,PUSB3FR4,152668,NP30098P,A,2024-NPK-03-G017,FILM FRAME,N,8,1,16.1 X 18.1,,CZ0297
NPKPR0873.1,2024,9,1,140,140,QFN,N240802J,2/25/2024 19:00,B-A-T-P,P,NP3,2DC250E100B010D,PUSB3FR4,152638,NP30098P,A,2024-NPK-03-G017,FILM FRAME,N,8,1,16.1 X 18.1,,CZ0297
NPKPR0874.1,2024,9,1,140,140,QFN,N240802K,2/25/2024 19:00,B-A-T-P,P,NP3,2DC250E100B010D,PUSB3FR4,152667,NP30098P,A,2024-NPK-03-G017,FILM FRAME,N,8,1,16.1 X 18.1,,CZ0297
NPKPR0921.1,2024,9,4,140,140,QFN,N240902D,2/28/2024 19:00,B-A-T-P,P,NP3,2DC250E100B010D,PUSB3FR4,152637,NP30098P,A,2024-NPK-03-G028,FILM FRAME,N,8,1,16.1 X 18.1,,CZ0297
NPKPR0953.1,2024,9,4,140,140,QFN,N240903Z,2/28/2024 19:00,B-A-T-P,P,NP3,TD-250E1001010K,PESD4USB5B-TBS,111968,NP30055P,B,2024-NPK-03-G048,FILM FRAME,Y,8,1,16.9 X 20.9,,CZ0288
NPKPR0788.1,2024,7,6,140,140,QFN,N2407046,2/16/2024 19:00,B-A-T-P,P,NP3,TD-250E1001010K,PESD4USB5B-TTS/S800,113337,NP30053P,D,2024-NPK-03-G003,FILM FRAME,Y,8,1,16.9 X 20.9,,CZ0288
NPKPR0881.1,2024,8,5,140,140,QFN,N240803C,2/22/2024 19:00,G-A-T-P,P,NP3,TDC200E200C006D,NPS4053GH-Q100,33879,NP30097P,D,2024-NPK-03-G039,CANISTER,Y,8,1,27.9 X 46.4,,CZ0288
NPKPR0882.1,2024,8,5,140,140,QFN,N240803D,2/22/2024 19:00,G-A-T-P,P,NP3,TDC200E200C006D,NPS4053GH-Q100,33811,NP30097P,D,2024-NPK-03-G039,CANISTER,Y,8,1,27.9 X 46.4,,CZ0288
NPKPR0883.1,2024,8,6,140,140,QFN,N240803E,2/23/2024 19:00,G-A-T-P,P,NP3,TDC200E200C006D,NPS4053GH-Q100,33822,NP30097P,D,2024-NPK-03-G039,CANISTER,Y,8,1,27.9 X 46.4,,CZ0288
NPKPR0884.1,2024,8,6,140,140,QFN,N240803F,2/23/2024 19:00,G-A-T-P,P,NP3,TDC200E200C006D,NPS4053GH-Q100,33697,NP30097P,D,2024-NPK-03-G044,CANISTER,Y,8,1,27.9 X 46.4,,CZ0288
NPKPR0885.1,2024,9,1,140,140,QFN,N240803G,2/25/2024 19:00,G-A-T-P,P,NP3,TDC200E200C006D,NPS4053GH-Q100,33698,NP30097P,D,2024-NPK-03-G039,CANISTER,Y,8,1,27.9 X 46.4,,CZ0288
NPKPR0886.1,2024,9,1,140,140,QFN,N240803H,2/25/2024 19:00,G-A-T-P,P,NP3,TDC200E200C006D,NPS4053GH-Q100,33731,NP30097P,D,2024-NPK-03-G039,CANISTER,Y,8,1,27.9 X 46.4,,CZ0288
NPKFR0778.1,2024,7,4,140,140,QFN,N240703U,2/14/2024 19:00,B-A-T-P,F,NP3,TDC250E1001010K,PESD4USB3UBTTS-Q,72600,NP30103P,A,2024-NPK-03-G032,FILM FRAME,Y,8,1,16.1 X 18.1,,CZ0288
NPKFR0778.2,2024,7,4,140,140,QFN,N240703V,2/14/2024 19:00,B-A-T-P,F,NP3,TDC250E1001010K,PESD4USB3UBTTS-Q,77927,NP30103P,A,2024-NPK-03-G032,FILM FRAME,Y,8,1,16.1 X 18.1,,CZ0288
NPKFR0779.1,2024,7,5,140,140,QFN,N240703W,2/15/2024 19:00,B-A-T-P,F,NP3,TDC250E1001010K,PESD4USB5BBTTS-Q,72600,NP30101P,A,2024-NPK-03-G037,FILM FRAME,Y,8,1,16.9 X 20.9,,CZ0288
NPKFR0779.2,2024,7,5,140,140,QFN,N240703X,2/15/2024 19:00,B-A-T-P,F,NP3,TDC250E1001010K,PESD4USB5BBTTS-Q,40338,NP30101P,A,2024-NPK-03-G030,FILM FRAME,Y,8,1,16.9 X 20.9,,CZ0288
NPKFR0777.2,2024,7,3,140,140,QFN,N240703T,2/13/2024 19:00,B-A-T-P,F,NP3,TDC250E1001010K,PESD4USB5UBTTS-Q,76197,NP30102P,A,2024-NPK-03-G031,FILM FRAME,Y,8,1,16.1 X 18.1,,CZ0288
NPKFR0777.1,2024,7,3,140,140,QFN,N240703S,2/13/2024 19:00,B-A-T-P,F,NP3,TDC250E1001010K,PESD4USB5UBTTS-Q,72600,NP30102P,A,2024-NPK-03-G031,FILM FRAME,Y,8,1,16.1 X 18.1,,CZ0288
NPKPR0815.1,2024,8,1,140,140,QFN,N240704P,2/18/2024 19:00,B-A-T-P,P,NP3,WD-100E080Z006P,74AVC1T45GX/S500,102971,NP30047P,B,2024-NPK-03-G025,CANISTER,N,8,1,18.5X22.8,,CZ0288
NPKPR0816.1,2024,8,1,140,140,QFN,N240704Q,2/18/2024 19:00,B-A-T-P,P,NP3,WD-100E080Z006P,74AVC1T45GX/S500,102658,NP30047P,B,NPKPR0815.1,CANISTER,N,8,1,18.5X22.8,,CZ0288
NPKPR0817.1,2024,8,2,140,140,QFN,N2408011,2/19/2024 19:00,B-A-T-P,P,NP3,WD-100E080Z006P,74AVC1T45GX/S500,102751,NP30047P,B,2024-NPK-03-G025,CANISTER,N,8,1,18.5X22.8,,CZ0288
NPKPR0818.1,2024,8,2,140,140,QFN,N2408012,2/19/2024 19:00,B-A-T-P,P,NP3,WD-100E080Z006P,74AVC1T45GX/S500,102555,NP30047P,B,NPKPR0817.1,CANISTER,N,8,1,18.5X22.8,,CZ0288
NPKPR0819.1,2024,8,3,140,140,QFN,N2408013,2/20/2024 19:00,B-A-T-P,P,NP3,WD-100E080Z006P,74AVC1T45GX/S500,102541,NP30047P,B,2024-NPK-02-G145,CANISTER,N,8,1,18.5X22.8,,CZ0288
NPKPR0820.1,2024,8,3,140,140,QFN,N2408014,2/20/2024 19:00,B-A-T-P,P,NP3,WD-100E080Z006P,74AVC1T45GX/S500,103023,NP30047P,B,NPKPR0819.1,CANISTER,N,8,1,18.5X22.8,,CZ0288
NPKPR0821.1,2024,8,3,140,140,QFN,N2408015,2/20/2024 19:00,B-A-T-P,P,NP3,WD-100E080Z006P,74AVC1T45GX/S500,102819,NP30047P,B,2024-NPK-02-G145,CANISTER,N,8,1,18.5X22.8,,CZ0288
NPKPR0822.1,2024,8,4,140,140,QFN,N2408016,2/21/2024 19:00,B-A-T-P,P,NP3,WD-100E080Z006P,74AVC1T45GX/S500,102858,NP30047P,B,2024-NPK-02-G138,CANISTER,N,8,1,18.5X22.8,,CZ0288
NPKPR0823.1,2024,8,4,140,140,QFN,N2408017,2/21/2024 19:00,B-A-T-P,P,NP3,WD-100E080Z006P,74AVC1T45GX/S500,102942,NP30047P,B,NPKPR0822.1,CANISTER,N,8,1,18.5X22.8,,CZ0288
NPKPR0463.1,2024,5,6,140,140,QFN,N240501G,2/2/2024 19:00,B-A-T-P,P,NP3,WD-100E080Z006P,LSF0101GX/S500,133628,NP30048P,B,2024-NPK-02-G040,CANISTER,N,8,1,15.7 X 20.8,,CZ0288
NPKPR0464.1,2024,5,6,140,140,QFN,N240501H,2/2/2024 19:00,B-A-T-P,P,NP3,WD-100E080Z006P,LSF0101GX/S500,133826,NP30048P,B,NPKPR0463.1,CANISTER,N,8,1,15.7 X 20.8,,CZ0288
NPKPR0465.1,2024,5,6,140,140,QFN,N240501I,2/2/2024 19:00,B-A-T-P,P,NP3,WD-100E080Z006P,LSF0101GX/S500,133763,NP30048P,B,2024-NPK-02-G049,CANISTER,N,8,1,15.7 X 20.8,,CZ0288
NPKPR0466.1,2024,5,6,140,140,QFN,N240501J,2/2/2024 19:00,B-A-T-P,P,NP3,WD-100E080Z006P,LSF0101GX/S500,133685,NP30048P,B,NPKPR0465.1,CANISTER,N,8,1,15.7 X 20.8,,CZ0288
NPKPR0498.1,2024,5,7,140,140,QFN,N240503B,2/3/2024 19:00,B-A-T-P,P,NP3,WD-100E080Z006P,LSF0101GX/S500,134252,NP30048P,B,2024-NPK-02-G049,CANISTER,N,8,1,15.7 X 20.8,,CZ0288
NPKPR0499.1,2024,5,7,140,140,QFN,N240503C,2/3/2024 19:00,B-A-T-P,P,NP3,WD-100E080Z006P,LSF0101GX/S500,134431,NP30048P,B,NPKPR0498.1,CANISTER,N,8,1,15.7 X 20.8,,CZ0288
NPKPR0500.1,2024,5,7,140,140,QFN,N240503D,2/3/2024 19:00,B-A-T-P,P,NP3,WD-100E080Z006P,LSF0101GX/S500,134278,NP30048P,B,2024-NPK-02-G056,CANISTER,N,8,1,15.7 X 20.8,,CZ0288
NPKPR0501.1,2024,5,7,140,140,QFN,N240503E,2/3/2024 19:00,B-A-T-P,P,NP3,WD-100E080Z006P,LSF0101GX/S500,134276,NP30048P,B,NPKPR0500.1,CANISTER,N,8,1,15.7 X 20.8,,CZ0288
NPKPR0502.1,2024,6,1,140,140,QFN,N240503F,2/4/2024 19:00,B-A-T-P,P,NP3,WD-100E080Z006P,LSF0101GX/S500,134334,NP30048P,B,2024-NPK-02-G056,CANISTER,N,8,1,15.7 X 20.8,,CZ0288
NPKPR0503.1,2024,6,1,140,140,QFN,N240503G,2/4/2024 19:00,B-A-T-P,P,NP3,WD-100E080Z006P,LSF0101GX/S500,133822,NP30048P,B,NPKPR0502.1,CANISTER,N,8,1,15.7 X 20.8,,CZ0288
NPKPR0504.1,2024,6,1,140,140,QFN,N240503H,2/4/2024 19:00,B-A-T-P,P,NP3,WD-100E080Z006P,LSF0101GX/S500,134433,NP30048P,B,2024-NPK-02-G056,CANISTER,N,8,1,15.7 X 20.8,,CZ0288
NPKPR0505.1,2024,6,1,140,140,QFN,N240503I,2/4/2024 19:00,B-A-T-P,P,NP3,WD-100E080Z006P,LSF0101GX/S500,134298,NP30048P,B,NPKPR0504.1,CANISTER,N,8,1,15.7 X 20.8,,CZ0288
NPKPR0506.1,2024,6,2,140,140,QFN,N2406003,2/5/2024 19:00,B-A-T-P,P,NP3,WD-100E080Z006P,LSF0101GX/S500,134194,NP30048P,B,2024-NPK-02-G056,CANISTER,N,8,1,15.7 X 20.8,,CZ0288
NPKPR0507.1,2024,6,2,140,140,QFN,N2406004,2/5/2024 19:00,B-A-T-P,P,NP3,WD-100E080Z006P,LSF0101GX/S500,134224,NP30048P,B,2024-NPK-02-G060,CANISTER,N,8,1,15.7 X 20.8,,CZ0288
NPKPR0508.1,2024,6,2,140,140,QFN,N2406005,2/5/2024 19:00,B-A-T-P,P,NP3,WD-100E080Z006P,LSF0101GX/S500,134390,NP30048P,B,2024-NPK-02-G060,CANISTER,N,8,1,15.7 X 20.8,,CZ0288
NPKPR0509.1,2024,6,2,140,140,QFN,N2406006,2/5/2024 19:00,B-A-T-P,P,NP3,WD-100E080Z006P,LSF0101GX/S500,134358,NP30048P,B,NPKPR0508.1,CANISTER,N,8,1,15.7 X 20.8,,CZ0288
NPKPR0510.1,2024,6,3,140,140,QFN,N2406007,2/6/2024 19:00,B-A-T-P,P,NP3,WD-100E080Z006P,LSF0101GX/S500,134294,NP30048P,B,NPKPR0507.1,CANISTER,N,8,1,15.7 X 20.8,,CZ0288
NPKPR0511.1,2024,6,3,140,140,QFN,N2406008,2/6/2024 19:00,B-A-T-P,P,NP3,WD-100E080Z006P,LSF0101GX/S500,134288,NP30048P,B,2024-NPK-02-G060,CANISTER,N,8,1,15.7 X 20.8,,CZ0288
NPKPR0512.1,2024,6,3,140,140,QFN,N2406009,2/6/2024 19:00,B-A-T-P,P,NP3,WD-100E080Z006P,LSF0101GX/S500,134366,NP30048P,B,2024-NPK-02-G060,CANISTER,N,8,1,15.7 X 20.8,,CZ0288
NPKPR0513.1,2024,6,3,140,140,QFN,N240600A,2/6/2024 19:00,B-A-T-P,P,NP3,WD-100E080Z006P,LSF0101GX/S500,134436,NP30048P,B,NPKPR0511.1,CANISTER,N,8,1,15.7 X 20.8,,CZ0288
NPKPR0514.1,2024,6,4,140,140,QFN,N240600B,2/7/2024 19:00,B-A-T-P,P,NP3,WD-100E080Z006P,LSF0101GX/S500,134252,NP30048P,B,2024-NPK-02-G070,CANISTER,N,8,1,15.7 X 20.8,,CZ0288
NPKPR0515.1,2024,6,4,140,140,QFN,N240600C,2/7/2024 19:00,B-A-T-P,P,NP3,WD-100E080Z006P,LSF0101GX/S500,134557,NP30048P,B,2024-NPK-02-G065,CANISTER,N,8,1,15.7 X 20.8,,CZ0288
NPKPR0516.1,2024,6,4,140,140,QFN,N240600D,2/7/2024 19:00,B-A-T-P,P,NP3,WD-100E080Z006P,LSF0101GX/S500,134359,NP30048P,B,NPKPR0515.1,CANISTER,N,8,1,15.7 X 20.8,,CZ0288
NPKPR0517.1,2024,6,4,140,140,QFN,N240600E,2/7/2024 19:00,B-A-T-P,P,NP3,WD-100E080Z006P,LSF0101GX/S500,134188,NP30048P,B,NPKPR0514.1,CANISTER,N,8,1,15.7 X 20.8,,CZ0288
NPKPR0518.1,2024,6,5,140,140,QFN,N240600F,2/8/2024 19:00,B-A-T-P,P,NP3,WD-100E080Z006P,LSF0101GX/S500,134482,NP30048P,B,2024-NPK-02-G074,CANISTER,N,8,1,15.7 X 20.8,,CZ0288
NPKPR0519.1,2024,6,5,140,140,QFN,N240600G,2/8/2024 19:00,B-A-T-P,P,NP3,WD-100E080Z006P,LSF0101GX/S500,134507,NP30048P,B,NPKPR0518.1,CANISTER,N,8,1,15.7 X 20.8,,CZ0288
NPKPR0520.1,2024,6,5,140,140,QFN,N240600H,2/8/2024 19:00,B-A-T-P,P,NP3,WD-100E080Z006P,LSF0101GX/S500,134379,NP30048P,B,2024-NPK-02-G074,CANISTER,N,8,1,15.7 X 20.8,,CZ0288
NPKPR0521.1,2024,6,5,140,140,QFN,N240600I,2/8/2024 19:00,B-A-T-P,P,NP3,WD-100E080Z006P,LSF0101GX/S500,134232,NP30048P,B,NPKPR0520.1,CANISTER,N,8,1,15.7 X 20.8,,CZ0288
NPKPR0522.1,2024,6,5,140,140,QFN,N240600J,2/8/2024 19:00,B-A-T-P,P,NP3,WD-100E080Z006P,LSF0101GX/S500,134205,NP30048P,B,2024-NPK-02-G081,CANISTER,N,8,1,15.7 X 20.8,,CZ0288
NPKPR0645.1,2024,6,6,140,140,QFN,N240603Y,2/9/2024 19:00,B-A-T-P,P,NP3,WD-100E080Z006P,LSF0101GX/S500,134295,NP30048P,B,2024-NPK-02-G074,CANISTER,N,8,1,15.7 X 20.8,,CZ0288
NPKPR0646.1,2024,6,6,140,140,QFN,N240603Z,2/9/2024 19:00,B-A-T-P,P,NP3,WD-100E080Z006P,LSF0101GX/S500,134544,NP30048P,B,NPKPR0645.1,CANISTER,N,8,1,15.7 X 20.8,,CZ0288
NPKPR0647.1,2024,6,6,140,140,QFN,N2406040,2/9/2024 19:00,B-A-T-P,P,NP3,WD-100E080Z006P,LSF0101GX/S500,134412,NP30048P,B,2024-NPK-02-G086,CANISTER,N,8,1,15.7 X 20.8,,CZ0288
NPKPR0648.1,2024,6,6,140,140,QFN,N2406041,2/9/2024 19:00,B-A-T-P,P,NP3,WD-100E080Z006P,LSF0101GX/S500,134386,NP30048P,B,NPKPR0647.1,CANISTER,N,8,1,15.7 X 20.8,,CZ0288
NPKPR0649.1,2024,6,7,140,140,QFN,N2406042,2/10/2024 19:00,B-A-T-P,P,NP3,WD-100E080Z006P,LSF0101GX/S500,134643,NP30048P,B,2024-NPK-02-G098,CANISTER,N,8,1,15.7 X 20.8,,CZ0288
NPKPR0650.1,2024,6,7,140,140,QFN,N2406043,2/10/2024 19:00,B-A-T-P,P,NP3,WD-100E080Z006P,LSF0101GX/S500,134410,NP30048P,B,NPKPR0649.1,CANISTER,N,8,1,15.7 X 20.8,,CZ0288
NPKPR0651.1,2024,6,7,140,140,QFN,N2406044,2/10/2024 19:00,B-A-T-P,P,NP3,WD-100E080Z006P,LSF0101GX/S500,134402,NP30048P,B,2024-NPK-02-G120,CANISTER,N,8,1,15.7 X 20.8,,CZ0288
NPKPR0652.1,2024,6,7,140,140,QFN,N2406045,2/10/2024 19:00,B-A-T-P,P,NP3,WD-100E080Z006P,LSF0101GX/S500,134426,NP30048P,B,NPKPR0651.1,CANISTER,N,8,1,15.7 X 20.8,,CZ0288
NPKPR0653.1,2024,7,1,140,140,QFN,N2406046,2/11/2024 19:00,B-A-T-P,P,NP3,WD-100E080Z006P,LSF0101GX/S500,134404,NP30048P,B,2024-NPK-02-G120,CANISTER,N,8,1,15.7 X 20.8,,CZ0288
NPKPR0654.1,2024,7,1,140,140,QFN,N2406047,2/11/2024 19:00,B-A-T-P,P,NP3,WD-100E080Z006P,LSF0101GX/S500,134500,NP30048P,B,NPKPR0653.1,CANISTER,N,8,1,15.7 X 20.8,,CZ0288
NPKPR0655.1,2024,7,1,140,140,QFN,N2406048,2/11/2024 19:00,B-A-T-P,P,NP3,WD-100E080Z006P,LSF0101GX/S500,134335,NP30048P,B,2024-NPK-02-G103,CANISTER,N,8,1,15.7 X 20.8,,CZ0288
NPKPR0656.1,2024,7,1,140,140,QFN,N2406049,2/11/2024 19:00,B-A-T-P,P,NP3,WD-100E080Z006P,LSF0101GX/S500,134337,NP30048P,B,NPKPR0655.1,CANISTER,N,8,1,15.7 X 20.8,,CZ0288
NPKPR0657.1,2024,7,2,140,140,QFN,N240700C,2/12/2024 19:00,B-A-T-P,P,NP3,WD-100E080Z006P,LSF0101GX/S500,134241,NP30048P,B,2024-NPK-02-G108,CANISTER,N,8,1,15.7 X 20.8,,CZ0288
NPKPR0658.1,2024,7,2,140,140,QFN,N240700D,2/12/2024 19:00,B-A-T-P,P,NP3,WD-100E080Z006P,LSF0101GX/S500,134317,NP30048P,B,NPKPR0657.1,CANISTER,N,8,1,15.7 X 20.8,,CZ0288
NPKPR0659.1,2024,7,2,140,140,QFN,N240700E,2/12/2024 19:00,B-A-T-P,P,NP3,WD-100E080Z006P,LSF0101GX/S500,134203,NP30048P,B,2024-NPK-02-G112,CANISTER,N,8,1,15.7 X 20.8,,CZ0288
NPKPR0660.1,2024,7,2,140,140,QFN,N240700F,2/12/2024 19:00,B-A-T-P,P,NP3,WD-100E080Z006P,LSF0101GX/S500,134256,NP30048P,B,NPKPR0659.1,CANISTER,N,8,1,15.7 X 20.8,,CZ0288
NPKPR0661.1,2024,7,3,140,140,QFN,N240700G,2/13/2024 19:00,B-A-T-P,P,NP3,WD-100E080Z006P,LSF0101GX/S500,133778,NP30048P,B,2024-NPK-02-G108,CANISTER,N,8,1,15.7 X 20.8,,CZ0288
NPKPR0662.1,2024,7,3,140,140,QFN,N240700H,2/13/2024 19:00,B-A-T-P,P,NP3,WD-100E080Z006P,LSF0101GX/S500,134213,NP30048P,B,NPKPR0661.1,CANISTER,N,8,1,15.7 X 20.8,,CZ0288
NPKPR0663.1,2024,7,3,140,140,QFN,N240700I,2/13/2024 19:00,B-A-T-P,P,NP3,WD-100E080Z006P,LSF0101GX/S500,134234,NP30048P,B,2024-NPK-02-G112,CANISTER,N,8,1,15.7 X 20.8,,CZ0288
NPKPR0664.1,2024,7,3,140,140,QFN,N240700J,2/13/2024 19:00,B-A-T-P,P,NP3,WD-100E080Z006P,LSF0101GX/S500,134026,NP30048P,B,NPKPR0663.1,CANISTER,N,8,1,15.7 X 20.8,,CZ0288
NPKPR0665.1,2024,7,4,140,140,QFN,N240700K,2/14/2024 19:00,B-A-T-P,P,NP3,WD-100E080Z006P,LSF0101GX/S500,133980,NP30048P,B,2024-NPK-02-G112,CANISTER,N,8,1,15.7 X 20.8,,CZ0288
NPKPR0666.1,2024,7,4,140,140,QFN,N240700L,2/14/2024 19:00,B-A-T-P,P,NP3,WD-100E080Z006P,LSF0101GX/S500,133818,NP30048P,B,2024-NPK-02-G126,CANISTER,N,8,1,15.7 X 20.8,,CZ0288
NPKPR0667.1,2024,7,4,140,140,QFN,N240700M,2/14/2024 19:00,B-A-T-P,P,NP3,WD-100E080Z006P,LSF0101GX/S500,133930,NP30048P,B,NPKPR0666.1,CANISTER,N,8,1,15.7 X 20.8,,CZ0288
NPKPR0668.1,2024,7,4,140,140,QFN,N240700N,2/14/2024 19:00,B-A-T-P,P,NP3,WD-100E080Z006P,LSF0101GX/S500,133932,NP30048P,B,NPKPR0665.1,CANISTER,N,8,1,15.7 X 20.8,,CZ0288
NPKPR0669.1,2024,7,4,140,140,QFN,N240700O,2/14/2024 19:00,B-A-T-P,P,NP3,WD-100E080Z006P,LSF0101GX/S500,133970,NP30048P,B,2024-NPK-02-G126,CANISTER,N,8,1,15.7 X 20.8,,CZ0288
NPKPR0752.1,2024,7,5,140,140,QFN,N240702Y,2/15/2024 19:00,B-A-T-P,P,NP3,WD-100E080Z006P,LSF0101GX/S500,134291,NP30048P,B,2024-NPK-02-G112,CANISTER,N,8,1,15.7 X 20.8,,CZ0288
NPKPR0753.1,2024,7,5,140,140,QFN,N240702Z,2/15/2024 19:00,B-A-T-P,P,NP3,WD-100E080Z006P,LSF0101GX/S500,134312,NP30048P,B,NPKPR0752.1,CANISTER,N,8,1,15.7 X 20.8,,CZ0288
NPKPR0754.1,2024,7,5,140,140,QFN,N2407030,2/15/2024 19:00,B-A-T-P,P,NP3,WD-100E080Z006P,LSF0101GX/S500,134286,NP30048P,B,2024-NPK-02-G126,CANISTER,N,8,1,15.7 X 20.8,,CZ0288
NPKPR0755.1,2024,7,5,140,140,QFN,N2407031,2/15/2024 19:00,B-A-T-P,P,NP3,WD-100E080Z006P,LSF0101GX/S500,134418,NP30048P,B,NPKPR0754.1,CANISTER,N,8,1,15.7 X 20.8,,CZ0288
NPKPR0756.1,2024,7,6,140,140,QFN,N2407032,2/16/2024 19:00,B-A-T-P,P,NP3,WD-100E080Z006P,LSF0101GX/S500,134324,NP30048P,B,2024-NPK-02-G126,CANISTER,N,8,1,15.7 X 20.8,,CZ0288
NPKPR0757.1,2024,7,6,140,140,QFN,N2407033,2/16/2024 19:00,B-A-T-P,P,NP3,WD-100E080Z006P,LSF0101GX/S500,134326,NP30048P,B,NPKPR0756.1,CANISTER,N,8,1,15.7 X 20.8,,CZ0288
NPKPR0758.1,2024,7,6,140,140,QFN,N2407034,2/16/2024 19:00,B-A-T-P,P,NP3,WD-100E080Z006P,LSF0101GX/S500,134254,NP30048P,B,2024-NPK-02-G127,CANISTER,N,8,1,15.7 X 20.8,,CZ0288
NPKPR0759.1,2024,7,6,140,140,QFN,N2407035,2/16/2024 19:00,B-A-T-P,P,NP3,WD-100E080Z006P,LSF0101GX/S500,134212,NP30048P,B,NPKPR0758.1,CANISTER,N,8,1,15.7 X 20.8,,CZ0288
NPKPR0760.1,2024,7,7,140,140,QFN,N2407036,2/17/2024 19:00,B-A-T-P,P,NP3,WD-100E080Z006P,LSF0101GX/S500,134301,NP30048P,B,2024-NPK-02-G127,CANISTER,N,8,1,15.7 X 20.8,,CZ0288
NPKPR0761.1,2024,7,7,140,140,QFN,N2407037,2/17/2024 19:00,B-A-T-P,P,NP3,WD-100E080Z006P,LSF0101GX/S500,134235,NP30048P,B,NPKPR0760.1,CANISTER,N,8,1,15.7 X 20.8,,CZ0288
NPKPR0762.1,2024,7,7,140,140,QFN,N2407038,2/17/2024 19:00,B-A-T-P,P,NP3,WD-100E080Z006P,LSF0101GX/S500,134312,NP30048P,B,2024-NPK-02-G127,CANISTER,N,8,1,15.7 X 20.8,,CZ0288
NPKPR0763.1,2024,7,7,140,140,QFN,N2407039,2/17/2024 19:00,B-A-T-P,P,NP3,WD-100E080Z006P,LSF0101GX/S500,134315,NP30048P,B,NPKPR0762.1,CANISTER,N,8,1,15.7 X 20.8,,CZ0288
NPKPR0764.1,2024,8,1,140,140,QFN,N240703A,2/18/2024 19:00,B-A-T-P,P,NP3,WD-100E080Z006P,LSF0101GX/S500,134324,NP30048P,B,2024-NPK-02-G127,CANISTER,N,8,1,15.7 X 20.8,,CZ0288
NPKPR0765.1,2024,8,1,140,140,QFN,N240703B,2/18/2024 19:00,B-A-T-P,P,NP3,WD-100E080Z006P,LSF0101GX/S500,134526,NP30048P,B,NPKPR0766.1,CANISTER,N,8,1,15.7 X 20.8,,CZ0288
NPKPR0766.1,2024,8,1,140,140,QFN,N240703C,2/18/2024 19:00,B-A-T-P,P,NP3,WD-100E080Z006P,LSF0101GX/S500,134468,NP30048P,B,2024-NPK-02-G136,CANISTER,N,8,1,15.7 X 20.8,,CZ0288
NPKPR0767.1,2024,8,1,140,140,QFN,N240703D,2/18/2024 19:00,B-A-T-P,P,NP3,WD-100E080Z006P,LSF0101GX/S500,134344,NP30048P,B,NPKPR0764.1,CANISTER,N,8,1,15.7 X 20.8,,CZ0288
NPKPR0768.1,2024,8,2,140,140,QFN,N2408009,2/19/2024 19:00,B-A-T-P,P,NP3,WD-100E080Z006P,LSF0101GX/S500,134393,NP30048P,B,2024-NPK-02-G136,CANISTER,N,8,1,15.7 X 20.8,,CZ0288
NPKPR0769.1,2024,8,2,140,140,QFN,N240800A,2/19/2024 19:00,B-A-T-P,P,NP3,WD-100E080Z006P,LSF0101GX/S500,134278,NP30048P,B,2024-NPK-02-G136,CANISTER,N,8,1,15.7 X 20.8,,CZ0288
NPKPR0770.1,2024,8,2,140,140,QFN,N240800B,2/19/2024 19:00,B-A-T-P,P,NP3,WD-100E080Z006P,LSF0101GX/S500,134298,NP30048P,B,2024-NPK-02-G136,CANISTER,N,8,1,15.7 X 20.8,,CZ0288
NPKPR0771.1,2024,8,2,140,140,QFN,N240800C,2/19/2024 19:00,B-A-T-P,P,NP3,WD-100E080Z006P,LSF0101GX/S500,134361,NP30048P,B,NPKPR0770.1,CANISTER,N,8,1,15.7 X 20.8,,CZ0288
NPKPR0772.1,2024,8,3,140,140,QFN,N240800D,2/20/2024 19:00,B-A-T-P,P,NP3,WD-100E080Z006P,LSF0101GX/S500,134308,NP30048P,B,2024-NPK-02-G142,CANISTER,N,8,1,15.7 X 20.8,,CZ0288
NPKPR0773.1,2024,8,3,140,140,QFN,N240800E,2/20/2024 19:00,B-A-T-P,P,NP3,WD-100E080Z006P,LSF0101GX/S500,134286,NP30048P,B,NPKPR0772.1,CANISTER,N,8,1,15.7 X 20.8,,CZ0288
NPKPR0774.1,2024,8,3,140,140,QFN,N240800F,2/20/2024 19:00,B-A-T-P,P,NP3,WD-100E080Z006P,LSF0101GX/S500,134400,NP30048P,B,NPKPR0769.1,CANISTER,N,8,1,15.7 X 20.8,,CZ0288
NPKPR0775.1,2024,8,3,140,140,QFN,N240800G,2/20/2024 19:00,B-A-T-P,P,NP3,WD-100E080Z006P,LSF0101GX/S500,134306,NP30048P,B,2024-NPK-02-G139,CANISTER,N,8,1,15.7 X 20.8,,CZ0288
NPKPR0776.1,2024,8,3,140,140,QFN,N240800H,2/20/2024 19:00,B-A-T-P,P,NP3,WD-100E080Z006P,LSF0101GX/S500,133481,NP30048P,B,NPKPR0775.1,CANISTER,N,8,1,15.7 X 20.8,,CZ0288
NPKPR0843.1,2024,8,4,140,140,QFN,N240801W,2/21/2024 19:00,B-A-T-P,P,NP3,WD-100E080Z006P,LSF0101GX/S500,134510,NP30048P,B,2024-NPK-03-G015,CANISTER,N,8,1,15.7 X 20.8,,CZ0288
NPKPR0844.1,2024,8,4,140,140,QFN,N240801X,2/21/2024 19:00,B-A-T-P,P,NP3,WD-100E080Z006P,LSF0101GX/S500,134500,NP30048P,B,NPKPR0843.1,CANISTER,N,8,1,15.7 X 20.8,,CZ0288
NPKPR0845.1,2024,8,4,140,140,QFN,N240801Y,2/21/2024 19:00,B-A-T-P,P,NP3,WD-100E080Z006P,LSF0101GX/S500,134481,NP30048P,B,2024-NPK-03-G034,CANISTER,N,8,1,15.7 X 20.8,,CZ0288
NPKPR0846.1,2024,8,5,140,140,QFN,N240801Z,2/22/2024 19:00,B-A-T-P,P,NP3,WD-100E080Z006P,LSF0101GX/S500,134614,NP30048P,B,NPKPR0845.1,CANISTER,N,8,1,15.7 X 20.8,,CZ0288
NPKPR0847.1,2024,8,5,140,140,QFN,N2408020,2/22/2024 19:00,B-A-T-P,P,NP3,WD-100E080Z006P,LSF0101GX/S500,134593,NP30048P,B,2024-NPK-03-G015,CANISTER,N,8,1,15.7 X 20.8,,CZ0288
NPKPR0848.1,2024,8,5,140,140,QFN,N2408021,2/22/2024 19:00,B-A-T-P,P,NP3,WD-100E080Z006P,LSF0101GX/S500,134523,NP30048P,B,NPKPR0847.1,CANISTER,N,8,1,15.7 X 20.8,,CZ0288
NPKPR0849.1,2024,8,5,140,140,QFN,N2408022,2/22/2024 19:00,B-A-T-P,P,NP3,WD-100E080Z006P,LSF0101GX/S500,134553,NP30048P,B,2024-NPK-03-G015,CANISTER,N,8,1,15.7 X 20.8,,CZ0288
NPKPR0850.1,2024,8,5,140,140,QFN,N2408023,2/22/2024 19:00,B-A-T-P,P,NP3,WD-100E080Z006P,LSF0101GX/S500,134478,NP30048P,B,NPKPR0849.1,CANISTER,N,8,1,15.7 X 20.8,,CZ0288
NPKPR0851.1,2024,8,6,140,140,QFN,N2408024,2/23/2024 19:00,B-A-T-P,P,NP3,WD-100E080Z006P,LSF0101GX/S500,134449,NP30048P,B,2024-NPK-03-G023,CANISTER,N,8,1,15.7 X 20.8,,CZ0288
NPKPR0852.1,2024,8,6,140,140,QFN,N2408025,2/23/2024 19:00,B-A-T-P,P,NP3,WD-100E080Z006P,LSF0101GX/S500,134474,NP30048P,B,NPKPR0851.1,CANISTER,N,8,1,15.7 X 20.8,,CZ0288
NPKPR0853.1,2024,8,6,140,140,QFN,N2408026,2/23/2024 19:00,B-A-T-P,P,NP3,WD-100E080Z006P,LSF0101GX/S500,134617,NP30048P,B,2024-NPK-03-G023,CANISTER,N,8,1,15.7 X 20.8,,CZ0288
NPKPR0854.1,2024,8,6,140,140,QFN,N2408027,2/23/2024 19:00,B-A-T-P,P,NP3,WD-100E080Z006P,LSF0101GX/S500,133995,NP30048P,B,NPKPR0853.1,CANISTER,N,8,1,15.7 X 20.8,,CZ0288
NPKPR0855.1,2024,8,6,140,140,QFN,N2408028,2/23/2024 19:00,B-A-T-P,P,NP3,WD-100E080Z006P,LSF0101GX/S500,134534,NP30048P,B,2024-NPK-03-G015,CANISTER,N,8,1,15.7 X 20.8,,CZ0288
NPKPR0856.1,2024,9,1,140,140,QFN,N2408029,2/25/2024 19:00,B-A-T-P,P,NP3,WD-100E080Z006P,LSF0101GX/S500,134530,NP30048P,B,2024-NPK-03-G027,CANISTER,N,8,1,15.7 X 20.8,,CZ0288
NPKPR0857.1,2024,9,1,140,140,QFN,N240802A,2/25/2024 19:00,B-A-T-P,P,NP3,WD-100E080Z006P,LSF0101GX/S500,133912,NP30048P,B,NPKPR0856.1,CANISTER,N,8,1,15.7 X 20.8,,CZ0288
NPKPR0858.1,2024,9,1,140,140,QFN,N240802B,2/25/2024 19:00,B-A-T-P,P,NP3,WD-100E080Z006P,LSF0101GX/S500,134017,NP30048P,B,2024-NPK-03-G023,CANISTER,N,8,1,15.7 X 20.8,,CZ0288
NPKPR0859.1,2024,9,1,140,140,QFN,N240802C,2/25/2024 19:00,B-A-T-P,P,NP3,WD-100E080Z006P,LSF0101GX/S500,134561,NP30048P,B,2024-NPK-03-G023,CANISTER,N,8,1,15.7 X 20.8,,CZ0288
NPKPR0860.1,2024,9,1,140,140,QFN,N240802D,2/25/2024 19:00,B-A-T-P,P,NP3,WD-100E080Z006P,LSF0101GX/S500,134546,NP30048P,B,NPKPR0859.1,CANISTER,N,8,1,15.7 X 20.8,,CZ0288
NPKPR0861.1,2024,9,2,140,140,QFN,N2409003,2/26/2024 19:00,B-A-T-P,P,NP3,WD-100E080Z006P,LSF0101GX/S500,134597,NP30048P,B,2024-NPK-03-G023,CANISTER,N,8,1,15.7 X 20.8,,CZ0288
NPKPR0862.1,2024,9,2,140,140,QFN,N2409004,2/26/2024 19:00,B-A-T-P,P,NP3,WD-100E080Z006P,LSF0101GX/S500,134490,NP30048P,B,2024-NPK-03-G027,CANISTER,N,8,1,15.7 X 20.8,,CZ0288
NPKPR0863.1,2024,9,2,140,140,QFN,N2409005,2/26/2024 19:00,B-A-T-P,P,NP3,WD-100E080Z006P,LSF0101GX/S500,134551,NP30048P,B,NPKPR0862.1,CANISTER,N,8,1,15.7 X 20.8,,CZ0288
NPKPR0864.1,2024,9,2,140,140,QFN,N2409006,2/26/2024 19:00,B-A-T-P,P,NP3,WD-100E080Z006P,LSF0101GX/S500,134484,NP30048P,B,NPKPR0861.1,CANISTER,N,8,1,15.7 X 20.8,,CZ0288
NPKPR0865.1,2024,9,2,140,140,QFN,N2409007,2/26/2024 19:00,B-A-T-P,P,NP3,WD-100E080Z006P,LSF0101GX/S500,134549,NP30048P,B,2024-NPK-03-G027,CANISTER,N,8,1,15.7 X 20.8,,CZ0288
NPKPR0866.1,2024,9,3,140,140,QFN,N2409008,2/27/2024 19:00,B-A-T-P,P,NP3,WD-100E080Z006P,LSF0101GX/S500,134328,NP30048P,B,NPKPR0865.1,CANISTER,N,8,1,15.7 X 20.8,,CZ0288
NPKPR0867.1,2024,9,3,140,140,QFN,N2409009,2/27/2024 19:00,B-A-T-P,P,NP3,WD-100E080Z006P,LSF0101GX/S500,134501,NP30048P,B,2024-NPK-03-G027,CANISTER,N,8,1,15.7 X 20.8,,CZ0288
NPKPR0887.1,2024,9,3,140,140,QFN,N240901J,2/27/2024 19:00,B-A-T-P,P,NP3,WD-100E080Z006P,LSF0101GX/S500,134261,NP30048P,B,2024-NPK-03-G009,CANISTER,N,8,1,15.7 X 20.8,,CZ0288
NPKPR0888.1,2024,9,3,140,140,QFN,N240901K,2/27/2024 19:00,B-A-T-P,P,NP3,WD-100E080Z006P,LSF0101GX/S500,134357,NP30048P,B,NPKPR0887.1,CANISTER,N,8,1,15.7 X 20.8,,CZ0288
NPKPR0889.1,2024,9,3,140,140,QFN,N240901L,2/27/2024 19:00,B-A-T-P,P,NP3,WD-100E080Z006P,LSF0101GX/S500,134124,NP30048P,B,2024-NPK-03-G038,CANISTER,N,8,1,15.7 X 20.8,,CZ0288
NPKPR0890.1,2024,9,4,140,140,QFN,N240901M,2/28/2024 19:00,B-A-T-P,P,NP3,WD-100E080Z006P,LSF0101GX/S500,134162,NP30048P,B,2024-NPK-03-G038,CANISTER,N,8,1,15.7 X 20.8,,CZ0288
NPKPR0891.1,2024,9,4,140,140,QFN,N240901N,2/28/2024 19:00,B-A-T-P,P,NP3,WD-100E080Z006P,LSF0101GX/S500,134240,NP30048P,B,2024-NPK-03-G038,CANISTER,N,8,1,15.7 X 20.8,,CZ0288
NPKPR0892.1,2024,9,4,140,140,QFN,N240901O,2/28/2024 19:00,B-A-T-P,P,NP3,WD-100E080Z006P,LSF0101GX/S500,134333,NP30048P,B,NPKPR0890.1,CANISTER,N,8,1,15.7 X 20.8,,CZ0288
NPKPR0893.1,2024,9,4,140,140,QFN,N240901P,2/28/2024 19:00,B-A-T-P,P,NP3,WD-100E080Z006P,LSF0101GX/S500,134539,NP30048P,B,NPKPR0891.1,CANISTER,N,8,1,15.7 X 20.8,,CZ0288
NPKPR0487.1,2024,5,6,140,140,QFN,N2405021,2/2/2024 19:00,B-A-T-P,P,NP3,WD-135E082B008P,74AVC2T45GX/S500,104010,NP30046P,C,2024-NPK-02-G071,FILM FRAME,N,8,1,14.1 X 29.9,,CZ0288
NPKPR0488.1,2024,5,6,140,140,QFN,N2405022,2/2/2024 19:00,B-A-T-P,P,NP3,WD-135E082B008P,74AVC2T45GX/S500,104005,NP30046P,C,2024-NPK-02-G071,FILM FRAME,N,8,1,14.1 X 29.9,,CZ0288
NPKPR0489.1,2024,5,6,140,140,QFN,N2405023,2/2/2024 19:00,B-A-T-P,P,NP3,WD-135E082B008P,74AVC2T45GX/S500,104007,NP30046P,C,2024-NPK-02-G071,FILM FRAME,N,8,1,14.1 X 29.9,,CZ0288
NPKPR0490.1,2024,5,6,140,140,QFN,N2405024,2/2/2024 19:00,B-A-T-P,P,NP3,WD-135E082B008P,74AVC2T45GX/S500,104052,NP30046P,C,2024-NPK-02-G071,FILM FRAME,N,8,1,14.1 X 29.9,,CZ0288
NPKPR0491.1,2024,5,7,140,140,QFN,N2405025,2/3/2024 19:00,B-A-T-P,P,NP3,WD-135E082B008P,74AVC2T45GX/S500,104038,NP30046P,C,2024-NPK-02-G082,FILM FRAME,N,8,1,14.1 X 29.9,,CZ0288
NPKPR0492.1,2024,5,7,140,140,QFN,N2405026,2/3/2024 19:00,B-A-T-P,P,NP3,WD-135E082B008P,74AVC2T45GX/S500,104089,NP30046P,C,2024-NPK-02-G075,FILM FRAME,N,8,1,14.1 X 29.9,,CZ0288
NPKPR0493.1,2024,5,7,140,140,QFN,N2405027,2/3/2024 19:00,B-A-T-P,P,NP3,WD-135E082B008P,74AVC2T45GX/S500,104020,NP30046P,C,2024-NPK-03-G041,FILM FRAME,N,8,1,14.1 X 29.9,,CZ0288
NPKPR0494.1,2024,5,7,140,140,QFN,N2405028,2/3/2024 19:00,B-A-T-P,P,NP3,WD-135E082B008P,74AVC2T45GX/S500,104035,NP30046P,C,2024-NPK-02-G097,FILM FRAME,N,8,1,14.1 X 29.9,,CZ0288
NPKPR0495.1,2024,6,1,140,140,QFN,N2405029,2/4/2024 19:00,B-A-T-P,P,NP3,WD-135E082B008P,74AVC2T45GX/S500,104098,NP30046P,C,2024-NPK-02-G075,FILM FRAME,N,8,1,14.1 X 29.9,,CZ0288
NPKPR0574.1,2024,6,1,140,140,QFN,N240504T,2/4/2024 19:00,B-A-T-P,P,NP3,WD-135E082B008P,74AVC2T45GX/S500,103006,NP30046P,C,2024-NPK-02-G075,FILM FRAME,N,8,1,14.1X29.9,,CZ0288
NPKPR0575.1,2024,6,1,140,140,QFN,N240504U,2/4/2024 19:00,B-A-T-P,P,NP3,WD-135E082B008P,74AVC2T45GX/S500,103105,NP30046P,C,2024-NPK-02-G082,FILM FRAME,N,8,1,14.1X29.9,,CZ0288
NPKPR0576.1,2024,6,1,140,140,QFN,N240504V,2/4/2024 19:00,B-A-T-P,P,NP3,WD-135E082B008P,74AVC2T45GX/S500,103181,NP30046P,C,2024-NPK-02-G082,FILM FRAME,N,8,1,14.1X29.9,,CZ0288
NPKPR0577.1,2024,6,2,140,140,QFN,N240600Y,2/5/2024 19:00,B-A-T-P,P,NP3,WD-135E082B008P,74AVC2T45GX/S500,103140,NP30046P,C,2024-NPK-02-G082,FILM FRAME,N,8,1,14.1X29.9,,CZ0288
NPKPR0578.1,2024,6,2,140,140,QFN,N240600Z,2/5/2024 19:00,B-A-T-P,P,NP3,WD-135E082B008P,74AVC2T45GX/S500,103152,NP30046P,C,2024-NPK-02-G082,FILM FRAME,N,8,1,14.1X29.9,,CZ0288
NPKPR0579.1,2024,6,2,140,140,QFN,N2406010,2/5/2024 19:00,B-A-T-P,P,NP3,WD-135E082B008P,74AVC2T45GX/S500,103040,NP30046P,C,2024-NPK-02-G087,FILM FRAME,N,8,1,14.1X29.9,,CZ0288
NPKPR0580.1,2024,6,2,140,140,QFN,N2406011,2/5/2024 19:00,B-A-T-P,P,NP3,WD-135E082B008P,74AVC2T45GX/S500,103111,NP30046P,C,2024-NPK-02-G082,FILM FRAME,N,8,1,14.1X29.9,,CZ0288
NPKPR0581.1,2024,6,3,140,140,QFN,N2406012,2/6/2024 19:00,B-A-T-P,P,NP3,WD-135E082B008P,74AVC2T45GX/S500,103043,NP30046P,C,2024-NPK-02-G082,FILM FRAME,N,8,1,14.1X29.9,,CZ0288
NPKPR0582.1,2024,6,3,140,140,QFN,N2406013,2/6/2024 19:00,B-A-T-P,P,NP3,WD-135E082B008P,74AVC2T45GX/S500,103112,NP30046P,C,2024-NPK-02-G087,FILM FRAME,N,8,1,14.1X29.9,,CZ0288
NPKPR0583.1,2024,6,3,140,140,QFN,N2406014,2/6/2024 19:00,B-A-T-P,P,NP3,WD-135E082B008P,74AVC2T45GX/S500,103141,NP30046P,C,2024-NPK-02-G087,FILM FRAME,N,8,1,14.1X29.9,,CZ0288
NPKPR0584.1,2024,6,3,140,140,QFN,N2406015,2/6/2024 19:00,B-A-T-P,P,NP3,WD-135E082B008P,74AVC2T45GX/S500,102922,NP30046P,C,2024-NPK-02-G087,FILM FRAME,N,8,1,14.1X29.9,,CZ0288
NPKPR0585.1,2024,6,4,140,140,QFN,N2406016,2/7/2024 19:00,B-A-T-P,P,NP3,WD-135E082B008P,74AVC2T45GX/S500,103089,NP30046P,C,2024-NPK-02-G097,FILM FRAME,N,8,1,14.1X29.9,,CZ0288
NPKPR0586.1,2024,6,4,140,140,QFN,N2406017,2/7/2024 19:00,B-A-T-P,P,NP3,WD-135E082B008P,74AVC2T45GX/S500,103055,NP30046P,C,2024-NPK-02-G087,FILM FRAME,N,8,1,14.1X29.9,,CZ0288
NPKPR0587.1,2024,6,4,140,140,QFN,N2406018,2/7/2024 19:00,B-A-T-P,P,NP3,WD-135E082B008P,74AVC2T45GX/S500,103143,NP30046P,C,2024-NPK-02-G097,FILM FRAME,N,8,1,14.1X29.9,,CZ0288
NPKPR0588.1,2024,6,4,140,140,QFN,N2406019,2/7/2024 19:00,B-A-T-P,P,NP3,WD-135E082B008P,74AVC2T45GX/S500,102894,NP30046P,C,2024-NPK-02-G087,FILM FRAME,N,8,1,14.1X29.9,,CZ0288
NPKPR0589.1,2024,6,5,140,140,QFN,N240601A,2/8/2024 19:00,B-A-T-P,P,NP3,WD-135E082B008P,74AVC2T45GX/S500,102840,NP30046P,C,2024-NPK-02-G097,FILM FRAME,N,8,1,14.1X29.9,,CZ0288
NPKPR0590.1,2024,6,5,140,140,QFN,N240601B,2/8/2024 19:00,B-A-T-P,P,NP3,WD-135E082B008P,74AVC2T45GX/S500,103110,NP30046P,C,2024-NPK-02-G097,FILM FRAME,N,8,1,14.1X29.9,,CZ0288
NPKPR0591.1,2024,6,5,140,140,QFN,N240601C,2/8/2024 19:00,B-A-T-P,P,NP3,WD-135E082B008P,74AVC2T45GX/S500,102918,NP30046P,C,2024-NPK-02-G097,FILM FRAME,N,8,1,14.1X29.9,,CZ0288
NPKPR0592.1,2024,6,5,140,140,QFN,N240601D,2/8/2024 19:00,B-A-T-P,P,NP3,WD-135E082B008P,74AVC2T45GX/S500,102780,NP30046P,C,2024-NPK-02-G097,FILM FRAME,N,8,1,14.1X29.9,,CZ0288
NPKPR0593.1,2024,6,6,140,140,QFN,N240601E,2/9/2024 19:00,B-A-T-P,P,NP3,WD-135E082B008P,74AVC2T45GX/S500,102749,NP30046P,C,2024-NPK-02-G099,FILM FRAME,N,8,1,14.1X29.9,,CZ0288
NPKPR0594.1,2024,6,6,140,140,QFN,N240601F,2/9/2024 19:00,B-A-T-P,P,NP3,WD-135E082B008P,74AVC2T45GX/S500,103006,NP30046P,C,2024-NPK-02-G109,FILM FRAME,N,8,1,14.1X29.9,,CZ0288
NPKPR0595.1,2024,6,6,140,140,QFN,N240601G,2/9/2024 19:00,B-A-T-P,P,NP3,WD-135E082B008P,74AVC2T45GX/S500,103071,NP30046P,C,2024-NPK-02-G097,FILM FRAME,N,8,1,14.1X29.9,,CZ0288
NPKPR0596.1,2024,6,6,140,140,QFN,N240601H,2/9/2024 19:00,B-A-T-P,P,NP3,WD-135E082B008P,74AVC2T45GX/S500,103157,NP30046P,C,2024-NPK-02-G097,FILM FRAME,N,8,1,14.1X29.9,,CZ0288
NPKPR0597.1,2024,6,7,140,140,QFN,N240601I,2/10/2024 19:00,B-A-T-P,P,NP3,WD-135E082B008P,74AVC2T45GX/S500,103186,NP30046P,C,2024-NPK-02-G099,FILM FRAME,N,8,1,14.1X29.9,,CZ0288
NPKPR0598.1,2024,6,7,140,140,QFN,N240601J,2/10/2024 19:00,B-A-T-P,P,NP3,WD-135E082B008P,74AVC2T45GX/S500,103169,NP30046P,C,2024-NPK-02-G097,FILM FRAME,N,8,1,14.1X29.9,,CZ0288
NPKPR0618.1,2024,6,7,140,140,QFN,N2406039,2/10/2024 19:00,B-A-T-P,P,NP3,WD-135E082B008P,74AVC2T45GX/S500,102684,NP30046P,C,2024-NPK-02-G099,FILM FRAME,N,8,1,14.1X29.9,,CZ0288
NPKPR0619.1,2024,6,7,140,140,QFN,N240603A,2/10/2024 19:00,B-A-T-P,P,NP3,WD-135E082B008P,74AVC2T45GX/S500,102310,NP30046P,C,2024-NPK-02-G113,FILM FRAME,N,8,1,14.1X29.9,,CZ0288
NPKPR0697.1,2024,6,7,140,140,QFN,N2406058,2/10/2024 19:00,B-A-T-P,P,NP3,WD-135E082B008P,74AVC2T45GX/S500,102106,NP30046P,C,2024-NPK-02-G099,FILM FRAME,N,8,1,14.1X29.9,,CZ0288
NPKPR0698.1,2024,7,1,140,140,QFN,N2406059,2/11/2024 19:00,B-A-T-P,P,NP3,WD-135E082B008P,74AVC2T45GX/S500,102282,NP30046P,C,2024-NPK-02-G099,FILM FRAME,N,8,1,14.1X29.9,,CZ0288
NPKPR0699.1,2024,7,1,140,140,QFN,N240605A,2/11/2024 19:00,B-A-T-P,P,NP3,WD-135E082B008P,74AVC2T45GX/S500,102373,NP30046P,C,2024-NPK-02-G099,FILM FRAME,N,8,1,14.1X29.9,,CZ0288
NPKPR0700.1,2024,7,1,140,140,QFN,N240605B,2/11/2024 19:00,B-A-T-P,P,NP3,WD-135E082B008P,74AVC2T45GX/S500,102382,NP30046P,C,2024-NPK-02-G104,FILM FRAME,N,8,1,14.1X29.9,,CZ0288
NPKPR0701.1,2024,7,1,140,140,QFN,N240605C,2/11/2024 19:00,B-A-T-P,P,NP3,WD-135E082B008P,74AVC2T45GX/S500,102475,NP30046P,C,2024-NPK-02-G099,FILM FRAME,N,8,1,14.1X29.9,,CZ0288
NPKPR0702.1,2024,7,2,140,140,QFN,N240701L,2/12/2024 19:00,B-A-T-P,P,NP3,WD-135E082B008P,74AVC2T45GX/S500,102352,NP30046P,C,2024-NPK-02-G099,FILM FRAME,N,8,1,14.1X29.9,,CZ0288
NPKPR0705.1,2024,7,2,140,140,QFN,N240701O,2/12/2024 19:00,B-A-T-P,P,NP3,WD-135E082B008P,74AVC2T45GX/S500,102478,NP30046P,C,2024-NPK-02-G104,FILM FRAME,N,8,1,14.1X29.9,,CZ0288
NPKPR0706.1,2024,7,3,140,140,QFN,N240701P,2/13/2024 19:00,B-A-T-P,P,NP3,WD-135E082B008P,74AVC2T45GX/S500,102329,NP30046P,C,2024-NPK-02-G104,FILM FRAME,N,8,1,14.1X29.9,,CZ0288
NPKPR0707.1,2024,7,3,140,140,QFN,N240701Q,2/13/2024 19:00,B-A-T-P,P,NP3,WD-135E082B008P,74AVC2T45GX/S500,102584,NP30046P,C,2024-NPK-02-G109,FILM FRAME,N,8,1,14.1X29.9,,CZ0288
NPKPR0708.1,2024,7,3,140,140,QFN,N240701R,2/13/2024 19:00,B-A-T-P,P,NP3,WD-135E082B008P,74AVC2T45GX/S500,102683,NP30046P,C,2024-NPK-02-G104,FILM FRAME,N,8,1,14.1X29.9,,CZ0288
NPKPR0709.1,2024,7,4,140,140,QFN,N240701S,2/14/2024 19:00,B-A-T-P,P,NP3,WD-135E082B008P,74AVC2T45GX/S500,102540,NP30046P,C,2024-NPK-02-G113,FILM FRAME,N,8,1,14.1X29.9,,CZ0288
NPKPR0710.1,2024,7,4,140,140,QFN,N240701T,2/14/2024 19:00,B-A-T-P,P,NP3,WD-135E082B008P,74AVC2T45GX/S500,102400,NP30046P,C,2024-NPK-02-G113,FILM FRAME,N,8,1,14.1X29.9,,CZ0288
NPKPR0711.1,2024,7,4,140,140,QFN,N240701U,2/14/2024 19:00,B-A-T-P,P,NP3,WD-135E082B008P,74AVC2T45GX/S500,102178,NP30046P,C,2024-NPK-02-G113,FILM FRAME,N,8,1,14.1X29.9,,CZ0288
NPKPR0712.1,2024,7,5,140,140,QFN,N240701V,2/15/2024 19:00,B-A-T-P,P,NP3,WD-135E082B008P,74AVC2T45GX/S500,101961,NP30046P,C,2024-NPK-02-G128,FILM FRAME,N,8,1,14.1X29.9,,CZ0288
NPKPR0713.1,2024,7,5,140,140,QFN,N240701W,2/15/2024 19:00,B-A-T-P,P,NP3,WD-135E082B008P,74AVC2T45GX/S500,101959,NP30046P,C,2024-NPK-02-G125,FILM FRAME,N,8,1,14.1X29.9,,CZ0288
NPKPR0714.1,2024,7,6,140,140,QFN,N240701X,2/16/2024 19:00,B-A-T-P,P,NP3,WD-135E082B008P,74AVC2T45GX/S500,101825,NP30046P,C,2024-NPK-02-G113,FILM FRAME,N,8,1,14.1X29.9,,CZ0288
NPKPR0715.1,2024,7,6,140,140,QFN,N240701Y,2/16/2024 19:00,B-A-T-P,P,NP3,WD-135E082B008P,74AVC2T45GX/S500,102369,NP30046P,C,2024-NPK-02-G128,FILM FRAME,N,8,1,14.1X29.9,,CZ0288
NPKPR0716.1,2024,7,6,140,140,QFN,N240701Z,2/16/2024 19:00,B-A-T-P,P,NP3,WD-135E082B008P,74AVC2T45GX/S500,102068,NP30046P,C,2024-NPK-02-G128,FILM FRAME,N,8,1,14.1X29.9,,CZ0288
NPKPR0717.1,2024,7,7,140,140,QFN,N2407020,2/17/2024 19:00,B-A-T-P,P,NP3,WD-135E082B008P,74AVC2T45GX/S500,102126,NP30046P,C,2024-NPK-02-G128,FILM FRAME,N,8,1,14.1X29.9,,CZ0288
NPKPR0718.1,2024,7,7,140,140,QFN,N2407021,2/17/2024 19:00,B-A-T-P,P,NP3,WD-135E082B008P,74AVC2T45GX/S500,102170,NP30046P,C,2024-NPK-02-G135,FILM FRAME,N,8,1,14.1X29.9,,CZ0288
NPKPR0719.1,2024,7,2,140,140,QFN,N2407022,2/12/2024 19:00,B-A-T-P,P,NP3,WD-135E082B008P,74AVC2T45GX/S500,102281,NP30046P,C,2024-NPK-02-G109,FILM FRAME,N,8,1,14.1X29.9,,CZ0288
NPKPR0720.1,2024,7,2,140,140,QFN,N2407023,2/12/2024 19:00,B-A-T-P,P,NP3,WD-135E082B008P,74AVC2T45GX/S500,102364,NP30046P,C,2024-NPK-02-G104,FILM FRAME,N,8,1,14.1X29.9,,CZ0288
NPKPR0830.1,2024,8,3,140,140,QFN,N240801L,2/20/2024 19:00,B-A-T-P,P,NP3,WD-135E082B008P,74AVC2T45GX/S500,100168,NP30046P,C,2024-NPK-03-G014,FILM FRAME,N,8,1,14.1 X 29.9,,CZ0288
NPKPR0831.1,2024,8,3,140,140,QFN,N240801M,2/20/2024 19:00,B-A-T-P,P,NP3,WD-135E082B008P,74AVC2T45GX/S500,101206,NP30046P,C,2024-NPK-03-G008,FILM FRAME,N,8,1,14.1 X 29.9,,CZ0288
NPKPR0832.1,2024,8,4,140,140,QFN,N240801N,2/21/2024 19:00,B-A-T-P,P,NP3,WD-135E082B008P,74AVC2T45GX/S500,96709,NP30046P,C,2024-NPK-03-G014,FILM FRAME,N,8,1,14.1 X 29.9,,CZ0288
NPKPR0833.1,2024,8,4,140,140,QFN,N240801O,2/21/2024 19:00,B-A-T-P,P,NP3,WD-135E082B008P,74AVC2T45GX/S500,100414,NP30046P,C,2024-NPK-03-G014,FILM FRAME,N,8,1,14.1 X 29.9,,CZ0288
NPKPR0834.1,2024,8,4,140,140,QFN,N240801P,2/21/2024 19:00,B-A-T-P,P,NP3,WD-135E082B008P,74AVC2T45GX/S500,101190,NP30046P,C,2024-NPK-03-G014,FILM FRAME,N,8,1,14.1 X 29.9,,CZ0288
NPKPR0835.1,2024,8,5,140,140,QFN,N240801Q,2/22/2024 19:00,B-A-T-P,P,NP3,WD-135E082B008P,74AVC2T45GX/S500,101060,NP30046P,C,2024-NPK-03-G014,FILM FRAME,N,8,1,14.1 X 29.9,,CZ0288
NPKPR0836.1,2024,8,5,140,140,QFN,N240801R,2/22/2024 19:00,B-A-T-P,P,NP3,WD-135E082B008P,74AVC2T45GX/S500,101269,NP30046P,C,2024-NPK-03-G014,FILM FRAME,N,8,1,14.1 X 29.9,,CZ0288
NPKPR0837.1,2024,8,6,140,140,QFN,N240801S,2/23/2024 19:00,B-A-T-P,P,NP3,WD-135E082B008P,74AVC2T45GX/S500,101898,NP30046P,C,2024-NPK-03-G021,FILM FRAME,N,8,1,14.1 X 29.9,,CZ0288
NPKPR0838.1,2024,8,6,140,140,QFN,N240801T,2/23/2024 19:00,B-A-T-P,P,NP3,WD-135E082B008P,74AVC2T45GX/S500,102369,NP30046P,C,2024-NPK-03-G019,FILM FRAME,N,8,1,14.1 X 29.9,,CZ0288
NPKPR0839.1,2024,9,1,140,140,QFN,N240801U,2/25/2024 19:00,B-A-T-P,P,NP3,WD-135E082B008P,74AVC2T45GX/S500,102589,NP30046P,C,2024-NPK-03-G026,FILM FRAME,N,8,1,14.1 X 29.9,,CZ0288
NPKPR0840.1,2024,9,1,140,140,QFN,N240801V,2/25/2024 19:00,B-A-T-P,P,NP3,WD-135E082B008P,74AVC2T45GX/S500,103072,NP30046P,C,2024-NPK-03-G021,FILM FRAME,N,8,1,14.1 X 29.9,,CZ0288
NPKPR0841.1,2024,9,2,140,140,QFN,N2409001,2/26/2024 19:00,B-A-T-P,P,NP3,WD-135E082B008P,74AVC2T45GX/S500,102545,NP30046P,C,2024-NPK-03-G060,FILM FRAME,N,8,1,14.1 X 29.9,,CZ0288
NPKPR0842.1,2024,9,2,140,140,QFN,N2409002,2/26/2024 19:00,B-A-T-P,P,NP3,WD-135E082B008P,74AVC2T45GX/S500,103325,NP30046P,C,2024-NPK-03-G060,FILM FRAME,N,8,1,14.1 X 29.9,,CZ0288
NPKPR0928.1,2024,9,3,140,140,QFN,N240902K,2/27/2024 19:00,B-A-T-P,P,NP3,WD-135E082B008P,74AVC2T45GX/S500,103903,NP30046P,C,2024-NPK-03-G014,FILM FRAME,N,8,1,14.1 X 29.9,,CZ0288
NPKPR0929.1,2024,9,3,140,140,QFN,N240902P,2/27/2024 19:00,B-A-T-P,P,NP3,WD-135E082B008P,74AVC2T45GX/S500,104081,NP30046P,C,2024-NPK-03-G060,FILM FRAME,N,8,1,14.1 X 29.9,,CZ0288
NPKPR0930.1,2024,9,4,140,140,QFN,N240902Q,2/28/2024 19:00,B-A-T-P,P,NP3,WD-135E082B008P,74AVC2T45GX/S500,104061,NP30046P,C,2024-NPK-03-G021,FILM FRAME,N,8,1,14.1 X 29.9,,CZ0288
NPKPR0931.1,2024,9,4,140,140,QFN,N240902R,2/28/2024 19:00,B-A-T-P,P,NP3,WD-135E082B008P,74AVC2T45GX/S500,104045,NP30046P,C,2024-NPK-03-G021,FILM FRAME,N,8,1,14.1 X 29.9,,CZ0288
ONMPR0242.3,2024,6,5,140,140,QFN,GUR060062,2/8/2024 19:00,A,P,ONS,ND-300D1351012K,SZNUF6401MNWT1G-ASY,39887,ONS2119P,A,2024-ONM-02-G041,CANISTER,Y,6,2,15.7 X 28.3,,CZ0289
ONMPR0242.2,2024,6,5,140,140,QFN,GUR060061,2/8/2024 19:00,A,P,ONS,ND-300D1351012K,SZNUF6401MNWT1G-ASY,46800,ONS2119P,A,2024-ONM-02-G041,CANISTER,Y,6,2,15.7 X 28.3,,CZ0289
ONMPR0242.1,2024,6,5,140,140,QFN,GUR060060,2/8/2024 19:00,A,P,ONS,ND-300D1351012K,SZNUF6401MNWT1G-ASY,46800,ONS2119P,A,2024-ONM-02-G048,CANISTER,Y,6,2,15.7 X 28.3,,CZ0289
ONMPR0243.2,2024,6,6,140,140,QFN,GUR060064,2/9/2024 19:00,A,P,ONS,ND-300D1351012K,SZNUF6401MNWT1G-ASY,59827,ONS2119P,A,2024-ONM-02-G048,CANISTER,Y,6,2,15.7 X 28.3,,CZ0289
ONMPR0243.1,2024,6,6,140,140,QFN,GUR060063,2/9/2024 19:00,A,P,ONS,ND-300D1351012K,SZNUF6401MNWT1G-ASY,46800,ONS2119P,A,2024-ONM-02-G048,CANISTER,Y,6,2,15.7 X 28.3,,CZ0289
ONMPR0258.1,2024,6,7,140,140,QFN,GUR070006,2/10/2024 19:00,A,P,ONS,ND-300D1351012K,SZNUF6401MNWT1G-ASY,46800,ONS2119P,A,2024-ONM-02-G048,CANISTER,Y,6,2,15.7 X 28.3,,CZ0289
ONMPR0258.2,2024,6,7,140,140,QFN,GUR070007,2/10/2024 19:00,A,P,ONS,ND-300D1351012K,SZNUF6401MNWT1G-ASY,59302,ONS2119P,A,2024-ONM-02-G048,CANISTER,Y,6,2,15.7 X 28.3,,CZ0289
ONMPR0259.1,2024,7,1,140,140,QFN,GUR070008,2/11/2024 19:00,A,P,ONS,ND-300D1351012K,SZNUF6401MNWT1G-ASY,46800,ONS2119P,A,2024-ONM-02-G054,CANISTER,Y,6,2,15.7 X 28.3,,CZ0289
ONMPR0259.2,2024,7,1,140,140,QFN,GUR070009,2/11/2024 19:00,A,P,ONS,ND-300D1351012K,SZNUF6401MNWT1G-ASY,59396,ONS2119P,A,2024-ONM-02-G054,CANISTER,Y,6,2,15.7 X 28.3,,CZ0289
ONMPR0260.2,2024,7,2,140,140,QFN,GUR070011,2/12/2024 19:00,A,P,ONS,ND-300D1351012K,SZNUF6401MNWT1G-ASY,46800,ONS2119P,A,2024-ONM-02-G059,CANISTER,Y,6,2,15.7 X 28.3,,CZ0289
ONMPR0260.3,2024,7,2,140,140,QFN,GUR070012,2/12/2024 19:00,A,P,ONS,ND-300D1351012K,SZNUF6401MNWT1G-ASY,39626,ONS2119P,A,2024-ONM-02-G063,CANISTER,Y,6,2,15.7 X 28.3,,CZ0289
ONMPR0260.1,2024,7,2,140,140,QFN,GUR070010,2/12/2024 19:00,A,P,ONS,ND-300D1351012K,SZNUF6401MNWT1G-ASY,46800,ONS2119P,A,2024-ONM-02-G054,CANISTER,Y,6,2,15.7 X 28.3,,CZ0289
ONMPR0396.2,2024,9,4,140,140,QFN,GUR090064,2/28/2024 19:00,A,P,ONS,ND-300D1351012K,SZNUF6401MNWT1G-ASY,60342,ONS2119P,A,2024-ONM-03-G014,CANISTER,Y,6,2,15.7 X 28.3,,CZ0289
ONMPR0396.1,2024,9,4,140,140,QFN,GUR090063,2/28/2024 19:00,A,P,ONS,ND-300D1351012K,SZNUF6401MNWT1G-ASY,46800,ONS2119P,A,2024-ONM-03-G011,CANISTER,Y,6,2,15.7 X 28.3,,CZ0289
ONMPR0399.1,2024,9,4,140,140,QFN,GUR090071,2/28/2024 19:00,A,P,ONS,ND-300D1351012K,SZNUF6401MNWT1G-ASY,26817,ONS2119P,A,2024-ONM-03-G011,CANISTER,Y,6,2,15.7 X 28.3,,CZ0289
ONMPR0344.1,2024,8,2,140,140,QFN,GUR080033,2/19/2024 19:00,G-A,P,ONS,ND-300E300C008B,99NCP59800BMNADJTBG,47517,ONS1601P,G,2024-ONM-02-G080,CANISTER,N,8,1,23.60 X 39.30,,CZ0142
ONLPR0281.1,2024,5,7,140,140,QFN,GUR060001,2/3/2024 19:00,B-A,P,ONS,NQC400E400A032A,22275-001-ASY,28000,ONS1896P,B,2024-ONL-02-G044,CANISTER,N,8,1,70.00 X 70.00,,CZ0142
ONLPR0281.2,2024,5,7,140,140,QFN,GUR060001A,2/3/2024 19:00,B-A,P,ONS,NQC400E400A032A,22275-001-ASY,15547,ONS1896P,B,2024-ONL-02-G044,CANISTER,N,8,1,70.00 X 70.00,,CZ0142
ONLPR0282.1,2024,6,1,140,140,QFN,GUR060002,2/4/2024 19:00,B-A,P,ONS,NQC400E400A032A,22275-001-ASY,26199,ONS1896P,B,2024-ONL-02-G056,CANISTER,N,8,1,70.00 X 70.00,,CZ0142
ONLPR0358.2,2024,6,7,140,140,QFN,GUR070001A,2/10/2024 19:00,B-A,P,ONS,NQC400E400A032A,22275-001-ASY,15694,ONS1896P,B,2024-ONL-02-G072,CANISTER,N,8,1,70.00 X 70.00,,CZ0142
ONLPR0358.1,2024,6,7,140,140,QFN,GUR070001,2/10/2024 19:00,B-A,P,ONS,NQC400E400A032A,22275-001-ASY,28000,ONS1896P,B,2024-ONL-02-G072,CANISTER,N,8,1,70.00 X 70.00,,CZ0142
ONLPR0359.1,2024,7,1,140,140,QFN,GUR070002,2/11/2024 19:00,B-A,P,ONS,NQC400E400A032A,22275-001-ASY,28000,ONS1896P,B,2024-ONL-02-G079,CANISTER,N,8,1,70.00 X 70.00,,CZ0142
ONLPR0359.2,2024,7,1,140,140,QFN,GUR070002A,2/11/2024 19:00,B-A,P,ONS,NQC400E400A032A,22275-001-ASY,15730,ONS1896P,B,2024-ONL-02-G079,CANISTER,N,8,1,70.00 X 70.00,,CZ0142
ONLPR0428.1,2024,7,7,140,140,QFN,GUR080001,2/17/2024 19:00,B-A,P,ONS,NQC400E400A032A,22275-001-ASY,28000,ONS1896P,B,2024-ONL-02-G103,CANISTER,N,8,1,70.00 X 70.00,,CZ0142
ONLPR0428.2,2024,7,7,140,140,QFN,GUR080001A,2/17/2024 19:00,B-A,P,ONS,NQC400E400A032A,22275-001-ASY,24389,ONS1896P,B,2024-ONL-02-G106,CANISTER,N,8,1,70.00 X 70.00,,CZ0142
ONLPR0516.2,2024,9,1,140,140,QFN,GUR090001A,2/25/2024 19:00,B-A,P,ONS,NQC400E400A032A,22275-001-ASY,24380,ONS1896P,B,2024-ONL-03-G009,CANISTER,N,8,1,70.00 X 70.00,,CZ0142
ONLPR0516.1,2024,9,1,140,140,QFN,GUR090001,2/25/2024 19:00,B-A,P,ONS,NQC400E400A032A,22275-001-ASY,28000,ONS1896P,B,2024-ONL-03-G009,CANISTER,N,8,1,70.00 X 70.00,,CZ0142
ONLPR0517.2,2024,9,2,140,140,QFN,GUR090002A,2/26/2024 19:00,B-A,P,ONS,NQC400E400A032A,22275-001-ASY,41913,ONS1896P,B,2024-ONL-03-G014,CANISTER,N,8,1,70.00 X 70.00,,CZ0142
ONLPR0517.1,2024,9,2,140,140,QFN,GUR090002,2/26/2024 19:00,B-A,P,ONS,NQC400E400A032A,22275-001-ASY,28000,ONS1896P,B,2024-ONL-03-G014,CANISTER,N,8,1,70.00 X 70.00,,CZ0142
ONCPR0437.3,2024,5,7,140,140,QFN,GUR060040,2/3/2024 19:00,G-A-T-P,P,ONS,NQC400E400B020D,NCP81270CMNTXG-ASY,21000,ONS2149P,H,2024-ONC-02-G098,TRAY,N,8,1,82.60X74.80,,CZ0289
ONCPR0437.1,2024,5,7,140,140,QFN,GUR060038,2/3/2024 19:00,G-A-T-P,P,ONS,NQC400E400B020D,NCP81270CMNTXG-ASY,21000,ONS2149P,H,2024-ONC-02-G098,TRAY,N,8,1,82.60X74.80,,CZ0289
ONCPR0437.2,2024,5,7,140,140,QFN,GUR060039,2/3/2024 19:00,G-A-T-P,P,ONS,NQC400E400B020D,NCP81270CMNTXG-ASY,21000,ONS2149P,H,2024-ONC-02-G101,TRAY,N,8,1,82.60X74.80,,CZ0289
ONCPR0437.8,2024,5,7,140,140,QFN,GUR060045,2/3/2024 19:00,G-A-T-P,P,ONS,NQC400E400B020D,NCP81270CMNTXG-ASY,27250,ONS2149P,H,2024-ONC-02-G098,TRAY,N,8,1,82.60X74.80,,CZ0289
ONCPR0437.7,2024,5,7,140,140,QFN,GUR060044,2/3/2024 19:00,G-A-T-P,P,ONS,NQC400E400B020D,NCP81270CMNTXG-ASY,21000,ONS2149P,H,2024-ONC-02-G098,TRAY,N,8,1,82.60X74.80,,CZ0289
ONCPR0437.6,2024,5,7,140,140,QFN,GUR060043,2/3/2024 19:00,G-A-T-P,P,ONS,NQC400E400B020D,NCP81270CMNTXG-ASY,21000,ONS2149P,H,2024-ONC-02-G098,TRAY,N,8,1,82.60X74.80,,CZ0289
ONCPR0437.4,2024,5,7,140,140,QFN,GUR060041,2/3/2024 19:00,G-A-T-P,P,ONS,NQC400E400B020D,NCP81270CMNTXG-ASY,21000,ONS2149P,H,2024-ONC-02-G098,TRAY,N,8,1,82.60X74.80,,CZ0289
ONCPR0437.5,2024,5,7,140,140,QFN,GUR060042,2/3/2024 19:00,G-A-T-P,P,ONS,NQC400E400B020D,NCP81270CMNTXG-ASY,21000,ONS2149P,H,2024-ONC-02-G098,TRAY,N,8,1,82.60X74.80,,CZ0289
ONCPR0438.5,2024,6,1,140,140,QFN,GUR060050,2/4/2024 19:00,G-A-T-P,P,ONS,NQC400E400B020D,NCP81270CMNTXG-ASY,20550,ONS2149P,H,2024-ONC-02-G104,TRAY,N,8,1,82.60X74.80,,CZ0289
ONCPR0438.4,2024,6,1,140,140,QFN,GUR060049,2/4/2024 19:00,G-A-T-P,P,ONS,NQC400E400B020D,NCP81270CMNTXG-ASY,21000,ONS2149P,H,2024-ONC-02-G101,TRAY,N,8,1,82.60X74.80,,CZ0289
ONCPR0438.2,2024,6,1,140,140,QFN,GUR060047,2/4/2024 19:00,G-A-T-P,P,ONS,NQC400E400B020D,NCP81270CMNTXG-ASY,21000,ONS2149P,H,2024-ONC-02-G099,TRAY,N,8,1,82.60X74.80,,CZ0289
ONCPR0438.3,2024,6,1,140,140,QFN,GUR060048,2/4/2024 19:00,G-A-T-P,P,ONS,NQC400E400B020D,NCP81270CMNTXG-ASY,21000,ONS2149P,H,2024-ONC-02-G103,TRAY,N,8,1,82.60X74.80,,CZ0289
ONCPR0438.1,2024,6,1,140,140,QFN,GUR060046,2/4/2024 19:00,G-A-T-P,P,ONS,NQC400E400B020D,NCP81270CMNTXG-ASY,21000,ONS2149P,H,2024-ONC-02-G104,TRAY,N,8,1,82.60X74.80,,CZ0289
ONCPR0442.2,2024,6,1,140,140,QFN,GUR060052,2/4/2024 19:00,G-A-T-P,P,ONS,NQC400E400B020D,NCP81270MNTXG-ASY,27790,ONS2149P,H,2024-ONC-02-G101,TRAY,N,8,1,82.60X74.80,,CZ0289
ONCPR0442.1,2024,6,1,140,140,QFN,GUR060051,2/4/2024 19:00,G-A-T-P,P,ONS,NQC400E400B020D,NCP81270MNTXG-ASY,21000,ONS2149P,H,2024-ONC-02-G104,TRAY,N,8,1,82.60X74.80,,CZ0289
ONCPR0553.1,2024,6,7,140,140,QFN,GUR070056,2/10/2024 19:00,G-A-T-P,P,ONS,NQC400E400B020D,NCP81270MNTXG-ASY,21000,ONS2149P,H,2024-ONC-02-G104,TRAY,N,8,1,82.60X74.80,,CZ0289
ONCPR0553.2,2024,6,7,140,140,QFN,GUR070057,2/10/2024 19:00,G-A-T-P,P,ONS,NQC400E400B020D,NCP81270MNTXG-ASY,20820,ONS2149P,H,2024-ONC-02-G112,TRAY,N,8,1,82.60X74.80,,CZ0289
ONCPR0555.1,2024,6,7,140,140,QFN,GUR070058,2/10/2024 19:00,G-A-T-P,P,ONS,NQC400E400B020D,NCP81270MNTXG-ASY,13940,ONS2149P,H,2024-ONC-02-G106,TRAY,N,8,1,82.60X74.80,,CZ0289
ONCPR0556.1,2024,6,7,140,140,QFN,GUR070059,2/10/2024 19:00,G-A-T-P,P,ONS,NQC400E400B020D,NCP81270MNTXG-ASY,20910,ONS2149P,H,2024-ONC-02-G112,TRAY,N,8,1,82.60X74.80,,CZ0289
ONCPR0680.2,2024,8,1,140,140,QFN,GUR080035,2/18/2024 19:00,G-A-T-P,P,ONS,NQC400E400B020D,NCP81270MNTXG-ASY,21000,ONS2149P,H,2024-ONC-02-G169,TRAY,N,8,1,82.60X74.80,,CZ0289
ONCPR0680.1,2024,8,1,140,140,QFN,GUR080034,2/18/2024 19:00,G-A-T-P,P,ONS,NQC400E400B020D,NCP81270MNTXG-ASY,21000,ONS2149P,H,2024-ONC-02-G164,TRAY,N,8,1,82.60X74.80,,CZ0289
ONCPR0680.7,2024,8,1,140,140,QFN,GUR080040,2/18/2024 19:00,G-A-T-P,P,ONS,NQC400E400B020D,NCP81270MNTXG-ASY,13400,ONS2149P,H,2024-ONC-03-G001,TRAY,N,8,1,82.60X74.80,,CZ0289
ONCPR0680.6,2024,8,1,140,140,QFN,GUR080039,2/18/2024 19:00,G-A-T-P,P,ONS,NQC400E400B020D,NCP81270MNTXG-ASY,21000,ONS2149P,H,2024-ONC-02-G168,TRAY,N,8,1,82.60X74.80,,CZ0289
ONCPR0680.5,2024,8,1,140,140,QFN,GUR080038,2/18/2024 19:00,G-A-T-P,P,ONS,NQC400E400B020D,NCP81270MNTXG-ASY,21000,ONS2149P,H,2024-ONC-03-G001,TRAY,N,8,1,82.60X74.80,,CZ0289
ONCPR0680.4,2024,8,1,140,140,QFN,GUR080037,2/18/2024 19:00,G-A-T-P,P,ONS,NQC400E400B020D,NCP81270MNTXG-ASY,21000,ONS2149P,H,2024-ONC-03-G001,TRAY,N,8,1,82.60X74.80,,CZ0289
ONCPR0680.3,2024,8,1,140,140,QFN,GUR080036,2/18/2024 19:00,G-A-T-P,P,ONS,NQC400E400B020D,NCP81270MNTXG-ASY,21000,ONS2149P,H,2024-ONC-02-G169,TRAY,N,8,1,82.60X74.80,,CZ0289
ONCPR0681.2,2024,8,2,140,140,QFN,GUR080042,2/19/2024 19:00,G-A-T-P,P,ONS,NQC400E400B020D,NCP81270MNTXG-ASY,13850,ONS2149P,H,2024-ONC-03-G014,TRAY,N,8,1,82.60X74.80,,CZ0289
ONCPR0681.1,2024,8,2,140,140,QFN,GUR080041,2/19/2024 19:00,G-A-T-P,P,ONS,NQC400E400B020D,NCP81270MNTXG-ASY,21000,ONS2149P,H,2024-ONC-03-G008,TRAY,N,8,1,82.60X74.80,,CZ0289
ONCPR0682.4,2024,8,2,140,140,QFN,GUR080046,2/19/2024 19:00,G-A-T-P,P,ONS,NQC400E400B020D,NCP81270MNTXG-ASY,21000,ONS2149P,H,2024-ONC-03-G014,TRAY,N,8,1,82.60X74.80,,CZ0289
ONCPR0682.3,2024,8,2,140,140,QFN,GUR080045,2/19/2024 19:00,G-A-T-P,P,ONS,NQC400E400B020D,NCP81270MNTXG-ASY,21000,ONS2149P,H,2024-ONC-03-G008,TRAY,N,8,1,82.60X74.80,,CZ0289
ONCPR0682.2,2024,8,2,140,140,QFN,GUR080044,2/19/2024 19:00,G-A-T-P,P,ONS,NQC400E400B020D,NCP81270MNTXG-ASY,21000,ONS2149P,H,2024-ONC-03-G012,TRAY,N,8,1,82.60X74.80,,CZ0289
ONCPR0682.1,2024,8,2,140,140,QFN,GUR080043,2/19/2024 19:00,G-A-T-P,P,ONS,NQC400E400B020D,NCP81270MNTXG-ASY,21000,ONS2149P,H,2024-ONC-03-G012,TRAY,N,8,1,82.60X74.80,,CZ0289
ONCPR0682.5,2024,8,2,140,140,QFN,GUR080047,2/19/2024 19:00,G-A-T-P,P,ONS,NQC400E400B020D,NCP81270MNTXG-ASY,20550,ONS2149P,H,2024-ONC-03-G008,TRAY,N,8,1,82.60X74.80,,CZ0289
ONCPR0683.2,2024,8,3,140,140,QFN,GUR080049,2/20/2024 19:00,G-A-T-P,P,ONS,NQC400E400B020D,NCP81270MNTXG-ASY,21000,ONS2149P,H,2024-ONC-03-G079,TRAY,N,8,1,82.60X74.80,,CZ0289
ONCPR0683.3,2024,8,3,140,140,QFN,GUR080050,2/20/2024 19:00,G-A-T-P,P,ONS,NQC400E400B020D,NCP81270MNTXG-ASY,27700,ONS2149P,H,2024-ONC-03-G014,TRAY,N,8,1,82.60X74.80,,CZ0289
ONCPR0683.1,2024,8,3,140,140,QFN,GUR080048,2/20/2024 19:00,G-A-T-P,P,ONS,NQC400E400B020D,NCP81270MNTXG-ASY,21000,ONS2149P,H,2024-ONC-03-G016,TRAY,N,8,1,82.60X74.80,,CZ0289
ONCPR0684.1,2024,8,3,140,140,QFN,GUR080051,2/20/2024 19:00,G-A-T-P,P,ONS,NQC400E400B020D,NCP81270MNTXG-ASY,21000,ONS2149P,H,2024-ONC-03-G016,TRAY,N,8,1,82.60X74.80,,CZ0289
ONCPR0684.2,2024,8,3,140,140,QFN,GUR080052,2/20/2024 19:00,G-A-T-P,P,ONS,NQC400E400B020D,NCP81270MNTXG-ASY,21000,ONS2149P,H,2024-ONC-03-G016,TRAY,N,8,1,82.60X74.80,,CZ0289
ONCPR0684.3,2024,8,3,140,140,QFN,GUR080053,2/20/2024 19:00,G-A-T-P,P,ONS,NQC400E400B020D,NCP81270MNTXG-ASY,27700,ONS2149P,H,2024-ONC-03-G016,TRAY,N,8,1,82.60X74.80,,CZ0289
ONCPR0685.3,2024,8,4,140,140,QFN,GUR080056,2/21/2024 19:00,G-A-T-P,P,ONS,NQC400E400B020D,NCP81270MNTXG-ASY,21000,ONS2149P,H,2024-ONC-03-G016,TRAY,N,8,1,82.60X74.80,,CZ0289
ONCPR0685.5,2024,8,4,140,140,QFN,GUR080058,2/21/2024 19:00,G-A-T-P,P,ONS,NQC400E400B020D,NCP81270MNTXG-ASY,20550,ONS2149P,H,2024-ONC-03-G016,TRAY,N,8,1,82.60X74.80,,CZ0289
ONCPR0685.4,2024,8,4,140,140,QFN,GUR080057,2/21/2024 19:00,G-A-T-P,P,ONS,NQC400E400B020D,NCP81270MNTXG-ASY,21000,ONS2149P,H,2024-ONC-03-G016,TRAY,N,8,1,82.60X74.80,,CZ0289
ONCPR0685.2,2024,8,4,140,140,QFN,GUR080055,2/21/2024 19:00,G-A-T-P,P,ONS,NQC400E400B020D,NCP81270MNTXG-ASY,21000,ONS2149P,H,2024-ONC-03-G016,TRAY,N,8,1,82.60X74.80,,CZ0289
ONCPR0685.1,2024,8,4,140,140,QFN,GUR080054,2/21/2024 19:00,G-A-T-P,P,ONS,NQC400E400B020D,NCP81270MNTXG-ASY,21000,ONS2149P,H,2024-ONC-03-G016,TRAY,N,8,1,82.60X74.80,,CZ0289
ONCPR0686.1,2024,8,4,140,140,QFN,GUR080059,2/21/2024 19:00,G-A-T-P,P,ONS,NQC400E400B020D,NCP81270MNTXG-ASY,21000,ONS2149P,H,2024-ONC-03-G016,TRAY,N,8,1,82.60X74.80,,CZ0289
ONCPR0686.2,2024,8,4,140,140,QFN,GUR080060,2/21/2024 19:00,G-A-T-P,P,ONS,NQC400E400B020D,NCP81270MNTXG-ASY,13850,ONS2149P,H,2024-ONC-03-G016,TRAY,N,8,1,82.60X74.80,,CZ0289
ONCPR0687.1,2024,8,5,140,140,QFN,GUR080061,2/22/2024 19:00,G-A-T-P,P,ONS,NQC400E400B020D,NCP81270MNTXG-ASY,21000,ONS2149P,H,2024-ONC-03-G026,TRAY,N,8,1,82.60X74.80,,CZ0289
ONCPR0687.6,2024,8,5,140,140,QFN,GUR080066,2/22/2024 19:00,G-A-T-P,P,ONS,NQC400E400B020D,NCP81270MNTXG-ASY,21000,ONS2149P,H,2024-ONC-03-G026,TRAY,N,8,1,82.60X74.80,,CZ0289
ONCPR0687.2,2024,8,5,140,140,QFN,GUR080062,2/22/2024 19:00,G-A-T-P,P,ONS,NQC400E400B020D,NCP81270MNTXG-ASY,21000,ONS2149P,H,2024-ONC-03-G021,TRAY,N,8,1,82.60X74.80,,CZ0289
ONCPR0687.3,2024,8,5,140,140,QFN,GUR080063,2/22/2024 19:00,G-A-T-P,P,ONS,NQC400E400B020D,NCP81270MNTXG-ASY,21000,ONS2149P,H,2024-ONC-03-G021,TRAY,N,8,1,82.60X74.80,,CZ0289
ONCPR0687.4,2024,8,5,140,140,QFN,GUR080064,2/22/2024 19:00,G-A-T-P,P,ONS,NQC400E400B020D,NCP81270MNTXG-ASY,21000,ONS2149P,H,2024-ONC-03-G026,TRAY,N,8,1,82.60X74.80,,CZ0289
ONCPR0687.5,2024,8,5,140,140,QFN,GUR080065,2/22/2024 19:00,G-A-T-P,P,ONS,NQC400E400B020D,NCP81270MNTXG-ASY,21000,ONS2149P,H,2024-ONC-03-G030,TRAY,N,8,1,82.60X74.80,,CZ0289
ONCPR0687.7,2024,8,5,140,140,QFN,GUR080067,2/22/2024 19:00,G-A-T-P,P,ONS,NQC400E400B020D,NCP81270MNTXG-ASY,13400,ONS2149P,H,2024-ONC-03-G026,TRAY,N,8,1,82.60X74.80,,CZ0289
ONCPR0688.4,2024,8,6,140,140,QFN,GUR080071,2/23/2024 19:00,G-A-T-P,P,ONS,NQC400E400B020D,NCP81270MNTXG-ASY,21000,ONS2149P,H,2024-ONC-03-G032,TRAY,N,8,1,82.60X74.80,,CZ0289
ONCPR0688.3,2024,8,6,140,140,QFN,GUR080070,2/23/2024 19:00,G-A-T-P,P,ONS,NQC400E400B020D,NCP81270MNTXG-ASY,21000,ONS2149P,H,2024-ONC-03-G032,TRAY,N,8,1,82.60X74.80,,CZ0289
ONCPR0688.2,2024,8,6,140,140,QFN,GUR080069,2/23/2024 19:00,G-A-T-P,P,ONS,NQC400E400B020D,NCP81270MNTXG-ASY,21000,ONS2149P,H,2024-ONC-03-G040,TRAY,N,8,1,82.60X74.80,,CZ0289
ONCPR0688.6,2024,8,6,140,140,QFN,GUR080073,2/23/2024 19:00,G-A-T-P,P,ONS,NQC400E400B020D,NCP81270MNTXG-ASY,20460,ONS2149P,H,2024-ONC-03-G032,TRAY,N,8,1,82.60X74.80,,CZ0289
ONCPR0688.5,2024,8,6,140,140,QFN,GUR080072,2/23/2024 19:00,G-A-T-P,P,ONS,NQC400E400B020D,NCP81270MNTXG-ASY,21000,ONS2149P,H,2024-ONC-03-G032,TRAY,N,8,1,82.60X74.80,,CZ0289
ONCPR0688.1,2024,8,6,140,140,QFN,GUR080068,2/23/2024 19:00,G-A-T-P,P,ONS,NQC400E400B020D,NCP81270MNTXG-ASY,21000,ONS2149P,H,2024-ONC-03-G030,TRAY,N,8,1,82.60X74.80,,CZ0289
ONCPR0825.1,2024,9,1,140,140,QFN,GUR090008,2/25/2024 19:00,G-A-T-P,P,ONS,NQC400E400B020D,NCP81270MNTXG-ASY,21000,ONS2149P,H,2024-ONC-03-G037,TRAY,N,8,1,82.60X74.80,,CZ0289
ONCPR0825.2,2024,9,1,140,140,QFN,GUR090009,2/25/2024 19:00,G-A-T-P,P,ONS,NQC400E400B020D,NCP81270MNTXG-ASY,21000,ONS2149P,H,2024-ONC-03-G037,TRAY,N,8,1,82.60X74.80,,CZ0289
ONCPR0825.4,2024,9,1,140,140,QFN,GUR090011,2/25/2024 19:00,G-A-T-P,P,ONS,NQC400E400B020D,NCP81270MNTXG-ASY,27610,ONS2149P,H,2024-ONC-03-G037,TRAY,N,8,1,82.60X74.80,,CZ0289
ONCPR0825.3,2024,9,1,140,140,QFN,GUR090010,2/25/2024 19:00,G-A-T-P,P,ONS,NQC400E400B020D,NCP81270MNTXG-ASY,21000,ONS2149P,H,2024-ONC-03-G037,TRAY,N,8,1,82.60X74.80,,CZ0289
ONCPR0826.1,2024,9,2,140,140,QFN,GUR090012,2/26/2024 19:00,G-A-T-P,P,ONS,NQC400E400B020D,NCP81270MNTXG-ASY,21000,ONS2149P,H,2024-ONC-03-G051,TRAY,N,8,1,82.60X74.80,,CZ0289
ONCPR0826.2,2024,9,2,140,140,QFN,GUR090013,2/26/2024 19:00,G-A-T-P,P,ONS,NQC400E400B020D,NCP81270MNTXG-ASY,21000,ONS2149P,H,2024-ONC-03-G045,TRAY,N,8,1,82.60X74.80,,CZ0289
ONCPR0826.4,2024,9,2,140,140,QFN,GUR090015,2/26/2024 19:00,G-A-T-P,P,ONS,NQC400E400B020D,NCP81270MNTXG-ASY,20640,ONS2149P,H,2024-ONC-03-G045,TRAY,N,8,1,82.60X74.80,,CZ0289
ONCPR0826.3,2024,9,2,140,140,QFN,GUR090014,2/26/2024 19:00,G-A-T-P,P,ONS,NQC400E400B020D,NCP81270MNTXG-ASY,21000,ONS2149P,H,2024-ONC-03-G051,TRAY,N,8,1,82.60X74.80,,CZ0289
ONCPR0827.1,2024,9,1,140,140,QFN,GUR090016,2/25/2024 19:00,G-A-T-P,P,ONS,NQC400E400B020D,NCP81270MNTXG-ASY,21000,ONS2149P,H,2024-ONC-03-G037,TRAY,N,8,1,82.60X74.80,,CZ0289
ONCPR0827.2,2024,9,1,140,140,QFN,GUR090017,2/25/2024 19:00,G-A-T-P,P,ONS,NQC400E400B020D,NCP81270MNTXG-ASY,13850,ONS2149P,H,2024-ONC-03-G045,TRAY,N,8,1,82.60X74.80,,CZ0289
ONCPR0828.1,2024,9,2,140,140,QFN,GUR090018,2/26/2024 19:00,G-A-T-P,P,ONS,NQC400E400B020D,NCP81270MNTXG-ASY,21000,ONS2149P,H,2024-ONC-03-G045,TRAY,N,8,1,82.60X74.80,,CZ0289
ONCPR0828.2,2024,9,2,140,140,QFN,GUR090019,2/26/2024 19:00,G-A-T-P,P,ONS,NQC400E400B020D,NCP81270MNTXG-ASY,20820,ONS2149P,H,2024-ONC-03-G051,TRAY,N,8,1,82.60X74.80,,CZ0289
ONCPR0830.5,2024,9,3,140,140,QFN,GUR090024,2/27/2024 19:00,G-A-T-P,P,ONS,NQC400E400B020D,NCP81270MNTXG-ASY,21000,ONS2149P,H,2024-ONC-03-G056,TRAY,N,8,1,82.60X74.80,,CZ0289
ONCPR0830.1,2024,9,3,140,140,QFN,GUR090020,2/27/2024 19:00,G-A-T-P,P,ONS,NQC400E400B020D,NCP81270MNTXG-ASY,21000,ONS2149P,H,2024-ONC-03-G057,TRAY,N,8,1,82.60X74.80,,CZ0289
ONCPR0830.2,2024,9,3,140,140,QFN,GUR090021,2/27/2024 19:00,G-A-T-P,P,ONS,NQC400E400B020D,NCP81270MNTXG-ASY,21000,ONS2149P,H,2024-ONC-03-G058,TRAY,N,8,1,82.60X74.80,,CZ0289
ONCPR0830.3,2024,9,3,140,140,QFN,GUR090022,2/27/2024 19:00,G-A-T-P,P,ONS,NQC400E400B020D,NCP81270MNTXG-ASY,21000,ONS2149P,H,2024-ONC-03-G058,TRAY,N,8,1,82.60X74.80,,CZ0289
ONCPR0830.4,2024,9,3,140,140,QFN,GUR090023,2/27/2024 19:00,G-A-T-P,P,ONS,NQC400E400B020D,NCP81270MNTXG-ASY,21000,ONS2149P,H,2024-ONC-03-G051,TRAY,N,8,1,82.60X74.80,,CZ0289
ONCPR0830.6,2024,9,3,140,140,QFN,GUR090025,2/27/2024 19:00,G-A-T-P,P,ONS,NQC400E400B020D,NCP81270MNTXG-ASY,27430,ONS2149P,H,2024-ONC-03-G054,TRAY,N,8,1,82.60X74.80,,CZ0289
ONCPR0831.4,2024,9,4,140,140,QFN,GUR090029,2/28/2024 19:00,G-A-T-P,P,ONS,NQC400E400B020D,NCP81270MNTXG-ASY,21000,ONS2149P,H,2024-ONC-03-G065,TRAY,N,8,1,82.60X74.80,,CZ0289
ONCPR0831.3,2024,9,4,140,140,QFN,GUR090028,2/28/2024 19:00,G-A-T-P,P,ONS,NQC400E400B020D,NCP81270MNTXG-ASY,21000,ONS2149P,H,2024-ONC-03-G058,TRAY,N,8,1,82.60X74.80,,CZ0289
ONCPR0831.2,2024,9,4,140,140,QFN,GUR090027,2/28/2024 19:00,G-A-T-P,P,ONS,NQC400E400B020D,NCP81270MNTXG-ASY,21000,ONS2149P,H,2024-ONC-03-G058,TRAY,N,8,1,82.60X74.80,,CZ0289
ONCPR0831.1,2024,9,4,140,140,QFN,GUR090026,2/28/2024 19:00,G-A-T-P,P,ONS,NQC400E400B020D,NCP81270MNTXG-ASY,21000,ONS2149P,H,2024-ONC-03-G065,TRAY,N,8,1,82.60X74.80,,CZ0289
ONCPR0831.5,2024,9,4,140,140,QFN,GUR090030,2/28/2024 19:00,G-A-T-P,P,ONS,NQC400E400B020D,NCP81270MNTXG-ASY,21000,ONS2149P,H,2024-ONC-03-G065,TRAY,N,8,1,82.60X74.80,,CZ0289
ONCPR0831.6,2024,9,4,140,140,QFN,GUR090031,2/28/2024 19:00,G-A-T-P,P,ONS,NQC400E400B020D,NCP81270MNTXG-ASY,20460,ONS2149P,H,2024-ONC-03-G065,TRAY,N,8,1,82.60X74.80,,CZ0289
ONCPR0768.1,2024,8,6,140,140,QFN,GUR080082,2/23/2024 19:00,G-A-T-P,P,ONS,NQC400E400B020D,NCP81561MNTXG-ASY,6970,ONS2149P,H,2024-ONC-03-G045,TRAY,N,8,1,82.60X74.80,,CZ0289
ONCPR0818.1,2024,9,1,140,140,QFN,GUR090007,2/25/2024 19:00,G-A-T-P,P,ONS,NQC400E400B020D,NCP81561MNTXG-ASY,6970,ONS2149P,H,2024-ONC-03-G045,TRAY,N,8,1,82.60X74.80,,CZ0289
ONCPR0769.1,2024,8,5,140,140,QFN,GUR080083,2/22/2024 19:00,G-A-T-P,P,ONS,NQC500E500A040B,NCP81283MNTXG-ASY,4503,ONS2326P,A,2024-ONC-03-G058,TRAY,N,8,1,101.6 X 93.7,,CZ0289
ONCPR0854.1,2024,9,1,140,140,QFN,GUR090062,2/25/2024 19:00,G-A-T-P,P,ONS,NQC500E500A040B,NCP81283MNTXG-ASY,9006,ONS2326P,A,2024-ONC-03-G058,TRAY,N,8,1,101.6 X 93.7,,CZ0289
ONCPR0527.1,2024,6,7,140,140,QFN,GUR070003,2/10/2024 19:00,G-A-T-P,P,ONS,NQC500E500A040B,NCP81610AMNTXG-ASY,17600,ONS2061P,B,2024-ONC-02-G119,TRAY,N,8,1,109.40 X 109.40,,CZ0289
ONCPR0527.2,2024,6,7,140,140,QFN,GUR070004,2/10/2024 19:00,G-A-T-P,P,ONS,NQC500E500A040B,NCP81610AMNTXG-ASY,10360,ONS2061P,B,2024-ONC-02-G119,TRAY,N,8,1,109.40 X 109.40,,CZ0289
ONCPR0528.1,2024,6,7,140,140,QFN,GUR070005,2/10/2024 19:00,G-A-T-P,P,ONS,NQC500E500A040B,NCP81610AMNTXG-ASY,24465,ONS2061P,B,2024-ONC-02-G117,TRAY,N,8,1,109.40 X 109.40,,CZ0289
ONCPR0786.1,2024,9,1,140,140,QFN,GUR090003,2/25/2024 19:00,G-A-T-P,P,ONS,NQC500E500A040B,NCP81610AMNTXG-ASY,17600,ONS2061P,B,2024-ONC-03-G026,TRAY,N,8,1,109.40 X 109.40,,CZ0289
ONCPR0786.2,2024,9,1,140,140,QFN,GUR090004,2/25/2024 19:00,G-A-T-P,P,ONS,NQC500E500A040B,NCP81610AMNTXG-ASY,17600,ONS2061P,B,2024-ONC-03-G034,TRAY,N,8,1,109.40 X 109.40,,CZ0289
ONCPR0786.3,2024,9,1,140,140,QFN,GUR090005,2/25/2024 19:00,G-A-T-P,P,ONS,NQC500E500A040B,NCP81610AMNTXG-ASY,17225,ONS2061P,B,2024-ONC-03-G026,TRAY,N,8,1,109.40 X 109.40,,CZ0289
ONCPR0787.1,2024,9,1,140,140,QFN,GUR090006,2/25/2024 19:00,G-A-T-P,P,ONS,NQC500E500A040B,NCP81610AMNTXG-ASY,13980,ONS2061P,B,2024-ONC-03-G034,TRAY,N,8,1,109.40 X 109.40,,CZ0289
ONCPR0633.1,2024,8,1,140,140,QFN,GUR080002,2/18/2024 19:00,G-A-T-P,P,ONS,NQC500E500A040B,NCP81611MNTXG-ASY,3495,ONS1922P,C,2024-ONC-03-G014,TRAY,N,8,1,109.40 X 109.40,,CZ0289
ONPPR0175.2,2024,5,7,140,140,QFN,GUR060004,2/3/2024 19:00,G-A,P,ONS,NQC600E600A048K,NCP81522MNTXG-ASY,18396,ONS2213P,B,2024-ONP-02-G057,TRAY,N,8,1,147.6 X 158.6,,CZ0289
ONPPR0175.1,2024,5,7,140,140,QFN,GUR060003,2/3/2024 19:00,G-A,P,ONS,NQC600E600A048K,NCP81522MNTXG-ASY,12600,ONS2213P,B,2024-ONP-02-G054,TRAY,N,8,1,147.6 X 158.6,,CZ0289
ONPPR0176.1,2024,5,7,140,140,QFN,GUR060005,2/3/2024 19:00,G-A,P,ONS,NQC600E600A048K,NCP81522MNTXG-ASY,12600,ONS2213P,B,2024-ONP-02-G054,TRAY,N,8,1,147.6 X 158.6,,CZ0289
ONPPR0176.2,2024,5,7,140,140,QFN,GUR060006,2/3/2024 19:00,G-A,P,ONS,NQC600E600A048K,NCP81522MNTXG-ASY,12600,ONS2213P,B,2024-ONP-02-G057,TRAY,N,8,1,147.6 X 158.6,,CZ0289
ONPPR0176.3,2024,5,7,140,140,QFN,GUR060007,2/3/2024 19:00,G-A,P,ONS,NQC600E600A048K,NCP81522MNTXG-ASY,17850,ONS2213P,B,2024-ONP-02-G057,TRAY,N,8,1,147.6 X 158.6,,CZ0289
ONPPR0177.3,2024,5,7,140,140,QFN,GUR060010,2/3/2024 19:00,G-A,P,ONS,NQC600E600A048K,NCP81522MNTXG-ASY,17850,ONS2213P,B,2024-ONP-02-G057,TRAY,N,8,1,147.6 X 158.6,,CZ0289
ONPPR0177.2,2024,5,7,140,140,QFN,GUR060009,2/3/2024 19:00,G-A,P,ONS,NQC600E600A048K,NCP81522MNTXG-ASY,12600,ONS2213P,B,2024-ONP-02-G054,TRAY,N,8,1,147.6 X 158.6,,CZ0289
ONPPR0177.1,2024,5,7,140,140,QFN,GUR060008,2/3/2024 19:00,G-A,P,ONS,NQC600E600A048K,NCP81522MNTXG-ASY,12600,ONS2213P,B,2024-ONP-02-G054,TRAY,N,8,1,147.6 X 158.6,,CZ0289
ONPPR0178.2,2024,5,7,140,140,QFN,GUR060012,2/3/2024 19:00,G-A,P,ONS,NQC600E600A048K,NCP81522MNTXG-ASY,12600,ONS2213P,B,2024-ONP-02-G057,TRAY,N,8,1,147.6 X 158.6,,CZ0289
ONPPR0178.1,2024,5,7,140,140,QFN,GUR060011,2/3/2024 19:00,G-A,P,ONS,NQC600E600A048K,NCP81522MNTXG-ASY,12600,ONS2213P,B,2024-ONP-02-G057,TRAY,N,8,1,147.6 X 158.6,,CZ0289
ONPPR0178.3,2024,5,7,140,140,QFN,GUR060013,2/3/2024 19:00,G-A,P,ONS,NQC600E600A048K,NCP81522MNTXG-ASY,17850,ONS2213P,B,2024-ONP-02-G057,TRAY,N,8,1,147.6 X 158.6,,CZ0289
ONPPR0179.1,2024,5,7,140,140,QFN,GUR060014,2/3/2024 19:00,G-A,P,ONS,NQC600E600A048K,NCP81522MNTXG-ASY,12600,ONS2213P,B,2024-ONP-02-G054,TRAY,N,8,1,147.6 X 158.6,,CZ0289
ONPPR0179.2,2024,5,7,140,140,QFN,GUR060015,2/3/2024 19:00,G-A,P,ONS,NQC600E600A048K,NCP81522MNTXG-ASY,13230,ONS2213P,B,2024-ONP-02-G054,TRAY,N,8,1,147.6 X 158.6,,CZ0289
ONPPR0172.2,2024,5,6,140,140,QFN,GUR050133,2/2/2024 19:00,G-A,P,ONS,NQC600E600A052K,NCP81520RMNTXG-ASY,12600,ONS2221P,D,2024-ONP-02-G051,TRAY,N,8,1,147.6X158.6,,CZ0289
ONPPR0172.1,2024,5,6,140,140,QFN,GUR050132,2/2/2024 19:00,G-A,P,ONS,NQC600E600A052K,NCP81520RMNTXG-ASY,12600,ONS2221P,D,2024-ONP-02-G051,TRAY,N,8,1,147.6X158.6,,CZ0289
ONPPR0172.3,2024,5,6,140,140,QFN,GUR050134,2/2/2024 19:00,G-A,P,ONS,NQC600E600A052K,NCP81520RMNTXG-ASY,17850,ONS2221P,D,2024-ONP-02-G051,TRAY,N,8,1,147.6X158.6,,CZ0289
ONPPR0173.1,2024,5,6,140,140,QFN,GUR050135,2/2/2024 19:00,G-A,P,ONS,NQC600E600A052K,NCP81520RMNTXG-ASY,12600,ONS2221P,D,2024-ONP-02-G051,TRAY,N,8,1,147.6X158.6,,CZ0289
ONPPR0173.3,2024,5,6,140,140,QFN,GUR050137,2/2/2024 19:00,G-A,P,ONS,NQC600E600A052K,NCP81520RMNTXG-ASY,17850,ONS2221P,D,2024-ONP-02-G048,TRAY,N,8,1,147.6X158.6,,CZ0289
ONPPR0173.2,2024,5,6,140,140,QFN,GUR050136,2/2/2024 19:00,G-A,P,ONS,NQC600E600A052K,NCP81520RMNTXG-ASY,12600,ONS2221P,D,2024-ONP-02-G048,TRAY,N,8,1,147.6X158.6,,CZ0289
ONPPR0174.3,2024,5,6,140,140,QFN,GUR050140,2/2/2024 19:00,G-A,P,ONS,NQC600E600A052K,NCP81520RMNTXG-ASY,17850,ONS2221P,D,2024-ONP-02-G050,TRAY,N,8,1,147.6X158.6,,CZ0289
ONPPR0174.1,2024,5,6,140,140,QFN,GUR050138,2/2/2024 19:00,G-A,P,ONS,NQC600E600A052K,NCP81520RMNTXG-ASY,12600,ONS2221P,D,2024-ONP-02-G050,TRAY,N,8,1,147.6X158.6,,CZ0289
ONPPR0174.2,2024,5,6,140,140,QFN,GUR050139,2/2/2024 19:00,G-A,P,ONS,NQC600E600A052K,NCP81520RMNTXG-ASY,12600,ONS2221P,D,2024-ONP-02-G051,TRAY,N,8,1,147.6X158.6,,CZ0289
ONPPR0210.3,2024,6,4,140,140,QFN,GUR060055,2/7/2024 19:00,G-A,P,ONS,NQC600E600A052K,NCP81520RMNTXG-ASY,17850,ONS2221P,D,2024-ONP-02-G072,TRAY,N,8,1,147.6X158.6,,CZ0289
ONPPR0210.1,2024,6,4,140,140,QFN,GUR060053,2/7/2024 19:00,G-A,P,ONS,NQC600E600A052K,NCP81520RMNTXG-ASY,12600,ONS2221P,D,2024-ONP-02-G072,TRAY,N,8,1,147.6X158.6,,CZ0289
ONPPR0210.2,2024,6,4,140,140,QFN,GUR060054,2/7/2024 19:00,G-A,P,ONS,NQC600E600A052K,NCP81520RMNTXG-ASY,12600,ONS2221P,D,2024-ONP-02-G072,TRAY,N,8,1,147.6X158.6,,CZ0289
ONPPR0211.3,2024,6,4,140,140,QFN,GUR060058,2/7/2024 19:00,G-A,P,ONS,NQC600E600A052K,NCP81520RMNTXG-ASY,17850,ONS2221P,D,2024-ONP-02-G072,TRAY,N,8,1,147.6X158.6,,CZ0289
ONPPR0211.2,2024,6,4,140,140,QFN,GUR060057,2/7/2024 19:00,G-A,P,ONS,NQC600E600A052K,NCP81520RMNTXG-ASY,12600,ONS2221P,D,2024-ONP-02-G072,TRAY,N,8,1,147.6X158.6,,CZ0289
ONPPR0211.1,2024,6,4,140,140,QFN,GUR060056,2/7/2024 19:00,G-A,P,ONS,NQC600E600A052K,NCP81520RMNTXG-ASY,12600,ONS2221P,D,2024-ONP-02-G072,TRAY,N,8,1,147.6X158.6,,CZ0289
ONPPR0212.1,2024,6,4,140,140,QFN,GUR060059,2/7/2024 19:00,G-A,P,ONS,NQC600E600A052K,NCP81520RMNTXG-ASY,15498,ONS2221P,D,2024-ONP-02-G072,TRAY,N,8,1,147.6X158.6,,CZ0289
ONPPR0226.2,2024,6,7,140,140,QFN,GUR070014,2/10/2024 19:00,G-A,P,ONS,NQC600E600A052K,NCP81520RMNTXG-ASY,12600,ONS2221P,D,2024-ONP-02-G074,TRAY,N,8,1,147.6X158.6,,CZ0289
ONPPR0226.1,2024,6,7,140,140,QFN,GUR070013,2/10/2024 19:00,G-A,P,ONS,NQC600E600A052K,NCP81520RMNTXG-ASY,12600,ONS2221P,D,2024-ONP-02-G074,TRAY,N,8,1,147.6X158.6,,CZ0289
ONPPR0226.3,2024,6,7,140,140,QFN,GUR070015,2/10/2024 19:00,G-A,P,ONS,NQC600E600A052K,NCP81520RMNTXG-ASY,17850,ONS2221P,D,2024-ONP-02-G074,TRAY,N,8,1,147.6X158.6,,CZ0289
ONPPR0227.2,2024,6,7,140,140,QFN,GUR070017,2/10/2024 19:00,G-A,P,ONS,NQC600E600A052K,NCP81520RMNTXG-ASY,12600,ONS2221P,D,2024-ONP-02-G074,TRAY,N,8,1,147.6X158.6,,CZ0289
ONPPR0227.1,2024,6,7,140,140,QFN,GUR070016,2/10/2024 19:00,G-A,P,ONS,NQC600E600A052K,NCP81520RMNTXG-ASY,12600,ONS2221P,D,2024-ONP-02-G074,TRAY,N,8,1,147.6X158.6,,CZ0289
ONPPR0227.3,2024,6,7,140,140,QFN,GUR070018,2/10/2024 19:00,G-A,P,ONS,NQC600E600A052K,NCP81520RMNTXG-ASY,16128,ONS2221P,D,2024-ONP-02-G074,TRAY,N,8,1,147.6X158.6,,CZ0289
ONPPR0228.3,2024,6,7,140,140,QFN,GUR070021,2/10/2024 19:00,G-A,P,ONS,NQC600E600A052K,NCP81520RMNTXG-ASY,17850,ONS2221P,D,2024-ONP-02-G074,TRAY,N,8,1,147.6X158.6,,CZ0289
ONPPR0228.2,2024,6,7,140,140,QFN,GUR070020,2/10/2024 19:00,G-A,P,ONS,NQC600E600A052K,NCP81520RMNTXG-ASY,12600,ONS2221P,D,2024-ONP-02-G074,TRAY,N,8,1,147.6X158.6,,CZ0289
ONPPR0228.1,2024,6,7,140,140,QFN,GUR070019,2/10/2024 19:00,G-A,P,ONS,NQC600E600A052K,NCP81520RMNTXG-ASY,12600,ONS2221P,D,2024-ONP-02-G074,TRAY,N,8,1,147.6X158.6,,CZ0289
ONPPR0229.1,2024,7,1,140,140,QFN,GUR070022,2/11/2024 19:00,G-A,P,ONS,NQC600E600A052K,NCP81520RMNTXG-ASY,12600,ONS2221P,D,2024-ONP-02-G075,TRAY,N,8,1,147.6X158.6,,CZ0289
ONPPR0229.2,2024,7,1,140,140,QFN,GUR070023,2/11/2024 19:00,G-A,P,ONS,NQC600E600A052K,NCP81520RMNTXG-ASY,12600,ONS2221P,D,2024-ONP-02-G074,TRAY,N,8,1,147.6X158.6,,CZ0289
ONPPR0229.3,2024,7,1,140,140,QFN,GUR070024,2/11/2024 19:00,G-A,P,ONS,NQC600E600A052K,NCP81520RMNTXG-ASY,17850,ONS2221P,D,2024-ONP-02-G075,TRAY,N,8,1,147.6X158.6,,CZ0289
ONPPR0230.1,2024,7,1,140,140,QFN,GUR070025,2/11/2024 19:00,G-A,P,ONS,NQC600E600A052K,NCP81520RMNTXG-ASY,12600,ONS2221P,D,2024-ONP-02-G075,TRAY,N,8,1,147.6X158.6,,CZ0289
ONPPR0230.2,2024,7,1,140,140,QFN,GUR070026,2/11/2024 19:00,G-A,P,ONS,NQC600E600A052K,NCP81520RMNTXG-ASY,12600,ONS2221P,D,2024-ONP-02-G081,TRAY,N,8,1,147.6X158.6,,CZ0289
ONPPR0230.3,2024,7,1,140,140,QFN,GUR070027,2/11/2024 19:00,G-A,P,ONS,NQC600E600A052K,NCP81520RMNTXG-ASY,17850,ONS2221P,D,2024-ONP-02-G081,TRAY,N,8,1,147.6X158.6,,CZ0289
ONPPR0231.1,2024,7,1,140,140,QFN,GUR070028,2/11/2024 19:00,G-A,P,ONS,NQC600E600A052K,NCP81520RMNTXG-ASY,12600,ONS2221P,D,2024-ONP-02-G077,TRAY,N,8,1,147.6X158.6,,CZ0289
ONPPR0231.2,2024,7,1,140,140,QFN,GUR070029,2/11/2024 19:00,G-A,P,ONS,NQC600E600A052K,NCP81520RMNTXG-ASY,12600,ONS2221P,D,2024-ONP-02-G081,TRAY,N,8,1,147.6X158.6,,CZ0289
ONPPR0231.3,2024,7,1,140,140,QFN,GUR070030,2/11/2024 19:00,G-A,P,ONS,NQC600E600A052K,NCP81520RMNTXG-ASY,17850,ONS2221P,D,2024-ONP-02-G081,TRAY,N,8,1,147.6X158.6,,CZ0289
ONPPR0232.1,2024,7,2,140,140,QFN,GUR070031,2/12/2024 19:00,G-A,P,ONS,NQC600E600A052K,NCP81520RMNTXG-ASY,12600,ONS2221P,D,2024-ONP-02-G082,TRAY,N,8,1,147.6X158.6,,CZ0289
ONPPR0232.2,2024,7,2,140,140,QFN,GUR070032,2/12/2024 19:00,G-A,P,ONS,NQC600E600A052K,NCP81520RMNTXG-ASY,12600,ONS2221P,D,2024-ONP-02-G082,TRAY,N,8,1,147.6X158.6,,CZ0289
ONPPR0232.3,2024,7,2,140,140,QFN,GUR070033,2/12/2024 19:00,G-A,P,ONS,NQC600E600A052K,NCP81520RMNTXG-ASY,17850,ONS2221P,D,2024-ONP-02-G082,TRAY,N,8,1,147.6X158.6,,CZ0289
ONPPR0234.1,2024,7,4,140,140,QFN,GUR070060,2/14/2024 19:00,G-A,P,ONS,NQC600E600A052K,NCP81520RMNTXG-ASY,12600,ONS2221P,D,2024-ONP-02-G085,TRAY,N,8,1,147.6X158.6,,CZ0289
ONPPR0234.2,2024,7,4,140,140,QFN,GUR070061,2/14/2024 19:00,G-A,P,ONS,NQC600E600A052K,NCP81520RMNTXG-ASY,12600,ONS2221P,D,2024-ONP-02-G085,TRAY,N,8,1,147.6X158.6,,CZ0289
ONPPR0234.3,2024,7,4,140,140,QFN,GUR070062,2/14/2024 19:00,G-A,P,ONS,NQC600E600A052K,NCP81520RMNTXG-ASY,17850,ONS2221P,D,2024-ONP-02-G086,TRAY,N,8,1,147.6X158.6,,CZ0289
ONPPR0235.1,2024,7,4,140,140,QFN,GUR070063,2/14/2024 19:00,G-A,P,ONS,NQC600E600A052K,NCP81520RMNTXG-ASY,12600,ONS2221P,D,2024-ONP-02-G086,TRAY,N,8,1,147.6X158.6,,CZ0289
ONPPR0235.2,2024,7,4,140,140,QFN,GUR070064,2/14/2024 19:00,G-A,P,ONS,NQC600E600A052K,NCP81520RMNTXG-ASY,12600,ONS2221P,D,2024-ONP-02-G085,TRAY,N,8,1,147.6X158.6,,CZ0289
ONPPR0235.3,2024,7,4,140,140,QFN,GUR070065,2/14/2024 19:00,G-A,P,ONS,NQC600E600A052K,NCP81520RMNTXG-ASY,17850,ONS2221P,D,2024-ONP-02-G086,TRAY,N,8,1,147.6X158.6,,CZ0289
ONPPR0238.1,2024,7,5,140,140,QFN,GUR070066,2/15/2024 19:00,G-A,P,ONS,NQC600E600A052K,NCP81520RMNTXG-ASY,12600,ONS2221P,D,2024-ONP-02-G086,TRAY,N,8,1,147.6X158.6,,CZ0289
ONPPR0238.2,2024,7,5,140,140,QFN,GUR070067,2/15/2024 19:00,G-A,P,ONS,NQC600E600A052K,NCP81520RMNTXG-ASY,12600,ONS2221P,D,2024-ONP-02-G085,TRAY,N,8,1,147.6X158.6,,CZ0289
ONPPR0238.3,2024,7,5,140,140,QFN,GUR070068,2/15/2024 19:00,G-A,P,ONS,NQC600E600A052K,NCP81520RMNTXG-ASY,17850,ONS2221P,D,2024-ONP-02-G087,TRAY,N,8,1,147.6X158.6,,CZ0289
ONPPR0239.1,2024,7,5,140,140,QFN,GUR070069,2/15/2024 19:00,G-A,P,ONS,NQC600E600A052K,NCP81520RMNTXG-ASY,12600,ONS2221P,D,2024-ONP-02-G087,TRAY,N,8,1,147.6X158.6,,CZ0289
ONPPR0239.2,2024,7,5,140,140,QFN,GUR070070,2/15/2024 19:00,G-A,P,ONS,NQC600E600A052K,NCP81520RMNTXG-ASY,12600,ONS2221P,D,2024-ONP-02-G086,TRAY,N,8,1,147.6X158.6,,CZ0289
ONPPR0239.3,2024,7,5,140,140,QFN,GUR070071,2/15/2024 19:00,G-A,P,ONS,NQC600E600A052K,NCP81520RMNTXG-ASY,17850,ONS2221P,D,2024-ONP-02-G087,TRAY,N,8,1,147.6X158.6,,CZ0289
ONPPR0240.1,2024,7,5,140,140,QFN,GUR070072,2/15/2024 19:00,G-A,P,ONS,NQC600E600A052K,NCP81520RMNTXG-ASY,12600,ONS2221P,D,2024-ONP-02-G090,TRAY,N,8,1,147.6X158.6,,CZ0289
ONPPR0240.2,2024,7,5,140,140,QFN,GUR070073,2/15/2024 19:00,G-A,P,ONS,NQC600E600A052K,NCP81520RMNTXG-ASY,12600,ONS2221P,D,2024-ONP-02-G086,TRAY,N,8,1,147.6X158.6,,CZ0289
ONPPR0240.3,2024,7,5,140,140,QFN,GUR070074,2/15/2024 19:00,G-A,P,ONS,NQC600E600A052K,NCP81520RMNTXG-ASY,17850,ONS2221P,D,2024-ONP-02-G086,TRAY,N,8,1,147.6X158.6,,CZ0289
ONPPR0241.1,2024,7,6,140,140,QFN,GUR070075,2/16/2024 19:00,G-A,P,ONS,NQC600E600A052K,NCP81520RMNTXG-ASY,12600,ONS2221P,D,2024-ONP-02-G092,TRAY,N,8,1,147.6X158.6,,CZ0289
ONPPR0241.3,2024,7,6,140,140,QFN,GUR070077,2/16/2024 19:00,G-A,P,ONS,NQC600E600A052K,NCP81520RMNTXG-ASY,17850,ONS2221P,D,2024-ONP-02-G092,TRAY,N,8,1,147.6X158.6,,CZ0289
ONPPR0241.2,2024,7,6,140,140,QFN,GUR070076,2/16/2024 19:00,G-A,P,ONS,NQC600E600A052K,NCP81520RMNTXG-ASY,12600,ONS2221P,D,2024-ONP-02-G090,TRAY,N,8,1,147.6X158.6,,CZ0289
ONPPR0242.2,2024,7,6,140,140,QFN,GUR070079,2/16/2024 19:00,G-A,P,ONS,NQC600E600A052K,NCP81520RMNTXG-ASY,12600,ONS2221P,D,2024-ONP-02-G090,TRAY,N,8,1,147.6X158.6,,CZ0289
ONPPR0242.3,2024,7,6,140,140,QFN,GUR070080,2/16/2024 19:00,G-A,P,ONS,NQC600E600A052K,NCP81520RMNTXG-ASY,17850,ONS2221P,D,2024-ONP-02-G088,TRAY,N,8,1,147.6X158.6,,CZ0289
ONPPR0242.1,2024,7,6,140,140,QFN,GUR070078,2/16/2024 19:00,G-A,P,ONS,NQC600E600A052K,NCP81520RMNTXG-ASY,12600,ONS2221P,D,2024-ONP-02-G092,TRAY,N,8,1,147.6X158.6,,CZ0289
ONPPR0243.2,2024,7,6,140,140,QFN,GUR070082,2/16/2024 19:00,G-A,P,ONS,NQC600E600A052K,NCP81520RMNTXG-ASY,12600,ONS2221P,D,2024-ONP-02-G096,TRAY,N,8,1,147.6X158.6,,CZ0289
ONPPR0243.1,2024,7,6,140,140,QFN,GUR070081,2/16/2024 19:00,G-A,P,ONS,NQC600E600A052K,NCP81520RMNTXG-ASY,12600,ONS2221P,D,2024-ONP-02-G096,TRAY,N,8,1,147.6X158.6,,CZ0289
ONPPR0243.3,2024,7,6,140,140,QFN,GUR070083,2/16/2024 19:00,G-A,P,ONS,NQC600E600A052K,NCP81520RMNTXG-ASY,17850,ONS2221P,D,2024-ONP-02-G096,TRAY,N,8,1,147.6X158.6,,CZ0289
ONPPR0244.3,2024,7,5,140,140,QFN,GUR070086,2/15/2024 19:00,G-A,P,ONS,NQC600E600A052K,NCP81520RMNTXG-ASY,17850,ONS2221P,D,2024-ONP-02-G088,TRAY,N,8,1,147.6X158.6,,CZ0289
ONPPR0244.2,2024,7,5,140,140,QFN,GUR070085,2/15/2024 19:00,G-A,P,ONS,NQC600E600A052K,NCP81520RMNTXG-ASY,12600,ONS2221P,D,2024-ONP-02-G086,TRAY,N,8,1,147.6X158.6,,CZ0289
ONPPR0244.1,2024,7,5,140,140,QFN,GUR070084,2/15/2024 19:00,G-A,P,ONS,NQC600E600A052K,NCP81520RMNTXG-ASY,12600,ONS2221P,D,2024-ONP-02-G086,TRAY,N,8,1,147.6X158.6,,CZ0289
ONPPR0248.1,2024,7,7,140,140,QFN,GUR080003,2/17/2024 19:00,G-A,P,ONS,NQC600E600A052K,NCP81520RMNTXG-ASY,3444,ONS2221P,D,2024-ONP-02-G098,TRAY,N,8,1,147.6X158.6,,CZ0289
ONPPR0249.1,2024,7,7,140,140,QFN,GUR080004,2/17/2024 19:00,G-A,P,ONS,NQC600E600A052K,NCP81520RMNTXG-ASY,12600,ONS2221P,D,2024-ONP-02-G096,TRAY,N,8,1,147.6X158.6,,CZ0289
ONPPR0249.2,2024,7,7,140,140,QFN,GUR080005,2/17/2024 19:00,G-A,P,ONS,NQC600E600A052K,NCP81520RMNTXG-ASY,12600,ONS2221P,D,2024-ONP-02-G097,TRAY,N,8,1,147.6X158.6,,CZ0289
ONPPR0249.3,2024,7,7,140,140,QFN,GUR080006,2/17/2024 19:00,G-A,P,ONS,NQC600E600A052K,NCP81520RMNTXG-ASY,14406,ONS2221P,D,2024-ONP-02-G097,TRAY,N,8,1,147.6X158.6,,CZ0289
ONPPR0250.1,2024,8,1,140,140,QFN,GUR080007,2/18/2024 19:00,G-A,P,ONS,NQC600E600A052K,NCP81520RMNTXG-ASY,12600,ONS2221P,D,2024-ONP-02-G097,TRAY,N,8,1,147.6X158.6,,CZ0289
ONPPR0250.2,2024,8,1,140,140,QFN,GUR080008,2/18/2024 19:00,G-A,P,ONS,NQC600E600A052K,NCP81520RMNTXG-ASY,12600,ONS2221P,D,2024-ONP-02-G100,TRAY,N,8,1,147.6X158.6,,CZ0289
ONPPR0250.3,2024,8,1,140,140,QFN,GUR080009,2/18/2024 19:00,G-A,P,ONS,NQC600E600A052K,NCP81520RMNTXG-ASY,17850,ONS2221P,D,2024-ONP-02-G100,TRAY,N,8,1,147.6X158.6,,CZ0289
ONPPR0251.1,2024,8,1,140,140,QFN,GUR080010,2/18/2024 19:00,G-A,P,ONS,NQC600E600A052K,NCP81520RMNTXG-ASY,12600,ONS2221P,D,2024-ONP-02-G100,TRAY,N,8,1,147.6X158.6,,CZ0289
ONPPR0251.2,2024,8,1,140,140,QFN,GUR080011,2/18/2024 19:00,G-A,P,ONS,NQC600E600A052K,NCP81520RMNTXG-ASY,12600,ONS2221P,D,2024-ONP-02-G097,TRAY,N,8,1,147.6X158.6,,CZ0289
ONPPR0251.3,2024,8,1,140,140,QFN,GUR080012,2/18/2024 19:00,G-A,P,ONS,NQC600E600A052K,NCP81520RMNTXG-ASY,16128,ONS2221P,D,2024-ONP-02-G100,TRAY,N,8,1,147.6X158.6,,CZ0289
ONPPR0252.1,2024,8,2,140,140,QFN,GUR080013,2/19/2024 19:00,G-A,P,ONS,NQC600E600A052K,NCP81520RMNTXG-ASY,12600,ONS2221P,D,2024-ONP-02-G104,TRAY,N,8,1,147.6X158.6,,CZ0289
ONPPR0252.2,2024,8,2,140,140,QFN,GUR080014,2/19/2024 19:00,G-A,P,ONS,NQC600E600A052K,NCP81520RMNTXG-ASY,12600,ONS2221P,D,2024-ONP-02-G101,TRAY,N,8,1,147.6X158.6,,CZ0289
ONPPR0252.3,2024,8,2,140,140,QFN,GUR080015,2/19/2024 19:00,G-A,P,ONS,NQC600E600A052K,NCP81520RMNTXG-ASY,17850,ONS2221P,D,2024-ONP-02-G101,TRAY,N,8,1,147.6X158.6,,CZ0289
ONPPR0253.1,2024,8,3,140,140,QFN,GUR080016,2/20/2024 19:00,G-A,P,ONS,NQC600E600A052K,NCP81520RMNTXG-ASY,12600,ONS2221P,D,2024-ONP-02-G101,TRAY,N,8,1,147.6X158.6,,CZ0289
ONPPR0253.2,2024,8,3,140,140,QFN,GUR080017,2/20/2024 19:00,G-A,P,ONS,NQC600E600A052K,NCP81520RMNTXG-ASY,12600,ONS2221P,D,2024-ONP-02-G106,TRAY,N,8,1,147.6X158.6,,CZ0289
ONPPR0253.3,2024,8,3,140,140,QFN,GUR080018,2/20/2024 19:00,G-A,P,ONS,NQC600E600A052K,NCP81520RMNTXG-ASY,17850,ONS2221P,D,2024-ONP-02-G106,TRAY,N,8,1,147.6X158.6,,CZ0289
ONPPR0254.1,2024,8,3,140,140,QFN,GUR080019,2/20/2024 19:00,G-A,P,ONS,NQC600E600A052K,NCP81520RMNTXG-ASY,12600,ONS2221P,D,2024-ONP-02-G106,TRAY,N,8,1,147.6X158.6,,CZ0289
ONPPR0254.2,2024,8,3,140,140,QFN,GUR080020,2/20/2024 19:00,G-A,P,ONS,NQC600E600A052K,NCP81520RMNTXG-ASY,12600,ONS2221P,D,2024-ONP-02-G104,TRAY,N,8,1,147.6X158.6,,CZ0289
ONPPR0254.3,2024,8,3,140,140,QFN,GUR080021,2/20/2024 19:00,G-A,P,ONS,NQC600E600A052K,NCP81520RMNTXG-ASY,17850,ONS2221P,D,2024-ONP-02-G106,TRAY,N,8,1,147.6X158.6,,CZ0289
ONPPR0255.2,2024,8,4,140,140,QFN,GUR080023,2/21/2024 19:00,G-A,P,ONS,NQC600E600A052K,NCP81520RMNTXG-ASY,12600,ONS2221P,D,2024-ONP-03-G002,TRAY,N,8,1,147.6X158.6,,CZ0289
ONPPR0255.3,2024,8,4,140,140,QFN,GUR080024,2/21/2024 19:00,G-A,P,ONS,NQC600E600A052K,NCP81520RMNTXG-ASY,17850,ONS2221P,D,2024-ONP-03-G002,TRAY,N,8,1,147.6X158.6,,CZ0289
ONPPR0255.1,2024,8,4,140,140,QFN,GUR080022,2/21/2024 19:00,G-A,P,ONS,NQC600E600A052K,NCP81520RMNTXG-ASY,12600,ONS2221P,D,2024-ONP-02-G106,TRAY,N,8,1,147.6X158.6,,CZ0289
ONCPR0516.3,2024,6,4,140,140,QFN,GUR060067,2/7/2024 19:00,G-A-T-P,P,ONS,NQC600E600A052K,NCP81523RMNTXG-ASY,17850,ONS2221P,D,2024-ONC-02-G099,TRAY,N,8,1,147.6X158.6,,CZ0289
ONCPR0516.2,2024,6,4,140,140,QFN,GUR060066,2/7/2024 19:00,G-A-T-P,P,ONS,NQC600E600A052K,NCP81523RMNTXG-ASY,12600,ONS2221P,D,2024-ONC-02-G099,TRAY,N,8,1,147.6X158.6,,CZ0289
ONCPR0516.1,2024,6,4,140,140,QFN,GUR060065,2/7/2024 19:00,G-A-T-P,P,ONS,NQC600E600A052K,NCP81523RMNTXG-ASY,12600,ONS2221P,D,2024-ONC-02-G099,TRAY,N,8,1,147.6X158.6,,CZ0289
ONCPR0517.3,2024,6,4,140,140,QFN,GUR060070,2/7/2024 19:00,G-A-T-P,P,ONS,NQC600E600A052K,NCP81523RMNTXG-ASY,9240,ONS2221P,D,2024-ONC-02-G099,TRAY,N,8,1,147.6X158.6,,CZ0289
ONCPR0517.1,2024,6,4,140,140,QFN,GUR060068,2/7/2024 19:00,G-A-T-P,P,ONS,NQC600E600A052K,NCP81523RMNTXG-ASY,12600,ONS2221P,D,2024-ONC-02-G099,TRAY,N,8,1,147.6X158.6,,CZ0289
ONCPR0517.2,2024,6,4,140,140,QFN,GUR060069,2/7/2024 19:00,G-A-T-P,P,ONS,NQC600E600A052K,NCP81523RMNTXG-ASY,12600,ONS2221P,D,2024-ONC-02-G099,TRAY,N,8,1,147.6X158.6,,CZ0289
ONCPR0518.1,2024,6,5,140,140,QFN,GUR060071,2/8/2024 19:00,G-A-T-P,P,ONS,NQC600E600A052K,NCP81523RMNTXG-ASY,8610,ONS2221P,D,2024-ONC-02-G114,TRAY,N,8,1,147.6X158.6,,CZ0289
ONCPR0519.1,2024,6,5,140,140,QFN,GUR060072,2/8/2024 19:00,G-A-T-P,P,ONS,NQC600E600A052K,NCP81523RMNTXG-ASY,12600,ONS2221P,D,2024-ONC-02-G103,TRAY,N,8,1,147.6X158.6,,CZ0289
ONCPR0519.2,2024,6,5,140,140,QFN,GUR060073,2/8/2024 19:00,G-A-T-P,P,ONS,NQC600E600A052K,NCP81523RMNTXG-ASY,12600,ONS2221P,D,2024-ONC-02-G099,TRAY,N,8,1,147.6X158.6,,CZ0289
ONCPR0519.3,2024,6,5,140,140,QFN,GUR060074,2/8/2024 19:00,G-A-T-P,P,ONS,NQC600E600A052K,NCP81523RMNTXG-ASY,17850,ONS2221P,D,2024-ONC-02-G104,TRAY,N,8,1,147.6X158.6,,CZ0289
ONCPR0520.2,2024,6,5,140,140,QFN,GUR060076,2/8/2024 19:00,G-A-T-P,P,ONS,NQC600E600A052K,NCP81523RMNTXG-ASY,13230,ONS2221P,D,2024-ONC-02-G099,TRAY,N,8,1,147.6X158.6,,CZ0289
ONCPR0520.1,2024,6,5,140,140,QFN,GUR060075,2/8/2024 19:00,G-A-T-P,P,ONS,NQC600E600A052K,NCP81523RMNTXG-ASY,12600,ONS2221P,D,2024-ONC-02-G103,TRAY,N,8,1,147.6X158.6,,CZ0289
ONCPR0521.1,2024,6,6,140,140,QFN,GUR060077,2/9/2024 19:00,G-A-T-P,P,ONS,NQC600E600A052K,NCP81523RMNTXG-ASY,17220,ONS2221P,D,2024-ONC-02-G106,TRAY,N,8,1,147.6X158.6,,CZ0289
ONCPR0522.1,2024,6,6,140,140,QFN,GUR060078,2/9/2024 19:00,G-A-T-P,P,ONS,NQC600E600A052K,NCP81523RMNTXG-ASY,12600,ONS2221P,D,2024-ONC-02-G114,TRAY,N,8,1,147.6X158.6,,CZ0289
ONCPR0522.2,2024,6,6,140,140,QFN,GUR060079,2/9/2024 19:00,G-A-T-P,P,ONS,NQC600E600A052K,NCP81523RMNTXG-ASY,12600,ONS2221P,D,2024-ONC-02-G117,TRAY,N,8,1,147.6X158.6,,CZ0289
ONCPR0522.3,2024,6,6,140,140,QFN,GUR060080,2/9/2024 19:00,G-A-T-P,P,ONS,NQC600E600A052K,NCP81523RMNTXG-ASY,17850,ONS2221P,D,2024-ONC-02-G117,TRAY,N,8,1,147.6X158.6,,CZ0289
ONCPR0523.1,2024,6,6,140,140,QFN,GUR060081,2/9/2024 19:00,G-A-T-P,P,ONS,NQC600E600A052K,NCP81523RMNTXG-ASY,17220,ONS2221P,D,2024-ONC-02-G117,TRAY,N,8,1,147.6X158.6,,CZ0289
ONPPR0169.1,2024,5,6,140,140,QFN,GUR050125,2/2/2024 19:00,G-A,P,ONS,NQC600E600A052K,NCP81523RMNTXG-ASY,12600,ONS2221P,D,2024-ONP-02-G048,TRAY,N,8,1,147.6X158.6,,CZ0289
ONPPR0169.2,2024,5,6,140,140,QFN,GUR050126,2/2/2024 19:00,G-A,P,ONS,NQC600E600A052K,NCP81523RMNTXG-ASY,12600,ONS2221P,D,2024-ONP-02-G048,TRAY,N,8,1,147.6X158.6,,CZ0289
ONPPR0169.3,2024,5,6,140,140,QFN,GUR050127,2/2/2024 19:00,G-A,P,ONS,NQC600E600A052K,NCP81523RMNTXG-ASY,17850,ONS2221P,D,2024-ONP-02-G048,TRAY,N,8,1,147.6X158.6,,CZ0289
ONPPR0170.3,2024,5,6,140,140,QFN,GUR050130,2/2/2024 19:00,G-A,P,ONS,NQC600E600A052K,NCP81523RMNTXG-ASY,17850,ONS2221P,D,2024-ONP-02-G048,TRAY,N,8,1,147.6X158.6,,CZ0289
ONPPR0170.2,2024,5,6,140,140,QFN,GUR050129,2/2/2024 19:00,G-A,P,ONS,NQC600E600A052K,NCP81523RMNTXG-ASY,12600,ONS2221P,D,2024-ONP-02-G048,TRAY,N,8,1,147.6X158.6,,CZ0289
ONPPR0170.1,2024,5,6,140,140,QFN,GUR050128,2/2/2024 19:00,G-A,P,ONS,NQC600E600A052K,NCP81523RMNTXG-ASY,12600,ONS2221P,D,2024-ONP-02-G051,TRAY,N,8,1,147.6X158.6,,CZ0289
ONPPR0171.1,2024,5,6,140,140,QFN,GUR050131,2/2/2024 19:00,G-A,P,ONS,NQC600E600A052K,NCP81523RMNTXG-ASY,12054,ONS2221P,D,2024-ONP-02-G051,TRAY,N,8,1,147.6X158.6,,CZ0289
ONPPR0180.1,2024,5,7,140,140,QFN,GUR060016,2/3/2024 19:00,G-A,P,ONS,NQC700E700A056K,NCP81530RMNTXG-ASY,9600,ONS2220P,C,2024-ONP-02-G055,TRAY,N,8,1,147.6 X 158.6,,CZ0289
ONPPR0180.2,2024,5,7,140,140,QFN,GUR060017,2/3/2024 19:00,G-A,P,ONS,NQC700E700A056K,NCP81530RMNTXG-ASY,7620,ONS2220P,C,2024-ONP-02-G055,TRAY,N,8,1,147.6 X 158.6,,CZ0289
ONPPR0181.4,2024,6,1,140,140,QFN,GUR060021,2/4/2024 19:00,G-A,P,ONS,NQC700E700A056K,NCP81530RMNTXG-ASY,14250,ONS2220P,C,2024-ONP-02-G061,TRAY,N,8,1,147.6 X 158.6,,CZ0289
ONPPR0181.3,2024,6,1,140,140,QFN,GUR060020,2/4/2024 19:00,G-A,P,ONS,NQC700E700A056K,NCP81530RMNTXG-ASY,9600,ONS2220P,C,2024-ONP-02-G058,TRAY,N,8,1,147.6 X 158.6,,CZ0289
ONPPR0181.1,2024,6,1,140,140,QFN,GUR060018,2/4/2024 19:00,G-A,P,ONS,NQC700E700A056K,NCP81530RMNTXG-ASY,9600,ONS2220P,C,2024-ONP-02-G062,TRAY,N,8,1,147.6 X 158.6,,CZ0289
ONPPR0181.2,2024,6,1,140,140,QFN,GUR060019,2/4/2024 19:00,G-A,P,ONS,NQC700E700A056K,NCP81530RMNTXG-ASY,9600,ONS2220P,C,2024-ONP-02-G061,TRAY,N,8,1,147.6 X 158.6,,CZ0289
ONPPR0182.3,2024,6,1,140,140,QFN,GUR060024,2/4/2024 19:00,G-A,P,ONS,NQC700E700A056K,NCP81530RMNTXG-ASY,9600,ONS2220P,C,2024-ONP-02-G062,TRAY,N,8,1,147.6 X 158.6,,CZ0289
ONPPR0182.2,2024,6,1,140,140,QFN,GUR060023,2/4/2024 19:00,G-A,P,ONS,NQC700E700A056K,NCP81530RMNTXG-ASY,9600,ONS2220P,C,2024-ONP-02-G062,TRAY,N,8,1,147.6 X 158.6,,CZ0289
ONPPR0182.4,2024,6,1,140,140,QFN,GUR060025,2/4/2024 19:00,G-A,P,ONS,NQC700E700A056K,NCP81530RMNTXG-ASY,14250,ONS2220P,C,2024-ONP-02-G071,TRAY,N,8,1,147.6 X 158.6,,CZ0289
ONPPR0182.1,2024,6,1,140,140,QFN,GUR060022,2/4/2024 19:00,G-A,P,ONS,NQC700E700A056K,NCP81530RMNTXG-ASY,9600,ONS2220P,C,2024-ONP-02-G062,TRAY,N,8,1,147.6 X 158.6,,CZ0289
ONPPR0183.2,2024,6,1,140,140,QFN,GUR060027,2/4/2024 19:00,G-A,P,ONS,NQC700E700A056K,NCP81530RMNTXG-ASY,9600,ONS2220P,C,2024-ONP-02-G065,TRAY,N,8,1,147.6 X 158.6,,CZ0289
ONPPR0183.1,2024,6,1,140,140,QFN,GUR060026,2/4/2024 19:00,G-A,P,ONS,NQC700E700A056K,NCP81530RMNTXG-ASY,9600,ONS2220P,C,2024-ONP-02-G061,TRAY,N,8,1,147.6 X 158.6,,CZ0289
ONPPR0183.3,2024,6,1,140,140,QFN,GUR060028,2/4/2024 19:00,G-A,P,ONS,NQC700E700A056K,NCP81530RMNTXG-ASY,9600,ONS2220P,C,2024-ONP-02-G065,TRAY,N,8,1,147.6 X 158.6,,CZ0289
ONPPR0183.4,2024,6,1,140,140,QFN,GUR060029,2/4/2024 19:00,G-A,P,ONS,NQC700E700A056K,NCP81530RMNTXG-ASY,12528,ONS2220P,C,2024-ONP-02-G071,TRAY,N,8,1,147.6 X 158.6,,CZ0289
ONPPR0184.3,2024,6,1,140,140,QFN,GUR060032,2/4/2024 19:00,G-A,P,ONS,NQC700E700A056K,NCP81530RMNTXG-ASY,9600,ONS2220P,C,2024-ONP-02-G061,TRAY,N,8,1,147.6 X 158.6,,CZ0289
ONPPR0184.2,2024,6,1,140,140,QFN,GUR060031,2/4/2024 19:00,G-A,P,ONS,NQC700E700A056K,NCP81530RMNTXG-ASY,9600,ONS2220P,C,2024-ONP-02-G062,TRAY,N,8,1,147.6 X 158.6,,CZ0289
ONPPR0184.1,2024,6,1,140,140,QFN,GUR060030,2/4/2024 19:00,G-A,P,ONS,NQC700E700A056K,NCP81530RMNTXG-ASY,9600,ONS2220P,C,2024-ONP-02-G061,TRAY,N,8,1,147.6 X 158.6,,CZ0289
ONPPR0184.4,2024,6,1,140,140,QFN,GUR060033,2/4/2024 19:00,G-A,P,ONS,NQC700E700A056K,NCP81530RMNTXG-ASY,12528,ONS2220P,C,2024-ONP-02-G061,TRAY,N,8,1,147.6 X 158.6,,CZ0289
ONPPR0185.3,2024,6,1,140,140,QFN,GUR060036,2/4/2024 19:00,G-A,P,ONS,NQC700E700A056K,NCP81530RMNTXG-ASY,9600,ONS2220P,C,2024-ONP-02-G062,TRAY,N,8,1,147.6 X 158.6,,CZ0289
ONPPR0185.4,2024,6,1,140,140,QFN,GUR060037,2/4/2024 19:00,G-A,P,ONS,NQC700E700A056K,NCP81530RMNTXG-ASY,12528,ONS2220P,C,2024-ONP-02-G062,TRAY,N,8,1,147.6 X 158.6,,CZ0289
ONPPR0185.1,2024,6,1,140,140,QFN,GUR060034,2/4/2024 19:00,G-A,P,ONS,NQC700E700A056K,NCP81530RMNTXG-ASY,9600,ONS2220P,C,2024-ONP-02-G061,TRAY,N,8,1,147.6 X 158.6,,CZ0289
ONPPR0185.2,2024,6,1,140,140,QFN,GUR060035,2/4/2024 19:00,G-A,P,ONS,NQC700E700A056K,NCP81530RMNTXG-ASY,9600,ONS2220P,C,2024-ONP-02-G058,TRAY,N,8,1,147.6 X 158.6,,CZ0289
ONCPR0764.1,2024,8,4,140,140,QFN,GUR070095,2/21/2024 19:00,A-T-P,P,ONS,TD-330K330C008D,FDMC2523P-ASY,19211,ONS1804P,E,2024-ONC-03-G026,FILM FRAME,N,6,1,70.00 X 69.60,,CZ0288
ONCPR0765.1,2024,8,4,140,140,QFN,GUR070096,2/21/2024 19:00,A-T-P,P,ONS,TD-330K330C008D,FDMC2523P-ASY,9381,ONS1804P,E,2024-ONC-03-G026,FILM FRAME,N,6,1,70.00 X 69.60,,CZ0288
ONCPR0766.1,2024,8,4,140,140,QFN,GUR070097,2/21/2024 19:00,A-T-P,P,ONS,TD-330K330C008D,FDMC2523P-ASY,19775,ONS1804P,E,2024-ONC-03-G034,FILM FRAME,N,6,1,70.00 X 69.60,,CZ0288
ONCPR0767.2,2024,8,4,140,140,QFN,GUR070099,2/21/2024 19:00,A-T-P,P,ONS,TD-330K330C008D,FDMC2523P-ASY,18308,ONS1804P,E,2024-ONC-04-G088,FILM FRAME,N,6,1,70.00 X 69.60,,CZ0288
ONCPR0767.1,2024,8,4,140,140,QFN,GUR070098,2/21/2024 19:00,A-T-P,P,ONS,TD-330K330C008D,FDMC2523P-ASY,26400,ONS1804P,E,2024-ONC-03-G037,FILM FRAME,N,6,1,70.00 X 69.60,,CZ0288
ONCPR0770.2,2024,8,5,140,140,QFN,GUR070101,2/22/2024 19:00,A-T-P,P,ONS,TD-330K330C008D,FDMC2523P-ASY,18235,ONS1804P,E,2024-ONC-03-G132,FILM FRAME,N,6,1,70.00 X 69.60,,CZ0288
ONCPR0770.1,2024,8,5,140,140,QFN,GUR070100,2/22/2024 19:00,A-T-P,P,ONS,TD-330K330C008D,FDMC2523P-ASY,26400,ONS1804P,E,2024-ONC-03-G045,FILM FRAME,N,6,1,70.00 X 69.60,,CZ0288
ONCPR0771.1,2024,8,5,140,140,QFN,GUR070102,2/22/2024 19:00,A-T-P,P,ONS,TD-330K330C008D,FDMC2523P-ASY,9921,ONS1804P,E,2024-ONC-03-G057,FILM FRAME,N,6,1,70.00 X 69.60,,CZ0288
ONCPR0772.1,2024,8,5,140,140,QFN,GUR070103,2/22/2024 19:00,A-T-P,P,ONS,TD-330K330C008D,FDMC2523P-ASY,39094,ONS1804P,E,2024-ONC-03-G058,FILM FRAME,N,6,1,70.00 X 69.60,,CZ0288
ONCPR0773.1,2024,8,6,140,140,QFN,GUR070104,2/23/2024 19:00,A-T-P,P,ONS,TD-330K330C008D,FDMC2523P-ASY,26400,ONS1804P,E,2024-ONC-03-G045,FILM FRAME,N,6,1,70.00 X 69.60,,CZ0288
ONCPR0773.2,2024,8,6,140,140,QFN,GUR070105,2/23/2024 19:00,A-T-P,P,ONS,TD-330K330C008D,FDMC2523P-ASY,17850,ONS1804P,E,2024-ONC-03-G051,FILM FRAME,N,6,1,70.00 X 69.60,,CZ0288
ONCPR0774.1,2024,8,6,140,140,QFN,GUR070106,2/23/2024 19:00,A-T-P,P,ONS,TD-330K330C008D,FDMC2523P-ASY,39266,ONS1804P,E,2024-ONC-03-G056,FILM FRAME,N,6,1,70.00 X 69.60,,CZ0288
ONCPR0775.1,2024,8,6,140,140,QFN,GUR070107,2/23/2024 19:00,A-T-P,P,ONS,TD-330K330C008D,FDMC2523P-ASY,9739,ONS1804P,E,2024-ONC-03-G056,FILM FRAME,N,6,1,70.00 X 69.60,,CZ0288
ONCPR0848.2,2024,9,2,140,140,QFN,GUR090053,2/26/2024 19:00,A-T-P,P,ONS,TD-330K330C008D,FDMC2523P-ASY,17862,ONS1804P,E,2024-ONC-03-G067,FILM FRAME,N,6,1,70.00 X 69.60,,CZ0288
ONCPR0848.1,2024,9,2,140,140,QFN,GUR090052,2/26/2024 19:00,A-T-P,P,ONS,TD-330K330C008D,FDMC2523P-ASY,26400,ONS1804P,E,2024-ONC-03-G067,FILM FRAME,N,6,1,70.00 X 69.60,,CZ0288
ONCPR0849.1,2024,9,3,140,140,QFN,GUR090054,2/27/2024 19:00,A-T-P,P,ONS,TD-330K330C008D,FDMC2523P-ASY,26400,ONS1804P,E,2024-ONC-03-G070,FILM FRAME,N,6,1,70.00 X 69.60,,CZ0288
ONCPR0849.2,2024,9,3,140,140,QFN,GUR090055,2/27/2024 19:00,A-T-P,P,ONS,TD-330K330C008D,FDMC2523P-ASY,17831,ONS1804P,E,2024-ONC-03-G074,FILM FRAME,N,6,1,70.00 X 69.60,,CZ0288
ONCPR0850.1,2024,9,4,140,140,QFN,GUR090056,2/28/2024 19:00,A-T-P,P,ONS,TD-330K330C008D,FDMC2523P-ASY,14576,ONS1804P,E,2024-ONC-03-G074,FILM FRAME,N,6,1,70.00 X 69.60,,CZ0288
ONCPR0851.1,2024,9,4,140,140,QFN,GUR090057,2/28/2024 19:00,A-T-P,P,ONS,TD-330K330C008D,FDMC2523P-ASY,34102,ONS1804P,E,2024-ONC-03-G084,FILM FRAME,N,6,1,70.00 X 69.60,,CZ0288
ONCPR0736.1,2024,8,3,140,140,QFN,GUR070087,2/20/2024 19:00,G-A-T-P,P,ONS,TD-400K400D010B,FAN8811TMPX-ASY,30847,ONS1802P,E,2024-ONC-03-G076,FILM FRAME,N,8,1,104.70 X 62.20,,CZ0288
ONCPR0737.1,2024,8,4,140,140,QFN,GUR070088,2/21/2024 19:00,G-A-T-P,P,ONS,TD-400K400D010B,FAN8811TMPX-ASY,6315,ONS1802P,E,2024-ONC-03-G077,FILM FRAME,N,8,1,104.70 X 62.20,,CZ0288
ONCPR0738.1,2024,8,4,140,140,QFN,GUR070089,2/21/2024 19:00,G-A-T-P,P,ONS,TD-400K400D010B,FAN8811TMPX-ASY,16984,ONS1802P,E,2024-ONC-03-G077,FILM FRAME,N,8,1,104.70 X 62.20,,CZ0288
ONCPR0739.1,2024,8,4,140,140,QFN,GUR070090,2/21/2024 19:00,G-A-T-P,P,ONS,TD-400K400D010B,FAN8811TMPX-ASY,6210,ONS1802P,E,2024-ONC-03-G079,FILM FRAME,N,8,1,104.70 X 62.20,,CZ0288
ONCPR0744.1,2024,8,5,140,140,QFN,GUR070091,2/22/2024 19:00,G-A-T-P,P,ONS,TD-400K400D010B,FAN8811TMPX-ASY,12680,ONS1802P,E,2024-ONC-03-G082,FILM FRAME,N,8,1,104.70 X 62.20,,CZ0288
ONCPR0745.1,2024,8,5,140,140,QFN,GUR070092,2/22/2024 19:00,G-A-T-P,P,ONS,TD-400K400D010B,FAN8811TMPX-ASY,18702,ONS1802P,E,2024-ONC-03-G082,FILM FRAME,N,8,1,104.70 X 62.20,,CZ0288
ONCPR0746.1,2024,8,6,140,140,QFN,GUR070093,2/23/2024 19:00,G-A-T-P,P,ONS,TD-400K400D010B,FAN8811TMPX-ASY,18718,ONS1802P,E,2024-ONC-03-G091,FILM FRAME,N,8,1,104.70 X 62.20,,CZ0288
ONCPR0747.1,2024,8,6,140,140,QFN,GUR070094,2/23/2024 19:00,G-A-T-P,P,ONS,TD-400K400D010B,FAN8811TMPX-ASY,12541,ONS1802P,E,2024-ONC-03-G093,FILM FRAME,N,8,1,104.70 X 62.20,,CZ0288
ONCPR0836.1,2024,9,1,140,140,QFN,GUR090042,2/25/2024 19:00,G-A-T-P,P,ONS,TD-400K400D010B,FAN8811TMPX-ASY,25035,ONS1802P,E,2024-ONC-03-G095,FILM FRAME,N,8,1,104.70 X 62.20,,CZ0288
ONCPR0837.1,2024,9,1,140,140,QFN,GUR090043,2/25/2024 19:00,G-A-T-P,P,ONS,TD-400K400D010B,FAN8811TMPX-ASY,6082,ONS1802P,E,2024-ONC-03-G097,FILM FRAME,N,8,1,104.70 X 62.20,,CZ0288
ONCPR0838.1,2024,9,2,140,140,QFN,GUR090044,2/26/2024 19:00,G-A-T-P,P,ONS,TD-400K400D010B,FAN8811TMPX-ASY,6007,ONS1802P,E,2024-ONC-03-G097,FILM FRAME,N,8,1,104.70 X 62.20,,CZ0288
ONCPR0839.1,2024,9,2,140,140,QFN,GUR090045,2/26/2024 19:00,G-A-T-P,P,ONS,TD-400K400D010B,FAN8811TMPX-ASY,24986,ONS1802P,E,2024-ONC-03-G097,FILM FRAME,N,8,1,104.70 X 62.20,,CZ0288
ONCPR0840.1,2024,9,3,140,140,QFN,GUR090046,2/27/2024 19:00,G-A-T-P,P,ONS,TD-400K400D010B,FAN8811TMPX-ASY,31257,ONS1802P,E,2024-ONC-03-G102,FILM FRAME,N,8,1,104.70 X 62.20,,CZ0288
ONCPR0841.1,2024,9,4,140,140,QFN,GUR090047,2/28/2024 19:00,G-A-T-P,P,ONS,TD-400K400D010B,FAN8811TMPX-ASY,6255,ONS1802P,E,2024-ONC-03-G110,FILM FRAME,N,8,1,104.70 X 62.20,,CZ0288
ONCPR0842.1,2024,9,4,140,140,QFN,GUR090048,2/28/2024 19:00,G-A-T-P,P,ONS,TD-400K400D010B,FAN8811TMPX-ASY,24863,ONS1802P,E,2024-ONC-03-G107,FILM FRAME,N,8,1,104.70 X 62.20,,CZ0288
ONCPR0422.1,2024,5,6,140,140,QFN,GUR050102,2/2/2024 19:00,A-T-P,P,ONS,TDC200K200C006P,FDMA7672-ASY,69540,ONS1839P,A,2024-ONC-02-G063,FILM FRAME,N,8,1,51.00 X 25.00,,CZ0288
ONCPR0509.1,2024,6,5,140,140,QFN,GUR050160,2/8/2024 19:00,A-T-P,P,ONS,TDC200K200C006P,FDMA7672-ASY,34697,ONS1839P,A,2024-ONC-02-G141,FILM FRAME,N,8,1,51.00 X 25.00,,CZ0288
ONCPR0510.1,2024,6,6,140,140,QFN,GUR050161,2/9/2024 19:00,A-T-P,P,ONS,TDC200K200C006P,FDMA7672-ASY,46800,ONS1839P,A,2024-ONC-02-G163,FILM FRAME,N,8,1,51.00 X 25.00,,CZ0288
ONCPR0510.2,2024,6,6,140,140,QFN,GUR050162,2/9/2024 19:00,A-T-P,P,ONS,TDC200K200C006P,FDMA7672-ASY,57553,ONS1839P,A,2024-ONC-02-G148,FILM FRAME,N,8,1,51.00 X 25.00,,CZ0288
ONCPR0546.1,2024,6,7,140,140,QFN,GUR070039,2/10/2024 19:00,A-T-P,P,ONS,TDC200K200C006P,FDMA7672-ASY,69529,ONS1839P,A,2024-ONC-02-G147,FILM FRAME,N,8,1,51.00 X 25.00,,CZ0288
ONCPR0506.1,2024,6,4,140,140,QFN,GUR050156,2/7/2024 19:00,A-T-P,P,ONS,TDC200Q200C006P,FDMA2002NZ-ASY,31653,ONS1764P,A,2024-ONC-02-G133,FILM FRAME,N,8,2,24.50 X 25.50,,CZ0288
ONCPR0507.1,2024,6,5,140,140,QFN,GUR050157,2/8/2024 19:00,A-T-P,P,ONS,TDC200Q200C006P,FDMA2002NZ-ASY,35516,ONS1764P,A,2024-ONC-02-G133,FILM FRAME,N,8,2,24.50 X 25.50,,CZ0288
ONCPR0508.1,2024,6,4,140,140,QFN,GUR050158,2/7/2024 19:00,A-T-P,P,ONS,TDC200Q200C006P,FDMA2002NZ-ASY,46800,ONS1764P,A,2024-ONC-02-G137,FILM FRAME,N,8,2,24.50 X 25.50,,CZ0288
ONCPR0508.2,2024,6,4,140,140,QFN,GUR050159,2/7/2024 19:00,A-T-P,P,ONS,TDC200Q200C006P,FDMA2002NZ-ASY,23979,ONS1764P,A,2024-ONC-02-G141,FILM FRAME,N,8,2,24.50 X 25.50,,CZ0288
ONCPR0543.2,2024,7,5,140,140,QFN,GUR070035,2/15/2024 19:00,A-T-P,P,ONS,TDC200Q200C006P,FDMA2002NZ-ASY,24212,ONS1764P,A,2024-ONC-02-G157,FILM FRAME,N,8,2,24.50 X 25.50,,CZ0288
ONCPR0543.1,2024,7,5,140,140,QFN,GUR070034,2/15/2024 19:00,A-T-P,P,ONS,TDC200Q200C006P,FDMA2002NZ-ASY,46800,ONS1764P,A,2024-ONC-02-G141,FILM FRAME,N,8,2,24.50 X 25.50,,CZ0288
ONCPR0544.1,2024,7,5,140,140,QFN,GUR070036,2/15/2024 19:00,A-T-P,P,ONS,TDC200Q200C006P,FDMA2002NZ-ASY,35472,ONS1764P,A,2024-ONC-02-G141,FILM FRAME,N,8,2,24.50 X 25.50,,CZ0288
ONCPR0545.1,2024,7,6,140,140,QFN,GUR070037,2/16/2024 19:00,A-T-P,P,ONS,TDC200Q200C006P,FDMA2002NZ-ASY,46800,ONS1764P,A,2024-ONC-02-G157,FILM FRAME,N,8,2,24.50 X 25.50,,CZ0288
ONCPR0545.2,2024,7,6,140,140,QFN,GUR070038,2/16/2024 19:00,A-T-P,P,ONS,TDC200Q200C006P,FDMA2002NZ-ASY,24127,ONS1764P,A,2024-ONC-02-G147,FILM FRAME,N,8,2,24.50 X 25.50,,CZ0288
ONCPR0394.2,2024,5,6,140,140,QFN,GUR050071,2/2/2024 19:00,A-T-P,P,ONS,TDC330K330C008D,FDMC6680PZ-ASY,21120,ONS1761P,A,2024-ONC-02-G099,FILM FRAME,N,8,1,70.00 X 95.00,,CZ0288
ONCPR0394.4,2024,5,6,140,140,QFN,GUR050073,2/2/2024 19:00,A-T-P,P,ONS,TDC330K330C008D,FDMC6680PZ-ASY,25523,ONS1761P,A,2024-ONC-02-G099,FILM FRAME,N,8,1,70.00 X 95.00,,CZ0288
ONCPR0394.3,2024,5,6,140,140,QFN,GUR050072,2/2/2024 19:00,A-T-P,P,ONS,TDC330K330C008D,FDMC6680PZ-ASY,21120,ONS1761P,A,2024-ONC-02-G099,FILM FRAME,N,8,1,70.00 X 95.00,,CZ0288
ONCPR0394.1,2024,5,6,140,140,QFN,GUR050070,2/2/2024 19:00,A-T-P,P,ONS,TDC330K330C008D,FDMC6680PZ-ASY,21120,ONS1761P,A,2024-ONC-02-G099,FILM FRAME,N,8,1,70.00 X 95.00,,CZ0288
ONCPR0443.1,2024,5,7,140,140,QFN,GUR050141,2/3/2024 19:00,A-T-P,P,ONS,TDC330K330C008D,FDMC6680PZ-ASY,21120,ONS1761P,A,2024-ONC-02-G104,FILM FRAME,N,8,1,70.00 X 95.00,,CZ0288
ONCPR0443.2,2024,5,7,140,140,QFN,GUR050142,2/3/2024 19:00,A-T-P,P,ONS,TDC330K330C008D,FDMC6680PZ-ASY,22993,ONS1761P,A,2024-ONC-02-G101,FILM FRAME,N,8,1,70.00 X 95.00,,CZ0288
ONCPR0444.2,2024,6,1,140,140,QFN,GUR050144,2/4/2024 19:00,A-T-P,P,ONS,TDC330K330C008D,FDMC6680PZ-ASY,29226,ONS1761P,A,2024-ONC-02-G110,FILM FRAME,N,8,1,70.00 X 95.00,,CZ0288
ONCPR0444.1,2024,6,1,140,140,QFN,GUR050143,2/4/2024 19:00,A-T-P,P,ONS,TDC330K330C008D,FDMC6680PZ-ASY,21120,ONS1761P,A,2024-ONC-02-G104,FILM FRAME,N,8,1,70.00 X 95.00,,CZ0288
ONCPR0445.1,2024,6,2,140,140,QFN,GUR050145,2/5/2024 19:00,A-T-P,P,ONS,TDC330K330C008D,FDMC6680PZ-ASY,21120,ONS1761P,A,2024-ONC-02-G110,FILM FRAME,N,8,1,70.00 X 95.00,,CZ0288
ONCPR0445.2,2024,6,2,140,140,QFN,GUR050146,2/5/2024 19:00,A-T-P,P,ONS,TDC330K330C008D,FDMC6680PZ-ASY,22939,ONS1761P,A,2024-ONC-02-G114,FILM FRAME,N,8,1,70.00 X 95.00,,CZ0288
ONCPR0446.1,2024,6,3,140,140,QFN,GUR050147,2/6/2024 19:00,A-T-P,P,ONS,TDC330K330C008D,FDMC6680PZ-ASY,12662,ONS1761P,A,2024-ONC-02-G114,FILM FRAME,N,8,1,70.00 X 95.00,,CZ0288
ONCPR0447.1,2024,6,3,140,140,QFN,GUR050148,2/6/2024 19:00,A-T-P,P,ONS,TDC330K330C008D,FDMC6680PZ-ASY,31121,ONS1761P,A,2024-ONC-02-G117,FILM FRAME,N,8,1,70.00 X 95.00,,CZ0288
ONCPR0448.1,2024,6,3,140,140,QFN,GUR050149,2/6/2024 19:00,A-T-P,P,ONS,TDC330K330C008D,FDMC6680PZ-ASY,6316,ONS1761P,A,2024-ONC-02-G154,FILM FRAME,N,8,1,70.00 X 95.00,,CZ0288
ONCPR0450.1,2024,6,4,140,140,QFN,GUR050150,2/7/2024 19:00,A-T-P,P,ONS,TDC330K330C008D,FDMC6680PZ-ASY,21120,ONS1761P,A,2024-ONC-02-G160,FILM FRAME,N,8,1,70.00 X 95.00,,CZ0288
ONCPR0450.2,2024,6,4,140,140,QFN,GUR050151,2/7/2024 19:00,A-T-P,P,ONS,TDC330K330C008D,FDMC6680PZ-ASY,23354,ONS1761P,A,2024-ONC-03-G067,FILM FRAME,N,8,1,70.00 X 95.00,,CZ0288
ONCPR0451.1,2024,6,5,140,140,QFN,GUR050152,2/8/2024 19:00,A-T-P,P,ONS,TDC330K330C008D,FDMC6680PZ-ASY,21120,ONS1761P,A,2024-ONC-02-G126,FILM FRAME,N,8,1,70.00 X 95.00,,CZ0288
ONCPR0451.2,2024,6,5,140,140,QFN,GUR050153,2/8/2024 19:00,A-T-P,P,ONS,TDC330K330C008D,FDMC6680PZ-ASY,23212,ONS1761P,A,2024-ONC-03-G127,FILM FRAME,N,8,1,70.00 X 95.00,,CZ0288
ONCPR0452.1,2024,6,6,140,140,QFN,GUR050154,2/9/2024 19:00,A-T-P,P,ONS,TDC330K330C008D,FDMC6680PZ-ASY,21120,ONS1761P,A,2024-ONC-02-G163,FILM FRAME,N,8,1,70.00 X 95.00,,CZ0288
ONCPR0452.2,2024,6,6,140,140,QFN,GUR050155,2/9/2024 19:00,A-T-P,P,ONS,TDC330K330C008D,FDMC6680PZ-ASY,23152,ONS1761P,A,2024-ONC-02-G126,FILM FRAME,N,8,1,70.00 X 95.00,,CZ0288
ONCPR0547.2,2024,7,4,140,140,QFN,GUR070041,2/14/2024 19:00,A-T-P,P,ONS,TDC330K330C008D,FDMC6680PZ-ASY,21120,ONS1761P,A,2024-ONC-03-G016,FILM FRAME,N,8,1,70.00 X 95.00,,CZ0288
ONCPR0547.4,2024,7,4,140,140,QFN,GUR070043,2/14/2024 19:00,A-T-P,P,ONS,TDC330K330C008D,FDMC6680PZ-ASY,24760,ONS1761P,A,2024-ONC-03-G016,FILM FRAME,N,8,1,70.00 X 95.00,,CZ0288
ONCPR0547.3,2024,7,4,140,140,QFN,GUR070042,2/14/2024 19:00,A-T-P,P,ONS,TDC330K330C008D,FDMC6680PZ-ASY,21120,ONS1761P,A,2024-ONC-03-G016,FILM FRAME,N,8,1,70.00 X 95.00,,CZ0288
ONCPR0547.1,2024,7,4,140,140,QFN,GUR070040,2/14/2024 19:00,A-T-P,P,ONS,TDC330K330C008D,FDMC6680PZ-ASY,21120,ONS1761P,A,2024-ONC-03-G014,FILM FRAME,N,8,1,70.00 X 95.00,,CZ0288
ONCPR0548.3,2024,7,1,140,140,QFN,GUR070046,2/11/2024 19:00,A-T-P,P,ONS,TDC330K330C008D,FDMC6680PZ-ASY,27481,ONS1761P,A,2024-ONC-02-G169,FILM FRAME,N,8,1,70.00 X 95.00,,CZ0288
ONCPR0548.2,2024,7,1,140,140,QFN,GUR070045,2/11/2024 19:00,A-T-P,P,ONS,TDC330K330C008D,FDMC6680PZ-ASY,21120,ONS1761P,A,2024-ONC-02-G164,FILM FRAME,N,8,1,70.00 X 95.00,,CZ0288
ONCPR0548.1,2024,7,1,140,140,QFN,GUR070044,2/11/2024 19:00,A-T-P,P,ONS,TDC330K330C008D,FDMC6680PZ-ASY,21120,ONS1761P,A,2024-ONC-02-G164,FILM FRAME,N,8,1,70.00 X 95.00,,CZ0288
ONCPR0549.1,2024,7,1,140,140,QFN,GUR070047,2/11/2024 19:00,A-T-P,P,ONS,TDC330K330C008D,FDMC6680PZ-ASY,12698,ONS1761P,A,2024-ONC-02-G169,FILM FRAME,N,8,1,70.00 X 95.00,,CZ0288
ONCPR0550.1,2024,7,2,140,140,QFN,GUR070048,2/12/2024 19:00,A-T-P,P,ONS,TDC330K330C008D,FDMC6680PZ-ASY,12557,ONS1761P,A,2024-ONC-03-G001,FILM FRAME,N,8,1,70.00 X 95.00,,CZ0288
ONCPR0551.2,2024,7,3,140,140,QFN,GUR070050,2/13/2024 19:00,A-T-P,P,ONS,TDC330K330C008D,FDMC6680PZ-ASY,21120,ONS1761P,A,2024-ONC-03-G001,FILM FRAME,N,8,1,70.00 X 95.00,,CZ0288
ONCPR0551.3,2024,7,3,140,140,QFN,GUR070051,2/13/2024 19:00,A-T-P,P,ONS,TDC330K330C008D,FDMC6680PZ-ASY,21120,ONS1761P,A,2024-ONC-03-G020,FILM FRAME,N,8,1,70.00 X 95.00,,CZ0288
ONCPR0551.4,2024,7,3,140,140,QFN,GUR070052,2/13/2024 19:00,A-T-P,P,ONS,TDC330K330C008D,FDMC6680PZ-ASY,25399,ONS1761P,A,2024-ONC-03-G024,FILM FRAME,N,8,1,70.00 X 95.00,,CZ0288
ONCPR0551.1,2024,7,3,140,140,QFN,GUR070049,2/13/2024 19:00,A-T-P,P,ONS,TDC330K330C008D,FDMC6680PZ-ASY,21120,ONS1761P,A,2024-ONC-02-G133,FILM FRAME,N,8,1,70.00 X 95.00,,CZ0288
ONCPR0552.1,2024,7,2,140,140,QFN,GUR070053,2/12/2024 19:00,A-T-P,P,ONS,TDC330K330C008D,FDMC6680PZ-ASY,21120,ONS1761P,A,2024-ONC-03-G012,FILM FRAME,N,8,1,70.00 X 95.00,,CZ0288
ONCPR0552.3,2024,7,2,140,140,QFN,GUR070055,2/12/2024 19:00,A-T-P,P,ONS,TDC330K330C008D,FDMC6680PZ-ASY,27662,ONS1761P,A,2024-ONC-03-G016,FILM FRAME,N,8,1,70.00 X 95.00,,CZ0288
ONCPR0552.2,2024,7,2,140,140,QFN,GUR070054,2/12/2024 19:00,A-T-P,P,ONS,TDC330K330C008D,FDMC6680PZ-ASY,21120,ONS1761P,A,2024-ONC-03-G016,FILM FRAME,N,8,1,70.00 X 95.00,,CZ0288
ONRQR0001.1,2024,6,4,140,140,QFN,GU654369A,2/7/2024 19:00,B-A-T-P,Q,ONS,TQC500E6001016U,ENGNIV3070UT001,3200,ONS4866E,A,SFG2200,TUBE,Y,8,1,140.5 X 177.9,,CZ0281
PAPPR0237.1,2024,6,3,140,140,QFN,BQ33004-01-19,2/6/2024 19:00,B-A,P,PA3,TQC300E400B016B,KA49240A-VB_SFG,8196,PA30172P,A,2024-PAP-02-G122,TRAY,N,8,1,69.6 X 69.6,,CZ0288
PAPPR0238.1,2024,6,3,140,140,QFN,BQ33004-01-20,2/6/2024 19:00,B-A,P,PA3,TQC300E400B016B,KA49240A-VB_SFG,8466,PA30172P,A,2024-PAP-02-G122,TRAY,N,8,1,69.6 X 69.6,,CZ0288
PAPPR0239.1,2024,6,3,140,140,QFN,BQ33004-01-21,2/6/2024 19:00,B-A,P,PA3,TQC300E400B016B,KA49240A-VB_SFG,8616,PA30172P,A,2024-PAP-02-G122,TRAY,N,8,1,69.6 X 69.6,,CZ0288
PAPPR0240.1,2024,6,3,140,140,QFN,BQ33004-01-22,2/6/2024 19:00,B-A,P,PA3,TQC300E400B016B,KA49240A-VB_SFG,8610,PA30172P,A,2024-PAP-02-G099,TRAY,N,8,1,69.6 X 69.6,,CZ0288
PAPPR0241.1,2024,6,3,140,140,QFN,BQ33004-01-23,2/6/2024 19:00,B-A,P,PA3,TQC300E400B016B,KA49240A-VB_SFG,8617,PA30172P,A,2024-PAP-02-G122,TRAY,N,8,1,69.6 X 69.6,,CZ0288
PANER0032.1,2024,7,3,140,140,QFN,F6X475-01,2/13/2024 19:00,B-A,E,PA3,TQC400E400A032D,KA44120A,500,PA30588E,A,2024-PAN-02-G010,TRAY,N,8,1,84.6 X 83.1,,CZ0288
PANER0033.1,2024,7,3,140,140,QFN,F6X475-03,2/13/2024 19:00,B-A,E,PA3,TQC400E400A032D,KA44120A,500,PA30588E,A,2024-PAN-02-G010,TRAY,N,8,1,84.6 X 83.1,,CZ0288
PANER0034.1,2024,7,3,140,140,QFN,F6X475-05,2/13/2024 19:00,B-A,E,PA3,TQC400E400A032D,KA44120A,500,PA30588E,A,2024-PAN-02-G010,TRAY,N,8,1,84.6 X 83.1,,CZ0288
PANER0035.1,2024,7,3,140,140,QFN,F6X475-07,2/13/2024 19:00,B-A,E,PA3,TQC400E400A032D,KA44120A,500,PA30588E,A,2024-PAN-02-G010,TRAY,N,8,1,84.6 X 83.1,,CZ0288
PANER0036.1,2024,7,3,140,140,QFN,F6X475-09,2/13/2024 19:00,B-A,E,PA3,TQC400E400A032D,KA44120A,500,PA30588E,A,2024-PAN-02-G010,TRAY,N,8,1,84.6 X 83.1,,CZ0288
PANER0039.1,2024,8,3,140,140,QFN,BS20338-01-01,2/20/2024 19:00,B-A,E,PA3,TQC400E400A032D,KA44370A,2200,PA30532E,D,2024-PAN-03-G002,TRAY,N,8,1,85.00 X 86.50,,CZ0288
PABPR0941.1,2024,6,7,140,140,QFN,BQ29931-01-15,2/10/2024 19:00,B-A-T-P,P,PA3,TQC500E500A036P,AN44128ACVBB,2704,PA30135P,C,PABPR0942.1,TUBE,N,8,1,133.00 X 114.50,,CZ0288
PABPR0942.1,2024,6,7,140,140,QFN,BQ29931-01-16,2/10/2024 19:00,B-A-T-P,P,PA3,TQC500E500A036P,AN44128ACVBB,2708,PA30135P,C,2024-PAB-03-G003,TUBE,N,8,1,133.00 X 114.50,,CZ0288
PABPR0943.1,2024,6,7,140,140,QFN,BQ29931-01-17,2/10/2024 19:00,B-A-T-P,P,PA3,TQC500E500A036P,AN44128ACVBB,2718,PA30135P,C,2024-PAB-03-G003,TUBE,N,8,1,133.00 X 114.50,,CZ0288
PABPR0944.1,2024,6,7,140,140,QFN,BQ29931-01-18,2/10/2024 19:00,B-A-T-P,P,PA3,TQC500E500A036P,AN44128ACVBB,2725,PA30135P,C,PABPR0946.1,TUBE,N,8,1,133.00 X 114.50,,CZ0288
PABPR0945.1,2024,6,7,140,140,QFN,BQ29931-01-19,2/10/2024 19:00,B-A-T-P,P,PA3,TQC500E500A036P,AN44128ACVBB,2720,PA30135P,C,2024-PAB-03-G003,TUBE,N,8,1,133.00 X 114.50,,CZ0288
PABPR0946.1,2024,6,7,140,140,QFN,BQ29931-01-20,2/10/2024 19:00,B-A-T-P,P,PA3,TQC500E500A036P,AN44128ACVBB,2731,PA30135P,C,2024-PAB-03-G003,TUBE,N,8,1,133.00 X 114.50,,CZ0288
PABPR0947.1,2024,6,7,140,140,QFN,BQ29931-01-21,2/10/2024 19:00,B-A-T-P,P,PA3,TQC500E500A036P,AN44128ACVBB,2712,PA30135P,C,2024-PAB-03-G003,TUBE,N,8,1,133.00 X 114.50,,CZ0288
PABPR0948.1,2024,6,7,140,140,QFN,BQ29931-01-22,2/10/2024 19:00,B-A-T-P,P,PA3,TQC500E500A036P,AN44128ACVBB,2721,PA30135P,C,2024-PAB-03-G003,TUBE,N,8,1,133.00 X 114.50,,CZ0288
PABPR0949.1,2024,6,7,140,140,QFN,BQ29931-01-23,2/10/2024 19:00,B-A-T-P,P,PA3,TQC500E500A036P,AN44128ACVBB,2702,PA30135P,C,PABPR0948.1,TUBE,N,8,1,133.00 X 114.50,,CZ0288
PABPR0950.1,2024,6,7,140,140,QFN,BQ29931-01-24,2/10/2024 19:00,B-A-T-P,P,PA3,TQC500E500A036P,AN44128ACVBB,2738,PA30135P,C,PABPR0943.1,TUBE,N,8,1,133.00 X 114.50,,CZ0288
PABPR0951.1,2024,6,7,140,140,QFN,BQ29931-01-25,2/10/2024 19:00,B-A-T-P,P,PA3,TQC500E500A036P,AN44128ACVBB,2704,PA30135P,C,2024-PAB-03-G003,TUBE,N,8,1,133.00 X 114.50,,CZ0288
PABPR0952.1,2024,6,7,140,140,QFN,BQ29932-01-01,2/10/2024 19:00,B-A-T-P,P,PA3,TQC500E500A036P,AN44128ACVBB,2714,PA30135P,C,PABPR0954.1,TUBE,N,8,1,133.00 X 114.50,,CZ0288
PABPR0953.1,2024,6,7,140,140,QFN,BQ29932-01-02,2/10/2024 19:00,B-A-T-P,P,PA3,TQC500E500A036P,AN44128ACVBB,2709,PA30135P,C,PABPR0951.1,TUBE,N,8,1,133.00 X 114.50,,CZ0288
PABPR0954.1,2024,6,7,140,140,QFN,BQ29932-01-03,2/10/2024 19:00,B-A-T-P,P,PA3,TQC500E500A036P,AN44128ACVBB,2717,PA30135P,C,2024-PAB-03-G003,TUBE,N,8,1,133.00 X 114.50,,CZ0288
PABPR0955.1,2024,6,7,140,140,QFN,BQ29932-01-04,2/10/2024 19:00,B-A-T-P,P,PA3,TQC500E500A036P,AN44128ACVBB,2711,PA30135P,C,PABPR0976.1,TUBE,N,8,1,133.00 X 114.50,,CZ0288
PABPR0956.1,2024,6,7,140,140,QFN,BQ29932-01-05,2/10/2024 19:00,B-A-T-P,P,PA3,TQC500E500A036P,AN44128ACVBB,2539,PA30135P,C,PABPR0947.1,TUBE,N,8,1,133.00 X 114.50,,CZ0288
PABPR0957.1,2024,6,7,140,140,QFN,BQ29932-01-06,2/10/2024 19:00,B-A-T-P,P,PA3,TQC500E500A036P,AN44128ACVBB,2727,PA30135P,C,2024-PAB-03-G003,TUBE,N,8,1,133.00 X 114.50,,CZ0288
PABPR0958.1,2024,6,7,140,140,QFN,BQ29932-01-07,2/10/2024 19:00,B-A-T-P,P,PA3,TQC500E500A036P,AN44128ACVBB,2733,PA30135P,C,PABPR0967.1,TUBE,N,8,1,133.00 X 114.50,,CZ0288
PABPR0959.1,2024,6,7,140,140,QFN,BQ29932-01-08,2/10/2024 19:00,B-A-T-P,P,PA3,TQC500E500A036P,AN44128ACVBB,2731,PA30135P,C,2024-PAB-03-G003,TUBE,N,8,1,133.00 X 114.50,,CZ0288
PABPR0960.1,2024,6,7,140,140,QFN,BQ29932-01-09,2/10/2024 19:00,B-A-T-P,P,PA3,TQC500E500A036P,AN44128ACVBB,2704,PA30135P,C,2024-PAB-03-G008,TUBE,N,8,1,133.00 X 114.50,,CZ0288
PABPR0961.1,2024,7,1,140,140,QFN,BQ29932-01-10,2/11/2024 19:00,B-A-T-P,P,PA3,TQC500E500A036P,AN44128ACVBB,2675,PA30135P,C,PABPR0987.1,TUBE,N,8,1,133.00 X 114.50,,CZ0288
PABPR0962.1,2024,7,1,140,140,QFN,BQ29932-01-11,2/11/2024 19:00,B-A-T-P,P,PA3,TQC500E500A036P,AN44128ACVBB,2698,PA30135P,C,PABPR0960.1,TUBE,N,8,1,133.00 X 114.50,,CZ0288
PABPR0963.1,2024,7,1,140,140,QFN,BQ29932-01-13,2/11/2024 19:00,B-A-T-P,P,PA3,TQC500E500A036P,AN44128ACVBB,2716,PA30135P,C,PABPR1050.1,TUBE,N,8,1,133.00 X 114.50,,CZ0288
PABPR0964.1,2024,7,1,140,140,QFN,BQ29932-01-14,2/11/2024 19:00,B-A-T-P,P,PA3,TQC500E500A036P,AN44128ACVBB,2737,PA30135P,C,2024-PAB-03-G008,TUBE,N,8,1,133.00 X 114.50,,CZ0288
PABPR0965.1,2024,7,1,140,140,QFN,BQ29932-01-15,2/11/2024 19:00,B-A-T-P,P,PA3,TQC500E500A036P,AN44128ACVBB,2728,PA30135P,C,2024-PAB-03-G008,TUBE,N,8,1,133.00 X 114.50,,CZ0288
PABPR0966.1,2024,7,1,140,140,QFN,BQ29932-01-16,2/11/2024 19:00,B-A-T-P,P,PA3,TQC500E500A036P,AN44128ACVBB,2687,PA30135P,C,PABPR0977.1,TUBE,N,8,1,133.00 X 114.50,,CZ0288
PABPR0967.1,2024,7,1,140,140,QFN,BQ29932-01-17,2/11/2024 19:00,B-A-T-P,P,PA3,TQC500E500A036P,AN44128ACVBB,2733,PA30135P,C,2024-PAB-03-G003,TUBE,N,8,1,133.00 X 114.50,,CZ0288
PABPR0968.1,2024,7,1,140,140,QFN,BQ29932-01-18,2/11/2024 19:00,B-A-T-P,P,PA3,TQC500E500A036P,AN44128ACVBB,2711,PA30135P,C,2024-PAB-03-G012,TUBE,N,8,1,133.00 X 114.50,,CZ0288
PABPR0969.1,2024,7,1,140,140,QFN,BQ29932-01-19,2/11/2024 19:00,B-A-T-P,P,PA3,TQC500E500A036P,AN44128ACVBB,2738,PA30135P,C,PABPR0959.1,TUBE,N,8,1,133.00 X 114.50,,CZ0288
PABPR0970.1,2024,7,1,140,140,QFN,BQ29932-01-20,2/11/2024 19:00,B-A-T-P,P,PA3,TQC500E500A036P,AN44128ACVBB,2730,PA30135P,C,2024-PAB-03-G003,TUBE,N,8,1,133.00 X 114.50,,CZ0288
PABPR0971.1,2024,7,1,140,140,QFN,BQ29932-01-21,2/11/2024 19:00,B-A-T-P,P,PA3,TQC500E500A036P,AN44128ACVBB,2731,PA30135P,C,2024-PAB-03-G012,TUBE,N,8,1,133.00 X 114.50,,CZ0288
PABPR0972.1,2024,7,1,140,140,QFN,BQ29932-01-22,2/11/2024 19:00,B-A-T-P,P,PA3,TQC500E500A036P,AN44128ACVBB,2715,PA30135P,C,PABPR0970.1,TUBE,N,8,1,133.00 X 114.50,,CZ0288
PABPR0973.1,2024,7,1,140,140,QFN,BQ29932-01-23,2/11/2024 19:00,B-A-T-P,P,PA3,TQC500E500A036P,AN44128ACVBB,2735,PA30135P,C,2024-PAB-03-G015,TUBE,N,8,1,133.00 X 114.50,,CZ0288
PABPR0974.1,2024,7,1,140,140,QFN,BQ29932-01-24,2/11/2024 19:00,B-A-T-P,P,PA3,TQC500E500A036P,AN44128ACVBB,2719,PA30135P,C,PABPR0980.1,TUBE,N,8,1,133.00 X 114.50,,CZ0288
PABPR0975.1,2024,7,1,140,140,QFN,BQ29932-01-25,2/11/2024 19:00,B-A-T-P,P,PA3,TQC500E500A036P,AN44128ACVBB,2727,PA30135P,C,2024-PAB-03-G012,TUBE,N,8,1,133.00 X 114.50,,CZ0288
PABPR0976.1,2024,7,1,140,140,QFN,BQ30460-01-01,2/11/2024 19:00,B-A-T-P,P,PA3,TQC500E500A036P,AN44128ACVBB,2727,PA30135P,C,2024-PAB-03-G003,TUBE,N,8,1,133.00 X 114.50,,CZ0288
PABPR0977.1,2024,7,1,140,140,QFN,BQ30460-01-02,2/11/2024 19:00,B-A-T-P,P,PA3,TQC500E500A036P,AN44128ACVBB,2693,PA30135P,C,2024-PAB-03-G012,TUBE,N,8,1,133.00 X 114.50,,CZ0288
PABPR0978.1,2024,7,1,140,140,QFN,BQ30460-01-03,2/11/2024 19:00,B-A-T-P,P,PA3,TQC500E500A036P,AN44128ACVBB,2708,PA30135P,C,PABPR0965.1,TUBE,N,8,1,133.00 X 114.50,,CZ0288
PABPR0979.1,2024,7,1,140,140,QFN,BQ30460-01-04,2/11/2024 19:00,B-A-T-P,P,PA3,TQC500E500A036P,AN44128ACVBB,2702,PA30135P,C,PABPR1032.1,TUBE,N,8,1,133.00 X 114.50,,CZ0288
PABPR0980.1,2024,7,1,140,140,QFN,BQ30460-01-05,2/11/2024 19:00,B-A-T-P,P,PA3,TQC500E500A036P,AN44128ACVBB,2722,PA30135P,C,2024-PAB-03-G003,TUBE,N,8,1,133.00 X 114.50,,CZ0288
PABPR0981.1,2024,7,2,140,140,QFN,BQ30460-01-06,2/12/2024 19:00,B-A-T-P,P,PA3,TQC500E500A036P,AN44128ACVBB,2698,PA30135P,C,PABPR0991.1,TUBE,N,8,1,133.00 X 114.50,,CZ0288
PABPR0982.1,2024,7,2,140,140,QFN,BQ30460-01-07,2/12/2024 19:00,B-A-T-P,P,PA3,TQC500E500A036P,AN44128ACVBB,2702,PA30135P,C,PABPR0998.1,TUBE,N,8,1,133.00 X 114.50,,CZ0288
PABPR0983.1,2024,7,2,140,140,QFN,BQ30460-01-08,2/12/2024 19:00,B-A-T-P,P,PA3,TQC500E500A036P,AN44128ACVBB,2707,PA30135P,C,PABPR0975.1,TUBE,N,8,1,133.00 X 114.50,,CZ0288
PABPR0984.1,2024,7,2,140,140,QFN,BQ30460-01-09,2/12/2024 19:00,B-A-T-P,P,PA3,TQC500E500A036P,AN44128ACVBB,2721,PA30135P,C,2024-PAB-03-G003,TUBE,N,8,1,133.00 X 114.50,,CZ0288
PABPR0985.1,2024,7,2,140,140,QFN,BQ30460-01-10,2/12/2024 19:00,B-A-T-P,P,PA3,TQC500E500A036P,AN44128ACVBB,2707,PA30135P,C,PABPR1046.1,TUBE,N,8,1,133.00 X 114.50,,CZ0288
PABPR0986.1,2024,7,2,140,140,QFN,BQ30460-01-11,2/12/2024 19:00,B-A-T-P,P,PA3,TQC500E500A036P,AN44128ACVBB,2710,PA30135P,C,PABPR0968.1,TUBE,N,8,1,133.00 X 114.50,,CZ0288
PABPR0987.1,2024,7,2,140,140,QFN,BQ30460-01-12,2/12/2024 19:00,B-A-T-P,P,PA3,TQC500E500A036P,AN44128ACVBB,2727,PA30135P,C,2024-PAB-03-G012,TUBE,N,8,1,133.00 X 114.50,,CZ0288
PABPR0988.1,2024,7,2,140,140,QFN,BQ30460-01-13,2/12/2024 19:00,B-A-T-P,P,PA3,TQC500E500A036P,AN44128ACVBB,2702,PA30135P,C,PABPR0995.1,TUBE,N,8,1,133.00 X 114.50,,CZ0288
PABPR0989.1,2024,7,2,140,140,QFN,BQ30460-01-14,2/12/2024 19:00,B-A-T-P,P,PA3,TQC500E500A036P,AN44128ACVBB,2705,PA30135P,C,PABPR1049.1,TUBE,N,8,1,133.00 X 114.50,,CZ0288
PABPR0990.1,2024,7,2,140,140,QFN,BQ30460-01-15,2/12/2024 19:00,B-A-T-P,P,PA3,TQC500E500A036P,AN44128ACVBB,2717,PA30135P,C,PABPR1039.1,TUBE,N,8,1,133.00 X 114.50,,CZ0288
PABPR0991.1,2024,7,2,140,140,QFN,BQ30460-01-16,2/12/2024 19:00,B-A-T-P,P,PA3,TQC500E500A036P,AN44128ACVBB,2715,PA30135P,C,2024-PAB-03-G015,TUBE,N,8,1,133.00 X 114.50,,CZ0288
PABPR0992.1,2024,7,2,140,140,QFN,BQ30460-01-17,2/12/2024 19:00,B-A-T-P,P,PA3,TQC500E500A036P,AN44128ACVBB,2735,PA30135P,C,2024-PAB-03-G015,TUBE,N,8,1,133.00 X 114.50,,CZ0288
PABPR0993.1,2024,7,2,140,140,QFN,BQ30460-01-18,2/12/2024 19:00,B-A-T-P,P,PA3,TQC500E500A036P,AN44128ACVBB,2726,PA30135P,C,PABPR1036.1,TUBE,N,8,1,133.00 X 114.50,,CZ0288
PABPR0994.1,2024,7,2,140,140,QFN,BQ30460-01-19,2/12/2024 19:00,B-A-T-P,P,PA3,TQC500E500A036P,AN44128ACVBB,2735,PA30135P,C,PABPR1041.1,TUBE,N,8,1,133.00 X 114.50,,CZ0288
PABPR0995.1,2024,7,2,140,140,QFN,BQ30460-01-20,2/12/2024 19:00,B-A-T-P,P,PA3,TQC500E500A036P,AN44128ACVBB,2724,PA30135P,C,2024-PAB-03-G015,TUBE,N,8,1,133.00 X 114.50,,CZ0288
PABPR0996.1,2024,7,2,140,140,QFN,BQ30460-01-21,2/12/2024 19:00,B-A-T-P,P,PA3,TQC500E500A036P,AN44128ACVBB,2719,PA30135P,C,2024-PAB-03-G015,TUBE,N,8,1,133.00 X 114.50,,CZ0288
PABPR0997.1,2024,7,2,140,140,QFN,BQ30460-01-22,2/12/2024 19:00,B-A-T-P,P,PA3,TQC500E500A036P,AN44128ACVBB,2725,PA30135P,C,PABPR1037.1,TUBE,N,8,1,133.00 X 114.50,,CZ0288
PABPR0998.1,2024,7,2,140,140,QFN,BQ30460-01-23,2/12/2024 19:00,B-A-T-P,P,PA3,TQC500E500A036P,AN44128ACVBB,2724,PA30135P,C,2024-PAB-03-G015,TUBE,N,8,1,133.00 X 114.50,,CZ0288
PABPR0999.1,2024,7,2,140,140,QFN,BQ30460-01-24,2/12/2024 19:00,B-A-T-P,P,PA3,TQC500E500A036P,AN44128ACVBB,2706,PA30135P,C,PABPR1092.1,TUBE,N,8,1,133.00 X 114.50,,CZ0288
PABPR1000.1,2024,7,2,140,140,QFN,BQ30460-01-25,2/12/2024 19:00,B-A-T-P,P,PA3,TQC500E500A036P,AN44128ACVBB,2708,PA30135P,C,2024-PAB-03-G008,TUBE,N,8,1,133.00 X 114.50,,CZ0288
PABPR1026.1,2024,7,3,140,140,QFN,BQ30461-01-01,2/13/2024 19:00,B-A-T-P,P,PA3,TQC500E500A036P,AN44128ACVBB,2714,PA30135P,C,2024-PAB-03-G012,TUBE,N,8,1,133.00 X 114.50,,CZ0288
PABPR1027.1,2024,7,3,140,140,QFN,BQ30461-01-02,2/13/2024 19:00,B-A-T-P,P,PA3,TQC500E500A036P,AN44128ACVBB,2728,PA30135P,C,2024-PAB-03-G015,TUBE,N,8,1,133.00 X 114.50,,CZ0288
PABPR1028.1,2024,7,3,140,140,QFN,BQ30461-01-03,2/13/2024 19:00,B-A-T-P,P,PA3,TQC500E500A036P,AN44128ACVBB,2723,PA30135P,C,2024-PAB-03-G015,TUBE,N,8,1,133.00 X 114.50,,CZ0288
PABPR1029.1,2024,7,3,140,140,QFN,BQ30461-01-04,2/13/2024 19:00,B-A-T-P,P,PA3,TQC500E500A036P,AN44128ACVBB,2734,PA30135P,C,2024-PAB-03-G015,TUBE,N,8,1,133.00 X 114.50,,CZ0288
PABPR1030.1,2024,7,3,140,140,QFN,BQ30461-01-05,2/13/2024 19:00,B-A-T-P,P,PA3,TQC500E500A036P,AN44128ACVBB,2736,PA30135P,C,2024-PAB-03-G008,TUBE,N,8,1,133.00 X 114.50,,CZ0288
PABPR1031.1,2024,7,3,140,140,QFN,BQ30461-01-06,2/13/2024 19:00,B-A-T-P,P,PA3,TQC500E500A036P,AN44128ACVBB,2737,PA30135P,C,2024-PAB-03-G015,TUBE,N,8,1,133.00 X 114.50,,CZ0288
PABPR1032.1,2024,7,3,140,140,QFN,BQ30461-01-07,2/13/2024 19:00,B-A-T-P,P,PA3,TQC500E500A036P,AN44128ACVBB,2726,PA30135P,C,2024-PAB-03-G012,TUBE,N,8,1,133.00 X 114.50,,CZ0288
PABPR1033.1,2024,7,3,140,140,QFN,BQ30461-01-08,2/13/2024 19:00,B-A-T-P,P,PA3,TQC500E500A036P,AN44128ACVBB,2736,PA30135P,C,PABPR1045.1,TUBE,N,8,1,133.00 X 114.50,,CZ0288
PABPR1034.1,2024,7,3,140,140,QFN,BQ30461-01-09,2/13/2024 19:00,B-A-T-P,P,PA3,TQC500E500A036P,AN44128ACVBB,2733,PA30135P,C,PABPR1028.1,TUBE,N,8,1,133.00 X 114.50,,CZ0288
PABPR1035.1,2024,7,3,140,140,QFN,BQ30461-01-10,2/13/2024 19:00,B-A-T-P,P,PA3,TQC500E500A036P,AN44128ACVBB,2723,PA30135P,C,PABPR1027.1,TUBE,N,8,1,133.00 X 114.50,,CZ0288
PABPR1036.1,2024,7,3,140,140,QFN,BQ30461-01-11,2/13/2024 19:00,B-A-T-P,P,PA3,TQC500E500A036P,AN44128ACVBB,2744,PA30135P,C,2024-PAB-03-G012,TUBE,N,8,1,133.00 X 114.50,,CZ0288
PABPR1037.1,2024,7,3,140,140,QFN,BQ30461-01-12,2/13/2024 19:00,B-A-T-P,P,PA3,TQC500E500A036P,AN44128ACVBB,2739,PA30135P,C,2024-PAB-03-G020,TUBE,N,8,1,133.00 X 114.50,,CZ0288
PABPR1038.1,2024,7,3,140,140,QFN,BQ30461-01-13,2/13/2024 19:00,B-A-T-P,P,PA3,TQC500E500A036P,AN44128ACVBB,2725,PA30135P,C,2024-PAB-03-G012,TUBE,N,8,1,133.00 X 114.50,,CZ0288
PABPR1039.1,2024,7,3,140,140,QFN,BQ30461-01-14,2/13/2024 19:00,B-A-T-P,P,PA3,TQC500E500A036P,AN44128ACVBB,2723,PA30135P,C,2024-PAB-03-G015,TUBE,N,8,1,133.00 X 114.50,,CZ0288
PABPR1040.1,2024,7,3,140,140,QFN,BQ30461-01-15,2/13/2024 19:00,B-A-T-P,P,PA3,TQC500E500A036P,AN44128ACVBB,2734,PA30135P,C,PABPR1030.1,TUBE,N,8,1,133.00 X 114.50,,CZ0288
PABPR1041.1,2024,7,4,140,140,QFN,BQ30461-01-16,2/14/2024 19:00,B-A-T-P,P,PA3,TQC500E500A036P,AN44128ACVBB,2731,PA30135P,C,2024-PAB-03-G015,TUBE,N,8,1,133.00 X 114.50,,CZ0288
PABPR1042.1,2024,7,4,140,140,QFN,BQ30461-01-17,2/14/2024 19:00,B-A-T-P,P,PA3,TQC500E500A036P,AN44128ACVBB,2730,PA30135P,C,2024-PAB-03-G015,TUBE,N,8,1,133.00 X 114.50,,CZ0288
PABPR1043.1,2024,7,4,140,140,QFN,BQ30461-01-18,2/14/2024 19:00,B-A-T-P,P,PA3,TQC500E500A036P,AN44128ACVBB,2711,PA30135P,C,PABPR1047.1,TUBE,N,8,1,133.00 X 114.50,,CZ0288
PABPR1044.1,2024,7,4,140,140,QFN,BQ30461-01-19,2/14/2024 19:00,B-A-T-P,P,PA3,TQC500E500A036P,AN44128ACVBB,2724,PA30135P,C,PABPR0971.1,TUBE,N,8,1,133.00 X 114.50,,CZ0288
PABPR1045.1,2024,7,4,140,140,QFN,BQ30461-01-20,2/14/2024 19:00,B-A-T-P,P,PA3,TQC500E500A036P,AN44128ACVBB,2737,PA30135P,C,2024-PAB-03-G012,TUBE,N,8,1,133.00 X 114.50,,CZ0288
PABPR1046.1,2024,7,4,140,140,QFN,BQ30461-01-21,2/14/2024 19:00,B-A-T-P,P,PA3,TQC500E500A036P,AN44128ACVBB,2723,PA30135P,C,2024-PAB-03-G012,TUBE,N,8,1,133.00 X 114.50,,CZ0288
PABPR1047.1,2024,7,4,140,140,QFN,BQ30461-01-22,2/14/2024 19:00,B-A-T-P,P,PA3,TQC500E500A036P,AN44128ACVBB,2724,PA30135P,C,2024-PAB-03-G012,TUBE,N,8,1,133.00 X 114.50,,CZ0288
PABPR1048.1,2024,7,4,140,140,QFN,BQ30461-01-23,2/14/2024 19:00,B-A-T-P,P,PA3,TQC500E500A036P,AN44128ACVBB,2729,PA30135P,C,PABPR0973.1,TUBE,N,8,1,133.00 X 114.50,,CZ0288
PABPR1049.1,2024,7,4,140,140,QFN,BQ30461-01-24,2/14/2024 19:00,B-A-T-P,P,PA3,TQC500E500A036P,AN44128ACVBB,2736,PA30135P,C,2024-PAB-03-G015,TUBE,N,8,1,133.00 X 114.50,,CZ0288
PABPR1050.1,2024,7,4,140,140,QFN,BQ30461-01-25,2/14/2024 19:00,B-A-T-P,P,PA3,TQC500E500A036P,AN44128ACVBB,2726,PA30135P,C,2024-PAB-03-G012,TUBE,N,8,1,133.00 X 114.50,,CZ0288
PABPR1089.1,2024,7,4,140,140,QFN,BQ30545-01-01,2/14/2024 19:00,B-A-T-P,P,PA3,TQC500E500A036P,AN44128ACVBB,2662,PA30135P,C,PABPR1000.1,TUBE,N,8,1,133.00 X 114.50,,CZ0288
PABPR1090.1,2024,7,4,140,140,QFN,BQ30545-01-02,2/14/2024 19:00,B-A-T-P,P,PA3,TQC500E500A036P,AN44128ACVBB,2692,PA30135P,C,2024-PAB-03-G015,TUBE,N,8,1,133.00 X 114.50,,CZ0288
PABPR1091.1,2024,7,4,140,140,QFN,BQ30545-01-03,2/14/2024 19:00,B-A-T-P,P,PA3,TQC500E500A036P,AN44128ACVBB,2663,PA30135P,C,PABPR1090.1,TUBE,N,8,1,133.00 X 114.50,,CZ0288
PABPR1092.1,2024,7,4,140,140,QFN,BQ30545-01-04,2/14/2024 19:00,B-A-T-P,P,PA3,TQC500E500A036P,AN44128ACVBB,2705,PA30135P,C,2024-PAB-03-G015,TUBE,N,8,1,133.00 X 114.50,,CZ0288
PABPR1093.1,2024,7,4,140,140,QFN,BQ30545-01-05,2/14/2024 19:00,B-A-T-P,P,PA3,TQC500E500A036P,AN44128ACVBB,2698,PA30135P,C,PABPR1031.1,TUBE,N,8,1,133.00 X 114.50,,CZ0288
PABPR1135.1,2024,7,7,140,140,QFN,BQ30545-01-06,2/17/2024 19:00,B-A-T-P,P,PA3,TQC500E500A036P,AN44128ACVBB,2666,PA30135P,C,PABPR1042.1,TUBE,N,8,1,133.00 X 114.50,,CZ0288
PABPR1136.1,2024,7,7,140,140,QFN,BQ30545-01-07,2/17/2024 19:00,B-A-T-P,P,PA3,TQC500E500A036P,AN44128ACVBB,2684,PA30135P,C,PABPR1029.1,TUBE,N,8,1,133.00 X 114.50,,CZ0288
QINBR0001.1,2024,6,6,140,140,QFN,U5100716,2/9/2024 19:00,B-A,B,QI0,NQC400E400A032D,QPG6200LR.ES3,700,QI00031E,A,2024-QIN-02-G001,TRAY,N,12,1,95.3 X 100.9,,CZ0289
QISPR0232.1,2024,8,3,140,140,QFN,U510071X,2/20/2024 19:00,B-A,P,QI0,NQC400E400B024E,GP502KXBG-U51,18430,QI00005P,A,SFG2000,TRAY,N,8,1,75.5 X 91.5,,CZ0289
QISPR0233.1,2024,8,3,140,140,QFN,U510071Y,2/20/2024 19:00,B-A,P,QI0,NQC400E400B024E,GP502KXBG-U51,18554,QI00005P,A,SFG2000,TRAY,N,8,1,75.5 X 91.5,,CZ0289
QISPR0234.1,2024,8,3,140,140,QFN,U510071Z,2/20/2024 19:00,B-A,P,QI0,NQC400E400B024E,GP502KXBG-U51,18554,QI00005P,A,SFG2000,TRAY,N,8,1,75.5 X 91.5,,CZ0289
QISPR0235.1,2024,8,4,140,140,QFN,U5100720,2/21/2024 19:00,B-A,P,QI0,NQC400E400B024E,GP502KXBG-U51,18556,QI00005P,A,SFG2000,TRAY,N,8,1,75.5 X 91.5,,CZ0289
QISPR0236.1,2024,8,4,140,140,QFN,U5100721,2/21/2024 19:00,B-A,P,QI0,NQC400E400B024E,GP502KXBG-U51,18556,QI00005P,A,SFG2000,TRAY,N,8,1,75.5 X 91.5,,CZ0289
QISPR0237.1,2024,8,4,140,140,QFN,U5100722,2/21/2024 19:00,B-A,P,QI0,NQC400E400B024E,GP502KXBG-U51,18560,QI00005P,A,SFG2000,TRAY,N,8,1,75.5 X 91.5,,CZ0289
QISPR0238.1,2024,8,5,140,140,QFN,U5100723,2/22/2024 19:00,B-A,P,QI0,NQC400E400B024E,GP502KXBG-U51,18557,QI00005P,A,SFG2000,TRAY,N,8,1,75.5 X 91.5,,CZ0289
QISPR0239.1,2024,8,5,140,140,QFN,U5100724,2/22/2024 19:00,B-A,P,QI0,NQC400E400B024E,GP502KXBG-U51,18559,QI00005P,A,SFG2000,TRAY,N,8,1,75.5 X 91.5,,CZ0289
QISPR0240.1,2024,8,5,140,140,QFN,U5100725,2/22/2024 19:00,B-A,P,QI0,NQC400E400B024E,GP502KXBG-U51,18555,QI00005P,A,SFG2000,TRAY,N,8,1,75.5 X 91.5,,CZ0289
QISPR0241.1,2024,8,6,140,140,QFN,U5100726,2/23/2024 19:00,B-A,P,QI0,NQC400E400B024E,GP502KXBG-U51,6186,QI00005P,A,SFG2000,TRAY,N,8,1,75.5 X 91.5,,CZ0289
QISPR0242.1,2024,8,6,140,140,QFN,U5100727,2/23/2024 19:00,B-A,P,QI0,NQC400E400B024E,GP502KXBG-U51,18577,QI00005P,A,SFG2000,TRAY,N,8,1,75.5 X 91.5,,CZ0289
QISPR0243.1,2024,8,6,140,140,QFN,U5100728,2/23/2024 19:00,B-A,P,QI0,NQC400E400B024E,GP502KXBG-U51,18569,QI00005P,A,SFG2000,TRAY,N,8,1,75.5 X 91.5,,CZ0289
QISPR0244.1,2024,9,1,140,140,QFN,U5100729,2/25/2024 19:00,B-A,P,QI0,NQC400E400B024E,GP502KXBG-U51,18569,QI00005P,A,SFG2000,TRAY,N,8,1,75.5 X 91.5,,CZ0289
QISPR0245.1,2024,9,1,140,140,QFN,U510072A,2/25/2024 19:00,B-A,P,QI0,NQC400E400B024E,GP502KXBG-U51,18569,QI00005P,A,SFG2000,TRAY,N,8,1,75.5 X 91.5,,CZ0289
QISPR0246.1,2024,9,1,140,140,QFN,U510072B,2/25/2024 19:00,B-A,P,QI0,NQC400E400B024E,GP502KXBG-U51,18569,QI00005P,A,SFG2000,TRAY,N,8,1,75.5 X 91.5,,CZ0289
QISPR0247.1,2024,9,4,140,140,QFN,U510072C,2/28/2024 19:00,B-A,P,QI0,NQC400E400B024E,GP502KXBG-U51,18571,QI00005P,A,SFG2000,TRAY,N,8,1,75.5 X 91.5,,CZ0289
QISPR0248.1,2024,9,4,140,140,QFN,U510072D,2/28/2024 19:00,B-A,P,QI0,NQC400E400B024E,GP502KXBG-U51,18567,QI00005P,A,SFG2000,TRAY,N,8,1,75.5 X 91.5,,CZ0289
QISPR0143.1,2024,5,6,140,140,QFN,U5100699,2/2/2024 19:00,B-A,P,QI0,NQC600E600B040E,UE878NMEJ-U51,13070,QI00001P,C,SFG2000,TRAY,N,12,1,84.1 X 88.6,,CZ0289
QISPR0144.1,2024,5,6,140,140,QFN,U510069A,2/2/2024 19:00,B-A,P,QI0,NQC600E600B040E,UE878NMEJ-U51,13086,QI00001P,C,SFG2000,TRAY,N,12,1,84.1 X 88.6,,CZ0289
QISPR0145.1,2024,5,6,140,140,QFN,U510069B,2/2/2024 19:00,B-A,P,QI0,NQC600E600B040E,UE878NMEJ-U51,13048,QI00001P,C,SFG2000,TRAY,N,12,1,84.1 X 88.6,,CZ0289
QISPR0146.1,2024,5,6,140,140,QFN,U510069C,2/2/2024 19:00,B-A,P,QI0,NQC600E600B040E,UE878NMEJ-U51,13066,QI00001P,C,SFG2000,TRAY,N,12,1,84.1 X 88.6,,CZ0289
QISPR0147.1,2024,5,6,140,140,QFN,U510069D,2/2/2024 19:00,B-A,P,QI0,NQC600E600B040E,UE878NMEJ-U51,13099,QI00001P,C,SFG2000,TRAY,N,12,1,84.1 X 88.6,,CZ0289
QISPR0148.1,2024,5,7,140,140,QFN,U510069E,2/3/2024 19:00,B-A,P,QI0,NQC600E600B040E,UE878NMEJ-U51,13107,QI00001P,C,SFG2000,TRAY,N,12,1,84.1 X 88.6,,CZ0289
QISPR0149.1,2024,5,7,140,140,QFN,U510069F,2/3/2024 19:00,B-A,P,QI0,NQC600E600B040E,UE878NMEJ-U51,13107,QI00001P,C,SFG2000,TRAY,N,12,1,84.1 X 88.6,,CZ0289
QISPR0150.1,2024,5,7,140,140,QFN,U510069G,2/3/2024 19:00,B-A,P,QI0,NQC600E600B040E,UE878NMEJ-U51,13088,QI00001P,C,SFG2000,TRAY,N,12,1,84.1 X 88.6,,CZ0289
QISPR0151.1,2024,5,7,140,140,QFN,U510069H,2/3/2024 19:00,B-A,P,QI0,NQC600E600B040E,UE878NMEJ-U51,13145,QI00001P,C,SFG2000,TRAY,N,12,1,84.1 X 88.6,,CZ0289
QISPR0152.1,2024,5,7,140,140,QFN,U510069J,2/3/2024 19:00,B-A,P,QI0,NQC600E600B040E,UE878NMEJ-U51,13087,QI00001P,C,SFG2000,TRAY,N,12,1,84.1 X 88.6,,CZ0289
QISPR0153.1,2024,6,1,140,140,QFN,U510069K,2/4/2024 19:00,B-A,P,QI0,NQC600E600B040E,UE878NMEJ-U51,13142,QI00001P,C,SFG2000,TRAY,N,12,1,84.1 X 88.6,,CZ0289
QISPR0154.1,2024,6,1,140,140,QFN,U510069L,2/4/2024 19:00,B-A,P,QI0,NQC600E600B040E,UE878NMEJ-U51,13193,QI00001P,C,SFG2000,TRAY,N,12,1,84.1 X 88.6,,CZ0289
QISPR0155.1,2024,6,1,140,140,QFN,U510069M,2/4/2024 19:00,B-A,P,QI0,NQC600E600B040E,UE878NMEJ-U51,13128,QI00001P,C,SFG2000,TRAY,N,12,1,84.1 X 88.6,,CZ0289
QISPR0156.1,2024,6,1,140,140,QFN,U510069N,2/4/2024 19:00,B-A,P,QI0,NQC600E600B040E,UE878NMEJ-U51,13122,QI00001P,C,SFG2000,TRAY,N,12,1,84.1 X 88.6,,CZ0289
QISPR0157.1,2024,6,1,140,140,QFN,U510069P,2/4/2024 19:00,B-A,P,QI0,NQC600E600B040E,UE878NMEJ-U51,13150,QI00001P,C,SFG2000,TRAY,N,12,1,84.1 X 88.6,,CZ0289
QISPR0158.1,2024,6,2,140,140,QFN,U510069Q,2/5/2024 19:00,B-A,P,QI0,NQC600E600B040E,UE878NMEJ-U51,13159,QI00001P,C,SFG2000,TRAY,N,12,1,84.1 X 88.6,,CZ0289
QISPR0159.1,2024,6,2,140,140,QFN,U510069R,2/5/2024 19:00,B-A,P,QI0,NQC600E600B040E,UE878NMEJ-U51,13173,QI00001P,C,SFG2000,TRAY,N,12,1,84.1 X 88.6,,CZ0289
QISPR0160.1,2024,6,2,140,140,QFN,U510069S,2/5/2024 19:00,B-A,P,QI0,NQC600E600B040E,UE878NMEJ-U51,13139,QI00001P,C,SFG2000,TRAY,N,12,1,84.1 X 88.6,,CZ0289
QISPR0161.1,2024,6,2,140,140,QFN,U510069T,2/5/2024 19:00,B-A,P,QI0,NQC600E600B040E,UE878NMEJ-U51,13151,QI00001P,C,SFG2000,TRAY,N,12,1,84.1 X 88.6,,CZ0289
QISPR0162.1,2024,6,2,140,140,QFN,U510069U,2/5/2024 19:00,B-A,P,QI0,NQC600E600B040E,UE878NMEJ-U51,13090,QI00001P,C,SFG2000,TRAY,N,12,1,84.1 X 88.6,,CZ0289
QISPR0163.1,2024,6,3,140,140,QFN,U510069V,2/6/2024 19:00,B-A,P,QI0,NQC600E600B040E,UE878NMEJ-U51,13077,QI00001P,C,SFG2000,TRAY,N,12,1,84.1 X 88.6,,CZ0289
QISPR0164.1,2024,6,3,140,140,QFN,U510069W,2/6/2024 19:00,B-A,P,QI0,NQC600E600B040E,UE878NMEJ-U51,13105,QI00001P,C,SFG2000,TRAY,N,12,1,84.1 X 88.6,,CZ0289
QISPR0165.1,2024,6,3,140,140,QFN,U510069X,2/6/2024 19:00,B-A,P,QI0,NQC600E600B040E,UE878NMEJ-U51,13137,QI00001P,C,SFG2000,TRAY,N,12,1,84.1 X 88.6,,CZ0289
QISPR0166.1,2024,6,3,140,140,QFN,U510069Y,2/6/2024 19:00,B-A,P,QI0,NQC600E600B040E,UE878NMEJ-U51,13107,QI00001P,C,SFG2000,TRAY,N,12,1,84.1 X 88.6,,CZ0289
QISPR0167.1,2024,6,3,140,140,QFN,U510069Z,2/6/2024 19:00,B-A,P,QI0,NQC600E600B040E,UE878NMEJ-U51,13188,QI00001P,C,SFG2000,TRAY,N,12,1,84.1 X 88.6,,CZ0289
QISPR0168.1,2024,6,4,140,140,QFN,U5100700,2/7/2024 19:00,B-A,P,QI0,NQC600E600B040E,UE878NMEJ-U51,13190,QI00001P,C,SFG2000,TRAY,N,12,1,84.1 X 88.6,,CZ0289
QISPR0169.1,2024,6,4,140,140,QFN,U5100701,2/7/2024 19:00,B-A,P,QI0,NQC600E600B040E,UE878NMEJ-U51,13224,QI00001P,C,SFG2000,TRAY,N,12,1,84.1 X 88.6,,CZ0289
QISPR0170.1,2024,6,4,140,140,QFN,U5100702,2/7/2024 19:00,B-A,P,QI0,NQC600E600B040E,UE878NMEJ-U51,13208,QI00001P,C,SFG2000,TRAY,N,12,1,84.1 X 88.6,,CZ0289
QISPR0171.1,2024,6,4,140,140,QFN,U5100703,2/7/2024 19:00,B-A,P,QI0,NQC600E600B040E,UE878NMEJ-U51,13217,QI00001P,C,SFG2000,TRAY,N,12,1,84.1 X 88.6,,CZ0289
QISPR0172.1,2024,6,4,140,140,QFN,U5100704,2/7/2024 19:00,B-A,P,QI0,NQC600E600B040E,UE878NMEJ-U51,13176,QI00001P,C,SFG2000,TRAY,N,12,1,84.1 X 88.6,,CZ0289
QISPR0173.1,2024,6,5,140,140,QFN,U5100705,2/8/2024 19:00,B-A,P,QI0,NQC600E600B040E,UE878NMEJ-U51,13229,QI00001P,C,SFG2000,TRAY,N,12,1,84.1 X 88.6,,CZ0289
QISPR0174.1,2024,6,5,140,140,QFN,U5100706,2/8/2024 19:00,B-A,P,QI0,NQC600E600B040E,UE878NMEJ-U51,13193,QI00001P,C,SFG2000,TRAY,N,12,1,84.1 X 88.6,,CZ0289
QISPR0175.1,2024,6,5,140,140,QFN,U5100707,2/8/2024 19:00,B-A,P,QI0,NQC600E600B040E,UE878NMEJ-U51,13111,QI00001P,C,SFG2000,TRAY,N,12,1,84.1 X 88.6,,CZ0289
QISPR0176.1,2024,6,5,140,140,QFN,U5100708,2/8/2024 19:00,B-A,P,QI0,NQC600E600B040E,UE878NMEJ-U51,13010,QI00001P,C,SFG2000,TRAY,N,12,1,84.1 X 88.6,,CZ0289
QISPR0177.1,2024,6,5,140,140,QFN,U5100709,2/8/2024 19:00,B-A,P,QI0,NQC600E600B040E,UE878NMEJ-U51,13233,QI00001P,C,SFG2000,TRAY,N,12,1,84.1 X 88.6,,CZ0289
QISPR0178.1,2024,6,6,140,140,QFN,U510070A,2/9/2024 19:00,B-A,P,QI0,NQC600E600B040E,UE878NMEJ-U51,13219,QI00001P,C,SFG2000,TRAY,N,12,1,84.1 X 88.6,,CZ0289
QISPR0179.1,2024,6,6,140,140,QFN,U510070B,2/9/2024 19:00,B-A,P,QI0,NQC600E600B040E,UE878NMEJ-U51,13192,QI00001P,C,SFG2000,TRAY,N,12,1,84.1 X 88.6,,CZ0289
QISPR0180.1,2024,6,6,140,140,QFN,U510070C,2/9/2024 19:00,B-A,P,QI0,NQC600E600B040E,UE878NMEJ-U51,13110,QI00001P,C,SFG2000,TRAY,N,12,1,84.1 X 88.6,,CZ0289
QISPR0181.1,2024,6,6,140,140,QFN,U510070D,2/9/2024 19:00,B-A,P,QI0,NQC600E600B040E,UE878NMEJ-U51,13224,QI00001P,C,SFG2000,TRAY,N,12,1,84.1 X 88.6,,CZ0289
QISPR0182.1,2024,6,7,140,140,QFN,U510070E,2/10/2024 19:00,B-A,P,QI0,NQC600E600B040E,UE878NMEJ-U51,13023,QI00001P,C,SFG2000,TRAY,N,12,1,84.1 X 88.6,,CZ0289
QISPR0183.1,2024,6,7,140,140,QFN,U510070F,2/10/2024 19:00,B-A,P,QI0,NQC600E600B040E,UE878NMEJ-U51,13194,QI00001P,C,SFG2000,TRAY,N,12,1,84.1 X 88.6,,CZ0289
QISPR0184.1,2024,6,7,140,140,QFN,U510070G,2/10/2024 19:00,B-A,P,QI0,NQC600E600B040E,UE878NMEJ-U51,13177,QI00001P,C,SFG2000,TRAY,N,12,1,84.1 X 88.6,,CZ0289
QISPR0185.1,2024,6,7,140,140,QFN,U510070H,2/10/2024 19:00,B-A,P,QI0,NQC600E600B040E,UE878NMEJ-U51,13194,QI00001P,C,SFG2000,TRAY,N,12,1,84.1 X 88.6,,CZ0289
QISPR0186.1,2024,6,7,140,140,QFN,U510070J,2/10/2024 19:00,B-A,P,QI0,NQC600E600B040E,UE878NMEJ-U51,12996,QI00001P,C,SFG2000,TRAY,N,12,1,84.1 X 88.6,,CZ0289
QISPR0187.1,2024,7,1,140,140,QFN,U510070K,2/11/2024 19:00,B-A,P,QI0,NQC600E600B040E,UE878NMEJ-U51,13139,QI00001P,C,SFG2000,TRAY,N,12,1,84.1 X 88.6,,CZ0289
QISPR0188.1,2024,7,1,140,140,QFN,U510070L,2/11/2024 19:00,B-A,P,QI0,NQC600E600B040E,UE878NMEJ-U51,13215,QI00001P,C,SFG2000,TRAY,N,12,1,84.1 X 88.6,,CZ0289
QISPR0189.1,2024,7,1,140,140,QFN,U510070M,2/11/2024 19:00,B-A,P,QI0,NQC600E600B040E,UE878NMEJ-U51,13082,QI00001P,C,SFG2000,TRAY,N,12,1,84.1 X 88.6,,CZ0289
QISPR0190.1,2024,7,1,140,140,QFN,U510070N,2/11/2024 19:00,B-A,P,QI0,NQC600E600B040E,UE878NMEJ-U51,13155,QI00001P,C,SFG2000,TRAY,N,12,1,84.1 X 88.6,,CZ0289
QISPR0191.1,2024,7,1,140,140,QFN,U510070P,2/11/2024 19:00,B-A,P,QI0,NQC600E600B040E,UE878NMEJ-U51,13201,QI00001P,C,SFG2000,TRAY,N,12,1,84.1 X 88.6,,CZ0289
QISPR0192.1,2024,7,2,140,140,QFN,U510070Q,2/12/2024 19:00,B-A,P,QI0,NQC600E600B040E,UE878NMEJ-U51,13209,QI00001P,C,SFG2000,TRAY,N,12,1,84.1 X 88.6,,CZ0289
QISPR0193.1,2024,7,2,140,140,QFN,U510070R,2/12/2024 19:00,B-A,P,QI0,NQC600E600B040E,UE878NMEJ-U51,13194,QI00001P,C,SFG2000,TRAY,N,12,1,84.1 X 88.6,,CZ0289
QISPR0194.1,2024,7,2,140,140,QFN,U510070S,2/12/2024 19:00,B-A,P,QI0,NQC600E600B040E,UE878NMEJ-U51,13199,QI00001P,C,SFG2000,TRAY,N,12,1,84.1 X 88.6,,CZ0289
QISPR0195.1,2024,7,2,140,140,QFN,U510070T,2/12/2024 19:00,B-A,P,QI0,NQC600E600B040E,UE878NMEJ-U51,13050,QI00001P,C,SFG2000,TRAY,N,12,1,84.1 X 88.6,,CZ0289
QISPR0196.1,2024,7,2,140,140,QFN,U510070U,2/12/2024 19:00,B-A,P,QI0,NQC600E600B040E,UE878NMEJ-U51,13036,QI00001P,C,SFG2000,TRAY,N,12,1,84.1 X 88.6,,CZ0289
QISPR0197.1,2024,7,3,140,140,QFN,U510070V,2/13/2024 19:00,B-A,P,QI0,NQC600E600B040E,UE878NMEJ-U51,13233,QI00001P,C,SFG2000,TRAY,N,12,1,84.1 X 88.6,,CZ0289
QISPR0198.1,2024,7,3,140,140,QFN,U510070W,2/13/2024 19:00,B-A,P,QI0,NQC600E600B040E,UE878NMEJ-U51,13180,QI00001P,C,SFG2000,TRAY,N,12,1,84.1 X 88.6,,CZ0289
QISPR0199.1,2024,7,3,140,140,QFN,U510070X,2/13/2024 19:00,B-A,P,QI0,NQC600E600B040E,UE878NMEJ-U51,13199,QI00001P,C,SFG2000,TRAY,N,12,1,84.1 X 88.6,,CZ0289
QISPR0200.1,2024,7,3,140,140,QFN,U510070Y,2/13/2024 19:00,B-A,P,QI0,NQC600E600B040E,UE878NMEJ-U51,13131,QI00001P,C,SFG2000,TRAY,N,12,1,84.1 X 88.6,,CZ0289
QISPR0201.1,2024,7,3,140,140,QFN,U510070Z,2/13/2024 19:00,B-A,P,QI0,NQC600E600B040E,UE878NMEJ-U51,13191,QI00001P,C,SFG2000,TRAY,N,12,1,84.1 X 88.6,,CZ0289
QISPR0203.1,2024,7,4,140,140,QFN,U5100711,2/14/2024 19:00,B-A,P,QI0,NQC600E600B040E,UE878NMEJ-U51,13195,QI00001P,C,SFG2000,TRAY,N,12,1,84.1 X 88.6,,CZ0289
QISPR0204.1,2024,7,4,140,140,QFN,U5100712,2/14/2024 19:00,B-A,P,QI0,NQC600E600B040E,UE878NMEJ-U51,13129,QI00001P,C,SFG2000,TRAY,N,12,1,84.1 X 88.6,,CZ0289
QISPR0205.1,2024,7,4,140,140,QFN,U5100713,2/14/2024 19:00,B-A,P,QI0,NQC600E600B040E,UE878NMEJ-U51,13238,QI00001P,C,SFG2000,TRAY,N,12,1,84.1 X 88.6,,CZ0289
QISPR0206.1,2024,7,4,140,140,QFN,U5100714,2/14/2024 19:00,B-A,P,QI0,NQC600E600B040E,UE878NMEJ-U51,13238,QI00001P,C,SFG2000,TRAY,N,12,1,84.1 X 88.6,,CZ0289
QISPR0207.1,2024,7,4,140,140,QFN,U5100715,2/14/2024 19:00,B-A,P,QI0,NQC600E600B040E,UE878NMEJ-U51,13253,QI00001P,C,SFG2000,TRAY,N,12,1,84.1 X 88.6,,CZ0289
QISPR0208.1,2024,7,5,140,140,QFN,U5100717,2/15/2024 19:00,B-A,P,QI0,NQC600E600B040E,UE878NMEJ-U51,12999,QI00001P,C,SFG2000,TRAY,N,12,1,84.1 X 88.6,,CZ0289
QISPR0209.1,2024,7,5,140,140,QFN,U5100718,2/15/2024 19:00,B-A,P,QI0,NQC600E600B040E,UE878NMEJ-U51,12822,QI00001P,C,SFG2000,TRAY,N,12,1,84.1 X 88.6,,CZ0289
QISPR0210.1,2024,7,5,140,140,QFN,U5100719,2/15/2024 19:00,B-A,P,QI0,NQC600E600B040E,UE878NMEJ-U51,12939,QI00001P,C,SFG2000,TRAY,N,12,1,84.1 X 88.6,,CZ0289
QISPR0211.1,2024,7,5,140,140,QFN,U510071A,2/15/2024 19:00,B-A,P,QI0,NQC600E600B040E,UE878NMEJ-U51,12790,QI00001P,C,SFG2000,TRAY,N,12,1,84.1 X 88.6,,CZ0289
QISPR0212.1,2024,7,5,140,140,QFN,U510071B,2/15/2024 19:00,B-A,P,QI0,NQC600E600B040E,UE878NMEJ-U51,12968,QI00001P,C,SFG2000,TRAY,N,12,1,84.1 X 88.6,,CZ0289
QISPR0213.1,2024,7,6,140,140,QFN,U510071C,2/16/2024 19:00,B-A,P,QI0,NQC600E600B040E,UE878NMEJ-U51,12897,QI00001P,C,SFG2000,TRAY,N,12,1,84.1 X 88.6,,CZ0289
QISPR0214.1,2024,7,6,140,140,QFN,U510071D,2/16/2024 19:00,B-A,P,QI0,NQC600E600B040E,UE878NMEJ-U51,13070,QI00001P,C,SFG2000,TRAY,N,12,1,84.1 X 88.6,,CZ0289
QISPR0215.1,2024,7,6,140,140,QFN,U510071E,2/16/2024 19:00,B-A,P,QI0,NQC600E600B040E,UE878NMEJ-U51,12915,QI00001P,C,SFG2000,TRAY,N,12,1,84.1 X 88.6,,CZ0289
QISPR0216.1,2024,7,6,140,140,QFN,U510071F,2/16/2024 19:00,B-A,P,QI0,NQC600E600B040E,UE878NMEJ-U51,13042,QI00001P,C,SFG2000,TRAY,N,12,1,84.1 X 88.6,,CZ0289
QISPR0217.1,2024,7,7,140,140,QFN,U510071G,2/17/2024 19:00,B-A,P,QI0,NQC600E600B040E,UE878NMEJ-U51,13122,QI00001P,C,SFG2000,TRAY,N,12,1,84.1 X 88.6,,CZ0289
QISPR0218.1,2024,7,7,140,140,QFN,U510071H,2/17/2024 19:00,B-A,P,QI0,NQC600E600B040E,UE878NMEJ-U51,13054,QI00001P,C,SFG2000,TRAY,N,12,1,84.1 X 88.6,,CZ0289
QISPR0219.1,2024,7,7,140,140,QFN,U510071J,2/17/2024 19:00,B-A,P,QI0,NQC600E600B040E,UE878NMEJ-U51,13105,QI00001P,C,SFG2000,TRAY,N,12,1,84.1 X 88.6,,CZ0289
QISPR0220.1,2024,7,7,140,140,QFN,U510071K,2/17/2024 19:00,B-A,P,QI0,NQC600E600B040E,UE878NMEJ-U51,13048,QI00001P,C,SFG2000,TRAY,N,12,1,84.1 X 88.6,,CZ0289
QISPR0221.1,2024,7,7,140,140,QFN,U510071L,2/17/2024 19:00,B-A,P,QI0,NQC600E600B040E,UE878NMEJ-U51,13102,QI00001P,C,SFG2000,TRAY,N,12,1,84.1 X 88.6,,CZ0289
QISPR0222.1,2024,8,1,140,140,QFN,U510071M,2/18/2024 19:00,B-A,P,QI0,NQC600E600B040E,UE878NMEJ-U51,13080,QI00001P,C,SFG2000,TRAY,N,12,1,84.1 X 88.6,,CZ0289
QISPR0223.1,2024,8,1,140,140,QFN,U510071N,2/18/2024 19:00,B-A,P,QI0,NQC600E600B040E,UE878NMEJ-U51,13070,QI00001P,C,SFG2000,TRAY,N,12,1,84.1 X 88.6,,CZ0289
QISPR0224.1,2024,8,1,140,140,QFN,U510071P,2/18/2024 19:00,B-A,P,QI0,NQC600E600B040E,UE878NMEJ-U51,13135,QI00001P,C,SFG2000,TRAY,N,12,1,84.1 X 88.6,,CZ0289
QISPR0225.1,2024,8,1,140,140,QFN,U510071Q,2/18/2024 19:00,B-A,P,QI0,NQC600E600B040E,UE878NMEJ-U51,13122,QI00001P,C,SFG2000,TRAY,N,12,1,84.1 X 88.6,,CZ0289
QISPR0226.1,2024,8,1,140,140,QFN,U510071R,2/18/2024 19:00,B-A,P,QI0,NQC600E600B040E,UE878NMEJ-U51,13132,QI00001P,C,SFG2000,TRAY,N,12,1,84.1 X 88.6,,CZ0289
QISPR0227.1,2024,8,2,140,140,QFN,U510071S,2/19/2024 19:00,B-A,P,QI0,NQC600E600B040E,UE878NMEJ-U51,13107,QI00001P,C,SFG2000,TRAY,N,12,1,84.1 X 88.6,,CZ0289
QISPR0228.1,2024,8,2,140,140,QFN,U510071T,2/19/2024 19:00,B-A,P,QI0,NQC600E600B040E,UE878NMEJ-U51,13162,QI00001P,C,SFG2000,TRAY,N,12,1,84.1 X 88.6,,CZ0289
QISPR0229.1,2024,8,2,140,140,QFN,U510071U,2/19/2024 19:00,B-A,P,QI0,NQC600E600B040E,UE878NMEJ-U51,12992,QI00001P,C,SFG2000,TRAY,N,12,1,84.1 X 88.6,,CZ0289
QISPR0230.1,2024,8,2,140,140,QFN,U510071V,2/19/2024 19:00,B-A,P,QI0,NQC600E600B040E,UE878NMEJ-U51,13115,QI00001P,C,SFG2000,TRAY,N,12,1,84.1 X 88.6,,CZ0289
QISPR0231.1,2024,8,2,140,140,QFN,U510071W,2/19/2024 19:00,B-A,P,QI0,NQC600E600B040E,UE878NMEJ-U51,13106,QI00001P,C,SFG2000,TRAY,N,12,1,84.1 X 88.6,,CZ0289
RNMPR0073.1,2024,7,4,140,140,QFN,NBY0183D1,2/14/2024 19:00,B-A-T-P,P,RN0,TQC400E400B024D,D10278ANA455U,25234,RN00005P,C,2024-RNM-03-G005,TRAY,N,8,1,55.1 X 60.5,,CZ0288
RNMPR0074.1,2024,7,4,140,140,QFN,NBY0184D1,2/14/2024 19:00,B-A-T-P,P,RN0,TQC400E400B024D,D10278ANA455U,12621,RN00005P,C,2024-RNM-03-G005,TRAY,N,8,1,55.1 X 60.5,,CZ0288
RNMPR0075.1,2024,7,4,140,140,QFN,NBY0185D1,2/14/2024 19:00,B-A-T-P,P,RN0,TQC400E400B024D,D10278ANA455U,12603,RN00005P,C,2024-RNM-03-G005,TRAY,N,8,1,55.1 X 60.5,,CZ0288
RNMPR0076.2,2024,7,5,140,140,QFN,NBY0187D1,2/15/2024 19:00,B-A-T-P,P,RN0,TQC400E400B024D,D10278ANA455U,29458,RN00005P,C,2024-RNM-03-G005,TRAY,N,8,1,55.1 X 60.5,,CZ0288
RNMPR0076.1,2024,7,5,140,140,QFN,NBY0186D1,2/15/2024 19:00,B-A-T-P,P,RN0,TQC400E400B024D,D10278ANA455U,21000,RN00005P,C,2024-RNM-03-G005,TRAY,N,8,1,55.1 X 60.5,,CZ0288
RNMPR0054.8,2024,6,1,140,140,QFN,NBY0059D1,2/4/2024 19:00,B-A-T-P,P,RN0,TQC500E500B032D,D100BEANA405U,8240,RN00006P,B,2024-RNM-03-G010,TRAY,N,8,1,59.00 X 70.8,,CZ0288
RNMPR0054.7,2024,6,1,140,140,QFN,NBY0058D1,2/4/2024 19:00,B-A-T-P,P,RN0,TQC500E500B032D,D100BEANA405U,13200,RN00006P,B,2024-RNM-03-G010,TRAY,N,8,1,59.00 X 70.8,,CZ0288
RNMPR0054.6,2024,6,1,140,140,QFN,NBY0057D1,2/4/2024 19:00,B-A-T-P,P,RN0,TQC500E500B032D,D100BEANA405U,13200,RN00006P,B,2024-RNM-03-G010,TRAY,N,8,1,59.00 X 70.8,,CZ0288
RNMPR0054.5,2024,6,1,140,140,QFN,NBY0056D1,2/4/2024 19:00,B-A-T-P,P,RN0,TQC500E500B032D,D100BEANA405U,13200,RN00006P,B,2024-RNM-03-G010,TRAY,N,8,1,59.00 X 70.8,,CZ0288
RNMPR0054.4,2024,6,1,140,140,QFN,NBY0055D1,2/4/2024 19:00,B-A-T-P,P,RN0,TQC500E500B032D,D100BEANA405U,13200,RN00006P,B,2024-RNM-03-G010,TRAY,N,8,1,59.00 X 70.8,,CZ0288
RNMPR0054.3,2024,6,1,140,140,QFN,NBY0054D1,2/4/2024 19:00,B-A-T-P,P,RN0,TQC500E500B032D,D100BEANA405U,13200,RN00006P,B,2024-RNM-03-G010,TRAY,N,8,1,59.00 X 70.8,,CZ0288
RNMPR0054.2,2024,6,1,140,140,QFN,NBY0053D1,2/4/2024 19:00,B-A-T-P,P,RN0,TQC500E500B032D,D100BEANA405U,13200,RN00006P,B,2024-RNM-03-G010,TRAY,N,8,1,59.00 X 70.8,,CZ0288
RNMPR0054.1,2024,6,1,140,140,QFN,NBY0052D1,2/4/2024 19:00,B-A-T-P,P,RN0,TQC500E500B032D,D100BEANA405U,13200,RN00006P,B,2024-RNM-03-G010,TRAY,N,8,1,59.00 X 70.8,,CZ0288
RNMPR0055.1,2024,6,2,140,140,QFN,NBY0060D1,2/5/2024 19:00,B-A-T-P,P,RN0,TQC500E500B032D,D100BEANA405U,13200,RN00006P,B,2024-RNM-03-G010,TRAY,N,8,1,59.00 X 70.8,,CZ0288
RNMPR0055.2,2024,6,2,140,140,QFN,NBY0061D1,2/5/2024 19:00,B-A-T-P,P,RN0,TQC500E500B032D,D100BEANA405U,13200,RN00006P,B,2024-RNM-03-G010,TRAY,N,8,1,59.00 X 70.8,,CZ0288
RNMPR0055.6,2024,6,2,140,140,QFN,NBY0065D1,2/5/2024 19:00,B-A-T-P,P,RN0,TQC500E500B032D,D100BEANA405U,14795,RN00006P,B,2024-RNM-03-G010,TRAY,N,8,1,59.00 X 70.8,,CZ0288
RNMPR0055.5,2024,6,2,140,140,QFN,NBY0064D1,2/5/2024 19:00,B-A-T-P,P,RN0,TQC500E500B032D,D100BEANA405U,13200,RN00006P,B,2024-RNM-03-G010,TRAY,N,8,1,59.00 X 70.8,,CZ0288
RNMPR0055.4,2024,6,2,140,140,QFN,NBY0063D1,2/5/2024 19:00,B-A-T-P,P,RN0,TQC500E500B032D,D100BEANA405U,13200,RN00006P,B,2024-RNM-03-G010,TRAY,N,8,1,59.00 X 70.8,,CZ0288
RNMPR0055.3,2024,6,2,140,140,QFN,NBY0062D1,2/5/2024 19:00,B-A-T-P,P,RN0,TQC500E500B032D,D100BEANA405U,13200,RN00006P,B,2024-RNM-03-G010,TRAY,N,8,1,59.00 X 70.8,,CZ0288
RNMPR0056.1,2024,6,2,140,140,QFN,NBY0066D1,2/5/2024 19:00,B-A-T-P,P,RN0,TQC500E500B032D,D100BEANA405U,13200,RN00006P,B,2024-RNM-03-G010,TRAY,N,8,1,59.00 X 70.8,,CZ0288
RNMPR0056.2,2024,6,2,140,140,QFN,NBY0067D1,2/5/2024 19:00,B-A-T-P,P,RN0,TQC500E500B032D,D100BEANA405U,7052,RN00006P,B,2024-RNM-03-G010,TRAY,N,8,1,59.00 X 70.8,,CZ0288
RNMPR0057.1,2024,6,2,140,140,QFN,NBY0068D1,2/5/2024 19:00,B-A-T-P,P,RN0,TQC500E500B032D,D100BEANA405U,13200,RN00006P,B,2024-RNM-03-G010,TRAY,N,8,1,59.00 X 70.8,,CZ0288
RNMPR0057.2,2024,6,2,140,140,QFN,NBY0069D1,2/5/2024 19:00,B-A-T-P,P,RN0,TQC500E500B032D,D100BEANA405U,13200,RN00006P,B,2024-RNM-03-G010,TRAY,N,8,1,59.00 X 70.8,,CZ0288
RNMPR0057.3,2024,6,2,140,140,QFN,NBY0070D1,2/5/2024 19:00,B-A-T-P,P,RN0,TQC500E500B032D,D100BEANA405U,13913,RN00006P,B,2024-RNM-03-G018,TRAY,N,8,1,59.00 X 70.8,,CZ0288
RNMPR0068.1,2024,7,1,140,140,QFN,NBY0165D1,2/11/2024 19:00,B-A-T-P,P,RN0,TQC500E500B032D,D100BEANA405U,13200,RN00006P,B,2024-RNM-03-G010,TRAY,N,8,1,59.00 X 70.8,,CZ0288
RNMPR0068.2,2024,7,1,140,140,QFN,NBY0166D1,2/11/2024 19:00,B-A-T-P,P,RN0,TQC500E500B032D,D100BEANA405U,6949,RN00006P,B,2024-RNM-03-G010,TRAY,N,8,1,59.00 X 70.8,,CZ0288
RNMPR0069.2,2024,7,1,140,140,QFN,NBY0168D1,2/11/2024 19:00,B-A-T-P,P,RN0,TQC500E500B032D,D100BEANA405U,17054,RN00006P,B,2024-RNM-03-G010,TRAY,N,8,1,59.00 X 70.8,,CZ0288
RNMPR0069.1,2024,7,1,140,140,QFN,NBY0167D1,2/11/2024 19:00,B-A-T-P,P,RN0,TQC500E500B032D,D100BEANA405U,13200,RN00006P,B,2024-RNM-03-G010,TRAY,N,8,1,59.00 X 70.8,,CZ0288
RNMPR0070.1,2024,7,2,140,140,QFN,NBY0169D1,2/12/2024 19:00,B-A-T-P,P,RN0,TQC500E500B032D,D100BEANA405U,13200,RN00006P,B,2024-RNM-03-G010,TRAY,N,8,1,59.00 X 70.8,,CZ0288
RNMPR0070.4,2024,7,2,140,140,QFN,NBY0172D1,2/12/2024 19:00,B-A-T-P,P,RN0,TQC500E500B032D,D100BEANA405U,10940,RN00006P,B,2024-RNM-03-G010,TRAY,N,8,1,59.00 X 70.8,,CZ0288
RNMPR0070.3,2024,7,2,140,140,QFN,NBY0171D1,2/12/2024 19:00,B-A-T-P,P,RN0,TQC500E500B032D,D100BEANA405U,13200,RN00006P,B,2024-RNM-03-G010,TRAY,N,8,1,59.00 X 70.8,,CZ0288
RNMPR0070.2,2024,7,2,140,140,QFN,NBY0170D1,2/12/2024 19:00,B-A-T-P,P,RN0,TQC500E500B032D,D100BEANA405U,13200,RN00006P,B,2024-RNM-03-G010,TRAY,N,8,1,59.00 X 70.8,,CZ0288
RNMPR0071.4,2024,7,3,140,140,QFN,NBY0176D1,2/13/2024 19:00,B-A-T-P,P,RN0,TQC500E500B032D,D100BEANA405U,10973,RN00006P,B,2024-RNM-03-G018,TRAY,N,8,1,59.00 X 70.8,,CZ0288
RNMPR0071.1,2024,7,3,140,140,QFN,NBY0173D1,2/13/2024 19:00,B-A-T-P,P,RN0,TQC500E500B032D,D100BEANA405U,13200,RN00006P,B,2024-RNM-03-G010,TRAY,N,8,1,59.00 X 70.8,,CZ0288
RNMPR0071.2,2024,7,3,140,140,QFN,NBY0174D1,2/13/2024 19:00,B-A-T-P,P,RN0,TQC500E500B032D,D100BEANA405U,13200,RN00006P,B,2024-RNM-03-G010,TRAY,N,8,1,59.00 X 70.8,,CZ0288
RNMPR0071.3,2024,7,3,140,140,QFN,NBY0175D1,2/13/2024 19:00,B-A-T-P,P,RN0,TQC500E500B032D,D100BEANA405U,13200,RN00006P,B,2024-RNM-03-G010,TRAY,N,8,1,59.00 X 70.8,,CZ0288
RNMPR0072.1,2024,7,3,140,140,QFN,NBY0177D1,2/13/2024 19:00,B-A-T-P,P,RN0,TQC500E500B032D,D100BEANA405U,10115,RN00006P,B,2024-RNM-03-G010,TRAY,N,8,1,59.00 X 70.8,,CZ0288
RNMPR0050.5,2024,5,6,140,140,QFN,NBY0034D1,2/2/2024 19:00,B-A-T-P,P,RN0,TQC500E500B032D,D104BCGNA405U,13200,RN00008P,A,2024-RNM-03-G007,TRAY,N,8,1,59.00 X 75.5,,CZ0288
RNMPR0050.1,2024,5,6,140,140,QFN,NBY0030D1,2/2/2024 19:00,B-A-T-P,P,RN0,TQC500E500B032D,D104BCGNA405U,13200,RN00008P,A,2024-RNM-03-G007,TRAY,N,8,1,59.00 X 75.5,,CZ0288
RNMPR0050.2,2024,5,6,140,140,QFN,NBY0031D1,2/2/2024 19:00,B-A-T-P,P,RN0,TQC500E500B032D,D104BCGNA405U,13200,RN00008P,A,2024-RNM-03-G007,TRAY,N,8,1,59.00 X 75.5,,CZ0288
RNMPR0050.3,2024,5,6,140,140,QFN,NBY0032D1,2/2/2024 19:00,B-A-T-P,P,RN0,TQC500E500B032D,D104BCGNA405U,13200,RN00008P,A,2024-RNM-03-G007,TRAY,N,8,1,59.00 X 75.5,,CZ0288
RNMPR0050.4,2024,5,6,140,140,QFN,NBY0033D1,2/2/2024 19:00,B-A-T-P,P,RN0,TQC500E500B032D,D104BCGNA405U,13200,RN00008P,A,2024-RNM-03-G007,TRAY,N,8,1,59.00 X 75.5,,CZ0288
RNMPR0050.7,2024,5,6,140,140,QFN,NBY0036D1,2/2/2024 19:00,B-A-T-P,P,RN0,TQC500E500B032D,D104BCGNA405U,13200,RN00008P,A,2024-RNM-03-G007,TRAY,N,8,1,59.00 X 75.5,,CZ0288
RNMPR0050.6,2024,5,6,140,140,QFN,NBY0035D1,2/2/2024 19:00,B-A-T-P,P,RN0,TQC500E500B032D,D104BCGNA405U,13200,RN00008P,A,2024-RNM-03-G007,TRAY,N,8,1,59.00 X 75.5,,CZ0288
RNMPR0050.8,2024,5,6,140,140,QFN,NBY0037D1,2/2/2024 19:00,B-A-T-P,P,RN0,TQC500E500B032D,D104BCGNA405U,13200,RN00008P,A,2024-RNM-03-G007,TRAY,N,8,1,59.00 X 75.5,,CZ0288
RNMPR0050.9,2024,5,6,140,140,QFN,NBY0038D1,2/2/2024 19:00,B-A-T-P,P,RN0,TQC500E500B032D,D104BCGNA405U,7867,RN00008P,A,2024-RNM-03-G007,TRAY,N,8,1,59.00 X 75.5,,CZ0288
RNMPR0051.9,2024,5,7,140,140,QFN,NBY0047D1,2/3/2024 19:00,B-A-T-P,P,RN0,TQC500E500B032D,D104BCGNA405U,17271,RN00008P,A,2024-RNM-03-G007,TRAY,N,8,1,59.00 X 75.5,,CZ0288
RNMPR0051.8,2024,5,7,140,140,QFN,NBY0046D1,2/3/2024 19:00,B-A-T-P,P,RN0,TQC500E500B032D,D104BCGNA405U,13200,RN00008P,A,2024-RNM-03-G007,TRAY,N,8,1,59.00 X 75.5,,CZ0288
RNMPR0051.7,2024,5,7,140,140,QFN,NBY0045D1,2/3/2024 19:00,B-A-T-P,P,RN0,TQC500E500B032D,D104BCGNA405U,13200,RN00008P,A,2024-RNM-03-G007,TRAY,N,8,1,59.00 X 75.5,,CZ0288
RNMPR0051.6,2024,5,7,140,140,QFN,NBY0044D1,2/3/2024 19:00,B-A-T-P,P,RN0,TQC500E500B032D,D104BCGNA405U,13200,RN00008P,A,2024-RNM-03-G007,TRAY,N,8,1,59.00 X 75.5,,CZ0288
RNMPR0051.5,2024,5,7,140,140,QFN,NBY0043D1,2/3/2024 19:00,B-A-T-P,P,RN0,TQC500E500B032D,D104BCGNA405U,13200,RN00008P,A,2024-RNM-03-G007,TRAY,N,8,1,59.00 X 75.5,,CZ0288
RNMPR0051.4,2024,5,7,140,140,QFN,NBY0042D1,2/3/2024 19:00,B-A-T-P,P,RN0,TQC500E500B032D,D104BCGNA405U,13200,RN00008P,A,2024-RNM-03-G007,TRAY,N,8,1,59.00 X 75.5,,CZ0288
RNMPR0051.3,2024,5,7,140,140,QFN,NBY0041D1,2/3/2024 19:00,B-A-T-P,P,RN0,TQC500E500B032D,D104BCGNA405U,13200,RN00008P,A,2024-RNM-03-G007,TRAY,N,8,1,59.00 X 75.5,,CZ0288
RNMPR0051.1,2024,5,7,140,140,QFN,NBY0039D1,2/3/2024 19:00,B-A-T-P,P,RN0,TQC500E500B032D,D104BCGNA405U,13200,RN00008P,A,2024-RNM-03-G007,TRAY,N,8,1,59.00 X 75.5,,CZ0288
RNMPR0051.2,2024,5,7,140,140,QFN,NBY0040D1,2/3/2024 19:00,B-A-T-P,P,RN0,TQC500E500B032D,D104BCGNA405U,13200,RN00008P,A,2024-RNM-03-G007,TRAY,N,8,1,59.00 X 75.5,,CZ0288
RNMPR0052.1,2024,6,1,140,140,QFN,NBY0048D1,2/4/2024 19:00,B-A-T-P,P,RN0,TQC500E500B032D,D104BCGNA405U,13200,RN00008P,A,2024-RNM-03-G007,TRAY,N,8,1,59.00 X 75.5,,CZ0288
RNMPR0052.3,2024,6,1,140,140,QFN,NBY0050D1,2/4/2024 19:00,B-A-T-P,P,RN0,TQC500E500B032D,D104BCGNA405U,11458,RN00008P,A,2024-RNM-03-G007,TRAY,N,8,1,59.00 X 75.5,,CZ0288
RNMPR0052.2,2024,6,1,140,140,QFN,NBY0049D1,2/4/2024 19:00,B-A-T-P,P,RN0,TQC500E500B032D,D104BCGNA405U,13200,RN00008P,A,2024-RNM-03-G007,TRAY,N,8,1,59.00 X 75.5,,CZ0288
RNMPR0053.1,2024,6,1,140,140,QFN,NBY0051D1,2/4/2024 19:00,B-A-T-P,P,RN0,TQC500E500B032D,D104BCGNA405U,18828,RN00008P,A,2024-RNM-03-G007,TRAY,N,8,1,59.00 X 75.5,,CZ0288
SI7PR0263.1,2024,5,6,140,140,QFN,A01.2SRY10038.1,2/2/2024 19:00,B-A-T-P,P,SIC,ND-300E220Z004K,MAXGVDJ2T10UTAX10C6,28484,SIC0115P,H,2024-SI7-02-G008,FILM FRAME,N,8,1,39.30 X 39.30,,CZ0289
SI7PR0264.1,2024,5,6,140,140,QFN,A01.2SRY10038.1,2/2/2024 19:00,B-A-T-P,P,SIC,ND-300E220Z004K,MAXGVDJ2T10UTAX10C6,28485,SIC0115P,H,2024-SI7-02-G008,FILM FRAME,N,8,1,39.30 X 39.30,,CZ0289
SI7PR0265.1,2024,5,6,140,140,QFN,A01.2SRY10038.1,2/2/2024 19:00,B-A-T-P,P,SIC,ND-300E220Z004K,MAXGVDJ2T10UTAX10C6,28202,SIC0115P,H,2024-SI7-02-G008,FILM FRAME,N,8,1,39.30 X 39.30,,CZ0289
SI7PR0266.1,2024,5,7,140,140,QFN,A01.2SRY10038.1,2/3/2024 19:00,B-A-T-P,P,SIC,ND-300E220Z004K,MAXGVDJ2T10UTAX10C6,27800,SIC0115P,H,2024-SI7-09-G025,FILM FRAME,N,8,1,39.30 X 39.30,,CZ0289
SI7PR0267.1,2024,5,7,140,140,QFN,A01.2SRY10038.1,2/3/2024 19:00,B-A-T-P,P,SIC,ND-300E220Z004K,MAXGVDJ2T10UTAX10C6,27621,SIC0115P,H,2024-SI7-02-G008,FILM FRAME,N,8,1,39.30 X 39.30,,CZ0289
SI7PR0268.1,2024,5,7,140,140,QFN,A01.2SRY10038.1,2/3/2024 19:00,B-A-T-P,P,SIC,ND-300E220Z004K,MAXGVDJ2T10UTAX10C6,28066,SIC0115P,H,2024-SI7-02-G008,FILM FRAME,N,8,1,39.30 X 39.30,,CZ0289
SI7PR0275.1,2024,5,6,140,140,QFN,A01.2SRY11039.1,2/2/2024 19:00,B-A-T-P,P,SIC,ND-300E220Z004K,MAXGVDJ2T10UTAX10C6,28193,SIC0115P,H,2024-SI7-02-G018,FILM FRAME,N,8,1,39.30 X 39.30,,CZ0289
SI7PR0276.1,2024,6,1,140,140,QFN,A01.2SRY11039.1,2/4/2024 19:00,B-A-T-P,P,SIC,ND-300E220Z004K,MAXGVDJ2T10UTAX10C6,28394,SIC0115P,H,SI7PR0282.1,FILM FRAME,N,8,1,39.30 X 39.30,,CZ0289
SI7PR0277.1,2024,6,1,140,140,QFN,A01.2SRY11039.1,2/4/2024 19:00,B-A-T-P,P,SIC,ND-300E220Z004K,MAXGVDJ2T10UTAX10C6,28455,SIC0115P,H,2024-SI7-02-G008,FILM FRAME,N,8,1,39.30 X 39.30,,CZ0289
SI7PR0278.1,2024,6,2,140,140,QFN,A01.2SRY11039.1,2/5/2024 19:00,B-A-T-P,P,SIC,ND-300E220Z004K,MAXGVDJ2T10UTAX10C6,28357,SIC0115P,H,2024-SI7-02-G008,FILM FRAME,N,8,1,39.30 X 39.30,,CZ0289
SI7PR0279.1,2024,6,2,140,140,QFN,A01.2SRY11039.1,2/5/2024 19:00,B-A-T-P,P,SIC,ND-300E220Z004K,MAXGVDJ2T10UTAX10C6,28191,SIC0115P,H,2024-SI7-02-G020,FILM FRAME,N,8,1,39.30 X 39.30,,CZ0289
SI7PR0280.1,2024,6,2,140,140,QFN,A01.2SRY11039.1,2/5/2024 19:00,B-A-T-P,P,SIC,ND-300E220Z004K,MAXGVDJ2T10UTAX10C6,28312,SIC0115P,H,2024-SI7-02-G008,FILM FRAME,N,8,1,39.30 X 39.30,,CZ0289
SI7PR0281.1,2024,6,3,140,140,QFN,A01.2SRY11039.1,2/6/2024 19:00,B-A-T-P,P,SIC,ND-300E220Z004K,MAXGVDJ2T10UTAX10C6,28375,SIC0115P,H,2024-SI7-02-G020,FILM FRAME,N,8,1,39.30 X 39.30,,CZ0289
SI7PR0282.1,2024,6,3,140,140,QFN,A01.2SRY11039.1,2/6/2024 19:00,B-A-T-P,P,SIC,ND-300E220Z004K,MAXGVDJ2T10UTAX10C6,27242,SIC0115P,H,2024-SI7-02-G008,FILM FRAME,N,8,1,39.30 X 39.30,,CZ0289
SI7PR0283.1,2024,6,3,140,140,QFN,A01.2SRY11039.1,2/6/2024 19:00,B-A-T-P,P,SIC,ND-300E220Z004K,MAXGVDJ2T10UTAX10C6,27574,SIC0115P,H,2024-SI7-02-G008,FILM FRAME,N,8,1,39.30 X 39.30,,CZ0289
SI7PR0284.1,2024,6,4,140,140,QFN,A01.2SRY11039.1,2/7/2024 19:00,B-A-T-P,P,SIC,ND-300E220Z004K,MAXGVDJ2T10UTAX10C6,27552,SIC0115P,H,2024-SI7-02-G008,FILM FRAME,N,8,1,39.30 X 39.30,,CZ0289
SI7PR0285.1,2024,6,4,140,140,QFN,A01.2SRY11039.1,2/7/2024 19:00,B-A-T-P,P,SIC,ND-300E220Z004K,MAXGVDJ2T10UTAX10C6,28028,SIC0115P,H,2024-SI7-02-G016,FILM FRAME,N,8,1,39.30 X 39.30,,CZ0289
SI7PR0286.1,2024,6,4,140,140,QFN,A01.2SRY11039.1,2/7/2024 19:00,B-A-T-P,P,SIC,ND-300E220Z004K,MAXGVDJ2T10UTAX10C6,28028,SIC0115P,H,2024-SI7-02-G014,FILM FRAME,N,8,1,39.30 X 39.30,,CZ0289
SI7PR0287.1,2024,6,5,140,140,QFN,A01.2SRY11039.1,2/8/2024 19:00,B-A-T-P,P,SIC,ND-300E220Z004K,MAXGVDJ2T10UTAX10C6,27846,SIC0115P,H,2024-SI7-02-G016,FILM FRAME,N,8,1,39.30 X 39.30,,CZ0289
SI7PR0288.1,2024,6,5,140,140,QFN,A01.2SRY11039.1,2/8/2024 19:00,B-A-T-P,P,SIC,ND-300E220Z004K,MAXGVDJ2T10UTAX10C6,28397,SIC0115P,H,2024-SI7-02-G018,FILM FRAME,N,8,1,39.30 X 39.30,,CZ0289
SI7PR0289.1,2024,6,5,140,140,QFN,A01.2SRY11039.1,2/8/2024 19:00,B-A-T-P,P,SIC,ND-300E220Z004K,MAXGVDJ2T10UTAX10C6,28340,SIC0115P,H,SI7PR0288.1,FILM FRAME,N,8,1,39.30 X 39.30,,CZ0289
SI7PR0290.1,2024,6,6,140,140,QFN,A01.2SRY11039.1,2/9/2024 19:00,B-A-T-P,P,SIC,ND-300E220Z004K,MAXGVDJ2T10UTAX10C6,28108,SIC0115P,H,2024-SI7-02-G018,FILM FRAME,N,8,1,39.30 X 39.30,,CZ0289
SI7PR0291.1,2024,6,6,140,140,QFN,A01.2SRY11039.1,2/9/2024 19:00,B-A-T-P,P,SIC,ND-300E220Z004K,MAXGVDJ2T10UTAX10C6,27639,SIC0115P,H,2024-SI7-02-G027,FILM FRAME,N,8,1,39.30 X 39.30,,CZ0289
SI7PR0292.1,2024,6,6,140,140,QFN,A01.2SRY11039.1,2/9/2024 19:00,B-A-T-P,P,SIC,ND-300E220Z004K,MAXGVDJ2T10UTAX10C6,27538,SIC0115P,H,2024-SI7-02-G027,FILM FRAME,N,8,1,39.30 X 39.30,,CZ0289
SI7PR0293.1,2024,6,7,140,140,QFN,A01.2SRY11039.1,2/10/2024 19:00,B-A-T-P,P,SIC,ND-300E220Z004K,MAXGVDJ2T10UTAX10C6,27985,SIC0115P,H,SI7PR0292.1,FILM FRAME,N,8,1,39.30 X 39.30,,CZ0289
SI7PR0294.1,2024,6,7,140,140,QFN,A01.2SRY11039.1,2/10/2024 19:00,B-A-T-P,P,SIC,ND-300E220Z004K,MAXGVDJ2T10UTAX10C6,27849,SIC0115P,H,2024-SI7-02-G020,FILM FRAME,N,8,1,39.30 X 39.30,,CZ0289
SI7PR0295.1,2024,6,7,140,140,QFN,A01.2SRY11039.1,2/10/2024 19:00,B-A-T-P,P,SIC,ND-300E220Z004K,MAXGVDJ2T10UTAX10C6,26958,SIC0115P,H,2024-SI7-02-G027,FILM FRAME,N,8,1,39.30 X 39.30,,CZ0289
SI7PR0355.1,2024,7,1,140,140,QFN,A01.2SRY11039.1,2/11/2024 19:00,B-A-T-P,P,SIC,ND-300E220Z004K,MAXGVDJ2T10UTAX10C6,27597,SIC0115P,H,CANISTER_A,FILM FRAME,N,8,1,39.30 X 39.30,,CZ0289
SI7PR0356.1,2024,7,1,140,140,QFN,A01.2SRY11039.1,2/11/2024 19:00,B-A-T-P,P,SIC,ND-300E220Z004K,MAXGVDJ2T10UTAX10C6,27224,SIC0115P,H,2024-SI7-02-G027,FILM FRAME,N,8,1,39.30 X 39.30,,CZ0289
SI7PR0357.1,2024,7,2,140,140,QFN,A01.2SRY11039.1,2/12/2024 19:00,B-A-T-P,P,SIC,ND-300E220Z004K,MAXGVDJ2T10UTAX10C6,28118,SIC0115P,H,2024-SI7-02-G020,FILM FRAME,N,8,1,39.30 X 39.30,,CZ0289
SI7PR0358.1,2024,7,2,140,140,QFN,A01.2SRY07069.1,2/12/2024 19:00,B-A-T-P,P,SIC,ND-300E220Z004K,MAXGVDJ2T10UTAX10C6,28205,SIC0115P,H,2024-SI7-02-G027,FILM FRAME,N,8,1,39.30 X 39.30,,CZ0289
SI7PR0359.1,2024,7,2,140,140,QFN,A01.2SRY07069.1,2/12/2024 19:00,B-A-T-P,P,SIC,ND-300E220Z004K,MAXGVDJ2T10UTAX10C6,28336,SIC0115P,H,2024-SI7-02-G027,FILM FRAME,N,8,1,39.30 X 39.30,,CZ0289
SI7PR0360.1,2024,7,3,140,140,QFN,A01.2SRY07069.1,2/13/2024 19:00,B-A-T-P,P,SIC,ND-300E220Z004K,MAXGVDJ2T10UTAX10C6,27918,SIC0115P,H,2024-SI7-02-G027,FILM FRAME,N,8,1,39.30 X 39.30,,CZ0289
SI7PR0361.1,2024,7,3,140,140,QFN,A01.2SRY07069.1,2/13/2024 19:00,B-A-T-P,P,SIC,ND-300E220Z004K,MAXGVDJ2T10UTAX10C6,28162,SIC0115P,H,2024-SI7-02-G027,FILM FRAME,N,8,1,39.30 X 39.30,,CZ0289
SI7PR0362.1,2024,7,4,140,140,QFN,A01.2SRY07069.1,2/14/2024 19:00,B-A-T-P,P,SIC,ND-300E220Z004K,MAXGVDJ2T10UTAX10C6,28153,SIC0115P,H,2024-SI7-02-G027,FILM FRAME,N,8,1,39.30 X 39.30,,CZ0289
SI7PR0363.1,2024,7,4,140,140,QFN,A01.2SRY07069.1,2/14/2024 19:00,B-A-T-P,P,SIC,ND-300E220Z004K,MAXGVDJ2T10UTAX10C6,28153,SIC0115P,H,2024-SI7-02-G027,FILM FRAME,N,8,1,39.30 X 39.30,,CZ0289
SI7PR0364.1,2024,7,4,140,140,QFN,A01.2SRY07069.1,2/14/2024 19:00,B-A-T-P,P,SIC,ND-300E220Z004K,MAXGVDJ2T10UTAX10C6,28225,SIC0115P,H,2024-SI7-02-G027,FILM FRAME,N,8,1,39.30 X 39.30,,CZ0289
SI7PR0365.1,2024,7,5,140,140,QFN,A01.2SRY07069.1,2/15/2024 19:00,B-A-T-P,P,SIC,ND-300E220Z004K,MAXGVDJ2T10UTAX10C6,28169,SIC0115P,H,2024-SI7-02-G027,FILM FRAME,N,8,1,39.30 X 39.30,,CZ0289
SI7PR0366.1,2024,7,5,140,140,QFN,A01.2SRY07069.1,2/15/2024 19:00,B-A-T-P,P,SIC,ND-300E220Z004K,MAXGVDJ2T10UTAX10C6,28131,SIC0115P,H,2024-SI7-09-G025,FILM FRAME,N,8,1,39.30 X 39.30,,CZ0289
SI7PR0367.1,2024,7,6,140,140,QFN,A01.2SRY07069.1,2/16/2024 19:00,B-A-T-P,P,SIC,ND-300E220Z004K,MAXGVDJ2T10UTAX10C6,27551,SIC0115P,H,2024-SI7-02-G027,FILM FRAME,N,8,1,39.30 X 39.30,,CZ0289
SI7PR0368.1,2024,7,6,140,140,QFN,A01.2SRY07069.1,2/16/2024 19:00,B-A-T-P,P,SIC,ND-300E220Z004K,MAXGVDJ2T10UTAX10C6,27489,SIC0115P,H,SI7PR0370.1,FILM FRAME,N,8,1,39.30 X 39.30,,CZ0289
SI7PR0369.1,2024,7,6,140,140,QFN,A01.2SRY07069.1,2/16/2024 19:00,B-A-T-P,P,SIC,ND-300E220Z004K,MAXGVDJ2T10UTAX10C6,28296,SIC0115P,H,2024-SI7-02-G027,FILM FRAME,N,8,1,39.30 X 39.30,,CZ0289
SI7PR0370.1,2024,7,7,140,140,QFN,A01.2SRY07069.1,2/17/2024 19:00,B-A-T-P,P,SIC,ND-300E220Z004K,MAXGVDJ2T10UTAX10C6,27826,SIC0115P,H,2024-SI7-02-G027,FILM FRAME,N,8,1,39.30 X 39.30,,CZ0289
SI7PR0371.1,2024,7,7,140,140,QFN,A01.2SRY07069.1,2/17/2024 19:00,B-A-T-P,P,SIC,ND-300E220Z004K,MAXGVDJ2T10UTAX10C6,28256,SIC0115P,H,2024-SI7-02-G027,FILM FRAME,N,8,1,39.30 X 39.30,,CZ0289
SI7PR0372.1,2024,6,3,140,140,QFN,A01.2SRY07069.1,2/6/2024 19:00,B-A-T-P,P,SIC,ND-300E220Z004K,MAXGVDJ2T10UTAX10C6,28282,SIC0115P,H,2024-SI7-02-G014,FILM FRAME,N,8,1,39.30 X 39.30,,CZ0289
SI7PR0373.1,2024,6,3,140,140,QFN,A01.2SRY07069.1,2/6/2024 19:00,B-A-T-P,P,SIC,ND-300E220Z004K,MAXGVDJ2T10UTAX10C6,28259,SIC0115P,H,2024-SI7-02-G010,FILM FRAME,N,8,1,39.30 X 39.30,,CZ0289
SI7PR0374.1,2024,6,3,140,140,QFN,A01.2SRY07069.1,2/6/2024 19:00,B-A-T-P,P,SIC,ND-300E220Z004K,MAXGVDJ2T10UTAX10C6,28356,SIC0115P,H,2024-SI7-02-G026,FILM FRAME,N,8,1,39.30 X 39.30,,CZ0289
SI7PR0411.1,2024,6,7,140,140,QFN,A01.2SRY07069.1,2/10/2024 19:00,B-A-T-P,P,SIC,ND-300E220Z004K,MAXGVDJ2T10UTAX10C6,28338,SIC0115P,H,2024-SI7-02-G026,FILM FRAME,N,8,1,39.30 X 39.30,,CZ0289
SI7PR0412.1,2024,6,7,140,140,QFN,A01.2SRY07069.1,2/10/2024 19:00,B-A-T-P,P,SIC,ND-300E220Z004K,MAXGVDJ2T10UTAX10C6,28195,SIC0115P,H,2024-SI7-02-G027,FILM FRAME,N,8,1,39.30 X 39.30,,CZ0289
SI7PR0413.1,2024,6,7,140,140,QFN,A01.2SRY07069.1,2/10/2024 19:00,B-A-T-P,P,SIC,ND-300E220Z004K,MAXGVDJ2T10UTAX10C6,28259,SIC0115P,H,2024-SI7-02-G026,FILM FRAME,N,8,1,39.30 X 39.30,,CZ0289
SI7PR0414.1,2024,7,1,140,140,QFN,A01.2SRY07069.1,2/11/2024 19:00,B-A-T-P,P,SIC,ND-300E220Z004K,MAXGVDJ2T10UTAX10C6,28252,SIC0115P,H,SI7PR0416.1,FILM FRAME,N,8,1,39.30 X 39.30,,CZ0289
SI7PR0415.1,2024,7,1,140,140,QFN,A01.2SRY07069.1,2/11/2024 19:00,B-A-T-P,P,SIC,ND-300E220Z004K,MAXGVDJ2T10UTAX10C6,28321,SIC0115P,H,2024-SI7-02-G027,FILM FRAME,N,8,1,39.30 X 39.30,,CZ0289
SI7PR0416.1,2024,7,2,140,140,QFN,A01.2SRY07069.1,2/12/2024 19:00,B-A-T-P,P,SIC,ND-300E220Z004K,MAXGVDJ2T10UTAX10C6,28176,SIC0115P,H,2024-SI7-03-G020,FILM FRAME,N,8,1,39.30 X 39.30,,CZ0289
SI7PR0417.1,2024,7,3,140,140,QFN,A01.2SRY07069.1,2/13/2024 19:00,B-A-T-P,P,SIC,ND-300E220Z004K,MAXGVDJ2T10UTAX10C6,28313,SIC0115P,H,2024-SI7-02-G027,FILM FRAME,N,8,1,39.30 X 39.30,,CZ0289
SI7PR0418.1,2024,7,3,140,140,QFN,A01.2SRY07069.1,2/13/2024 19:00,B-A-T-P,P,SIC,ND-300E220Z004K,MAXGVDJ2T10UTAX10C6,28239,SIC0115P,H,2024-SI7-02-G027,FILM FRAME,N,8,1,39.30 X 39.30,,CZ0289
SI7PR0445.1,2024,8,1,140,140,QFN,A01.2SRY08037.1,2/18/2024 19:00,B-A-T-P,P,SIC,ND-300E220Z004K,MAXGVDJ2T10UTAX10C6,28172,SIC0115P,H,2024-SI7-02-G027,FILM FRAME,N,8,1,39.30 X 39.30,,CZ0289
SI7PR0446.1,2024,8,2,140,140,QFN,A01.2SRY08037.1,2/19/2024 19:00,B-A-T-P,P,SIC,ND-300E220Z004K,MAXGVDJ2T10UTAX10C6,28279,SIC0115P,H,2024-SI7-03-G004,FILM FRAME,N,8,1,39.30 X 39.30,,CZ0289
SI7PR0447.1,2024,8,2,140,140,QFN,A01.2SRY08037.1,2/19/2024 19:00,B-A-T-P,P,SIC,ND-300E220Z004K,MAXGVDJ2T10UTAX10C6,28308,SIC0115P,H,2024-SI7-03-G004,FILM FRAME,N,8,1,39.30 X 39.30,,CZ0289
SI7PR0448.1,2024,8,3,140,140,QFN,A01.2SRY08037.1,2/20/2024 19:00,B-A-T-P,P,SIC,ND-300E220Z004K,MAXGVDJ2T10UTAX10C6,28312,SIC0115P,H,2024-SI7-03-G004,FILM FRAME,N,8,1,39.30 X 39.30,,CZ0289
SI7PR0449.1,2024,8,3,140,140,QFN,A01.2SRY08037.1,2/20/2024 19:00,B-A-T-P,P,SIC,ND-300E220Z004K,MAXGVDJ2T10UTAX10C6,28151,SIC0115P,H,2024-SI7-02-G027,FILM FRAME,N,8,1,39.30 X 39.30,,CZ0289
SI7PR0450.1,2024,8,4,140,140,QFN,A01.2SRY08037.1,2/21/2024 19:00,B-A-T-P,P,SIC,ND-300E220Z004K,MAXGVDJ2T10UTAX10C6,28264,SIC0115P,H,2024-SI7-03-G004,FILM FRAME,N,8,1,39.30 X 39.30,,CZ0289
SI7PR0451.1,2024,8,4,140,140,QFN,A01.2SRY08037.1,2/21/2024 19:00,B-A-T-P,P,SIC,ND-300E220Z004K,MAXGVDJ2T10UTAX10C6,28162,SIC0115P,H,2024-SI7-02-G027,FILM FRAME,N,8,1,39.30 X 39.30,,CZ0289
SI7PR0452.1,2024,8,5,140,140,QFN,A01.2SRY08037.1,2/22/2024 19:00,B-A-T-P,P,SIC,ND-300E220Z004K,MAXGVDJ2T10UTAX10C6,28228,SIC0115P,H,2024-SI7-02-G027,FILM FRAME,N,8,1,39.30 X 39.30,,CZ0289
SI7PR0453.1,2024,8,5,140,140,QFN,A01.2SRY08037.1,2/22/2024 19:00,B-A-T-P,P,SIC,ND-300E220Z004K,MAXGVDJ2T10UTAX10C6,28136,SIC0115P,H,SI7PR0446.1,FILM FRAME,N,8,1,39.30 X 39.30,,CZ0289
SI7PR0454.1,2024,8,5,140,140,QFN,A01.2SRY08037.1,2/22/2024 19:00,B-A-T-P,P,SIC,ND-300E220Z004K,MAXGVDJ2T10UTAX10C6,27981,SIC0115P,H,2024-SI7-02-G027,FILM FRAME,N,8,1,39.30 X 39.30,,CZ0289
SI7PR0455.1,2024,8,6,140,140,QFN,A01.2SRY08037.1,2/23/2024 19:00,B-A-T-P,P,SIC,ND-300E220Z004K,MAXGVDJ2T10UTAX10C6,27858,SIC0115P,H,2024-SI7-03-G004,FILM FRAME,N,8,1,39.30 X 39.30,,CZ0289
SI7PR0456.1,2024,8,6,140,140,QFN,A01.2SRY08037.1,2/23/2024 19:00,B-A-T-P,P,SIC,ND-300E220Z004K,MAXGVDJ2T10UTAX10C6,28152,SIC0115P,H,2024-SI7-03-G004,FILM FRAME,N,8,1,39.30 X 39.30,,CZ0289
SI7PR0457.1,2024,8,6,140,140,QFN,A01.2SRY08037.1,2/23/2024 19:00,B-A-T-P,P,SIC,ND-300E220Z004K,MAXGVDJ2T10UTAX10C6,28288,SIC0115P,H,2024-SI7-03-G013,FILM FRAME,N,8,1,39.30 X 39.30,,CZ0289
SI7QR0410.1,2024,6,4,140,140,QFN,QUAL,2/7/2024 19:00,B-A-T-P,Q,SIC,NDG300E220Z004K,M29AVDJ2T40UT2910C6,6120,SIC0230E,A,2024-SI7-03-G025,FILM FRAME,N,8,1,41.3 X 46.5,,CZ0289
SI7PR0460.1,2024,7,4,140,140,QFN,A03.2SRX32039.1,2/14/2024 19:00,B-A-T-P,P,SIC,NQ-500E500B032P,MI3AVQO7P20UT1001E1,3619,SIC0139P,B,2024-SI7-03-G002,TUBE,N,8,1,107.8 X 101.5,,CZ0142
SI7PR0461.1,2024,7,4,140,140,QFN,A03.2SRX32039.1,2/14/2024 19:00,B-A-T-P,P,SIC,NQ-500E500B032P,MI3AVQO7P20UT1001E1,3619,SIC0139P,B,2024-SI7-03-G002,TUBE,N,8,1,107.8 X 101.5,,CZ0142
SI7PR0462.1,2024,7,4,140,140,QFN,A03.2SRX32039.1,2/14/2024 19:00,B-A-T-P,P,SIC,NQ-500E500B032P,MI3AVQO7P20UT1001E1,3619,SIC0139P,B,2024-SI7-03-G002,TUBE,N,8,1,107.8 X 101.5,,CZ0142
SKWPR0254.1,2024,6,1,140,140,QFN,2406C009,2/4/2024 19:00,B-A-T-P,P,SK2,TD-120E140A006P,SI51210-B06319-GMR,36738,SK20022P,J,Awaiting,CANISTER,N,8,1,31.1 X 37.7,,CZ0141
SKWPR0334.1,2024,6,7,140,140,QFN,2407C010,2/10/2024 19:00,B-A-T-P,P,SK2,TD-120E140A006P,SI51214-B13023-GMR,36738,SK20022P,J,2024-SKW-04-G423,CANISTER,N,8,1,31.1 X 37.7,,CZ0141
SKWPR0366.1,2024,7,3,140,140,QFN,2407C042,2/13/2024 19:00,B-A-T-P,P,SK2,TD-300E300B010P,SI52111-B5-GM2R,36738,SK20018P,G,2024-SKW-03-G469,TUBE,N,8,1,37.7 X 31.1,,CZ0141
SKWPR0234.1,2024,5,6,140,140,QFN,2405C045,2/2/2024 19:00,B-A-T-P,P,SK2,TD-300E300B010P,SI52112-B4-GM2R,36738,SK20017P,B,2024-SKW-02-G306,TUBE,N,8,1,37.7 X 31.1,,CZ0141
SKWPR0235.1,2024,5,6,140,140,QFN,2405C046,2/2/2024 19:00,B-A-T-P,P,SK2,TD-300E300B010P,SI52112-B4-GM2R,36738,SK20017P,B,2024-SKW-02-G442,TUBE,N,8,1,37.7 X 31.1,,CZ0141
SKWPR0236.1,2024,5,7,140,140,QFN,2406C001,2/3/2024 19:00,B-A-T-P,P,SK2,TD-300E300B010P,SI52112-B4-GM2R,36738,SK20017P,B,2024-SKW-02-G440,TUBE,N,8,1,37.7 X 31.1,,CZ0141
SKWPR0335.1,2024,7,1,140,140,QFN,2407C011,2/11/2024 19:00,B-A-T-P,P,SK2,TD-300E300B010P,SI52112-B4-GM2R,36738,SK20017P,B,2024-SKW-03-G282,TUBE,N,8,1,37.7 X 31.1,,CZ0141
SKWPR0336.1,2024,7,2,140,140,QFN,2407C012,2/12/2024 19:00,B-A-T-P,P,SK2,TD-300E300B010P,SI52112-B4-GM2R,36738,SK20017P,B,2024-SKW-03-G033,TUBE,N,8,1,37.7 X 31.1,,CZ0141
SKWPR0363.1,2024,7,2,140,140,QFN,2407C039,2/12/2024 19:00,B-A-T-P,P,SK2,TD-300E300B010P,SI52112-B4-GM2R,36738,SK20017P,B,2024-SKW-03-G092,TUBE,N,8,1,37.7 X 31.1,,CZ0141
SKWPR0364.1,2024,7,2,140,140,QFN,2407C040,2/12/2024 19:00,B-A-T-P,P,SK2,TD-300E300B010P,SI52112-B4-GM2R,36738,SK20017P,B,2024-SKW-03-G045,TUBE,N,8,1,37.7 X 31.1,,CZ0141
SKWPR0436.1,2024,8,4,140,140,QFN,2408C034,2/21/2024 19:00,B-A-T-P,P,SK2,TD-300E300B010P,SI52112-B4-GM2R,36738,SK20017P,B,2024-SKW-03-G540,TUBE,N,8,1,37.7 X 31.1,,CZ0141
SKWPR0437.1,2024,8,5,140,140,QFN,2408C035,2/22/2024 19:00,B-A-T-P,P,SK2,TD-300E300B010P,SI52112-B4-GM2R,36738,SK20017P,B,2024-SKW-04-G045,TUBE,N,8,1,37.7 X 31.1,,CZ0141
SKWPR0438.1,2024,8,6,140,140,QFN,2408C036,2/23/2024 19:00,B-A-T-P,P,SK2,TD-300E300B010P,SI52112-B4-GM2R,36738,SK20017P,B,2024-SKW-04-G314,TUBE,N,8,1,37.7 X 31.1,,CZ0141
SKWPR0333.1,2024,6,6,140,140,QFN,2406C053,2/9/2024 19:00,B-A-T-P,P,SK2,TD-300E300B010P,SI52112-B5-GM2R,36738,SK20017P,B,2024-SKW-08-G221,TUBE,N,8,1,37.7 X 31.1,,CZ0141
S6KPR0074.1,2024,7,1,140,140,QFN,1209318.1,2/11/2024 19:00,B-A,P,SL6,NQC500E500A040K,BR22C222WGM40C-14A,17600,SL60692P,H,2024-S6K-02-G034,TRAY,N,12,1,89.60X92.70,,CZ0289
S6KPR0074.3,2024,7,1,140,140,QFN,1209318.1,2/11/2024 19:00,B-A,P,SL6,NQC500E500A040K,BR22C222WGM40C-14A,24200,SL60692P,H,S6KPR0074.1,TRAY,N,12,1,89.60X92.70,,CZ0289
S6KPR0074.2,2024,7,1,140,140,QFN,1209318.1,2/11/2024 19:00,B-A,P,SL6,NQC500E500A040K,BR22C222WGM40C-14A,17600,SL60692P,H,S6KPR0074.1,TRAY,N,12,1,89.60X92.70,,CZ0289
S6KPR0075.3,2024,7,1,140,140,QFN,1209319.1,2/11/2024 19:00,B-A,P,SL6,NQC500E500A040K,BR22C222WGM40C-14A,24073,SL60692P,H,S6KPR0075.1,TRAY,N,12,1,89.60X92.70,,CZ0289
S6KPR0075.1,2024,7,1,140,140,QFN,1209319.1,2/11/2024 19:00,B-A,P,SL6,NQC500E500A040K,BR22C222WGM40C-14A,17600,SL60692P,H,2024-S6K-02-G034,TRAY,N,12,1,89.60X92.70,,CZ0289
S6KPR0075.2,2024,7,1,140,140,QFN,1209319.1,2/11/2024 19:00,B-A,P,SL6,NQC500E500A040K,BR22C222WGM40C-14A,17600,SL60692P,H,S6KPR0075.1,TRAY,N,12,1,89.60X92.70,,CZ0289
S6KPR0076.3,2024,7,1,140,140,QFN,1209320.1,2/11/2024 19:00,B-A,P,SL6,NQC500E500A040K,BR22C222WGM40C-14A,24030,SL60692P,H,S6KPR0076.1,TRAY,N,12,1,89.60X92.70,,CZ0289
S6KPR0076.1,2024,7,1,140,140,QFN,1209320.1,2/11/2024 19:00,B-A,P,SL6,NQC500E500A040K,BR22C222WGM40C-14A,17600,SL60692P,H,2024-S6K-02-G036,TRAY,N,12,1,89.60X92.70,,CZ0289
S6KPR0076.2,2024,7,1,140,140,QFN,1209320.1,2/11/2024 19:00,B-A,P,SL6,NQC500E500A040K,BR22C222WGM40C-14A,17600,SL60692P,H,S6KPR0076.1,TRAY,N,12,1,89.60X92.70,,CZ0289
S6KPR0077.1,2024,7,1,140,140,QFN,1209321.1,2/11/2024 19:00,B-A,P,SL6,NQC500E500A040K,BR22C222WGM40C-14A,11884,SL60692P,H,2024-S6K-02-G037,TRAY,N,12,1,89.60X92.70,,CZ0289
S6KPR0078.1,2024,7,2,140,140,QFN,1209322.1,2/12/2024 19:00,B-A,P,SL6,NQC500E500A040K,BR22C222WGM40C-14A,17600,SL60692P,H,2024-S6K-02-G036,TRAY,N,12,1,89.60X92.70,,CZ0289
S6KPR0078.2,2024,7,2,140,140,QFN,1209322.1,2/12/2024 19:00,B-A,P,SL6,NQC500E500A040K,BR22C222WGM40C-14A,17600,SL60692P,H,S6KPR0078.1,TRAY,N,12,1,89.60X92.70,,CZ0289
S6KPR0078.3,2024,7,2,140,140,QFN,1209322.1,2/12/2024 19:00,B-A,P,SL6,NQC500E500A040K,BR22C222WGM40C-14A,23961,SL60692P,H,S6KPR0078.1,TRAY,N,12,1,89.60X92.70,,CZ0289
S6KPR0079.2,2024,7,2,140,140,QFN,1209323.1,2/12/2024 19:00,B-A,P,SL6,NQC500E500A040K,BR22C222WGM40C-14A,17600,SL60692P,H,S6KPR0079.1,TRAY,N,12,1,89.60X92.70,,CZ0289
S6KPR0079.3,2024,7,2,140,140,QFN,1209323.1,2/12/2024 19:00,B-A,P,SL6,NQC500E500A040K,BR22C222WGM40C-14A,23924,SL60692P,H,S6KPR0079.1,TRAY,N,12,1,89.60X92.70,,CZ0289
S6KPR0079.1,2024,7,2,140,140,QFN,1209323.1,2/12/2024 19:00,B-A,P,SL6,NQC500E500A040K,BR22C222WGM40C-14A,17600,SL60692P,H,2024-S6K-02-G037,TRAY,N,12,1,89.60X92.70,,CZ0289
S6KPR0080.1,2024,7,2,140,140,QFN,1209324.1,2/12/2024 19:00,B-A,P,SL6,NQC500E500A040K,BR22C222WGM40C-14A,17600,SL60692P,H,2024-S6K-02-G039,TRAY,N,12,1,89.60X92.70,,CZ0289
S6KPR0080.3,2024,7,2,140,140,QFN,1209324.1,2/12/2024 19:00,B-A,P,SL6,NQC500E500A040K,BR22C222WGM40C-14A,24131,SL60692P,H,S6KPR0080.1,TRAY,N,12,1,89.60X92.70,,CZ0289
S6KPR0080.2,2024,7,2,140,140,QFN,1209324.1,2/12/2024 19:00,B-A,P,SL6,NQC500E500A040K,BR22C222WGM40C-14A,17600,SL60692P,H,S6KPR0080.1,TRAY,N,12,1,89.60X92.70,,CZ0289
S6KPR0081.1,2024,7,3,140,140,QFN,1209325.1,2/13/2024 19:00,B-A,P,SL6,NQC500E500A040K,BR22C222WGM40C-14A,17600,SL60692P,H,2024-S6K-02-G043,TRAY,N,12,1,89.60X92.70,,CZ0289
S6KPR0081.2,2024,7,3,140,140,QFN,1209325.1,2/13/2024 19:00,B-A,P,SL6,NQC500E500A040K,BR22C222WGM40C-14A,17600,SL60692P,H,S6KPR0081.1,TRAY,N,12,1,89.60X92.70,,CZ0289
S6KPR0081.3,2024,7,3,140,140,QFN,1209325.1,2/13/2024 19:00,B-A,P,SL6,NQC500E500A040K,BR22C222WGM40C-14A,23921,SL60692P,H,S6KPR0081.1,TRAY,N,12,1,89.60X92.70,,CZ0289
S6KPR0082.3,2024,7,3,140,140,QFN,1209326.1,2/13/2024 19:00,B-A,P,SL6,NQC500E500A040K,BR22C222WGM40C-14A,23338,SL60692P,H,S6KPR0082.1,TRAY,N,12,1,89.60X92.70,,CZ0289
S6KPR0082.1,2024,7,3,140,140,QFN,1209326.1,2/13/2024 19:00,B-A,P,SL6,NQC500E500A040K,BR22C222WGM40C-14A,17600,SL60692P,H,2024-S6K-02-G040,TRAY,N,12,1,89.60X92.70,,CZ0289
S6KPR0082.2,2024,7,3,140,140,QFN,1209326.1,2/13/2024 19:00,B-A,P,SL6,NQC500E500A040K,BR22C222WGM40C-14A,17600,SL60692P,H,S6KPR0082.1,TRAY,N,12,1,89.60X92.70,,CZ0289
S6KPR0083.3,2024,7,3,140,140,QFN,1209327.1,2/13/2024 19:00,B-A,P,SL6,NQC500E500A040K,BR22C222WGM40C-14A,24363,SL60692P,H,S6KPR0083.1,TRAY,N,12,1,89.60X92.70,,CZ0289
S6KPR0083.2,2024,7,3,140,140,QFN,1209327.1,2/13/2024 19:00,B-A,P,SL6,NQC500E500A040K,BR22C222WGM40C-14A,17600,SL60692P,H,S6KPR0083.1,TRAY,N,12,1,89.60X92.70,,CZ0289
S6KPR0083.1,2024,7,3,140,140,QFN,1209327.1,2/13/2024 19:00,B-A,P,SL6,NQC500E500A040K,BR22C222WGM40C-14A,17600,SL60692P,H,2024-S6K-02-G042,TRAY,N,12,1,89.60X92.70,,CZ0289
S6KPR0084.3,2024,7,4,140,140,QFN,1209328.1,2/14/2024 19:00,B-A,P,SL6,NQC500E500A040K,BR22C222WGM40C-14A,24269,SL60692P,H,S6KPR0084.1,TRAY,N,12,1,89.60X92.70,,CZ0289
S6KPR0084.2,2024,7,4,140,140,QFN,1209328.1,2/14/2024 19:00,B-A,P,SL6,NQC500E500A040K,BR22C222WGM40C-14A,17600,SL60692P,H,S6KPR0084.1,TRAY,N,12,1,89.60X92.70,,CZ0289
S6KPR0084.1,2024,7,4,140,140,QFN,1209328.1,2/14/2024 19:00,B-A,P,SL6,NQC500E500A040K,BR22C222WGM40C-14A,17600,SL60692P,H,2024-S6K-02-G043,TRAY,N,12,1,89.60X92.70,,CZ0289
S5WPR0468.1,2024,6,3,140,140,QFN,1209272.1,2/6/2024 19:00,B-A-T-P,P,SL6,NQC500E500A040K,FR22C121GGM40C-08A,17600,SL60692P,G,2024-S5W-04-G073,TRAY,N,12,1,89.60X92.70,,CZ0289
S5WPR0468.2,2024,6,3,140,140,QFN,1209272.1,2/6/2024 19:00,B-A-T-P,P,SL6,NQC500E500A040K,FR22C121GGM40C-08A,17600,SL60692P,G,S5WPR0468.1,TRAY,N,12,1,89.60X92.70,,CZ0289
S5WPR0468.3,2024,6,3,140,140,QFN,1209272.1,2/6/2024 19:00,B-A-T-P,P,SL6,NQC500E500A040K,FR22C121GGM40C-08A,24345,SL60692P,G,S5WPR0468.1,TRAY,N,12,1,89.60X92.70,,CZ0289
S5WPR0469.1,2024,6,4,140,140,QFN,1209273.1,2/7/2024 19:00,B-A-T-P,P,SL6,NQC500E500A040K,FR22C121GGM40C-08A,17600,SL60692P,G,2024-S5W-04-G073,TRAY,N,12,1,89.60X92.70,,CZ0289
S5WPR0469.2,2024,6,4,140,140,QFN,1209273.1,2/7/2024 19:00,B-A-T-P,P,SL6,NQC500E500A040K,FR22C121GGM40C-08A,17600,SL60692P,G,S5WPR0469.1,TRAY,N,12,1,89.60X92.70,,CZ0289
S5WPR0469.3,2024,6,4,140,140,QFN,1209273.1,2/7/2024 19:00,B-A-T-P,P,SL6,NQC500E500A040K,FR22C121GGM40C-08A,24427,SL60692P,G,S5WPR0469.1,TRAY,N,12,1,89.60X92.70,,CZ0289
S5WPR0470.1,2024,6,4,140,140,QFN,1209274.1,2/7/2024 19:00,B-A-T-P,P,SL6,NQC500E500A040K,FR22C121GGM40C-08A,17600,SL60692P,G,2024-S5W-04-G142,TRAY,N,12,1,89.60X92.70,,CZ0289
S5WPR0470.2,2024,6,4,140,140,QFN,1209274.1,2/7/2024 19:00,B-A-T-P,P,SL6,NQC500E500A040K,FR22C121GGM40C-08A,17600,SL60692P,G,S5WPR0470.1,TRAY,N,12,1,89.60X92.70,,CZ0289
S5WPR0470.3,2024,6,4,140,140,QFN,1209274.1,2/7/2024 19:00,B-A-T-P,P,SL6,NQC500E500A040K,FR22C121GGM40C-08A,24433,SL60692P,G,S5WPR0470.1,TRAY,N,12,1,89.60X92.70,,CZ0289
S5WPR0471.3,2024,6,4,140,140,QFN,1209275.1,2/7/2024 19:00,B-A-T-P,P,SL6,NQC500E500A040K,FR22C121GGM40C-08A,24271,SL60692P,G,S5WPR0471.1,TRAY,N,12,1,89.60X92.70,,CZ0289
S5WPR0471.1,2024,6,4,140,140,QFN,1209275.1,2/7/2024 19:00,B-A-T-P,P,SL6,NQC500E500A040K,FR22C121GGM40C-08A,17600,SL60692P,G,2024-S5W-04-G073,TRAY,N,12,1,89.60X92.70,,CZ0289
S5WPR0471.2,2024,6,4,140,140,QFN,1209275.1,2/7/2024 19:00,B-A-T-P,P,SL6,NQC500E500A040K,FR22C121GGM40C-08A,17600,SL60692P,G,S5WPR0471.1,TRAY,N,12,1,89.60X92.70,,CZ0289
S5WPR0472.1,2024,6,5,140,140,QFN,1209276.1,2/8/2024 19:00,B-A-T-P,P,SL6,NQC500E500A040K,FR22C121GGM40C-08A,17600,SL60692P,G,2024-S5W-04-G073,TRAY,N,12,1,89.60X92.70,,CZ0289
S5WPR0472.2,2024,6,5,140,140,QFN,1209276.1,2/8/2024 19:00,B-A-T-P,P,SL6,NQC500E500A040K,FR22C121GGM40C-08A,17600,SL60692P,G,S5WPR0472.1,TRAY,N,12,1,89.60X92.70,,CZ0289
S5WPR0472.3,2024,6,5,140,140,QFN,1209276.1,2/8/2024 19:00,B-A-T-P,P,SL6,NQC500E500A040K,FR22C121GGM40C-08A,24366,SL60692P,G,S5WPR0472.1,TRAY,N,12,1,89.60X92.70,,CZ0289
S5WPR0473.3,2024,6,5,140,140,QFN,1209277.1,2/8/2024 19:00,B-A-T-P,P,SL6,NQC500E500A040K,FR22C121GGM40C-08A,24325,SL60692P,G,S5WPR0473.1,TRAY,N,12,1,89.60X92.70,,CZ0289
S5WPR0473.2,2024,6,5,140,140,QFN,1209277.1,2/8/2024 19:00,B-A-T-P,P,SL6,NQC500E500A040K,FR22C121GGM40C-08A,17600,SL60692P,G,S5WPR0473.1,TRAY,N,12,1,89.60X92.70,,CZ0289
S5WPR0473.1,2024,6,5,140,140,QFN,1209277.1,2/8/2024 19:00,B-A-T-P,P,SL6,NQC500E500A040K,FR22C121GGM40C-08A,17600,SL60692P,G,2024-S5W-04-G142,TRAY,N,12,1,89.60X92.70,,CZ0289
S5WPR0474.1,2024,6,5,140,140,QFN,1209278.1,2/8/2024 19:00,B-A-T-P,P,SL6,NQC500E500A040K,FR22C121GGM40C-08A,17600,SL60692P,G,2024-S5W-04-G142,TRAY,N,12,1,89.60X92.70,,CZ0289
S5WPR0474.2,2024,6,5,140,140,QFN,1209278.1,2/8/2024 19:00,B-A-T-P,P,SL6,NQC500E500A040K,FR22C121GGM40C-08A,17600,SL60692P,G,S5WPR0474.1,TRAY,N,12,1,89.60X92.70,,CZ0289
S5WPR0474.3,2024,6,5,140,140,QFN,1209278.1,2/8/2024 19:00,B-A-T-P,P,SL6,NQC500E500A040K,FR22C121GGM40C-08A,24513,SL60692P,G,S5WPR0474.1,TRAY,N,12,1,89.60X92.70,,CZ0289
S5WPR0475.3,2024,6,5,140,140,QFN,1209279.1,2/8/2024 19:00,B-A-T-P,P,SL6,NQC500E500A040K,FR22C121GGM40C-08A,24391,SL60692P,G,S5WPR0475.1,TRAY,N,12,1,89.60X92.70,,CZ0289
S5WPR0475.2,2024,6,5,140,140,QFN,1209279.1,2/8/2024 19:00,B-A-T-P,P,SL6,NQC500E500A040K,FR22C121GGM40C-08A,17600,SL60692P,G,S5WPR0475.1,TRAY,N,12,1,89.60X92.70,,CZ0289
S5WPR0475.1,2024,6,5,140,140,QFN,1209279.1,2/8/2024 19:00,B-A-T-P,P,SL6,NQC500E500A040K,FR22C121GGM40C-08A,17600,SL60692P,G,2024-S5W-04-G073,TRAY,N,12,1,89.60X92.70,,CZ0289
S5WPR0476.3,2024,6,6,140,140,QFN,1209280.1,2/9/2024 19:00,B-A-T-P,P,SL6,NQC500E500A040K,FR22C121GGM40C-08A,24225,SL60692P,G,S5WPR0476.1,TRAY,N,12,1,89.60X92.70,,CZ0289
S5WPR0476.1,2024,6,6,140,140,QFN,1209280.1,2/9/2024 19:00,B-A-T-P,P,SL6,NQC500E500A040K,FR22C121GGM40C-08A,17600,SL60692P,G,2024-S5W-04-G073,TRAY,N,12,1,89.60X92.70,,CZ0289
S5WPR0476.2,2024,6,6,140,140,QFN,1209280.1,2/9/2024 19:00,B-A-T-P,P,SL6,NQC500E500A040K,FR22C121GGM40C-08A,17600,SL60692P,G,S5WPR0476.1,TRAY,N,12,1,89.60X92.70,,CZ0289
S5WPR0477.3,2024,6,6,140,140,QFN,1209281.1,2/9/2024 19:00,B-A-T-P,P,SL6,NQC500E500A040K,FR22C121GGM40C-08A,24366,SL60692P,G,S5WPR0477.1,TRAY,N,12,1,89.60X92.70,,CZ0289
S5WPR0477.2,2024,6,6,140,140,QFN,1209281.1,2/9/2024 19:00,B-A-T-P,P,SL6,NQC500E500A040K,FR22C121GGM40C-08A,17600,SL60692P,G,S5WPR0477.1,TRAY,N,12,1,89.60X92.70,,CZ0289
S5WPR0477.1,2024,6,6,140,140,QFN,1209281.1,2/9/2024 19:00,B-A-T-P,P,SL6,NQC500E500A040K,FR22C121GGM40C-08A,17600,SL60692P,G,2024-S5W-04-G142,TRAY,N,12,1,89.60X92.70,,CZ0289
S5WPR0478.3,2024,6,6,140,140,QFN,1209282.1,2/9/2024 19:00,B-A-T-P,P,SL6,NQC500E500A040K,FR22C121GGM40C-08A,24555,SL60692P,G,S5WPR0478.1,TRAY,N,12,1,89.60X92.70,,CZ0289
S5WPR0478.1,2024,6,6,140,140,QFN,1209282.1,2/9/2024 19:00,B-A-T-P,P,SL6,NQC500E500A040K,FR22C121GGM40C-08A,17600,SL60692P,G,2024-S5W-04-G142,TRAY,N,12,1,89.60X92.70,,CZ0289
S5WPR0478.2,2024,6,6,140,140,QFN,1209282.1,2/9/2024 19:00,B-A-T-P,P,SL6,NQC500E500A040K,FR22C121GGM40C-08A,17600,SL60692P,G,S5WPR0478.1,TRAY,N,12,1,89.60X92.70,,CZ0289
S5WPR0479.3,2024,6,7,140,140,QFN,1209283.1,2/10/2024 19:00,B-A-T-P,P,SL6,NQC500E500A040K,FR22C121GGM40C-08A,24518,SL60692P,G,S5WPR0479.1,TRAY,N,12,1,89.60X92.70,,CZ0289
S5WPR0479.2,2024,6,7,140,140,QFN,1209283.1,2/10/2024 19:00,B-A-T-P,P,SL6,NQC500E500A040K,FR22C121GGM40C-08A,17600,SL60692P,G,S5WPR0479.1,TRAY,N,12,1,89.60X92.70,,CZ0289
S5WPR0479.1,2024,6,7,140,140,QFN,1209283.1,2/10/2024 19:00,B-A-T-P,P,SL6,NQC500E500A040K,FR22C121GGM40C-08A,17600,SL60692P,G,2024-S5W-04-G142,TRAY,N,12,1,89.60X92.70,,CZ0289
S5WPR0480.3,2024,6,7,140,140,QFN,1209284.1,2/10/2024 19:00,B-A-T-P,P,SL6,NQC500E500A040K,FR22C121GGM40C-08A,24260,SL60692P,G,S5WPR0480.1,TRAY,N,12,1,89.60X92.70,,CZ0289
S5WPR0480.2,2024,6,7,140,140,QFN,1209284.1,2/10/2024 19:00,B-A-T-P,P,SL6,NQC500E500A040K,FR22C121GGM40C-08A,17600,SL60692P,G,S5WPR0480.1,TRAY,N,12,1,89.60X92.70,,CZ0289
S5WPR0480.1,2024,6,7,140,140,QFN,1209284.1,2/10/2024 19:00,B-A-T-P,P,SL6,NQC500E500A040K,FR22C121GGM40C-08A,17600,SL60692P,G,2024-S5W-04-G142,TRAY,N,12,1,89.60X92.70,,CZ0289
S5WPR0481.1,2024,6,7,140,140,QFN,1209285.1,2/10/2024 19:00,B-A-T-P,P,SL6,NQC500E500A040K,FR22C121GGM40C-08A,17600,SL60692P,G,2024-S5W-04-G142,TRAY,N,12,1,89.60X92.70,,CZ0289
S5WPR0481.2,2024,6,7,140,140,QFN,1209285.1,2/10/2024 19:00,B-A-T-P,P,SL6,NQC500E500A040K,FR22C121GGM40C-08A,18255,SL60692P,G,S5WPR0481.1,TRAY,N,12,1,89.60X92.70,,CZ0289
S5WPR0727.2,2024,8,3,140,140,QFN,1209855.1,2/20/2024 19:00,B-A-T-P,P,SL6,NQC500E500A040K,FR22C121GGM40C-08A,17600,SL60692P,I,S5WPR0727.1,TRAY,N,12,1,89.60X92.70,,CZ0289
S5WPR0727.3,2024,8,3,140,140,QFN,1209855.1,2/20/2024 19:00,B-A-T-P,P,SL6,NQC500E500A040K,FR22C121GGM40C-08A,24347,SL60692P,I,S5WPR0727.1,TRAY,N,12,1,89.60X92.70,,CZ0289
S5WPR0727.1,2024,8,3,140,140,QFN,1209855.1,2/20/2024 19:00,B-A-T-P,P,SL6,NQC500E500A040K,FR22C121GGM40C-08A,17600,SL60692P,I,2024-S5W-04-G142,TRAY,N,12,1,89.60X92.70,,CZ0289
S5WPR0728.3,2024,8,4,140,140,QFN,1209856.1,2/21/2024 19:00,B-A-T-P,P,SL6,NQC500E500A040K,FR22C121GGM40C-08A,24125,SL60692P,I,S5WPR0728.1,TRAY,N,12,1,89.60X92.70,,CZ0289
S5WPR0728.2,2024,8,4,140,140,QFN,1209856.1,2/21/2024 19:00,B-A-T-P,P,SL6,NQC500E500A040K,FR22C121GGM40C-08A,17600,SL60692P,I,S5WPR0728.1,TRAY,N,12,1,89.60X92.70,,CZ0289
S5WPR0728.1,2024,8,4,140,140,QFN,1209856.1,2/21/2024 19:00,B-A-T-P,P,SL6,NQC500E500A040K,FR22C121GGM40C-08A,17600,SL60692P,I,2024-S5W-05-G012,TRAY,N,12,1,89.60X92.70,,CZ0289
S5WPR0729.2,2024,8,4,140,140,QFN,1209857.1,2/21/2024 19:00,B-A-T-P,P,SL6,NQC500E500A040K,FR22C121GGM40C-08A,17600,SL60692P,I,S5WPR0729.1,TRAY,N,12,1,89.60X92.70,,CZ0289
S5WPR0729.3,2024,8,4,140,140,QFN,1209857.1,2/21/2024 19:00,B-A-T-P,P,SL6,NQC500E500A040K,FR22C121GGM40C-08A,24420,SL60692P,I,S5WPR0729.1,TRAY,N,12,1,89.60X92.70,,CZ0289
S5WPR0729.1,2024,8,4,140,140,QFN,1209857.1,2/21/2024 19:00,B-A-T-P,P,SL6,NQC500E500A040K,FR22C121GGM40C-08A,17600,SL60692P,I,2024-S5W-04-G142,TRAY,N,12,1,89.60X92.70,,CZ0289
S5WPR0732.3,2024,8,5,140,140,QFN,1209859.1,2/22/2024 19:00,B-A-T-P,P,SL6,NQC500E500A040K,FR22C121GGM40C-08A,24416,SL60692P,I,S5WPR0732.1,TRAY,N,12,1,89.60X92.70,,CZ0289
S5WPR0732.2,2024,8,5,140,140,QFN,1209859.1,2/22/2024 19:00,B-A-T-P,P,SL6,NQC500E500A040K,FR22C121GGM40C-08A,17600,SL60692P,I,S5WPR0732.1,TRAY,N,12,1,89.60X92.70,,CZ0289
S5WPR0732.1,2024,8,5,140,140,QFN,1209859.1,2/22/2024 19:00,B-A-T-P,P,SL6,NQC500E500A040K,FR22C121GGM40C-08A,17600,SL60692P,I,2024-S5W-04-G073,TRAY,N,12,1,89.60X92.70,,CZ0289
S5WPR0734.2,2024,8,6,140,140,QFN,1209861.1,2/23/2024 19:00,B-A-T-P,P,SL6,NQC500E500A040K,FR22C121GGM40C-08A,17600,SL60692P,I,S5WPR0734.1,TRAY,N,12,1,89.60X92.70,,CZ0289
S5WPR0734.1,2024,8,6,140,140,QFN,1209861.1,2/23/2024 19:00,B-A-T-P,P,SL6,NQC500E500A040K,FR22C121GGM40C-08A,17600,SL60692P,I,2024-S5W-04-G142,TRAY,N,12,1,89.60X92.70,,CZ0289
S5WPR0734.3,2024,8,6,140,140,QFN,1209861.1,2/23/2024 19:00,B-A-T-P,P,SL6,NQC500E500A040K,FR22C121GGM40C-08A,24389,SL60692P,I,S5WPR0734.1,TRAY,N,12,1,89.60X92.70,,CZ0289
S5WPR0735.1,2024,8,6,140,140,QFN,1209862.1,2/23/2024 19:00,B-A-T-P,P,SL6,NQC500E500A040K,FR22C121GGM40C-08A,23804,SL60692P,I,2024-S5W-04-G142,TRAY,N,12,1,89.60X92.70,,CZ0289
S5WPR0736.2,2024,8,5,140,140,QFN,1209858.1,2/22/2024 19:00,B-A-T-P,P,SL6,NQC500E500A040K,FR22C121GGM40C-08A,17600,SL60692P,I,S5WPR0736.1,TRAY,N,12,1,89.60X92.70,,CZ0289
S5WPR0736.3,2024,8,5,140,140,QFN,1209858.1,2/22/2024 19:00,B-A-T-P,P,SL6,NQC500E500A040K,FR22C121GGM40C-08A,24430,SL60692P,I,S5WPR0736.1,TRAY,N,12,1,89.60X92.70,,CZ0289
S5WPR0736.1,2024,8,5,140,140,QFN,1209858.1,2/22/2024 19:00,B-A-T-P,P,SL6,NQC500E500A040K,FR22C121GGM40C-08A,17600,SL60692P,I,2024-S5W-04-G142,TRAY,N,12,1,89.60X92.70,,CZ0289
S5WPR0737.1,2024,8,3,140,140,QFN,1209860.1,2/20/2024 19:00,B-A-T-P,P,SL6,NQC500E500A040K,FR22C121GGM40C-08A,17600,SL60692P,I,2024-S5W-04-G142,TRAY,N,12,1,89.60X92.70,,CZ0289
S5WPR0737.2,2024,8,3,140,140,QFN,1209860.1,2/20/2024 19:00,B-A-T-P,P,SL6,NQC500E500A040K,FR22C121GGM40C-08A,17600,SL60692P,I,S5WPR0737.1,TRAY,N,12,1,89.60X92.70,,CZ0289
S5WPR0737.3,2024,8,3,140,140,QFN,1209860.1,2/20/2024 19:00,B-A-T-P,P,SL6,NQC500E500A040K,FR22C121GGM40C-08A,24471,SL60692P,I,S5WPR0737.1,TRAY,N,12,1,89.60X92.70,,CZ0289
S5WPR0753.1,2024,8,6,140,140,QFN,1210001.1,2/23/2024 19:00,B-A-T-P,P,SL6,NQC500E500A040K,FR22C121GGM40C-08A,17600,SL60692P,I,2024-S5W-04-G142,TRAY,N,12,1,89.60X92.70,,CZ0289
S5WPR0753.2,2024,8,6,140,140,QFN,1210001.1,2/23/2024 19:00,B-A-T-P,P,SL6,NQC500E500A040K,FR22C121GGM40C-08A,17600,SL60692P,I,S5WPR0753.1,TRAY,N,12,1,89.60X92.70,,CZ0289
S5WPR0753.3,2024,8,6,140,140,QFN,1210001.1,2/23/2024 19:00,B-A-T-P,P,SL6,NQC500E500A040K,FR22C121GGM40C-08A,24200,SL60692P,I,S5WPR0753.1,TRAY,N,12,1,89.60X92.70,,CZ0289
S5WPR0754.2,2024,9,1,140,140,QFN,1210002.1,2/25/2024 19:00,B-A-T-P,P,SL6,NQC500E500A040K,FR22C121GGM40C-08A,17600,SL60692P,I,S5WPR0754.1,TRAY,N,12,1,89.60X92.70,,CZ0289
S5WPR0754.1,2024,9,1,140,140,QFN,1210002.1,2/25/2024 19:00,B-A-T-P,P,SL6,NQC500E500A040K,FR22C121GGM40C-08A,17600,SL60692P,I,2024-S5W-04-G142,TRAY,N,12,1,89.60X92.70,,CZ0289
S5WPR0754.3,2024,9,1,140,140,QFN,1210002.1,2/25/2024 19:00,B-A-T-P,P,SL6,NQC500E500A040K,FR22C121GGM40C-08A,12077,SL60692P,I,S5WPR0754.1,TRAY,N,12,1,89.60X92.70,,CZ0289
S5WPR0755.2,2024,9,1,140,140,QFN,1210003.1,2/25/2024 19:00,B-A-T-P,P,SL6,NQC500E500A040K,FR22C121GGM40C-08A,17600,SL60692P,I,S5WPR0755.1,TRAY,N,12,1,89.60X92.70,,CZ0289
S5WPR0755.1,2024,9,1,140,140,QFN,1210003.1,2/25/2024 19:00,B-A-T-P,P,SL6,NQC500E500A040K,FR22C121GGM40C-08A,17600,SL60692P,I,2024-S5W-04-G142,TRAY,N,12,1,89.60X92.70,,CZ0289
S5WPR0755.3,2024,9,1,140,140,QFN,1210003.1,2/25/2024 19:00,B-A-T-P,P,SL6,NQC500E500A040K,FR22C121GGM40C-08A,24004,SL60692P,I,S5WPR0755.1,TRAY,N,12,1,89.60X92.70,,CZ0289
S5WPR0756.1,2024,9,4,140,140,QFN,1210004.1,2/28/2024 19:00,B-A-T-P,P,SL6,NQC500E500A040K,FR22C121GGM40C-08A,17600,SL60692P,I,2024-S5W-04-G142,TRAY,N,12,1,89.60X92.70,,CZ0289
S5WPR0756.2,2024,9,4,140,140,QFN,1210004.1,2/28/2024 19:00,B-A-T-P,P,SL6,NQC500E500A040K,FR22C121GGM40C-08A,17600,SL60692P,I,S5WPR0756.1,TRAY,N,12,1,89.60X92.70,,CZ0289
S5WPR0756.3,2024,9,4,140,140,QFN,1210004.1,2/28/2024 19:00,B-A-T-P,P,SL6,NQC500E500A040K,FR22C121GGM40C-08A,23772,SL60692P,I,S5WPR0756.1,TRAY,N,12,1,89.60X92.70,,CZ0289
S5WPR0757.1,2024,9,4,140,140,QFN,1210005.1,2/28/2024 19:00,B-A-T-P,P,SL6,NQC500E500A040K,FR22C121GGM40C-08A,17600,SL60692P,I,2024-S5W-05-G012,TRAY,N,12,1,89.60X92.70,,CZ0289
S5WPR0757.2,2024,9,4,140,140,QFN,1210005.1,2/28/2024 19:00,B-A-T-P,P,SL6,NQC500E500A040K,FR22C121GGM40C-08A,17600,SL60692P,I,S5WPR0757.1,TRAY,N,12,1,89.60X92.70,,CZ0289
S5WPR0757.3,2024,9,4,140,140,QFN,1210005.1,2/28/2024 19:00,B-A-T-P,P,SL6,NQC500E500A040K,FR22C121GGM40C-08A,23835,SL60692P,I,S5WPR0757.1,TRAY,N,12,1,89.60X92.70,,CZ0289
SLRPR0065.1,2024,6,1,140,140,QFN,1209262.1,2/4/2024 19:00,B-A,P,SL6,NQC500E500A040K,FR22C121GGM40C-12A,17600,SL60692P,G,2024-SLR-02-G019,TRAY,N,12,1,89.60X92.70,,CZ0289
SLRPR0065.2,2024,6,1,140,140,QFN,1209262.1,2/4/2024 19:00,B-A,P,SL6,NQC500E500A040K,FR22C121GGM40C-12A,17600,SL60692P,G,SLRPR0065.1,TRAY,N,12,1,89.60X92.70,,CZ0289
SLRPR0065.3,2024,6,1,140,140,QFN,1209262.1,2/4/2024 19:00,B-A,P,SL6,NQC500E500A040K,FR22C121GGM40C-12A,23915,SL60692P,G,SLRPR0065.1,TRAY,N,12,1,89.60X92.70,,CZ0289
SLRPR0066.1,2024,6,1,140,140,QFN,1209263.1,2/4/2024 19:00,B-A,P,SL6,NQC500E500A040K,FR22C121GGM40C-12A,17600,SL60692P,G,2024-SLR-02-G024,TRAY,N,12,1,89.60X92.70,,CZ0289
SLRPR0066.2,2024,6,1,140,140,QFN,1209263.1,2/4/2024 19:00,B-A,P,SL6,NQC500E500A040K,FR22C121GGM40C-12A,17600,SL60692P,G,SLRPR0066.1,TRAY,N,12,1,89.60X92.70,,CZ0289
SLRPR0066.3,2024,6,1,140,140,QFN,1209263.1,2/4/2024 19:00,B-A,P,SL6,NQC500E500A040K,FR22C121GGM40C-12A,23728,SL60692P,G,SLRPR0066.1,TRAY,N,12,1,89.60X92.70,,CZ0289
SLRPR0067.1,2024,6,1,140,140,QFN,1209264.1,2/4/2024 19:00,B-A,P,SL6,NQC500E500A040K,FR22C121GGM40C-12A,17600,SL60692P,G,2024-SLR-02-G024,TRAY,N,12,1,89.60X92.70,,CZ0289
SLRPR0067.2,2024,6,1,140,140,QFN,1209264.1,2/4/2024 19:00,B-A,P,SL6,NQC500E500A040K,FR22C121GGM40C-12A,17600,SL60692P,G,SLRPR0067.1,TRAY,N,12,1,89.60X92.70,,CZ0289
SLRPR0067.3,2024,6,1,140,140,QFN,1209264.1,2/4/2024 19:00,B-A,P,SL6,NQC500E500A040K,FR22C121GGM40C-12A,12088,SL60692P,G,SLRPR0067.1,TRAY,N,12,1,89.60X92.70,,CZ0289
SLRPR0068.1,2024,6,1,140,140,QFN,1209265.1,2/4/2024 19:00,B-A,P,SL6,NQC500E500A040K,FR22C121GGM40C-12A,17600,SL60692P,G,2024-SLR-02-G024,TRAY,N,12,1,89.60X92.70,,CZ0289
SLRPR0068.2,2024,6,1,140,140,QFN,1209265.1,2/4/2024 19:00,B-A,P,SL6,NQC500E500A040K,FR22C121GGM40C-12A,17600,SL60692P,G,SLRPR0068.1,TRAY,N,12,1,89.60X92.70,,CZ0289
SLRPR0068.3,2024,6,1,140,140,QFN,1209265.1,2/4/2024 19:00,B-A,P,SL6,NQC500E500A040K,FR22C121GGM40C-12A,23884,SL60692P,G,SLRPR0068.1,TRAY,N,12,1,89.60X92.70,,CZ0289
SLRPR0069.1,2024,6,2,140,140,QFN,1209266.1,2/5/2024 19:00,B-A,P,SL6,NQC500E500A040K,FR22C121GGM40C-12A,17600,SL60692P,G,2024-SLR-02-G021,TRAY,N,12,1,89.60X92.70,,CZ0289
SLRPR0069.2,2024,6,2,140,140,QFN,1209266.1,2/5/2024 19:00,B-A,P,SL6,NQC500E500A040K,FR22C121GGM40C-12A,17600,SL60692P,G,SLRPR0069.1,TRAY,N,12,1,89.60X92.70,,CZ0289
SLRPR0069.3,2024,6,2,140,140,QFN,1209266.1,2/5/2024 19:00,B-A,P,SL6,NQC500E500A040K,FR22C121GGM40C-12A,23460,SL60692P,G,SLRPR0069.1,TRAY,N,12,1,89.60X92.70,,CZ0289
SLRPR0070.1,2024,6,2,140,140,QFN,1209267.1,2/5/2024 19:00,B-A,P,SL6,NQC500E500A040K,FR22C121GGM40C-12A,17600,SL60692P,G,2024-SLR-02-G021,TRAY,N,12,1,89.60X92.70,,CZ0289
SLRPR0070.2,2024,6,2,140,140,QFN,1209267.1,2/5/2024 19:00,B-A,P,SL6,NQC500E500A040K,FR22C121GGM40C-12A,17600,SL60692P,G,SLRPR0070.1,TRAY,N,12,1,89.60X92.70,,CZ0289
SLRPR0070.3,2024,6,2,140,140,QFN,1209267.1,2/5/2024 19:00,B-A,P,SL6,NQC500E500A040K,FR22C121GGM40C-12A,23790,SL60692P,G,SLRPR0070.1,TRAY,N,12,1,89.60X92.70,,CZ0289
SLRPR0071.1,2024,6,2,140,140,QFN,1209268.1,2/5/2024 19:00,B-A,P,SL6,NQC500E500A040K,FR22C121GGM40C-12A,17600,SL60692P,G,2024-SLR-02-G020,TRAY,N,12,1,89.60X92.70,,CZ0289
SLRPR0071.2,2024,6,2,140,140,QFN,1209268.1,2/5/2024 19:00,B-A,P,SL6,NQC500E500A040K,FR22C121GGM40C-12A,17600,SL60692P,G,SLRPR0071.1,TRAY,N,12,1,89.60X92.70,,CZ0289
SLRPR0071.3,2024,6,2,140,140,QFN,1209268.1,2/5/2024 19:00,B-A,P,SL6,NQC500E500A040K,FR22C121GGM40C-12A,23898,SL60692P,G,SLRPR0071.1,TRAY,N,12,1,89.60X92.70,,CZ0289
SLRPR0072.2,2024,6,3,140,140,QFN,1209269.1,2/6/2024 19:00,B-A,P,SL6,NQC500E500A040K,FR22C121GGM40C-12A,17600,SL60692P,G,SLRPR0072.1,TRAY,N,12,1,89.60X92.70,,CZ0289
SLRPR0072.1,2024,6,3,140,140,QFN,1209269.1,2/6/2024 19:00,B-A,P,SL6,NQC500E500A040K,FR22C121GGM40C-12A,17600,SL60692P,G,2024-SLR-02-G023,TRAY,N,12,1,89.60X92.70,,CZ0289
SLRPR0072.3,2024,6,3,140,140,QFN,1209269.1,2/6/2024 19:00,B-A,P,SL6,NQC500E500A040K,FR22C121GGM40C-12A,23936,SL60692P,G,SLRPR0072.1,TRAY,N,12,1,89.60X92.70,,CZ0289
SLRPR0073.1,2024,6,3,140,140,QFN,1209270.1,2/6/2024 19:00,B-A,P,SL6,NQC500E500A040K,FR22C121GGM40C-12A,17600,SL60692P,G,2024-SLR-02-G023,TRAY,N,12,1,89.60X92.70,,CZ0289
SLRPR0073.2,2024,6,3,140,140,QFN,1209270.1,2/6/2024 19:00,B-A,P,SL6,NQC500E500A040K,FR22C121GGM40C-12A,17600,SL60692P,G,SLRPR0073.1,TRAY,N,12,1,89.60X92.70,,CZ0289
SLRPR0073.3,2024,6,3,140,140,QFN,1209270.1,2/6/2024 19:00,B-A,P,SL6,NQC500E500A040K,FR22C121GGM40C-12A,24103,SL60692P,G,SLRPR0073.1,TRAY,N,12,1,89.60X92.70,,CZ0289
SLRPR0074.1,2024,6,3,140,140,QFN,1209271.1,2/6/2024 19:00,B-A,P,SL6,NQC500E500A040K,FR22C121GGM40C-12A,17600,SL60692P,G,2024-SLR-02-G024,TRAY,N,12,1,89.60X92.70,,CZ0289
SLRPR0074.2,2024,6,3,140,140,QFN,1209271.1,2/6/2024 19:00,B-A,P,SL6,NQC500E500A040K,FR22C121GGM40C-12A,17600,SL60692P,G,SLRPR0074.1,TRAY,N,12,1,89.60X92.70,,CZ0289
SLRPR0074.3,2024,6,3,140,140,QFN,1209271.1,2/6/2024 19:00,B-A,P,SL6,NQC500E500A040K,FR22C121GGM40C-12A,12239,SL60692P,G,SLRPR0074.1,TRAY,N,12,1,89.60X92.70,,CZ0289
SLRPR0078.2,2024,7,4,140,140,QFN,1209595.1,2/14/2024 19:00,B-A,P,SL6,NQC500E500A040K,FR22C121GGM40C-12A,17600,SL60692P,H,SLRPR0078.1,TRAY,N,12,1,89.60X92.70,,CZ0289
SLRPR0078.1,2024,7,4,140,140,QFN,1209595.1,2/14/2024 19:00,B-A,P,SL6,NQC500E500A040K,FR22C121GGM40C-12A,17600,SL60692P,H,2024-SLR-02-G025,TRAY,N,12,1,89.60X92.70,,CZ0289
SLRPR0078.3,2024,7,4,140,140,QFN,1209595.1,2/14/2024 19:00,B-A,P,SL6,NQC500E500A040K,FR22C121GGM40C-12A,23275,SL60692P,H,SLRPR0078.1,TRAY,N,12,1,89.60X92.70,,CZ0289
SLRPR0079.1,2024,7,4,140,140,QFN,1209596.1,2/14/2024 19:00,B-A,P,SL6,NQC500E500A040K,FR22C121GGM40C-12A,17600,SL60692P,H,2024-SLR-02-G025,TRAY,N,12,1,89.60X92.70,,CZ0289
SLRPR0079.2,2024,7,4,140,140,QFN,1209596.1,2/14/2024 19:00,B-A,P,SL6,NQC500E500A040K,FR22C121GGM40C-12A,17600,SL60692P,H,SLRPR0079.1,TRAY,N,12,1,89.60X92.70,,CZ0289
SLRPR0079.3,2024,7,4,140,140,QFN,1209596.1,2/14/2024 19:00,B-A,P,SL6,NQC500E500A040K,FR22C121GGM40C-12A,23180,SL60692P,H,SLRPR0079.1,TRAY,N,12,1,89.60X92.70,,CZ0289
SLRPR0080.1,2024,7,5,140,140,QFN,1209597.1,2/15/2024 19:00,B-A,P,SL6,NQC500E500A040K,FR22C121GGM40C-12A,17600,SL60692P,H,2024-SLR-02-G026,TRAY,N,12,1,89.60X92.70,,CZ0289
SLRPR0080.2,2024,7,5,140,140,QFN,1209597.1,2/15/2024 19:00,B-A,P,SL6,NQC500E500A040K,FR22C121GGM40C-12A,17600,SL60692P,H,SLRPR0080.1,TRAY,N,12,1,89.60X92.70,,CZ0289
SLRPR0080.3,2024,7,5,140,140,QFN,1209597.1,2/15/2024 19:00,B-A,P,SL6,NQC500E500A040K,FR22C121GGM40C-12A,23297,SL60692P,H,SLRPR0080.1,TRAY,N,12,1,89.60X92.70,,CZ0289
SLRPR0081.1,2024,7,5,140,140,QFN,1209598.1,2/15/2024 19:00,B-A,P,SL6,NQC500E500A040K,FR22C121GGM40C-12A,17600,SL60692P,H,2024-SLR-02-G027,TRAY,N,12,1,89.60X92.70,,CZ0289
SLRPR0081.2,2024,7,5,140,140,QFN,1209598.1,2/15/2024 19:00,B-A,P,SL6,NQC500E500A040K,FR22C121GGM40C-12A,17600,SL60692P,H,SLRPR0081.1,TRAY,N,12,1,89.60X92.70,,CZ0289
SLRPR0081.3,2024,7,5,140,140,QFN,1209598.1,2/15/2024 19:00,B-A,P,SL6,NQC500E500A040K,FR22C121GGM40C-12A,23659,SL60692P,H,SLRPR0081.1,TRAY,N,12,1,89.60X92.70,,CZ0289
SLRPR0082.1,2024,7,5,140,140,QFN,1209599.1,2/15/2024 19:00,B-A,P,SL6,NQC500E500A040K,FR22C121GGM40C-12A,17600,SL60692P,H,2024-SLR-02-G028,TRAY,N,12,1,89.60X92.70,,CZ0289
SLRPR0082.2,2024,7,5,140,140,QFN,1209599.1,2/15/2024 19:00,B-A,P,SL6,NQC500E500A040K,FR22C121GGM40C-12A,17600,SL60692P,H,SLRPR0082.1,TRAY,N,12,1,89.60X92.70,,CZ0289
SLRPR0082.3,2024,7,5,140,140,QFN,1209599.1,2/15/2024 19:00,B-A,P,SL6,NQC500E500A040K,FR22C121GGM40C-12A,23446,SL60692P,H,SLRPR0082.1,TRAY,N,12,1,89.60X92.70,,CZ0289
SLRPR0083.1,2024,7,6,140,140,QFN,1209600.1,2/16/2024 19:00,B-A,P,SL6,NQC500E500A040K,FR22C121GGM40C-12A,17600,SL60692P,H,2024-SLR-02-G028,TRAY,N,12,1,89.60X92.70,,CZ0289
SLRPR0083.2,2024,7,6,140,140,QFN,1209600.1,2/16/2024 19:00,B-A,P,SL6,NQC500E500A040K,FR22C121GGM40C-12A,17600,SL60692P,H,SLRPR0083.1,TRAY,N,12,1,89.60X92.70,,CZ0289
SLRPR0083.3,2024,7,6,140,140,QFN,1209600.1,2/16/2024 19:00,B-A,P,SL6,NQC500E500A040K,FR22C121GGM40C-12A,23980,SL60692P,H,SLRPR0083.1,TRAY,N,12,1,89.60X92.70,,CZ0289
SLRPR0084.1,2024,7,6,140,140,QFN,1209601.1,2/16/2024 19:00,B-A,P,SL6,NQC500E500A040K,FR22C121GGM40C-12A,17600,SL60692P,H,2024-SLR-02-G028,TRAY,N,12,1,89.60X92.70,,CZ0289
SLRPR0084.3,2024,7,6,140,140,QFN,1209601.1,2/16/2024 19:00,B-A,P,SL6,NQC500E500A040K,FR22C121GGM40C-12A,23846,SL60692P,H,SLRPR0084.1,TRAY,N,12,1,89.60X92.70,,CZ0289
SLRPR0084.2,2024,7,6,140,140,QFN,1209601.1,2/16/2024 19:00,B-A,P,SL6,NQC500E500A040K,FR22C121GGM40C-12A,17600,SL60692P,H,SLRPR0084.1,TRAY,N,12,1,89.60X92.70,,CZ0289
SLRPR0085.1,2024,7,6,140,140,QFN,1209602.1,2/16/2024 19:00,B-A,P,SL6,NQC500E500A040K,FR22C121GGM40C-12A,17600,SL60692P,H,2024-SLR-02-G028,TRAY,N,12,1,89.60X92.70,,CZ0289
SLRPR0085.2,2024,7,6,140,140,QFN,1209602.1,2/16/2024 19:00,B-A,P,SL6,NQC500E500A040K,FR22C121GGM40C-12A,17600,SL60692P,H,SLRPR0085.1,TRAY,N,12,1,89.60X92.70,,CZ0289
SLRPR0085.3,2024,7,6,140,140,QFN,1209602.1,2/16/2024 19:00,B-A,P,SL6,NQC500E500A040K,FR22C121GGM40C-12A,23860,SL60692P,H,SLRPR0085.1,TRAY,N,12,1,89.60X92.70,,CZ0289
SLRPR0086.2,2024,7,7,140,140,QFN,1209603.1,2/17/2024 19:00,B-A,P,SL6,NQC500E500A040K,FR22C121GGM40C-12A,17600,SL60692P,H,SLRPR0086.1,TRAY,N,12,1,89.60X92.70,,CZ0289
SLRPR0086.1,2024,7,7,140,140,QFN,1209603.1,2/17/2024 19:00,B-A,P,SL6,NQC500E500A040K,FR22C121GGM40C-12A,17600,SL60692P,H,2024-SLR-02-G029,TRAY,N,12,1,89.60X92.70,,CZ0289
SLRPR0086.3,2024,7,7,140,140,QFN,1209603.1,2/17/2024 19:00,B-A,P,SL6,NQC500E500A040K,FR22C121GGM40C-12A,23140,SL60692P,H,SLRPR0086.1,TRAY,N,12,1,89.60X92.70,,CZ0289
SLRPR0087.1,2024,7,7,140,140,QFN,1209604.1,2/17/2024 19:00,B-A,P,SL6,NQC500E500A040K,FR22C121GGM40C-12A,17600,SL60692P,H,2024-SLR-02-G029,TRAY,N,12,1,89.60X92.70,,CZ0289
SLRPR0087.2,2024,7,7,140,140,QFN,1209604.1,2/17/2024 19:00,B-A,P,SL6,NQC500E500A040K,FR22C121GGM40C-12A,17447,SL60692P,H,SLRPR0087.1,TRAY,N,12,1,89.60X92.70,,CZ0289
S6KPR0032.1,2024,5,6,140,140,QFN,1209123.1,2/2/2024 19:00,B-A,P,SL6,NQC500E500A040K,FR22C121GGM40C-14A,17600,SL60692P,G,2024-S6K-02-G030,TRAY,N,12,1,89.60X92.70,,CZ0289
S6KPR0032.2,2024,5,6,140,140,QFN,1209123.1,2/2/2024 19:00,B-A,P,SL6,NQC500E500A040K,FR22C121GGM40C-14A,17600,SL60692P,G,S6KPR0032.1,TRAY,N,12,1,89.60X92.70,,CZ0289
S6KPR0032.3,2024,5,6,140,140,QFN,1209123.1,2/2/2024 19:00,B-A,P,SL6,NQC500E500A040K,FR22C121GGM40C-14A,24150,SL60692P,G,S6KPR0032.1,TRAY,N,12,1,89.60X92.70,,CZ0289
S6KPR0033.2,2024,5,6,140,140,QFN,1209124.1,2/2/2024 19:00,B-A,P,SL6,NQC500E500A040K,FR22C121GGM40C-14A,17600,SL60692P,G,S6KPR0033.1,TRAY,N,12,1,89.60X92.70,,CZ0289
S6KPR0033.1,2024,5,6,140,140,QFN,1209124.1,2/2/2024 19:00,B-A,P,SL6,NQC500E500A040K,FR22C121GGM40C-14A,17600,SL60692P,G,2024-S6K-02-G023,TRAY,N,12,1,89.60X92.70,,CZ0289
S6KPR0033.3,2024,5,6,140,140,QFN,1209124.1,2/2/2024 19:00,B-A,P,SL6,NQC500E500A040K,FR22C121GGM40C-14A,24264,SL60692P,G,S6KPR0033.1,TRAY,N,12,1,89.60X92.70,,CZ0289
S6KPR0034.1,2024,5,6,140,140,QFN,1209125.1,2/2/2024 19:00,B-A,P,SL6,NQC500E500A040K,FR22C121GGM40C-14A,17600,SL60692P,G,2024-S6K-02-G023,TRAY,N,12,1,89.60X92.70,,CZ0289
S6KPR0034.2,2024,5,6,140,140,QFN,1209125.1,2/2/2024 19:00,B-A,P,SL6,NQC500E500A040K,FR22C121GGM40C-14A,17600,SL60692P,G,S6KPR0034.1,TRAY,N,12,1,89.60X92.70,,CZ0289
S6KPR0034.3,2024,5,6,140,140,QFN,1209125.1,2/2/2024 19:00,B-A,P,SL6,NQC500E500A040K,FR22C121GGM40C-14A,24261,SL60692P,G,S6KPR0034.1,TRAY,N,12,1,89.60X92.70,,CZ0289
S6KPR0035.1,2024,5,7,140,140,QFN,1209126.1,2/3/2024 19:00,B-A,P,SL6,NQC500E500A040K,FR22C121GGM40C-14A,17600,SL60692P,G,2024-S6K-02-G028,TRAY,N,12,1,89.60X92.70,,CZ0289
S6KPR0035.2,2024,5,7,140,140,QFN,1209126.1,2/3/2024 19:00,B-A,P,SL6,NQC500E500A040K,FR22C121GGM40C-14A,17600,SL60692P,G,S6KPR0035.1,TRAY,N,12,1,89.60X92.70,,CZ0289
S6KPR0035.3,2024,5,7,140,140,QFN,1209126.1,2/3/2024 19:00,B-A,P,SL6,NQC500E500A040K,FR22C121GGM40C-14A,24117,SL60692P,G,S6KPR0035.1,TRAY,N,12,1,89.60X92.70,,CZ0289
S6KPR0036.1,2024,5,7,140,140,QFN,1209127.1,2/3/2024 19:00,B-A,P,SL6,NQC500E500A040K,FR22C121GGM40C-14A,23772,SL60692P,G,2024-S6K-02-G029,TRAY,N,12,1,89.60X92.70,,CZ0289
S6KPR0037.1,2024,5,7,140,140,QFN,1209128.1,2/3/2024 19:00,B-A,P,SL6,NQC500E500A040K,FR22C121GGM40C-14A,17600,SL60692P,G,2024-S6K-02-G032,TRAY,N,12,1,89.60X92.70,,CZ0289
S6KPR0037.2,2024,5,7,140,140,QFN,1209128.1,2/3/2024 19:00,B-A,P,SL6,NQC500E500A040K,FR22C121GGM40C-14A,17600,SL60692P,G,S6KPR0037.1,TRAY,N,12,1,89.60X92.70,,CZ0289
S6KPR0037.3,2024,5,7,140,140,QFN,1209128.1,2/3/2024 19:00,B-A,P,SL6,NQC500E500A040K,FR22C121GGM40C-14A,24636,SL60692P,G,S6KPR0037.1,TRAY,N,12,1,89.60X92.70,,CZ0289
S6KPR0038.1,2024,5,7,140,140,QFN,1209129.1,2/3/2024 19:00,B-A,P,SL6,NQC500E500A040K,FR22C121GGM40C-14A,12003,SL60692P,G,2024-S6K-02-G029,TRAY,N,12,1,89.60X92.70,,CZ0289
S6KPR0039.2,2024,5,7,140,140,QFN,1209122.1,2/3/2024 19:00,B-A,P,SL6,NQC500E500A040K,FR22C121GGM40C-14A,17600,SL60692P,G,S6KPR0039.1,TRAY,N,12,1,89.60X92.70,,CZ0289
S6KPR0039.1,2024,5,7,140,140,QFN,1209122.1,2/3/2024 19:00,B-A,P,SL6,NQC500E500A040K,FR22C121GGM40C-14A,17600,SL60692P,G,2024-S6K-02-G031,TRAY,N,12,1,89.60X92.70,,CZ0289
S6KPR0039.3,2024,5,7,140,140,QFN,1209122.1,2/3/2024 19:00,B-A,P,SL6,NQC500E500A040K,FR22C121GGM40C-14A,24236,SL60692P,G,S6KPR0039.1,TRAY,N,12,1,89.60X92.70,,CZ0289
S5WPR0656.1,2024,7,7,140,140,QFN,1209605.1,2/17/2024 19:00,B-A-T-P,P,SL6,NQC500E500A040K,MR22P1741IM40C-04A,23973,SL60692P,I,2024-S5W-04-G006,TRAY,N,12,1,89.60X92.70,,CZ0289
S5WPR0657.1,2024,7,7,140,140,QFN,1209606.1,2/17/2024 19:00,B-A-T-P,P,SL6,NQC500E500A040K,MR22P1741IM40C-04A,23866,SL60692P,I,2024-S5W-05-G128,TRAY,N,12,1,89.60X92.70,,CZ0289
S5WPR0589.1,2024,8,1,140,140,QFN,1209607.1,2/18/2024 19:00,B-A-T-P,P,SL6,NQC500E500A040K,PM22C200FIM40C-08A,17600,SL60693P,D,2024-S5W-07-G047,TRAY,N,12,1,89.6X92.7,,CZ0289
S5WPR0589.3,2024,8,1,140,140,QFN,1209607.1,2/18/2024 19:00,B-A-T-P,P,SL6,NQC500E500A040K,PM22C200FIM40C-08A,24571,SL60693P,D,S5WPR0589.1,TRAY,N,12,1,89.6X92.7,,CZ0289
S5WPR0589.2,2024,8,1,140,140,QFN,1209607.1,2/18/2024 19:00,B-A-T-P,P,SL6,NQC500E500A040K,PM22C200FIM40C-08A,17600,SL60693P,D,S5WPR0589.1,TRAY,N,12,1,89.6X92.7,,CZ0289
S5WPR0590.1,2024,8,1,140,140,QFN,1209608.1,2/18/2024 19:00,B-A-T-P,P,SL6,NQC500E500A040K,PM22C200FIM40C-08A,17600,SL60693P,D,2024-S5W-04-G127,TRAY,N,12,1,89.6X92.7,,CZ0289
S5WPR0590.2,2024,8,1,140,140,QFN,1209608.1,2/18/2024 19:00,B-A-T-P,P,SL6,NQC500E500A040K,PM22C200FIM40C-08A,17600,SL60693P,D,S5WPR0590.1,TRAY,N,12,1,89.6X92.7,,CZ0289
S5WPR0590.3,2024,8,1,140,140,QFN,1209608.1,2/18/2024 19:00,B-A-T-P,P,SL6,NQC500E500A040K,PM22C200FIM40C-08A,24675,SL60693P,D,S5WPR0590.1,TRAY,N,12,1,89.6X92.7,,CZ0289
S5WPR0591.3,2024,8,1,140,140,QFN,1209609.1,2/18/2024 19:00,B-A-T-P,P,SL6,NQC500E500A040K,PM22C200FIM40C-08A,24586,SL60693P,D,S5WPR0591.1,TRAY,N,12,1,89.6X92.7,,CZ0289
S5WPR0591.1,2024,8,1,140,140,QFN,1209609.1,2/18/2024 19:00,B-A-T-P,P,SL6,NQC500E500A040K,PM22C200FIM40C-08A,17600,SL60693P,D,2024-S5W-05-G060,TRAY,N,12,1,89.6X92.7,,CZ0289
S5WPR0591.2,2024,8,1,140,140,QFN,1209609.1,2/18/2024 19:00,B-A-T-P,P,SL6,NQC500E500A040K,PM22C200FIM40C-08A,17600,SL60693P,D,S5WPR0591.1,TRAY,N,12,1,89.6X92.7,,CZ0289
S5WPR0592.3,2024,8,2,140,140,QFN,1209610.1,2/19/2024 19:00,B-A-T-P,P,SL6,NQC500E500A040K,PM22C200FIM40C-08A,24508,SL60693P,D,S5WPR0592.1,TRAY,N,12,1,89.6X92.7,,CZ0289
S5WPR0592.1,2024,8,2,140,140,QFN,1209610.1,2/19/2024 19:00,B-A-T-P,P,SL6,NQC500E500A040K,PM22C200FIM40C-08A,17600,SL60693P,D,2024-S5W-07-G047,TRAY,N,12,1,89.6X92.7,,CZ0289
S5WPR0592.2,2024,8,2,140,140,QFN,1209610.1,2/19/2024 19:00,B-A-T-P,P,SL6,NQC500E500A040K,PM22C200FIM40C-08A,17600,SL60693P,D,S5WPR0592.1,TRAY,N,12,1,89.6X92.7,,CZ0289
S5WPR0593.1,2024,8,2,140,140,QFN,1209611.1,2/19/2024 19:00,B-A-T-P,P,SL6,NQC500E500A040K,PM22C200FIM40C-08A,17600,SL60693P,D,2024-S5W-04-G127,TRAY,N,12,1,89.6X92.7,,CZ0289
S5WPR0593.2,2024,8,2,140,140,QFN,1209611.1,2/19/2024 19:00,B-A-T-P,P,SL6,NQC500E500A040K,PM22C200FIM40C-08A,18336,SL60693P,D,S5WPR0593.1,TRAY,N,12,1,89.6X92.7,,CZ0289
S5WPR0431.1,2024,6,1,140,140,QFN,1209230.1,2/4/2024 19:00,B-A-T-P,P,SL6,TQ-300E300B020A,BB10FBBM-A-03A,36167,SL60651P,A,2024-S5W-02-G147,TUBE,N,8,1,55.60 X 55.90,,CZ0141
S5WPR0432.1,2024,6,1,140,140,QFN,1209231.1,2/4/2024 19:00,B-A-T-P,P,SL6,TQ-300E300B020A,BB10FBBM-A-03A,36785,SL60651P,A,2024-S5W-02-G108,TUBE,N,8,1,55.60 X 55.90,,CZ0141
S5WPR0433.1,2024,6,1,140,140,QFN,1209232.1,2/4/2024 19:00,B-A-T-P,P,SL6,TQ-300E300B020A,BB10FBBM-A-03A,36837,SL60651P,A,2024-S5W-02-G108,TUBE,N,8,1,55.60 X 55.90,,CZ0141
S5WPR0434.1,2024,6,1,140,140,QFN,1209233.1,2/4/2024 19:00,B-A-T-P,P,SL6,TQ-300E300B020A,BB10FBBM-A-03A,36908,SL60651P,A,2024-S5W-02-G108,TUBE,N,8,1,55.60 X 55.90,,CZ0141
S5WPR0435.1,2024,6,1,140,140,QFN,1209234.1,2/4/2024 19:00,B-A-T-P,P,SL6,TQ-300E300B020A,BB10FBBM-A-03A,36806,SL60651P,A,2024-S5W-02-G108,TUBE,N,8,1,55.60 X 55.90,,CZ0141
S5WPR0436.1,2024,6,2,140,140,QFN,1209235.1,2/5/2024 19:00,B-A-T-P,P,SL6,TQ-300E300B020A,BB10FBBM-A-03A,36559,SL60651P,A,2024-S5W-02-G108,TUBE,N,8,1,55.60 X 55.90,,CZ0141
S5WPR0437.1,2024,6,3,140,140,QFN,1209236.1,2/6/2024 19:00,B-A-T-P,P,SL6,TQ-300E300B020A,BB10FBBM-A-03A,36700,SL60651P,A,2024-S5W-02-G108,TUBE,N,8,1,55.60 X 55.90,,CZ0141
S5WPR0438.1,2024,6,3,140,140,QFN,1209237.1,2/6/2024 19:00,B-A-T-P,P,SL6,TQ-300E300B020A,BB10FBBM-A-03A,35860,SL60651P,A,2024-S5W-02-G115,TUBE,N,8,1,55.60 X 55.90,,CZ0141
S5WPR0439.1,2024,6,1,140,140,QFN,1209238.1,2/4/2024 19:00,B-A-T-P,P,SL6,TQ-300E300B020A,BB10FBBM-A-03A,11953,SL60651P,A,2024-S5W-02-G122,TUBE,N,8,1,55.60 X 55.90,,CZ0141
S5WPR0440.1,2024,6,3,140,140,QFN,1209239.1,2/6/2024 19:00,B-A-T-P,P,SL6,TQ-300E300B020A,BB10FBBM-A-03A,36571,SL60651P,A,2024-S5W-02-G138,TUBE,N,8,1,55.60 X 55.90,,CZ0141
S5WPR0441.1,2024,6,3,140,140,QFN,1209240.1,2/6/2024 19:00,B-A-T-P,P,SL6,TQ-300E300B020A,BB10FBBM-A-03A,36766,SL60651P,A,2024-S5W-02-G138,TUBE,N,8,1,55.60 X 55.90,,CZ0141
S5WPR0442.1,2024,6,3,140,140,QFN,1209241.1,2/6/2024 19:00,B-A-T-P,P,SL6,TQ-300E300B020A,BB10FBBM-A-03A,36486,SL60651P,A,2024-S5W-02-G147,TUBE,N,8,1,55.60 X 55.90,,CZ0141
S5WPR0443.1,2024,6,4,140,140,QFN,1209242.1,2/7/2024 19:00,B-A-T-P,P,SL6,TQ-300E300B020A,BB10FBBM-A-03A,36507,SL60651P,A,2024-S5W-02-G147,TUBE,N,8,1,55.60 X 55.90,,CZ0141
S5WPR0444.1,2024,6,4,140,140,QFN,1209243.1,2/7/2024 19:00,B-A-T-P,P,SL6,TQ-300E300B020A,BB10FBBM-A-03A,36754,SL60651P,A,2024-S5W-04-G025,TUBE,N,8,1,55.60 X 55.90,,CZ0141
S5WPR0445.1,2024,6,4,140,140,QFN,1209244.1,2/7/2024 19:00,B-A-T-P,P,SL6,TQ-300E300B020A,BB10FBBM-A-03A,36652,SL60651P,A,2024-S5W-03-G023,TUBE,N,8,1,55.60 X 55.90,,CZ0141
S5WPR0446.1,2024,6,5,140,140,QFN,1209245.1,2/8/2024 19:00,B-A-T-P,P,SL6,TQ-300E300B020A,BB10FBBM-A-03A,36720,SL60651P,A,2024-S5W-03-G019,TUBE,N,8,1,55.60 X 55.90,,CZ0141
S5WPR0447.1,2024,6,5,140,140,QFN,1209246.1,2/8/2024 19:00,B-A-T-P,P,SL6,TQ-300E300B020A,BB10FBBM-A-03A,36765,SL60651P,A,2024-S5W-03-G019,TUBE,N,8,1,55.60 X 55.90,,CZ0141
S5WPR0448.1,2024,6,3,140,140,QFN,1209247.1,2/6/2024 19:00,B-A-T-P,P,SL6,TQ-300E300B020A,BB10FBBM-A-03A,12130,SL60651P,A,2024-S5W-03-G023,TUBE,N,8,1,55.60 X 55.90,,CZ0141
S5WPR0449.1,2024,6,5,140,140,QFN,1209248.1,2/8/2024 19:00,B-A-T-P,P,SL6,TQ-300E300B020A,BB10FBBM-A-03A,36130,SL60651P,A,2024-S5W-03-G019,TUBE,N,8,1,55.60 X 55.90,,CZ0141
S5WPR0450.1,2024,6,6,140,140,QFN,1209249.1,2/9/2024 19:00,B-A-T-P,P,SL6,TQ-300E300B020A,BB10FBBM-A-03A,36413,SL60651P,A,2024-S5W-04-G025,TUBE,N,8,1,55.60 X 55.90,,CZ0141
S5WPR0451.1,2024,6,6,140,140,QFN,1209250.1,2/9/2024 19:00,B-A-T-P,P,SL6,TQ-300E300B020A,BB10FBBM-A-03A,36853,SL60651P,A,2024-S5W-04-G135,TUBE,N,8,1,55.60 X 55.90,,CZ0141
S5WPR0452.1,2024,6,6,140,140,QFN,1209251.1,2/9/2024 19:00,B-A-T-P,P,SL6,TQ-300E300B020A,BB10FBBM-A-03A,36534,SL60651P,A,2024-S5W-04-G135,TUBE,N,8,1,55.60 X 55.90,,CZ0141
S5WPR0453.1,2024,6,7,140,140,QFN,1209252.1,2/10/2024 19:00,B-A-T-P,P,SL6,TQ-300E300B020A,BB10FBBM-A-03A,36675,SL60651P,A,2024-S5W-04-G176,TUBE,N,8,1,55.60 X 55.90,,CZ0141
S5WPR0454.1,2024,6,7,140,140,QFN,1209253.1,2/10/2024 19:00,B-A-T-P,P,SL6,TQ-300E300B020A,BB10FBBM-A-03A,36739,SL60651P,A,2024-S5W-04-G025,TUBE,N,8,1,55.60 X 55.90,,CZ0141
S5WPR0455.1,2024,6,7,140,140,QFN,1209254.1,2/10/2024 19:00,B-A-T-P,P,SL6,TQ-300E300B020A,BB10FBBM-A-03A,36374,SL60651P,A,2024-S5W-04-G025,TUBE,N,8,1,55.60 X 55.90,,CZ0141
S5WPR0497.1,2024,6,3,140,140,QFN,1209255.1,2/6/2024 19:00,B-A-T-P,P,SL6,TQ-300E300B020A,BB10FBBM-A-03A,36197,SL60651P,A,2024-S5W-04-G135,TUBE,N,8,1,55.60 X 55.90,,CZ0141
S5WPR0498.1,2024,6,4,140,140,QFN,1209256.1,2/7/2024 19:00,B-A-T-P,P,SL6,TQ-300E300B020A,BB10FBBM-A-03A,11847,SL60651P,A,2024-S5W-05-G087,TUBE,N,8,1,55.60 X 55.90,,CZ0141
S5WPR0499.1,2024,6,4,140,140,QFN,1209343.1,2/7/2024 19:00,B-A-T-P,P,SL6,TQ-300E300B020A,BB10FZIM-A-03A,12234,SL60647P,A,2024-S5W-04-G108,TUBE,N,8,1,55.60 X 55.90,,CZ0141
S5WPR0426.1,2024,6,2,140,140,QFN,1209209.1,2/5/2024 19:00,B-A-T-P,P,SL6,TQ-300E300B020A,BB10M1069BBM-A-03A,37816,SL60660P,A,2024-S5W-03-G125,TUBE,N,8,1,55.60 X 55.90,,CZ0141
S5WPR0427.1,2024,6,2,140,140,QFN,1209210.1,2/5/2024 19:00,B-A-T-P,P,SL6,TQ-300E300B020A,BB10M1069BBM-A-03A,37711,SL60660P,A,2024-S5W-03-G125,TUBE,N,8,1,55.60 X 55.90,,CZ0141
S5WPR0428.1,2024,6,2,140,140,QFN,1209211.1,2/5/2024 19:00,B-A-T-P,P,SL6,TQ-300E300B020A,BB10M1069BBM-A-03A,37218,SL60660P,A,2024-S5W-03-G125,TUBE,N,8,1,55.60 X 55.90,,CZ0141
S5WPR0429.1,2024,6,2,140,140,QFN,1209212.1,2/5/2024 19:00,B-A-T-P,P,SL6,TQ-300E300B020A,BB10M1069BBM-A-03A,37531,SL60660P,A,2024-S5W-03-G125,TUBE,N,8,1,55.60 X 55.90,,CZ0141
S5WPR0430.1,2024,6,2,140,140,QFN,1209213.1,2/5/2024 19:00,B-A-T-P,P,SL6,TQ-300E300B020A,BB10M1069BBM-A-03A,24888,SL60660P,A,2024-S5W-03-G125,TUBE,N,8,1,55.60 X 55.90,,CZ0141
S5WPR0558.1,2024,6,6,140,140,QFN,1209637.1,2/9/2024 19:00,B-A-T-P,P,SL6,TQ-300E300B020A,BB10M1069BBM-A-03A,34842,SL60660P,A,2024-S5W-03-G125,TUBE,N,8,1,55.60 X 55.90,,CZ0141
S5WPR0559.1,2024,6,7,140,140,QFN,1209638.1,2/10/2024 19:00,B-A-T-P,P,SL6,TQ-300E300B020A,BB10M1069BBM-A-03A,25243,SL60660P,A,2024-S5W-03-G125,TUBE,N,8,1,55.60 X 55.90,,CZ0141
S5WPR0500.1,2024,6,5,140,140,QFN,1209344.1,2/8/2024 19:00,B-A-T-P,P,SL6,TQ-300E300B020A,BB10P1485ZBM-A-03A,24700,SL60647P,A,2024-S5W-04-G155,TUBE,N,8,1,55.60 X 55.90,,CZ0141
S5WPR0700.1,2024,7,7,140,140,QFN,1209737.1,2/17/2024 19:00,B-A-T-P,P,SL6,TQ-300E300B020A,C8051F853-C-GM-03A,37620,SL60654P,A,2024-S5W-03-G060,TUBE,N,8,1,55.60 X 55.90,,CZ0141
S5WPR0574.1,2024,7,2,140,140,QFN,1209409.1,2/12/2024 19:00,B-A-T-P,P,SL6,TQC400E400B024K,BB31FDIM24D-01A,7025,SL60681P,D,2024-S5W-04-G155,TRAY,N,8,1,73.2 X 73.2,,CZ0288
S5WPR0333.1,2024,5,6,140,140,QFN,1208896.1,2/2/2024 19:00,B-A-T-P,P,SL6,TQC400E400B024K,CP2102N-A02GM2-04A,37040,SL60646P,F,2024-S5W-04-G189,TRAY,N,8,1,74.40 X 74.00,,CZ0141
S5WPR0334.1,2024,5,6,140,140,QFN,1208897.1,2/2/2024 19:00,B-A-T-P,P,SL6,TQC400E400B024K,CP2102N-A02GM2-04A,29827,SL60646P,F,2024-S5W-04-G189,TRAY,N,8,1,74.40 X 74.00,,CZ0141
S5WPR0560.1,2024,7,2,140,140,QFN,1209658.1,2/12/2024 19:00,B-A-T-P,P,SL6,TQC400E400B024K,CP2102N-A02GM2-04A,36980,SL60646P,F,Recall at Awaiting Ship to SFG2400,TRAY,N,8,1,74.40 X 74.00,,CZ0141
S5WPR0561.1,2024,7,2,140,140,QFN,1209659.1,2/12/2024 19:00,B-A-T-P,P,SL6,TQC400E400B024K,CP2102N-A02GM2-04A,37187,SL60646P,F,Recall at Awaiting Ship to SFG2400,TRAY,N,8,1,74.40 X 74.00,,CZ0141
S5WPR0562.1,2024,7,2,140,140,QFN,1209660.1,2/12/2024 19:00,B-A-T-P,P,SL6,TQC400E400B024K,CP2102N-A02GM2-04A,37205,SL60646P,F,2024-S5W-08-G019,TRAY,N,8,1,74.40 X 74.00,,CZ0141
S5WPR0563.1,2024,7,2,140,140,QFN,1209661.1,2/12/2024 19:00,B-A-T-P,P,SL6,TQC400E400B024K,CP2102N-A02GM2-04A,37226,SL60646P,F,2024-S5W-03-G050,TRAY,N,8,1,74.40 X 74.00,,CZ0141
S5WPR0564.1,2024,7,2,140,140,QFN,1209662.1,2/12/2024 19:00,B-A-T-P,P,SL6,TQC400E400B024K,CP2102N-A02GM2-04A,36642,SL60646P,F,2024-S5W-03-G117,TRAY,N,8,1,74.40 X 74.00,,CZ0141
S5WPR0575.1,2024,7,2,140,140,QFN,1209412.1,2/12/2024 19:00,B-A-T-P,P,SL6,TQC400E400B024K,CP2102N-A02GM2-04A,37471,SL60646P,F,Recall at Awaiting Ship to SFG2400,TRAY,N,8,1,74.40 X 74.00,,CZ0141
S5WPR0576.1,2024,7,4,140,140,QFN,1209413.1,2/14/2024 19:00,B-A-T-P,P,SL6,TQC400E400B024K,CP2102N-A02GM2-04A,14928,SL60646P,F,2024-S5W-03-G117,TRAY,N,8,1,74.40 X 74.00,,CZ0141
S5WPR0577.1,2024,7,4,140,140,QFN,1209414.1,2/14/2024 19:00,B-A-T-P,P,SL6,TQC400E400B024K,CP2102N-A02GM2-04A,37412,SL60646P,F,2024-S5W-03-G117,TRAY,N,8,1,74.40 X 74.00,,CZ0141
S5WPR0578.1,2024,7,4,140,140,QFN,1209415.1,2/14/2024 19:00,B-A-T-P,P,SL6,TQC400E400B024K,CP2102N-A02GM2-04A,14898,SL60646P,F,2024-S5W-03-G117,TRAY,N,8,1,74.40 X 74.00,,CZ0141
S5WPR0702.1,2024,7,6,140,140,QFN,1209745.1,2/16/2024 19:00,B-A-T-P,P,SL6,TQC400E400B024K,CP2102N-A02GM2-04A,37394,SL60646P,F,2024-S5W-03-G048,TRAY,N,8,1,74.40 X 74.00,,CZ0141
S5WPR0703.1,2024,7,6,140,140,QFN,1209746.1,2/16/2024 19:00,B-A-T-P,P,SL6,TQC400E400B024K,CP2102N-A02GM2-04A,37513,SL60646P,F,2024-S5W-03-G048,TRAY,N,8,1,74.40 X 74.00,,CZ0141
S5WPR0704.1,2024,7,7,140,140,QFN,1209747.1,2/17/2024 19:00,B-A-T-P,P,SL6,TQC400E400B024K,CP2102N-A02GM2-04A,37483,SL60646P,F,2024-S5W-03-G048,TRAY,N,8,1,74.40 X 74.00,,CZ0141
S5WPR0705.1,2024,7,7,140,140,QFN,1209748.1,2/17/2024 19:00,B-A-T-P,P,SL6,TQC400E400B024K,CP2102N-A02GM2-04A,37531,SL60646P,F,2024-S5W-04-G091,TRAY,N,8,1,74.40 X 74.00,,CZ0141
S5WPR0706.1,2024,8,1,140,140,QFN,1209749.1,2/18/2024 19:00,B-A-T-P,P,SL6,TQC400E400B024K,CP2102N-A02GM2-04A,37005,SL60646P,F,2024-S5W-03-G125,TRAY,N,8,1,74.40 X 74.00,,CZ0141
S5WPR0707.1,2024,8,1,140,140,QFN,1209750.1,2/18/2024 19:00,B-A-T-P,P,SL6,TQC400E400B024K,CP2102N-A02GM2-04A,37648,SL60646P,F,2024-S5W-03-G062,TRAY,N,8,1,74.40 X 74.00,,CZ0141
S5WPR0708.1,2024,8,2,140,140,QFN,1209751.1,2/19/2024 19:00,B-A-T-P,P,SL6,TQC400E400B024K,CP2102N-A02GM2-04A,37383,SL60646P,F,2024-S5W-04-G082,TRAY,N,8,1,74.40 X 74.00,,CZ0141
S5WPR0709.1,2024,8,2,140,140,QFN,1209752.1,2/19/2024 19:00,B-A-T-P,P,SL6,TQC400E400B024K,CP2102N-A02GM2-04A,37492,SL60646P,F,2024-S5W-04-G082,TRAY,N,8,1,74.40 X 74.00,,CZ0141
S5WPR0544.1,2024,6,7,140,140,QFN,1209354.1,2/10/2024 19:00,B-A-T-P,P,SL6,TQC500E500B028A,BB22FCBM1-C-03A,7463,SL60672P,C,2024-S5W-03-G030,TRAY,N,8,1,72.80 X 72.40,,CZ0141
S5WPR0347.1,2024,5,6,140,140,QFN,1208956.1,2/2/2024 19:00,B-A-T-P,P,SL6,UQC400E400A032A,BB31FEIM3-D-02A,6701,SL60673P,A,2024-S5W-02-G139,TRAY,N,8,1,74.8X74.8,,CZ0297
SSVER0005.1,2024,8,4,140,140,QFN,UTAC-271,2/21/2024 19:00,B-A,E,SS0,NQC700M800B037K,SZ1200-00-QXL-D,3500,SS00060E,D,2024-SSV-03-G001,TRAY,N,8,"1,1","128.6 X 109.5,49.6 X 68.6",,CZ0142
SSVER0007.1,2024,8,5,140,140,QFN,UTAC-272,2/22/2024 19:00,B-A,E,SS0,NQC700M800B037K,SZ1200-00-QXL-D,3500,SS00060E,D,2024-SSV-03-G001,TRAY,N,8,"1,1","128.6 X 109.5,49.6 X 68.6",,CZ0142
SSVUR0006.1,2024,8,4,140,140,QFN,UTAC-271,2/21/2024 19:00,B-A,U,SS0,NQC700M800B037K,SZ1200-00-QXL-D,3500,SS00060E,D,2024-SSV-03-G001,TRAY,N,8,"1,1","128.6 X 109.5,49.6 X 68.6",,CZ0142
SSVUR0008.1,2024,8,5,140,140,QFN,UTAC-272,2/22/2024 19:00,B-A,U,SS0,NQC700M800B037K,SZ1200-00-QXL-D,3500,SS00060E,D,2024-SSV-03-G001,TRAY,N,8,"1,1","128.6 X 109.5,49.6 X 68.6",,CZ0142
SS0QR0001.1,2024,9,4,140,140,QFN,UTAC-264,2/28/2024 19:00,B-A,Q,SS0,NQC700M800B037K,X1200-00-QXL-D2,1500,SS00060E,D,2024-SS0-03-G001,TRAY,N,8,"1,1","128.6 X 109.5,49.6 X 68.6",,CZ0142
STSPR1391.1,2024,6,3,140,140,QFN,4C045210,2/6/2024 19:00,B-A-T-P,P,STM,EQC500E500B032U,U4MG*T4ADKG8,6490,STM0516P,B,2024-STS-03-G133,TUBE,N,12,1,72.3 X 102.9,,CZ0297
STSPR1392.1,2024,6,3,140,140,QFN,4C045220,2/6/2024 19:00,B-A-T-P,P,STM,EQC500E500B032U,U4MG*T4ADKG9,12399,STM0516P,B,2024-STS-03-G134,TUBE,N,12,1,72.3 X 102.9,,CZ0297
STSPR2017.1,2024,8,2,140,140,QFN,4C069092,2/19/2024 19:00,B-A-T-P,P,STM,EQC500E500B032U,U4MG*T4ADKG9,12374,STM0516P,B,2024-STS-05-G436,TUBE,N,12,1,72.3 X 102.9,,CZ0297
STSPR2018.1,2024,8,2,140,140,QFN,4C069100,2/19/2024 19:00,B-A-T-P,P,STM,EQC500E500B032U,U4MG*T4ADKG9,12860,STM0516P,B,2024-STS-05-G450,TUBE,N,12,1,72.3 X 102.9,,CZ0297
STSPR2019.1,2024,8,2,140,140,QFN,4C069110,2/19/2024 19:00,B-A-T-P,P,STM,EQC500E500B032U,U4MG*T4ADKG9,12413,STM0516P,B,2024-STS-06-G027,TUBE,N,12,1,72.3 X 102.9,,CZ0297
STSPR2020.1,2024,8,2,140,140,QFN,4C069120,2/19/2024 19:00,B-A-T-P,P,STM,EQC500E500B032U,U4MG*T4ADKG9,12177,STM0516P,B,2024-STS-06-G419,TUBE,N,12,1,72.3 X 102.9,,CZ0297
STSPR2021.1,2024,8,2,140,140,QFN,4C069130,2/19/2024 19:00,B-A-T-P,P,STM,EQC500E500B032U,U4MG*T4ADKG9,13132,STM0516P,B,2024-STS-05-G436,TUBE,N,12,1,72.3 X 102.9,,CZ0297
STSPR1313.1,2024,5,7,140,140,QFN,4C042150,2/3/2024 19:00,A-T-P,P,STM,MQ-400E400B024P,2NND*UAL4ABA,18450,STM0442P,B,2024-STS-02-G361,TRAY,N,8,1,64.5 X 72.4,,CZ0289
STSPR1964.1,2024,7,7,140,140,QFN,4C067540,2/17/2024 19:00,A-T-P,P,STM,MQ-400E400B024P,2NND*UAL4ABA,18870,STM0442P,B,2024-STS-03-G092,TRAY,N,8,1,64.5 X 72.4,,CZ0289
STSPR2193.1,2024,8,5,140,140,QFN,4C074210,2/22/2024 19:00,A-T-P,P,STM,MQ-400E400B024P,2NND*UAL4ABA,28048,STM0442P,B,2024-STS-03-G172,TRAY,N,8,1,64.5 X 72.4,,CZ0289
STAQR0026.1,2024,7,2,140,140,QFN,4C04590,2/12/2024 19:00,A,Q,STM,MQC700E7001048A,C9V0*UAE2AEX,1000,STM1436E,B,2024-STA-02-G007,TRAY,Y,8,1,153.30 X 105.20,,CZ0142
STAQR0035.1,2024,6,6,140,140,QFN,4C04989,2/9/2024 19:00,A,Q,STM,MQC700E7001048A,C9V0*UAE2AEX,1000,STM1436E,B,2024-STA-03-G002,TRAY,Y,8,1,153.30 X 105.20,,CZ0142
STAQR0036.1,2024,8,2,140,140,QFN,4C05008,2/19/2024 19:00,A,Q,STM,MQC700E7001048A,C9V0*UAE2AEX,1000,STM1436E,B,2024-STA-03-G002,TRAY,Y,8,1,153.30 X 105.20,,CZ0142
STSER1713.1,2024,7,2,140,140,QFN,4C05674,2/12/2024 19:00,B-A,E,STM,NQ-300E3001016K,3NM4*VB4K1AJ,5846,STM1614E,A,Recall at Awaiting Ship to SFG2400,TUBE,N,8,1,48.7 X 92.8,,CZ0289
STSER1714.1,2024,7,2,140,140,QFN,4C05675,2/12/2024 19:00,B-A,E,STM,NQ-300E3001016K,3NM4*VB4K1AJ,5825,STM1614E,A,Recall at Awaiting Ship to SFG2400,TUBE,N,8,1,48.7 X 92.8,,CZ0289
STSER1716.1,2024,7,2,140,140,QFN,4C05678,2/12/2024 19:00,B-A,E,STM,NQ-300E3001016K,3NM4*VB4K1AJ,7300,STM1614E,A,Recall at Awaiting Ship to SFG2400,TUBE,N,8,1,48.7 X 92.8,,CZ0289
STSER1738.1,2024,7,3,140,140,QFN,4C05895,2/13/2024 19:00,B-A-T-P,E,STM,NQ-300E3001016K,3NM4*VB4K1AY,9720,STM0519P,B,SFG2000,TUBE,Y,8,1,48.7 X 92.8,,CZ0289
STSER1740.1,2024,7,3,140,140,QFN,4C05921,2/13/2024 19:00,B-A-T-P,E,STM,NQ-300E3001016K,3NM4*VB4K1AY,14572,STM0519P,B,SFG2000,TUBE,Y,8,1,48.7 X 92.8,,CZ0289
STSER1741.1,2024,7,3,140,140,QFN,4C05923,2/13/2024 19:00,B-A-T-P,E,STM,NQ-300E3001016K,3NM4*VB4K1AY,14572,STM0519P,B,SFG2000,TUBE,Y,8,1,48.7 X 92.8,,CZ0289
STSER1742.1,2024,7,3,140,140,QFN,4C05927,2/13/2024 19:00,B-A-T-P,E,STM,NQ-300E3001016K,3NM4*VB4K1AY,12411,STM0519P,B,SFG2000,TUBE,Y,8,1,48.7 X 92.8,,CZ0289
STSER1743.1,2024,7,3,140,140,QFN,4C05930,2/13/2024 19:00,B-A-T-P,E,STM,NQ-300E3001016K,3NM4*VB4K1AY,12411,STM0519P,B,SFG2000,TUBE,Y,8,1,48.7 X 92.8,,CZ0289
STSPR1599.1,2024,6,5,140,140,QFN,4C051460,2/8/2024 19:00,A-T-P,P,STM,NQC300E300B016P,1N72*UBDTABA,35100,STM0444P,B,2024-STS-02-G469,TRAY,N,8,1,55.9 X 53.4,,CZ0289
STSPR1599.2,2024,6,5,140,140,QFN,4C051470,2/8/2024 19:00,A-T-P,P,STM,NQC300E300B016P,1N72*UBDTABA,51758,STM0444P,B,2024-STS-03-G012,TRAY,N,8,1,55.9 X 53.4,,CZ0289
STSPR1608.1,2024,6,6,140,140,QFN,4C052490,2/9/2024 19:00,A-T-P,P,STM,NQC300E300B016P,1N72*UBDTABA,35100,STM0444P,B,2024-STS-03-G012,TRAY,N,8,1,55.9 X 53.4,,CZ0289
STSPR1608.2,2024,6,6,140,140,QFN,4C052500,2/9/2024 19:00,A-T-P,P,STM,NQC300E300B016P,1N72*UBDTABA,37404,STM0444P,B,2024-STS-03-G001,TRAY,N,8,1,55.9 X 53.4,,CZ0289
STSPR2374.1,2024,9,4,140,140,QFN,4C081920,2/28/2024 19:00,A-T-P,P,STM,NQC300E300B016P,1N72*UBDTABA,43620,STM0444P,B,2024-STS-03-G266,TRAY,N,8,1,55.9 X 53.4,,CZ0289
STSER1892.1,2024,8,2,140,140,QFN,4C062280,2/19/2024 19:00,B-A-T-P,E,STM,TD-200E2001008A,ANK9*V393ABY,4940,STM1617E,A,2024-STS-04-G377,FILM FRAME,Y,8,1,34.7 X 37.4,,CZ0288
STSER1893.1,2024,7,3,140,140,QFN,4C062290,2/13/2024 19:00,B-A-T-P,E,STM,TD-200E2001008A,ANK9*V393ABY,4940,STM1617E,A,2024-STS-04-G377,FILM FRAME,Y,8,1,34.7 X 37.4,,CZ0288
STSER1894.1,2024,8,2,140,140,QFN,4C062300,2/19/2024 19:00,B-A-T-P,E,STM,TD-200E2001008A,ANK9*V393ABY,4940,STM1617E,A,2024-STS-04-G377,FILM FRAME,Y,8,1,34.7 X 37.4,,CZ0288
STSUR1895.1,2024,8,2,140,140,QFN,4C062350,2/19/2024 19:00,B-A-T-P,U,STM,TD-200E2001008A,ANK9*V393ABY,4940,STM1617E,A,2024-STS-04-G229,FILM FRAME,Y,8,1,34.7 X 37.4,,CZ0288
STSUR1896.1,2024,8,2,140,140,QFN,4C062360,2/19/2024 19:00,B-A-T-P,U,STM,TD-200E2001008A,ANK9*V393ABY,4940,STM1617E,A,2024-STS-04-G229,FILM FRAME,Y,8,1,34.7 X 37.4,,CZ0288
STSUR1897.1,2024,8,2,140,140,QFN,4C062370,2/19/2024 19:00,B-A-T-P,U,STM,TD-200E2001008A,ANK9*V393ABY,3008,STM1617E,A,2024-STS-04-G229,FILM FRAME,Y,8,1,34.7 X 37.4,,CZ0288
TIBPR1390.1,2024,5,7,140,140,QFN,4010268UT3,2/3/2024 19:00,B-A,P,TIU,NDC300E3001008K,AN1042GVDRBRQ1-ASY,35100,TIU3025P,I,2024-TIB-02-G201,FILM FRAME,Y,8,1,65.7X100.4,,CZ0289
TIBPR1390.2,2024,5,7,140,140,QFN,4010269UT3,2/3/2024 19:00,B-A,P,TIU,NDC300E3001008K,AN1042GVDRBRQ1-ASY,35100,TIU3025P,I,2024-TIB-02-G201,FILM FRAME,Y,8,1,65.7X100.4,,CZ0289
TIBPR1390.3,2024,5,7,140,140,QFN,4010270UT3,2/3/2024 19:00,B-A,P,TIU,NDC300E3001008K,AN1042GVDRBRQ1-ASY,35100,TIU3025P,I,2024-TIB-02-G188,FILM FRAME,Y,8,1,65.7X100.4,,CZ0289
TIBPR1390.4,2024,5,7,140,140,QFN,4010271UT3,2/3/2024 19:00,B-A,P,TIU,NDC300E3001008K,AN1042GVDRBRQ1-ASY,35100,TIU3025P,I,2024-TIB-02-G188,FILM FRAME,Y,8,1,65.7X100.4,,CZ0289
TIBPR1390.5,2024,5,7,140,140,QFN,4010272UT3,2/3/2024 19:00,B-A,P,TIU,NDC300E3001008K,AN1042GVDRBRQ1-ASY,19875,TIU3025P,I,2024-TIB-02-G188,FILM FRAME,Y,8,1,65.7X100.4,,CZ0289
TIBPR1426.4,2024,6,2,140,140,QFN,4010739UT3,2/5/2024 19:00,B-A,P,TIU,NDC300E3001008K,AN1042GVDRBRQ1-ASY,35100,TIU3025P,I,2024-TIB-02-G220,FILM FRAME,Y,8,1,65.7X100.4,,CZ0289
TIBPR1426.3,2024,6,2,140,140,QFN,4010738UT3,2/5/2024 19:00,B-A,P,TIU,NDC300E3001008K,AN1042GVDRBRQ1-ASY,35100,TIU3025P,I,2024-TIB-02-G220,FILM FRAME,Y,8,1,65.7X100.4,,CZ0289
TIBPR1426.2,2024,6,2,140,140,QFN,4010737UT3,2/5/2024 19:00,B-A,P,TIU,NDC300E3001008K,AN1042GVDRBRQ1-ASY,35100,TIU3025P,I,2024-TIB-02-G220,FILM FRAME,Y,8,1,65.7X100.4,,CZ0289
TIBPR1426.1,2024,6,2,140,140,QFN,4010736UT3,2/5/2024 19:00,B-A,P,TIU,NDC300E3001008K,AN1042GVDRBRQ1-ASY,35100,TIU3025P,I,2024-TIB-02-G220,FILM FRAME,Y,8,1,65.7X100.4,,CZ0289
TIBPR1426.5,2024,6,2,140,140,QFN,4010740UT3,2/5/2024 19:00,B-A,P,TIU,NDC300E3001008K,AN1042GVDRBRQ1-ASY,21887,TIU3025P,I,2024-TIB-02-G220,FILM FRAME,Y,8,1,65.7X100.4,,CZ0289
TIBPR1632.1,2024,6,4,140,140,QFN,4012201UT3,2/7/2024 19:00,B-A,P,TIU,NDC300E3001008K,AN1042GVDRBRQ1-ASY,6455,TIU3025P,I,2024-TIB-02-G264,FILM FRAME,Y,8,1,65.7X100.4,,CZ0289
TIBPR1709.3,2024,6,6,140,140,QFN,4013097UT3,2/9/2024 19:00,B-A,P,TIU,NDC300E3001008K,AN1042GVDRBRQ1-ASY,31176,TIU3025P,I,2024-TIB-02-G306,FILM FRAME,Y,8,1,65.7X100.4,,CZ0289
TIBPR1709.2,2024,6,6,140,140,QFN,4013096UT3,2/9/2024 19:00,B-A,P,TIU,NDC300E3001008K,AN1042GVDRBRQ1-ASY,35100,TIU3025P,I,2024-TIB-02-G306,FILM FRAME,Y,8,1,65.7X100.4,,CZ0289
TIBPR1709.1,2024,6,6,140,140,QFN,4013095UT3,2/9/2024 19:00,B-A,P,TIU,NDC300E3001008K,AN1042GVDRBRQ1-ASY,35100,TIU3025P,I,2024-TIB-02-G306,FILM FRAME,Y,8,1,65.7X100.4,,CZ0289
TIBPR1711.4,2024,6,7,140,140,QFN,4013103UT3,2/10/2024 19:00,B-A,P,TIU,NDC300E3001008K,AN1042GVDRBRQ1-ASY,35100,TIU3025P,I,2024-TIB-02-G331,FILM FRAME,Y,8,1,65.7X100.4,,CZ0289
TIBPR1711.3,2024,6,7,140,140,QFN,4013102UT3,2/10/2024 19:00,B-A,P,TIU,NDC300E3001008K,AN1042GVDRBRQ1-ASY,35100,TIU3025P,I,2024-TIB-02-G335,FILM FRAME,Y,8,1,65.7X100.4,,CZ0289
TIBPR1711.2,2024,6,7,140,140,QFN,4013101UT3,2/10/2024 19:00,B-A,P,TIU,NDC300E3001008K,AN1042GVDRBRQ1-ASY,35100,TIU3025P,I,2024-TIB-02-G331,FILM FRAME,Y,8,1,65.7X100.4,,CZ0289
TIBPR1711.5,2024,6,7,140,140,QFN,4013104UT3,2/10/2024 19:00,B-A,P,TIU,NDC300E3001008K,AN1042GVDRBRQ1-ASY,20340,TIU3025P,I,2024-TIB-02-G331,FILM FRAME,Y,8,1,65.7X100.4,,CZ0289
TIBPR1711.1,2024,6,7,140,140,QFN,4013100UT3,2/10/2024 19:00,B-A,P,TIU,NDC300E3001008K,AN1042GVDRBRQ1-ASY,35100,TIU3025P,I,2024-TIB-02-G343,FILM FRAME,Y,8,1,65.7X100.4,,CZ0289
TIBPR1719.4,2024,7,1,140,140,QFN,4013227UT3,2/11/2024 19:00,B-A,P,TIU,NDC300E3001008K,AN1042GVDRBRQ1-ASY,35100,TIU3025P,I,2024-TIB-02-G331,FILM FRAME,Y,8,1,65.7X100.4,,CZ0289
TIBPR1719.3,2024,7,1,140,140,QFN,4013226UT3,2/11/2024 19:00,B-A,P,TIU,NDC300E3001008K,AN1042GVDRBRQ1-ASY,35100,TIU3025P,I,2024-TIB-02-G335,FILM FRAME,Y,8,1,65.7X100.4,,CZ0289
TIBPR1719.2,2024,7,1,140,140,QFN,4013225UT3,2/11/2024 19:00,B-A,P,TIU,NDC300E3001008K,AN1042GVDRBRQ1-ASY,35100,TIU3025P,I,2024-TIB-02-G331,FILM FRAME,Y,8,1,65.7X100.4,,CZ0289
TIBPR1719.1,2024,7,1,140,140,QFN,4013224UT3,2/11/2024 19:00,B-A,P,TIU,NDC300E3001008K,AN1042GVDRBRQ1-ASY,35100,TIU3025P,I,2024-TIB-02-G331,FILM FRAME,Y,8,1,65.7X100.4,,CZ0289
TIBPR1719.5,2024,7,1,140,140,QFN,4013228UT3,2/11/2024 19:00,B-A,P,TIU,NDC300E3001008K,AN1042GVDRBRQ1-ASY,19634,TIU3025P,I,2024-TIB-02-G335,FILM FRAME,Y,8,1,65.7X100.4,,CZ0289
TIBPR1720.5,2024,7,2,140,140,QFN,4013235UT3,2/12/2024 19:00,B-A,P,TIU,NDC300E3001008K,AN1042GVDRBRQ1-ASY,20169,TIU3025P,I,2024-TIB-02-G343,FILM FRAME,Y,8,1,65.7X100.4,,CZ0289
TIBPR1720.2,2024,7,2,140,140,QFN,4013232UT3,2/12/2024 19:00,B-A,P,TIU,NDC300E3001008K,AN1042GVDRBRQ1-ASY,35100,TIU3025P,I,2024-TIB-02-G343,FILM FRAME,Y,8,1,65.7X100.4,,CZ0289
TIBPR1720.3,2024,7,2,140,140,QFN,4013233UT3,2/12/2024 19:00,B-A,P,TIU,NDC300E3001008K,AN1042GVDRBRQ1-ASY,35100,TIU3025P,I,2024-TIB-02-G335,FILM FRAME,Y,8,1,65.7X100.4,,CZ0289
TIBPR1720.4,2024,7,2,140,140,QFN,4013234UT3,2/12/2024 19:00,B-A,P,TIU,NDC300E3001008K,AN1042GVDRBRQ1-ASY,35100,TIU3025P,I,2024-TIB-02-G335,FILM FRAME,Y,8,1,65.7X100.4,,CZ0289
TIBPR1720.1,2024,7,2,140,140,QFN,4013231UT3,2/12/2024 19:00,B-A,P,TIU,NDC300E3001008K,AN1042GVDRBRQ1-ASY,35100,TIU3025P,I,2024-TIB-02-G335,FILM FRAME,Y,8,1,65.7X100.4,,CZ0289
TIBPR1721.1,2024,7,3,140,140,QFN,4013237UT3,2/13/2024 19:00,B-A,P,TIU,NDC300E3001008K,AN1042GVDRBRQ1-ASY,35100,TIU3025P,I,2024-TIB-02-G368,FILM FRAME,Y,8,1,65.7X100.4,,CZ0289
TIBPR1721.2,2024,7,3,140,140,QFN,4013238UT3,2/13/2024 19:00,B-A,P,TIU,NDC300E3001008K,AN1042GVDRBRQ1-ASY,35100,TIU3025P,I,2024-TIB-02-G368,FILM FRAME,Y,8,1,65.7X100.4,,CZ0289
TIBPR1721.3,2024,7,3,140,140,QFN,4013239UT3,2/13/2024 19:00,B-A,P,TIU,NDC300E3001008K,AN1042GVDRBRQ1-ASY,35100,TIU3025P,I,2024-TIB-02-G368,FILM FRAME,Y,8,1,65.7X100.4,,CZ0289
TIBPR1721.4,2024,7,3,140,140,QFN,4013240UT3,2/13/2024 19:00,B-A,P,TIU,NDC300E3001008K,AN1042GVDRBRQ1-ASY,47380,TIU3025P,I,2024-TIB-02-G368,FILM FRAME,Y,8,1,65.7X100.4,,CZ0289
TIBPR1956.3,2024,7,4,140,140,QFN,4014952UT3,2/14/2024 19:00,B-A,P,TIU,NDC300E3001008K,AN1042GVDRBRQ1-ASY,35100,TIU3025P,I,2024-TIB-02-G376,FILM FRAME,Y,8,1,65.7X100.4,,CZ0289
TIBPR1956.4,2024,7,4,140,140,QFN,4014953UT3,2/14/2024 19:00,B-A,P,TIU,NDC300E3001008K,AN1042GVDRBRQ1-ASY,48344,TIU3025P,I,2024-TIB-02-G376,FILM FRAME,Y,8,1,65.7X100.4,,CZ0289
TIBPR1956.2,2024,7,4,140,140,QFN,4014951UT3,2/14/2024 19:00,B-A,P,TIU,NDC300E3001008K,AN1042GVDRBRQ1-ASY,35100,TIU3025P,I,2024-TIB-02-G376,FILM FRAME,Y,8,1,65.7X100.4,,CZ0289
TIBPR1956.1,2024,7,4,140,140,QFN,4014950UT3,2/14/2024 19:00,B-A,P,TIU,NDC300E3001008K,AN1042GVDRBRQ1-ASY,35100,TIU3025P,I,2024-TIB-02-G376,FILM FRAME,Y,8,1,65.7X100.4,,CZ0289
TIBPR1990.2,2024,8,2,140,140,QFN,4015444UT3,2/19/2024 19:00,B-A,P,TIU,NDC300E3001008K,AN1042GVDRBRQ1-ASY,35100,TIU3025P,I,2024-TIB-02-G440,FILM FRAME,Y,8,1,65.7X100.4,,CZ0289
TIBPR1990.1,2024,8,2,140,140,QFN,4015443UT3,2/19/2024 19:00,B-A,P,TIU,NDC300E3001008K,AN1042GVDRBRQ1-ASY,35100,TIU3025P,I,2024-TIB-02-G440,FILM FRAME,Y,8,1,65.7X100.4,,CZ0289
TIBPR1990.3,2024,8,2,140,140,QFN,4015445UT3,2/19/2024 19:00,B-A,P,TIU,NDC300E3001008K,AN1042GVDRBRQ1-ASY,35100,TIU3025P,I,2024-TIB-02-G426,FILM FRAME,Y,8,1,65.7X100.4,,CZ0289
TIBPR1990.4,2024,8,2,140,140,QFN,4015446UT3,2/19/2024 19:00,B-A,P,TIU,NDC300E3001008K,AN1042GVDRBRQ1-ASY,35100,TIU3025P,I,2024-TIB-02-G440,FILM FRAME,Y,8,1,65.7X100.4,,CZ0289
TIBPR1990.5,2024,8,2,140,140,QFN,4015447UT3,2/19/2024 19:00,B-A,P,TIU,NDC300E3001008K,AN1042GVDRBRQ1-ASY,20250,TIU3025P,I,2024-TIB-03-G001,FILM FRAME,Y,8,1,65.7X100.4,,CZ0289
TIBPR1991.5,2024,8,3,140,140,QFN,4015452UT3,2/20/2024 19:00,B-A,P,TIU,NDC300E3001008K,AN1042GVDRBRQ1-ASY,20976,TIU3025P,I,2024-TIB-03-G024,FILM FRAME,Y,8,1,65.7X100.4,,CZ0289
TIBPR1991.3,2024,8,3,140,140,QFN,4015450UT3,2/20/2024 19:00,B-A,P,TIU,NDC300E3001008K,AN1042GVDRBRQ1-ASY,35100,TIU3025P,I,2024-TIB-03-G008,FILM FRAME,Y,8,1,65.7X100.4,,CZ0289
TIBPR1991.2,2024,8,3,140,140,QFN,4015449UT3,2/20/2024 19:00,B-A,P,TIU,NDC300E3001008K,AN1042GVDRBRQ1-ASY,35100,TIU3025P,I,2024-TIB-03-G008,FILM FRAME,Y,8,1,65.7X100.4,,CZ0289
TIBPR1991.4,2024,8,3,140,140,QFN,4015451UT3,2/20/2024 19:00,B-A,P,TIU,NDC300E3001008K,AN1042GVDRBRQ1-ASY,35100,TIU3025P,I,2024-TIB-03-G008,FILM FRAME,Y,8,1,65.7X100.4,,CZ0289
TIBPR1991.1,2024,8,3,140,140,QFN,4015448UT3,2/20/2024 19:00,B-A,P,TIU,NDC300E3001008K,AN1042GVDRBRQ1-ASY,35100,TIU3025P,I,2024-TIB-03-G008,FILM FRAME,Y,8,1,65.7X100.4,,CZ0289
TIBPR1425.1,2024,6,1,140,140,QFN,4010731UT3,2/4/2024 19:00,B-A,P,TIU,NDC300E3001008K,CAN1042VDRBRQ1-ASY,35100,TIU3025P,I,2024-TIB-02-G188,FILM FRAME,Y,8,1,65.7X100.4,,CZ0289
TIBPR1425.2,2024,6,1,140,140,QFN,4010732UT3,2/4/2024 19:00,B-A,P,TIU,NDC300E3001008K,CAN1042VDRBRQ1-ASY,35100,TIU3025P,I,2024-TIB-02-G188,FILM FRAME,Y,8,1,65.7X100.4,,CZ0289
TIBPR1425.3,2024,6,1,140,140,QFN,4010733UT3,2/4/2024 19:00,B-A,P,TIU,NDC300E3001008K,CAN1042VDRBRQ1-ASY,19305,TIU3025P,I,2024-TIB-02-G188,FILM FRAME,Y,8,1,65.7X100.4,,CZ0289
TIBPR1710.2,2024,6,7,140,140,QFN,4013099UT3,2/10/2024 19:00,B-A,P,TIU,NDC300E3001008K,CAN1042VDRBRQ1-ASY,20094,TIU3025P,I,2024-TIB-02-G335,FILM FRAME,Y,8,1,65.7X100.4,,CZ0289
TIBPR1710.1,2024,6,7,140,140,QFN,4013098UT3,2/10/2024 19:00,B-A,P,TIU,NDC300E3001008K,CAN1042VDRBRQ1-ASY,35100,TIU3025P,I,2024-TIB-02-G335,FILM FRAME,Y,8,1,65.7X100.4,,CZ0289
TIBPR1718.3,2024,7,7,140,140,QFN,4013215UT3,2/17/2024 19:00,B-A,P,TIU,NDC300E3001008K,CAN1042VDRBRQ1-ASY,45835,TIU3025P,I,2024-TIB-02-G421,FILM FRAME,Y,8,1,65.7X100.4,,CZ0289
TIBPR1718.2,2024,7,7,140,140,QFN,4013214UT3,2/17/2024 19:00,B-A,P,TIU,NDC300E3001008K,CAN1042VDRBRQ1-ASY,35100,TIU3025P,I,2024-TIB-02-G397,FILM FRAME,Y,8,1,65.7X100.4,,CZ0289
TIBPR1718.1,2024,7,7,140,140,QFN,4013213UT3,2/17/2024 19:00,B-A,P,TIU,NDC300E3001008K,CAN1042VDRBRQ1-ASY,35100,TIU3025P,I,2024-TIB-02-G426,FILM FRAME,Y,8,1,65.7X100.4,,CZ0289
TIBPR1963.3,2024,7,5,140,140,QFN,4014972UT3,2/15/2024 19:00,B-A,P,TIU,NDC300E3001008K,CAN1042VDRBRQ1-ASY,35100,TIU3025P,I,2024-TIB-02-G386,FILM FRAME,Y,8,1,65.7X100.4,,CZ0289
TIBPR1963.5,2024,7,5,140,140,QFN,4014974UT3,2/15/2024 19:00,B-A,P,TIU,NDC300E3001008K,CAN1042VDRBRQ1-ASY,21267,TIU3025P,I,2024-TIB-02-G386,FILM FRAME,Y,8,1,65.7X100.4,,CZ0289
TIBPR1963.4,2024,7,5,140,140,QFN,4014973UT3,2/15/2024 19:00,B-A,P,TIU,NDC300E3001008K,CAN1042VDRBRQ1-ASY,35100,TIU3025P,I,2024-TIB-02-G376,FILM FRAME,Y,8,1,65.7X100.4,,CZ0289
TIBPR1963.2,2024,7,5,140,140,QFN,4014971UT3,2/15/2024 19:00,B-A,P,TIU,NDC300E3001008K,CAN1042VDRBRQ1-ASY,35100,TIU3025P,I,2024-TIB-02-G386,FILM FRAME,Y,8,1,65.7X100.4,,CZ0289
TIBPR1963.1,2024,7,5,140,140,QFN,4014970UT3,2/15/2024 19:00,B-A,P,TIU,NDC300E3001008K,CAN1042VDRBRQ1-ASY,35100,TIU3025P,I,2024-TIB-02-G376,FILM FRAME,Y,8,1,65.7X100.4,,CZ0289
TIBPR1965.2,2024,7,6,140,140,QFN,4014980UT3,2/16/2024 19:00,B-A,P,TIU,NDC300E3001008K,CAN1042VDRBRQ1-ASY,35100,TIU3025P,I,2024-TIB-02-G397,FILM FRAME,Y,8,1,65.7X100.4,,CZ0289
TIBPR1965.4,2024,7,6,140,140,QFN,4014982UT3,2/16/2024 19:00,B-A,P,TIU,NDC300E3001008K,CAN1042VDRBRQ1-ASY,49770,TIU3025P,I,2024-TIB-02-G397,FILM FRAME,Y,8,1,65.7X100.4,,CZ0289
TIBPR1965.3,2024,7,6,140,140,QFN,4014981UT3,2/16/2024 19:00,B-A,P,TIU,NDC300E3001008K,CAN1042VDRBRQ1-ASY,35100,TIU3025P,I,2024-TIB-02-G397,FILM FRAME,Y,8,1,65.7X100.4,,CZ0289
TIBPR1965.1,2024,7,6,140,140,QFN,4014979UT3,2/16/2024 19:00,B-A,P,TIU,NDC300E3001008K,CAN1042VDRBRQ1-ASY,35100,TIU3025P,I,2024-TIB-02-G397,FILM FRAME,Y,8,1,65.7X100.4,,CZ0289
TIBPR1966.4,2024,7,7,140,140,QFN,4014986UT3,2/17/2024 19:00,B-A,P,TIU,NDC300E3001008K,CAN1042VDRBRQ1-ASY,35654,TIU3025P,I,2024-TIB-02-G426,FILM FRAME,Y,8,1,65.7X100.4,,CZ0289
TIBPR1966.3,2024,7,7,140,140,QFN,4014985UT3,2/17/2024 19:00,B-A,P,TIU,NDC300E3001008K,CAN1042VDRBRQ1-ASY,35100,TIU3025P,I,2024-TIB-02-G421,FILM FRAME,Y,8,1,65.7X100.4,,CZ0289
TIBPR1966.2,2024,7,7,140,140,QFN,4014984UT3,2/17/2024 19:00,B-A,P,TIU,NDC300E3001008K,CAN1042VDRBRQ1-ASY,35100,TIU3025P,I,2024-TIB-02-G421,FILM FRAME,Y,8,1,65.7X100.4,,CZ0289
TIBPR1966.1,2024,7,7,140,140,QFN,4014983UT3,2/17/2024 19:00,B-A,P,TIU,NDC300E3001008K,CAN1042VDRBRQ1-ASY,35100,TIU3025P,I,2024-TIB-02-G421,FILM FRAME,Y,8,1,65.7X100.4,,CZ0289
TIBPR2163.2,2024,8,6,140,140,QFN,4016945UT3,2/23/2024 19:00,B-A,P,TIU,NDC300E3001008K,CAN1042VDRBRQ1-ASY,29019,TIU3025P,I,2024-TIB-03-G072,FILM FRAME,Y,8,1,65.7X100.4,,CZ0289
TIBPR2163.1,2024,8,6,140,140,QFN,4016944UT3,2/23/2024 19:00,B-A,P,TIU,NDC300E3001008K,CAN1042VDRBRQ1-ASY,35100,TIU3025P,I,2024-TIB-03-G060,FILM FRAME,Y,8,1,65.7X100.4,,CZ0289
TIBPR1369.2,2024,5,6,140,140,QFN,4010088UT3,2/2/2024 19:00,B-A,P,TIU,NDC300E3001008K,CAN1051VDRBRQ1-ASY,42230,TIU3026P,G,2024-TIB-02-G179,FILM FRAME,Y,8,1,65.7X100.4,,CZ0289
TIBPR1369.1,2024,5,6,140,140,QFN,4010087UT3,2/2/2024 19:00,B-A,P,TIU,NDC300E3001008K,CAN1051VDRBRQ1-ASY,35100,TIU3026P,G,2024-TIB-02-G179,FILM FRAME,Y,8,1,65.7X100.4,,CZ0289
TIBPR1633.1,2024,6,5,140,140,QFN,4012203UT3,2/8/2024 19:00,B-A,P,TIU,NDC300E3001008K,CAN1051VDRBRQ1-ASY,35100,TIU3026P,G,2024-TIB-02-G284,FILM FRAME,Y,8,1,65.7X100.4,,CZ0289
TIBPR1633.2,2024,6,5,140,140,QFN,4012204UT3,2/8/2024 19:00,B-A,P,TIU,NDC300E3001008K,CAN1051VDRBRQ1-ASY,29777,TIU3026P,G,2024-TIB-02-G275,FILM FRAME,Y,8,1,65.7X100.4,,CZ0289
TIBPR1634.1,2024,6,6,140,140,QFN,4012205UT3,2/9/2024 19:00,B-A,P,TIU,NDC300E3001008K,CAN1051VDRBRQ1-ASY,35100,TIU3026P,G,2024-TIB-02-G306,FILM FRAME,Y,8,1,65.7X100.4,,CZ0289
TIBPR1634.3,2024,6,6,140,140,QFN,4012207UT3,2/9/2024 19:00,B-A,P,TIU,NDC300E3001008K,CAN1051VDRBRQ1-ASY,26729,TIU3026P,G,2024-TIB-02-G306,FILM FRAME,Y,8,1,65.7X100.4,,CZ0289
TIBPR1634.2,2024,6,6,140,140,QFN,4012206UT3,2/9/2024 19:00,B-A,P,TIU,NDC300E3001008K,CAN1051VDRBRQ1-ASY,35100,TIU3026P,G,2024-TIB-02-G306,FILM FRAME,Y,8,1,65.7X100.4,,CZ0289
TIBPR1635.1,2024,6,6,140,140,QFN,4012208UT3,2/9/2024 19:00,B-A,P,TIU,NDC300E3001008K,CAN1051VDRBRQ1-ASY,6293,TIU3026P,G,2024-TIB-02-G306,FILM FRAME,Y,8,1,65.7X100.4,,CZ0289
TIBPR1967.1,2024,7,6,140,140,QFN,4014987UT3,2/16/2024 19:00,B-A,P,TIU,NDC300E3001008K,CAN1051VDRBRQ1-ASY,6426,TIU3026P,G,2024-TIB-02-G397,FILM FRAME,Y,8,1,65.7X100.4,,CZ0289
TIBPR1968.1,2024,7,7,140,140,QFN,4014988UT3,2/17/2024 19:00,B-A,P,TIU,NDC300E3001008K,CAN1051VDRBRQ1-ASY,19237,TIU3026P,G,2024-TIB-02-G421,FILM FRAME,Y,8,1,65.7X100.4,,CZ0289
TIBPR1987.1,2024,8,1,140,140,QFN,4015440UT3,2/18/2024 19:00,B-A,P,TIU,NDC300E3001008K,CAN1051VDRBRQ1-ASY,32200,TIU3026P,G,2024-TIB-02-G397,FILM FRAME,Y,8,1,65.7X100.4,,CZ0289
TIBPR1988.1,2024,8,2,140,140,QFN,4015441UT3,2/19/2024 19:00,B-A,P,TIU,NDC300E3001008K,CAN1051VDRBRQ1-ASY,32158,TIU3026P,G,2024-TIB-03-G001,FILM FRAME,Y,8,1,65.7X100.4,,CZ0289
TIBPR1989.1,2024,8,3,140,140,QFN,4015442UT3,2/20/2024 19:00,B-A,P,TIU,NDC300E3001008K,CAN1051VDRBRQ1-ASY,32225,TIU3026P,G,2024-TIB-03-G024,FILM FRAME,Y,8,1,65.7X100.4,,CZ0289
TIBPR1388.1,2024,5,6,140,140,QFN,4010266UT3,2/2/2024 19:00,B-A,P,TIU,NDC300E3001008K,TCAN1042DRBRQ1-ASY,50960,TIU3002P,G,2024-TIB-02-G179,FILM FRAME,Y,8,1,65.7X100.4,,CZ0289
TIBPR1389.1,2024,5,6,140,140,QFN,4010267UT3,2/2/2024 19:00,B-A,P,TIU,NDC300E3001008K,TCAN1042DRBRQ1-ASY,6409,TIU3002P,G,2024-TIB-02-G179,FILM FRAME,Y,8,1,65.7X100.4,,CZ0289
TIBPR1993.1,2024,8,1,140,140,QFN,4015575UT3,2/18/2024 19:00,B-A,P,TIU,NDC300E3001008K,TCAN1042DRBRQ1-ASY,35100,TIU3002P,G,2024-TIB-02-G426,FILM FRAME,Y,8,1,65.7X100.4,,CZ0289
TIBPR1993.3,2024,8,1,140,140,QFN,4015577UT3,2/18/2024 19:00,B-A,P,TIU,NDC300E3001008K,TCAN1042DRBRQ1-ASY,35100,TIU3002P,G,2024-TIB-02-G440,FILM FRAME,Y,8,1,65.7X100.4,,CZ0289
TIBPR1993.4,2024,8,1,140,140,QFN,4015578UT3,2/18/2024 19:00,B-A,P,TIU,NDC300E3001008K,TCAN1042DRBRQ1-ASY,35100,TIU3002P,G,2024-TIB-03-G008,FILM FRAME,Y,8,1,65.7X100.4,,CZ0289
TIBPR1993.5,2024,8,1,140,140,QFN,4015579UT3,2/18/2024 19:00,B-A,P,TIU,NDC300E3001008K,TCAN1042DRBRQ1-ASY,19291,TIU3002P,G,2024-TIB-03-G008,FILM FRAME,Y,8,1,65.7X100.4,,CZ0289
TIBPR1993.2,2024,8,1,140,140,QFN,4015576UT3,2/18/2024 19:00,B-A,P,TIU,NDC300E3001008K,TCAN1042DRBRQ1-ASY,35100,TIU3002P,G,2024-TIB-02-G426,FILM FRAME,Y,8,1,65.7X100.4,,CZ0289
TIBPR1717.3,2024,7,2,140,140,QFN,4013208UT3,2/12/2024 19:00,B-A,P,TIU,NDC450E300C014K,1043HGNWFDMTRQ-ASY,20583,TIU3054P,D,2024-TIB-02-G335,FILM FRAME,Y,8,1,67X156.5,,CZ0289
TIBPR1717.1,2024,7,2,140,140,QFN,4013206UT3,2/12/2024 19:00,B-A,P,TIU,NDC450E300C014K,1043HGNWFDMTRQ-ASY,15600,TIU3054P,D,2024-TIB-02-G331,FILM FRAME,Y,8,1,67X156.5,,CZ0289
TIBPR1717.2,2024,7,2,140,140,QFN,4013207UT3,2/12/2024 19:00,B-A,P,TIU,NDC450E300C014K,1043HGNWFDMTRQ-ASY,15600,TIU3054P,D,2024-TIB-02-G331,FILM FRAME,Y,8,1,67X156.5,,CZ0289
TIBFR1664.1,2024,6,3,140,140,QFN,4012365,2/6/2024 7:30,B-A,F,TIU,NQC500E500B032P,AMC7908ERHBR-ASY,11764,TIU3482P,A,2024-TIB-02-G301,TRAY,N,12,1,134.00 X 121.2,,CZ0289
TIBIR2153.1,2024,8,4,140,140,QFN,4016883UT3,2/21/2024 19:00,B-A,I,TIU,NQC500E500B032P,AMC7908ERHBR-ASY,11852,TIU3482P,A,2024-TIB-03-G054,TRAY,N,12,1,134.00 X 121.2,,CZ0289
TIBIR2154.1,2024,8,4,140,140,QFN,4016884UT3,2/21/2024 19:00,B-A,I,TIU,NQC500E500B032P,AMC7908ERHBR-ASY,16596,TIU3482P,A,2024-TIB-03-G054,TRAY,N,12,1,134.00 X 121.2,,CZ0289
TIRER0104.1,2024,6,6,140,140,QFN,4013343,2/9/2024 19:00,B-A,E,TIU,NQC500E500B032P,AMC7908ERHBR-ASY,1816,TIU4066E,B,2024-TIR-02-G020,TRAY,N,12,1,134.00 X 121.2,,CZ0289
TIRER0129.1,2024,7,6,140,140,QFN,4015419,2/16/2024 19:00,B-A,E,TIU,NQC500E500B032P,AMC7908ERHBR-ASY,1190,TIU4066E,C,2024-TIR-02-G025,TRAY,N,12,1,134X121.2,,CZ0289
TIRER0130.1,2024,7,6,140,140,QFN,4015420,2/16/2024 19:00,B-A,E,TIU,NQC500E500B032P,AMC7908ERHBR-ASY,1186,TIU4066E,C,2024-TIR-02-G025,TRAY,N,12,1,134X121.2,,CZ0289
TIRER0132.1,2024,8,2,140,140,QFN,4016585,2/19/2024 19:00,B-A,E,TIU,NQC500E500B032P,AMC7908ERHBR-ASY,1188,TIU4066E,C,2024-TIR-02-G031,TRAY,N,12,1,134X121.2,,CZ0289
TIRER0133.1,2024,8,2,140,140,QFN,4016586,2/19/2024 19:00,B-A,E,TIU,NQC500E500B032P,AMC7908ERHBR-ASY,1187,TIU4066E,C,2024-TIR-02-G031,TRAY,N,12,1,134X121.2,,CZ0289
TIBPR2129.1,2024,8,2,140,140,QFN,4016557UT3,2/19/2024 19:00,B-A,P,TIU,TD-150E150B006P,TLV70018DSER-ASY,51771,TIU2349P,B,2024-TIB-02-G408,FILM FRAME,N,8,1,26.40 X 31.40,,CZ0141
TIBPR1427.2,2024,6,2,140,140,QFN,4010743UT3,2/5/2024 19:00,B-A,P,TIU,TD-200E200B008B,TPS61252DSGR-S-ASY,49400,TIU3133P,B,2024-TIB-02-G201,FILM FRAME,N,8,1,37.1 X 64.7,,CZ0141
TIBPR1427.3,2024,6,2,140,140,QFN,4010744UT3,2/5/2024 19:00,B-A,P,TIU,TD-200E200B008B,TPS61252DSGR-S-ASY,28034,TIU3133P,B,2024-TIB-02-G201,FILM FRAME,N,8,1,37.1 X 64.7,,CZ0141
TIBPR1427.1,2024,6,2,140,140,QFN,4010742UT3,2/5/2024 19:00,B-A,P,TIU,TD-200E200B008B,TPS61252DSGR-S-ASY,49400,TIU3133P,B,2024-TIB-02-G188,FILM FRAME,N,8,1,37.1 X 64.7,,CZ0141
TIBPR1428.1,2024,6,2,140,140,QFN,4010757UT3,2/5/2024 19:00,B-A,P,TIU,TD-200E200B008B,TPS61252DSGR-S-ASY,51310,TIU3133P,B,2024-TIB-02-G201,FILM FRAME,N,8,1,37.1 X 64.7,,CZ0141
TIBPR1429.2,2024,6,4,140,140,QFN,4010764UT3,2/7/2024 19:00,B-A,P,TIU,TD-200E200B008B,TPS61252DSGR-S-ASY,70656,TIU3133P,B,2024-TIB-02-G220,FILM FRAME,N,8,1,37.1 X 64.7,,CZ0141
TIBPR1429.1,2024,6,4,140,140,QFN,4010763UT3,2/7/2024 19:00,B-A,P,TIU,TD-200E200B008B,TPS61252DSGR-S-ASY,49400,TIU3133P,B,2024-TIB-02-G220,FILM FRAME,N,8,1,37.1 X 64.7,,CZ0141
TIBPR1430.2,2024,6,5,140,140,QFN,4010774UT3,2/8/2024 19:00,B-A,P,TIU,TD-200E200B008B,TPS61252DSGR-S-ASY,70106,TIU3133P,B,2024-TIB-02-G229,FILM FRAME,N,8,1,37.1 X 64.7,,CZ0141
TIBPR1430.1,2024,6,5,140,140,QFN,4010773UT3,2/8/2024 19:00,B-A,P,TIU,TD-200E200B008B,TPS61252DSGR-S-ASY,49400,TIU3133P,B,2024-TIB-02-G220,FILM FRAME,N,8,1,37.1 X 64.7,,CZ0141
TIBPR1722.1,2024,7,3,140,140,QFN,4013247UT3,2/13/2024 19:00,B-A,P,TIU,TD-200E200B008B,TPS61252DSGR-S-ASY,35444,TIU3133P,B,2024-TIB-02-G335,FILM FRAME,N,8,1,37.1 X 64.7,,CZ0141
TIBPR1922.1,2024,7,2,140,140,QFN,4014630UT3,2/12/2024 19:00,B-A,P,TIU,TD-200E200B008B,TPS61252DSGR-S-ASY,49400,TIU3133P,B,2024-TIB-02-G291,FILM FRAME,N,8,1,37.1 X 64.7,,CZ0141
TIBPR1922.2,2024,7,2,140,140,QFN,4014631UT3,2/12/2024 19:00,B-A,P,TIU,TD-200E200B008B,TPS61252DSGR-S-ASY,54018,TIU3133P,B,2024-TIB-02-G331,FILM FRAME,N,8,1,37.1 X 64.7,,CZ0141
TIBPR1923.1,2024,7,2,140,140,QFN,4014632UT3,2/12/2024 19:00,B-A,P,TIU,TD-200E200B008B,TPS61252DSGR-S-ASY,49400,TIU3133P,B,2024-TIB-02-G291,FILM FRAME,N,8,1,37.1 X 64.7,,CZ0141
TIBPR1923.2,2024,7,2,140,140,QFN,4014633UT3,2/12/2024 19:00,B-A,P,TIU,TD-200E200B008B,TPS61252DSGR-S-ASY,49400,TIU3133P,B,2024-TIB-02-G331,FILM FRAME,N,8,1,37.1 X 64.7,,CZ0141
TIBPR1923.3,2024,7,2,140,140,QFN,4014634UT3,2/12/2024 19:00,B-A,P,TIU,TD-200E200B008B,TPS61252DSGR-S-ASY,62819,TIU3133P,B,2024-TIB-02-G331,FILM FRAME,N,8,1,37.1 X 64.7,,CZ0141
TIBPR1971.2,2024,7,7,140,140,QFN,4015101UT3,2/17/2024 19:00,B-A,P,TIU,TD-200E200B008B,TPS61252DSGR-S-ASY,57747,TIU3133P,B,2024-TIB-02-G360,FILM FRAME,N,8,1,37.1 X 64.7,,CZ0141
TIBPR1971.1,2024,7,7,140,140,QFN,4015100UT3,2/17/2024 19:00,B-A,P,TIU,TD-200E200B008B,TPS61252DSGR-S-ASY,49400,TIU3133P,B,2024-TIB-02-G360,FILM FRAME,N,8,1,37.1 X 64.7,,CZ0141
TIBPR1984.1,2024,8,1,140,140,QFN,4015434UT3,2/18/2024 19:00,B-A,P,TIU,TD-200E200B008B,TPS61252DSGR-S-ASY,17672,TIU3133P,B,2024-TIB-02-G397,FILM FRAME,N,8,1,37.1 X 64.7,,CZ0141
TIBPR1985.2,2024,8,1,140,140,QFN,4015436UT3,2/18/2024 19:00,B-A,P,TIU,TD-200E200B008B,TPS61252DSGR-S-ASY,41440,TIU3133P,B,2024-TIB-02-G397,FILM FRAME,N,8,1,37.1 X 64.7,,CZ0141
TIBPR1985.1,2024,8,1,140,140,QFN,4015435UT3,2/18/2024 19:00,B-A,P,TIU,TD-200E200B008B,TPS61252DSGR-S-ASY,49400,TIU3133P,B,2024-TIB-02-G397,FILM FRAME,N,8,1,37.1 X 64.7,,CZ0141
TIBPR2130.1,2024,8,2,140,140,QFN,4016558UT3,2/19/2024 19:00,B-A,P,TIU,TD-200E200B008B,TPS61252DSGR-S-ASY,49400,TIU3133P,B,2024-TIB-02-G397,FILM FRAME,N,8,1,37.1 X 64.7,,CZ0141
TIBPR2130.2,2024,8,2,140,140,QFN,4016559UT3,2/19/2024 19:00,B-A,P,TIU,TD-200E200B008B,TPS61252DSGR-S-ASY,59465,TIU3133P,B,2024-TIB-02-G414,FILM FRAME,N,8,1,37.1 X 64.7,,CZ0141
TIBPR2131.2,2024,8,3,140,140,QFN,4016561UT3,2/20/2024 19:00,B-A,P,TIU,TD-200E200B008B,TPS61252DSGR-S-ASY,59566,TIU3133P,B,2024-TIB-02-G440,FILM FRAME,N,8,1,37.1 X 64.7,,CZ0141
TIBPR2131.1,2024,8,3,140,140,QFN,4016560UT3,2/20/2024 19:00,B-A,P,TIU,TD-200E200B008B,TPS61252DSGR-S-ASY,49400,TIU3133P,B,2024-TIB-02-G414,FILM FRAME,N,8,1,37.1 X 64.7,,CZ0141
TIBPR2132.1,2024,8,4,140,140,QFN,4016562UT3,2/21/2024 19:00,B-A,P,TIU,TD-200E200B008B,TPS61252DSGR-S-ASY,49400,TIU3133P,B,2024-TIB-03-G001,FILM FRAME,N,8,1,37.1 X 64.7,,CZ0141
TIBPR2132.2,2024,8,4,140,140,QFN,4016563UT3,2/21/2024 19:00,B-A,P,TIU,TD-200E200B008B,TPS61252DSGR-S-ASY,59582,TIU3133P,B,2024-TIB-02-G440,FILM FRAME,N,8,1,37.1 X 64.7,,CZ0141
TIBPR2128.1,2024,8,4,140,140,QFN,4016556UT3,2/21/2024 19:00,B-A,P,TIU,TD-200E200C006P,TPS79927DRVR-ASY,20973,TIU3075P,B,2024-TIB-03-G001,CANISTER,N,8,1,39.80 X 54.20,,CZ0141
TIBPR1422.1,2024,6,1,140,140,QFN,4010727UT3,2/4/2024 19:00,B-A,P,TIU,TD-200E200C006P,TPS7A3701DRVR-ASY,34401,TIU3076P,B,2024-TIB-02-G179,CANISTER,N,6,1,37.00 X 56.00,,CZ0141
TIBPR1423.1,2024,6,1,140,140,QFN,4010728UT3,2/4/2024 19:00,B-A,P,TIU,TD-200E200C006P,TPS7A3701DRVR-ASY,69058,TIU3076P,B,2024-TIB-02-G179,CANISTER,N,6,1,37.00 X 56.00,,CZ0141
TIBPR1424.1,2024,6,1,140,140,QFN,4010729UT3,2/4/2024 19:00,B-A,P,TIU,TD-200E200C006P,TPS7A3701DRVR-ASY,49400,TIU3076P,B,2024-TIB-02-G179,CANISTER,N,6,1,37.00 X 56.00,,CZ0141
TIBPR1424.2,2024,6,1,140,140,QFN,4010730UT3,2/4/2024 19:00,B-A,P,TIU,TD-200E200C006P,TPS7A3701DRVR-ASY,31257,TIU3076P,B,2024-TIB-02-G179,CANISTER,N,6,1,37.00 X 56.00,,CZ0141
TIBPR2165.1,2024,9,1,140,140,QFN,4017053UT3,2/25/2024 19:00,B-A,P,TIU,TD-200E200C006P,TPS7A3701DRVR-ASY,34621,TIU3076P,B,2024-TIB-03-G024,CANISTER,N,6,1,37.00 X 56.00,,CZ0141
TIBPR2166.1,2024,9,1,140,140,QFN,4017054UT3,2/25/2024 19:00,B-A,P,TIU,TD-200E200C006P,TPS7A3701DRVR-ASY,34562,TIU3076P,B,2024-TIB-03-G024,CANISTER,N,6,1,37.00 X 56.00,,CZ0141
TIBPR2167.2,2024,9,1,140,140,QFN,4017056UT3,2/25/2024 19:00,B-A,P,TIU,TD-200E200C006P,TPS7A3701DRVR-ASY,42812,TIU3076P,B,2024-TIB-03-G024,CANISTER,N,6,1,37.00 X 56.00,,CZ0141
TIBPR2167.1,2024,9,1,140,140,QFN,4017055UT3,2/25/2024 19:00,B-A,P,TIU,TD-200E200C006P,TPS7A3701DRVR-ASY,49400,TIU3076P,B,2024-TIB-03-G024,CANISTER,N,6,1,37.00 X 56.00,,CZ0141
TIBPR2168.1,2024,9,1,140,140,QFN,4017057UT3,2/25/2024 19:00,B-A,P,TIU,TD-200E200C006P,TPS7A3701DRVR-ASY,11526,TIU3076P,B,2024-TIB-03-G024,CANISTER,N,6,1,37.00 X 56.00,,CZ0141
TIBPR2169.1,2024,9,1,140,140,QFN,4017058UT3,2/25/2024 19:00,B-A,P,TIU,TD-200E200C006P,TPS7A3701DRVR-ASY,23079,TIU3076P,B,2024-TIB-03-G024,CANISTER,N,6,1,37.00 X 56.00,,CZ0141
TIBPR1969.1,2024,7,4,140,140,QFN,4015081UT3,2/14/2024 19:00,B-A,P,TIU,TD-300E2001012A,TLV3802DSSR-ASY,23762,TIU3477P,A,2024-TIB-03-G008,FILM FRAME,N,8,1,35.2X52.9,,CZ0288
TIBPR2125.1,2024,8,2,140,140,QFN,4016553UT3,2/19/2024 19:00,B-A,P,TIU,TDC200E200C006D,TPS62260DRVR-ASY,65693,TIU3468P,A,2024-TIB-02-G421,FILM FRAME,N,8,1,34.60X57.90,,CZ0141
TIBPR2126.1,2024,8,3,140,140,QFN,4016554UT3,2/20/2024 19:00,B-A,P,TIU,TDC200E200C006D,TPS62260DRVR-ASY,65625,TIU3468P,A,2024-TIB-02-G440,FILM FRAME,N,8,1,34.60X57.90,,CZ0141
TIBPR2127.1,2024,8,4,140,140,QFN,4016555UT3,2/21/2024 19:00,B-A,P,TIU,TDC200E200C006D,TPS62260DRVR-ASY,65661,TIU3468P,A,2024-TIB-03-G015,FILM FRAME,N,8,1,34.60X57.90,,CZ0141
TIBPR1431.1,2024,6,1,140,140,QFN,4010784UT3,2/4/2024 19:00,B-A,P,TIU,TDC200E200C006D,TPS62260DRVT-ASY,21909,TIU3468P,A,2024-TIB-02-G173,FILM FRAME,N,8,1,34.60X57.90,,CZ0141
TIEER0113.1,2024,7,5,140,140,QFN,4015268,2/15/2024 19:00,B-A,E,TIU,TQC500E500A040B,7W689T48VRSBR-ASY,2393,TIU3953E,C,2024-TIE-02-G040,TRAY,N,12,1,140.4X145.5,,CZ0288
TIEUR0114.1,2024,7,5,140,140,QFN,4015269,2/15/2024 19:00,B-A,U,TIU,TQC500E500A040B,7W689T48VRSBR-ASY,2250,TIU3953E,C,2024-TIE-02-G040,TRAY,N,12,1,140.4X145.5,,CZ0288
TIEER0126.1,2024,8,5,140,140,QFN,4017009,2/22/2024 19:00,B-A,E,TIU,TQC500E500A040B,SN2107070RSBR-ASY,2398,TIU3962E,F,2024-TIE-03-G009,TRAY,N,12,1,140.4X145.5,,CZ0288
TIEUR0127.1,2024,8,5,140,140,QFN,4017011,2/22/2024 19:00,B-A,U,TIU,TQC500E500A040B,SN2107070RSBR-ASY,2250,TIU3962E,F,2024-TIE-03-G008,TRAY,N,12,1,140.4X145.5,,CZ0288
TIBPR1490.1,2024,6,1,140,140,QFN,4011336,2/4/2024 19:00,B-A,P,TIU,TQC500E500A040B,TPS53689TRSBR-ASY,9274,TIU3470P,A,2024-TIB-02-G302,TRAY,N,12,1,140.4 X 145.5,,CZ0288
TIBPR1747.1,2024,7,1,140,140,QFN,4013470,2/11/2024 19:00,B-A,P,TIU,TQC500E500A040B,TPS53689TRSBR-ASY,13200,TIU3470P,A,2024-TIB-02-G348,TRAY,N,12,1,140.4 X 145.5,,CZ0288
TIBPR1747.2,2024,7,1,140,140,QFN,4013471,2/11/2024 19:00,B-A,P,TIU,TQC500E500A040B,TPS53689TRSBR-ASY,14503,TIU3470P,A,2024-TIB-02-G348,TRAY,N,12,1,140.4 X 145.5,,CZ0288
TIBPR2235.1,2024,9,2,140,140,QFN,4017497,2/26/2024 19:00,B-A,P,TIU,TQC500E500A040B,TPS53689TRSBR-ASY,4651,TIU3470P,A,2024-TIB-03-G075,TRAY,N,12,1,140.4 X 145.5,,CZ0288
TIEER0124.1,2024,8,5,140,140,QFN,4017000,2/22/2024 19:00,B-A,E,TIU,TQC500E500A040B,TPS53689TRSBR-ASY,2353,TIU3962E,F,2024-TIE-03-G009,TRAY,N,12,1,140.4X145.5,,CZ0288
TIEUR0125.1,2024,8,5,140,140,QFN,4017004,2/22/2024 19:00,B-A,U,TIU,TQC500E500A040B,TPS53689TRSBR-ASY,2350,TIU3962E,F,2024-TIE-03-G003,TRAY,N,12,1,140.4X145.5,,CZ0288
TIBPR1629.1,2024,6,3,140,140,QFN,4012198UT3,2/6/2024 19:00,B-A,P,TIU,UQ-140E180A010P,INA199A1RSWR-ASY,29171,TIU1502P,J,2024-TIB-02-G220,FILM FRAME,N,8,1,46.40X32.40,,CZ0135
TIBPR1630.1,2024,6,2,140,140,QFN,4012199UT3,2/5/2024 19:00,B-A,P,TIU,UQ-140E180A010P,INA199A1RSWR-ASY,29198,TIU1502P,J,2024-TIB-02-G201,FILM FRAME,N,8,1,46.40X32.40,,CZ0135
TIBPR1631.1,2024,6,2,140,140,QFN,4012200UT3,2/5/2024 19:00,B-A,P,TIU,UQ-140E180A010P,INA199A1RSWR-ASY,29168,TIU1502P,J,2024-TIB-02-G201,FILM FRAME,N,8,1,46.40X32.40,,CZ0135
TIBPR1370.1,2024,5,6,140,140,QFN,4010097UT3,2/2/2024 19:00,B-A,P,TIU,UQ-140E180A010P,INA214AIRSWR-ASY,29185,TIU1471P,L,2024-TIB-02-G220,FILM FRAME,N,8,1,46.40X32.40,,CZ0135
TIBPR1712.1,2024,7,1,140,140,QFN,4013167UT3,2/11/2024 19:00,B-A,P,TIU,UQ-140E180A010P,INA214AIRSWR-ASY,29177,TIU1471P,L,2024-TIB-02-G322,FILM FRAME,N,8,1,46.40X32.40,,CZ0135
TIBPR1986.1,2024,8,3,140,140,QFN,4015439UT3,2/20/2024 19:00,B-A,P,TIU,UQ-140E180A010P,INA214AIRSWR-ASY,29178,TIU1471P,L,2024-TIB-03-G001,FILM FRAME,N,8,1,46.40X32.40,,CZ0135
TIBPR1676.1,2024,6,4,140,140,QFN,4012586UT3,2/7/2024 19:00,B-A,P,TIU,UQ-180E260A016P,TS3A5018RSVR-ASY,49264,TIU1898P,D,2024-TIB-02-G257,FILM FRAME,N,8,1,45.00 X 59.00,,CZ0135
TIBPR1677.1,2024,6,4,140,140,QFN,4012587UT3,2/7/2024 19:00,B-A,P,TIU,UQ-180E260A016P,TS3A5018RSVR-ASY,32487,TIU1898P,D,2024-TIB-02-G257,FILM FRAME,N,8,1,45.00 X 59.00,,CZ0135
TIBPR1678.1,2024,6,4,140,140,QFN,4012588UT3,2/7/2024 19:00,B-A,P,TIU,UQ-180E260A016P,TS3A5018RSVR-ASY,16413,TIU1898P,D,2024-TIB-02-G257,FILM FRAME,N,8,1,45.00 X 59.00,,CZ0135
TIBPR1916.1,2024,7,4,140,140,QFN,4014441UT3,2/14/2024 19:00,B-A,P,TIU,UQ-180E260A016P,TS3A5018RSVR-ASY,32840,TIU1898P,D,2024-TIB-02-G335,FILM FRAME,N,8,1,45.00 X 59.00,,CZ0135
TIBPR1917.1,2024,7,5,140,140,QFN,4014442UT3,2/15/2024 19:00,B-A,P,TIU,UQ-180E260A016P,TS3A5018RSVR-ASY,32842,TIU1898P,D,2024-TIB-02-G343,FILM FRAME,N,8,1,45.00 X 59.00,,CZ0135
TIBPR1918.1,2024,7,6,140,140,QFN,4014443UT3,2/16/2024 19:00,B-A,P,TIU,UQ-180E260A016P,TS3A5018RSVR-ASY,16398,TIU1898P,D,2024-TIB-02-G426,FILM FRAME,N,8,1,45.00 X 59.00,,CZ0135
TIBPR1992.1,2024,8,2,140,140,QFN,4015462UT3,2/19/2024 19:00,B-A,P,TIU,UQ-180E260A016P,TS3A5018RSVR-ASY,16422,TIU1898P,D,2024-TIB-03-G001,FILM FRAME,N,8,1,45.00 X 59.00,,CZ0135
V0LPR0310.2,2024,7,6,140,140,QFN,T23Q000A.1,2/16/2024 19:00,B-A,P,VS0,UD-120E160B004P,AMSIP32431DNP3-GE4,30331,VS00036P,B,2024-V0L-02-G045,CANISTER,N,8,1,27.9 X 35.00,,CZ0297
V0LPR0310.1,2024,7,6,140,140,QFN,T23Q000A.1,2/16/2024 19:00,B-A,P,VS0,UD-120E160B004P,AMSIP32431DNP3-GE4,53820,VS00036P,B,2024-V0L-02-G045,CANISTER,N,8,1,27.9 X 35.00,,CZ0297
V0LPR0346.1,2024,9,3,140,140,QFN,T01Q005B.3,2/27/2024 19:00,B-A,P,VS0,UD-120E160B004P,AMSIP32432DNP3-GE4,42798,VS00025P,B,2024-V0L-03-G006,CANISTER,N,8,1,27.9X35.0,,CZ0297
V0LPR0306.1,2024,7,5,140,140,QFN,T45Q003.2,2/15/2024 19:00,B-A,P,VS0,UDC120E160B004P,AMSIP32408DNP1-GE4,46763,VS00031P,C,2024-V0L-02-G049,CANISTER,N,8,1,31.1X29.1,,CZ0297
V0LPR0307.1,2024,7,6,140,140,QFN,T45Q003.3,2/16/2024 19:00,B-A,P,VS0,UDC120E160B004P,AMSIP32408DNP1-GE4,47337,VS00031P,C,2024-V0L-02-G050,CANISTER,N,8,1,31.1X29.1,,CZ0297
V0LPR0209.1,2024,6,1,140,140,QFN,T19Q004B.5,2/4/2024 19:00,B-A,P,VS0,UDC120E160B004P,AMSIP32409DNP-GE4,46561,VS00031P,C,2024-V0L-02-G016,CANISTER,N,8,1,31.1X29.1,,CZ0297
V0LPR0302.1,2024,8,1,140,140,QFN,T23Q009B.1,2/18/2024 19:00,B-A,P,VS0,UDC120E160B004P,AMSIP32409DNP-GE4,47834,VS00031P,C,2024-V0L-02-G049,CANISTER,N,8,1,31.1X29.1,,CZ0297
V0LPR0303.1,2024,8,1,140,140,QFN,T23Q009B.20,2/18/2024 19:00,B-A,P,VS0,UDC120E160B004P,AMSIP32409DNP-GE4,46691,VS00031P,C,2024-V0L-02-G050,CANISTER,N,8,1,31.1X29.1,,CZ0297
V0LPR0304.1,2024,8,1,140,140,QFN,T23Q009B.21,2/18/2024 19:00,B-A,P,VS0,UDC120E160B004P,AMSIP32409DNP-GE4,48188,VS00031P,C,2024-V0L-02-G050,CANISTER,N,8,1,31.1X29.1,,CZ0297
V0LPR0305.1,2024,8,1,140,140,QFN,T23Q009B.22,2/18/2024 19:00,B-A,P,VS0,UDC120E160B004P,AMSIP32409DNP-GE4,47678,VS00031P,C,2024-V0L-02-G050,CANISTER,N,8,1,31.1X29.1,,CZ0297
V0LPR0296.1,2024,7,7,140,140,QFN,T37A007.4,2/17/2024 19:00,B-A,P,VS0,UQC140E180A010P,AMDG2723DN-J-E4,41212,VS00034P,A,2024-V0L-02-G045,CANISTER,N,8,1,36.2 X 27.5,,CZ0297
V0LPR0297.1,2024,7,7,140,140,QFN,T37A007.22,2/17/2024 19:00,B-A,P,VS0,UQC140E180A010P,AMDG2723DN-J-E4,41667,VS00034P,A,2024-V0L-02-G045,CANISTER,N,8,1,36.2 X 27.5,,CZ0297
V0LPR0298.1,2024,7,7,140,140,QFN,T37A007.7,2/17/2024 19:00,B-A,P,VS0,UQC140E180A010P,AMDG2723DN-J-E4,41417,VS00034P,A,2024-V0L-02-G048,CANISTER,N,8,1,36.2 X 27.5,,CZ0297
V0LPR0299.1,2024,7,7,140,140,QFN,T37A007.8,2/17/2024 19:00,B-A,P,VS0,UQC140E180A010P,AMDG2723DN-J-E4,42448,VS00034P,A,2024-V0L-02-G048,CANISTER,N,8,1,36.2 X 27.5,,CZ0297
V0LPR0300.1,2024,7,7,140,140,QFN,T37A007.10,2/17/2024 19:00,B-A,P,VS0,UQC140E180A010P,AMDG2723DN-J-E4,41261,VS00034P,A,2024-V0L-02-G048,CANISTER,N,8,1,36.2 X 27.5,,CZ0297
V0LPR0301.1,2024,7,7,140,140,QFN,T37A007.9,2/17/2024 19:00,B-A,P,VS0,UQC140E180A010P,AMDG2723DN-J-E4,41535,VS00034P,A,2024-V0L-02-G048,CANISTER,N,8,1,36.2 X 27.5,,CZ0297
V0LPR0154.1,2024,5,6,140,140,QFN,T32A008.5,2/2/2024 19:00,B-A,P,VS0,UQC140E180A010P,AMDG2730DN-J-GE4,43290,VS00034P,A,2024-V0L-02-G011,CANISTER,N,8,1,36.2 X 27.5,,CZ0297
V0LPR0155.1,2024,5,6,140,140,QFN,T32A008.6,2/2/2024 19:00,B-A,P,VS0,UQC140E180A010P,AMDG2730DN-J-GE4,43299,VS00034P,A,2024-V0L-02-G011,CANISTER,N,8,1,36.2 X 27.5,,CZ0297
V0LPR0156.1,2024,5,6,140,140,QFN,T32A008.7,2/2/2024 19:00,B-A,P,VS0,UQC140E180A010P,AMDG2730DN-J-GE4,43255,VS00034P,A,2024-V0L-02-G011,CANISTER,N,8,1,36.2 X 27.5,,CZ0297
V0LPR0157.1,2024,5,7,140,140,QFN,T32A008.8,2/3/2024 19:00,B-A,P,VS0,UQC140E180A010P,AMDG2730DN-J-GE4,43287,VS00034P,A,2024-V0L-02-G014,CANISTER,N,8,1,36.2 X 27.5,,CZ0297
V0LPR0158.1,2024,5,7,140,140,QFN,T32A008.9,2/3/2024 19:00,B-A,P,VS0,UQC140E180A010P,AMDG2730DN-J-GE4,43301,VS00034P,A,2024-V0L-02-G013,CANISTER,N,8,1,36.2 X 27.5,,CZ0297
V0LPR0159.1,2024,5,7,140,140,QFN,T32A008.10,2/3/2024 19:00,B-A,P,VS0,UQC140E180A010P,AMDG2730DN-J-GE4,43301,VS00034P,A,2024-V0L-02-G012,CANISTER,N,8,1,36.2 X 27.5,,CZ0297
V0LPR0162.1,2024,5,6,140,140,QFN,T32A008.11,2/2/2024 19:00,B-A,P,VS0,UQC140E180A010P,AMDG2730DN-J-GE4,43301,VS00034P,A,2024-V0L-02-G009,CANISTER,N,8,1,36.2 X 27.5,,CZ0297
V0LPR0163.1,2024,5,7,140,140,QFN,T32A008.12,2/3/2024 19:00,B-A,P,VS0,UQC140E180A010P,AMDG2730DN-J-GE4,43138,VS00034P,A,2024-V0L-02-G013,CANISTER,N,8,1,36.2 X 27.5,,CZ0297
V0LPR0164.1,2024,5,7,140,140,QFN,T32A008.13,2/3/2024 19:00,B-A,P,VS0,UQC140E180A010P,AMDG2730DN-J-GE4,42958,VS00034P,A,2024-V0L-02-G015,CANISTER,N,8,1,36.2 X 27.5,,CZ0297
V0LPR0165.1,2024,5,7,140,140,QFN,T32A008.14,2/3/2024 19:00,B-A,P,VS0,UQC140E180A010P,AMDG2730DN-J-GE4,43146,VS00034P,A,2024-V0L-02-G014,CANISTER,N,8,1,36.2 X 27.5,,CZ0297
V0LPR0166.1,2024,5,7,140,140,QFN,T32A008.15,2/3/2024 19:00,B-A,P,VS0,UQC140E180A010P,AMDG2730DN-J-GE4,43301,VS00034P,A,2024-V0L-02-G012,CANISTER,N,8,1,36.2 X 27.5,,CZ0297
V0LPR0167.1,2024,5,7,140,140,QFN,T32A008.16,2/3/2024 19:00,B-A,P,VS0,UQC140E180A010P,AMDG2730DN-J-GE4,43301,VS00034P,A,2024-V0L-02-G015,CANISTER,N,8,1,36.2 X 27.5,,CZ0297
V0LPR0168.1,2024,5,7,140,140,QFN,T32A008.17,2/3/2024 19:00,B-A,P,VS0,UQC140E180A010P,AMDG2730DN-J-GE4,43301,VS00034P,A,2024-V0L-02-G013,CANISTER,N,8,1,36.2 X 27.5,,CZ0297
V0LPR0171.1,2024,6,2,140,140,QFN,T32A008.19,2/5/2024 19:00,B-A,P,VS0,UQC140E180A010P,AMDG2730DN-J-GE4,43300,VS00034P,A,2024-V0L-02-G016,CANISTER,N,8,1,36.2 X 27.5,,CZ0297
V0LPR0172.1,2024,6,2,140,140,QFN,T32A008.20,2/5/2024 19:00,B-A,P,VS0,UQC140E180A010P,AMDG2730DN-J-GE4,43301,VS00034P,A,2024-V0L-02-G016,CANISTER,N,8,1,36.2 X 27.5,,CZ0297
V0LPR0173.1,2024,6,3,140,140,QFN,T32A008.21,2/6/2024 19:00,B-A,P,VS0,UQC140E180A010P,AMDG2730DN-J-GE4,43301,VS00034P,A,2024-V0L-02-G016,CANISTER,N,8,1,36.2 X 27.5,,CZ0297
V0LPR0174.1,2024,6,3,140,140,QFN,T32A008.22,2/6/2024 19:00,B-A,P,VS0,UQC140E180A010P,AMDG2730DN-J-GE4,43301,VS00034P,A,2024-V0L-02-G016,CANISTER,N,8,1,36.2 X 27.5,,CZ0297
V0LPR0175.1,2024,6,4,140,140,QFN,T32A008.23,2/7/2024 19:00,B-A,P,VS0,UQC140E180A010P,AMDG2730DN-J-GE4,43301,VS00034P,A,2024-V0L-02-G018,CANISTER,N,8,1,36.2 X 27.5,,CZ0297
V0LPR0176.1,2024,6,4,140,140,QFN,T32A008.24,2/7/2024 19:00,B-A,P,VS0,UQC140E180A010P,AMDG2730DN-J-GE4,43301,VS00034P,A,2024-V0L-02-G018,CANISTER,N,8,1,36.2 X 27.5,,CZ0297
V0LPR0177.1,2024,6,5,140,140,QFN,T32A008.25,2/8/2024 19:00,B-A,P,VS0,UQC140E180A010P,AMDG2730DN-J-GE4,43301,VS00034P,A,2024-V0L-02-G021,CANISTER,N,8,1,36.2 X 27.5,,CZ0297
V0LPR0189.1,2024,6,1,140,140,QFN,T32A009.2,2/4/2024 19:00,B-A,P,VS0,UQC140E180A010P,AMDG2730DN-J-GE4,43301,VS00034P,A,2024-V0L-02-G012,CANISTER,N,8,1,36.2 X 27.5,,CZ0297
V0LPR0190.1,2024,6,1,140,140,QFN,T32A009.4,2/4/2024 19:00,B-A,P,VS0,UQC140E180A010P,AMDG2730DN-J-GE4,43290,VS00034P,A,2024-V0L-02-G014,CANISTER,N,8,1,36.2 X 27.5,,CZ0297
V0LPR0191.1,2024,6,2,140,140,QFN,T32A009.5,2/5/2024 19:00,B-A,P,VS0,UQC140E180A010P,AMDG2730DN-J-GE4,43297,VS00034P,A,2024-V0L-02-G015,CANISTER,N,8,1,36.2 X 27.5,,CZ0297
V0LPR0192.1,2024,6,2,140,140,QFN,T32A009.6,2/5/2024 19:00,B-A,P,VS0,UQC140E180A010P,AMDG2730DN-J-GE4,43301,VS00034P,A,2024-V0L-02-G015,CANISTER,N,8,1,36.2 X 27.5,,CZ0297
V0LPR0193.1,2024,6,3,140,140,QFN,T32A009.7,2/6/2024 19:00,B-A,P,VS0,UQC140E180A010P,AMDG2730DN-J-GE4,43301,VS00034P,A,2024-V0L-02-G016,CANISTER,N,8,1,36.2 X 27.5,,CZ0297
V0LPR0194.1,2024,6,3,140,140,QFN,T32A009.8,2/6/2024 19:00,B-A,P,VS0,UQC140E180A010P,AMDG2730DN-J-GE4,43301,VS00034P,A,2024-V0L-02-G016,CANISTER,N,8,1,36.2 X 27.5,,CZ0297
V0LPR0195.1,2024,6,4,140,140,QFN,T32A009.9,2/7/2024 19:00,B-A,P,VS0,UQC140E180A010P,AMDG2730DN-J-GE4,43229,VS00034P,A,2024-V0L-02-G018,CANISTER,N,8,1,36.2 X 27.5,,CZ0297
V0LPR0196.1,2024,6,4,140,140,QFN,T32A009.10,2/7/2024 19:00,B-A,P,VS0,UQC140E180A010P,AMDG2730DN-J-GE4,43297,VS00034P,A,2024-V0L-02-G018,CANISTER,N,8,1,36.2 X 27.5,,CZ0297
V0LPR0197.1,2024,6,5,140,140,QFN,T32A009.3,2/8/2024 19:00,B-A,P,VS0,UQC140E180A010P,AMDG2730DN-J-GE4,43299,VS00034P,A,2024-V0L-02-G021,CANISTER,N,8,1,36.2 X 27.5,,CZ0297
V0LPR0198.1,2024,6,5,140,140,QFN,T32A009.18,2/8/2024 19:00,B-A,P,VS0,UQC140E180A010P,AMDG2730DN-J-GE4,43298,VS00034P,A,2024-V0L-02-G021,CANISTER,N,8,1,36.2 X 27.5,,CZ0297
V0LPR0199.1,2024,6,5,140,140,QFN,T32A009.23,2/8/2024 19:00,B-A,P,VS0,UQC140E180A010P,AMDG2730DN-J-GE4,43301,VS00034P,A,2024-V0L-02-G018,CANISTER,N,8,1,36.2 X 27.5,,CZ0297
V0LPR0200.1,2024,6,6,140,140,QFN,T32A009.24,2/9/2024 19:00,B-A,P,VS0,UQC140E180A010P,AMDG2730DN-J-GE4,43301,VS00034P,A,2024-V0L-02-G021,CANISTER,N,8,1,36.2 X 27.5,,CZ0297
V0LPR0201.1,2024,6,6,140,140,QFN,T32A009.19,2/9/2024 19:00,B-A,P,VS0,UQC140E180A010P,AMDG2730DN-J-GE4,43301,VS00034P,A,2024-V0L-02-G024,CANISTER,N,8,1,36.2 X 27.5,,CZ0297
V0LPR0202.1,2024,6,6,140,140,QFN,T32A009.20,2/9/2024 19:00,B-A,P,VS0,UQC140E180A010P,AMDG2730DN-J-GE4,43301,VS00034P,A,2024-V0L-02-G021,CANISTER,N,8,1,36.2 X 27.5,,CZ0297
V0LPR0203.1,2024,6,7,140,140,QFN,T32A009.21,2/10/2024 19:00,B-A,P,VS0,UQC140E180A010P,AMDG2730DN-J-GE4,43279,VS00034P,A,2024-V0L-02-G021,CANISTER,N,8,1,36.2 X 27.5,,CZ0297
V0LPR0204.1,2024,6,7,140,140,QFN,T32A009.22,2/10/2024 19:00,B-A,P,VS0,UQC140E180A010P,AMDG2730DN-J-GE4,43297,VS00034P,A,2024-V0L-02-G021,CANISTER,N,8,1,36.2 X 27.5,,CZ0297
V0LPR0227.1,2024,6,1,140,140,QFN,T37A014.2,2/4/2024 19:00,B-A,P,VS0,UQC140E180A010P,AMDG2730DN-J-GE4,43301,VS00034P,A,2024-V0L-02-G014,CANISTER,N,8,1,36.2 X 27.5,,CZ0297
V0LPR0228.1,2024,6,1,140,140,QFN,T37A014.4,2/4/2024 19:00,B-A,P,VS0,UQC140E180A010P,AMDG2730DN-J-GE4,43250,VS00034P,A,2024-V0L-02-G013,CANISTER,N,8,1,36.2 X 27.5,,CZ0297
V0LPR0229.1,2024,6,1,140,140,QFN,T37A014.5,2/4/2024 19:00,B-A,P,VS0,UQC140E180A010P,AMDG2730DN-J-GE4,43301,VS00034P,A,2024-V0L-02-G014,CANISTER,N,8,1,36.2 X 27.5,,CZ0297
V0LPR0230.1,2024,6,1,140,140,QFN,T37A014.6,2/4/2024 19:00,B-A,P,VS0,UQC140E180A010P,AMDG2730DN-J-GE4,43301,VS00034P,A,2024-V0L-02-G013,CANISTER,N,8,1,36.2 X 27.5,,CZ0297
V0LPR0231.1,2024,6,2,140,140,QFN,T37A014.7,2/5/2024 19:00,B-A,P,VS0,UQC140E180A010P,AMDG2730DN-J-GE4,43301,VS00034P,A,2024-V0L-02-G015,CANISTER,N,8,1,36.2 X 27.5,,CZ0297
V0LPR0232.1,2024,6,2,140,140,QFN,T37A014.8,2/5/2024 19:00,B-A,P,VS0,UQC140E180A010P,AMDG2730DN-J-GE4,43256,VS00034P,A,2024-V0L-02-G015,CANISTER,N,8,1,36.2 X 27.5,,CZ0297
V0LPR0233.1,2024,6,2,140,140,QFN,T37A014.9,2/5/2024 19:00,B-A,P,VS0,UQC140E180A010P,AMDG2730DN-J-GE4,43266,VS00034P,A,2024-V0L-02-G015,CANISTER,N,8,1,36.2 X 27.5,,CZ0297
V0LPR0234.1,2024,6,3,140,140,QFN,T37A014.10,2/6/2024 19:00,B-A,P,VS0,UQC140E180A010P,AMDG2730DN-J-GE4,43301,VS00034P,A,2024-V0L-02-G016,CANISTER,N,8,1,36.2 X 27.5,,CZ0297
V0LPR0238.1,2024,6,3,140,140,QFN,T37A014.3,2/6/2024 19:00,B-A,P,VS0,UQC140E180A010P,AMDG2730DN-J-GE4,43301,VS00034P,A,2024-V0L-02-G016,CANISTER,N,8,1,36.2 X 27.5,,CZ0297
V0LPR0239.1,2024,6,3,140,140,QFN,T37A014.11,2/6/2024 19:00,B-A,P,VS0,UQC140E180A010P,AMDG2730DN-J-GE4,42774,VS00034P,A,2024-V0L-02-G016,CANISTER,N,8,1,36.2 X 27.5,,CZ0297
V0LPR0240.1,2024,6,4,140,140,QFN,T37A014.12,2/7/2024 19:00,B-A,P,VS0,UQC140E180A010P,AMDG2730DN-J-GE4,43130,VS00034P,A,2024-V0L-02-G018,CANISTER,N,8,1,36.2 X 27.5,,CZ0297
V0LPR0241.1,2024,6,4,140,140,QFN,T37A014.13,2/7/2024 19:00,B-A,P,VS0,UQC140E180A010P,AMDG2730DN-J-GE4,43301,VS00034P,A,2024-V0L-02-G018,CANISTER,N,8,1,36.2 X 27.5,,CZ0297
V0LPR0242.1,2024,6,4,140,140,QFN,T37A014.14,2/7/2024 19:00,B-A,P,VS0,UQC140E180A010P,AMDG2730DN-J-GE4,43281,VS00034P,A,2024-V0L-02-G018,CANISTER,N,8,1,36.2 X 27.5,,CZ0297
V0LPR0243.1,2024,6,5,140,140,QFN,T37A014.15,2/8/2024 19:00,B-A,P,VS0,UQC140E180A010P,AMDG2730DN-J-GE4,43288,VS00034P,A,2024-V0L-02-G018,CANISTER,N,8,1,36.2 X 27.5,,CZ0297
V0LPR0244.1,2024,6,5,140,140,QFN,T37A014.16,2/8/2024 19:00,B-A,P,VS0,UQC140E180A010P,AMDG2730DN-J-GE4,43300,VS00034P,A,2024-V0L-02-G021,CANISTER,N,8,1,36.2 X 27.5,,CZ0297
V0LPR0245.1,2024,6,5,140,140,QFN,T37A014.17,2/8/2024 19:00,B-A,P,VS0,UQC140E180A010P,AMDG2730DN-J-GE4,43285,VS00034P,A,2024-V0L-02-G018,CANISTER,N,8,1,36.2 X 27.5,,CZ0297
V0LPR0253.1,2024,6,6,140,140,QFN,T37A014.1,2/9/2024 19:00,B-A,P,VS0,UQC140E180A010P,AMDG2730DN-J-GE4,43100,VS00034P,A,2024-V0L-02-G024,CANISTER,N,8,1,36.2 X 27.5,,CZ0297
V0LPR0254.1,2024,6,6,140,140,QFN,T37A014.18,2/9/2024 19:00,B-A,P,VS0,UQC140E180A010P,AMDG2730DN-J-GE4,43301,VS00034P,A,2024-V0L-02-G024,CANISTER,N,8,1,36.2 X 27.5,,CZ0297
V0LPR0255.1,2024,6,6,140,140,QFN,T37A014.19,2/9/2024 19:00,B-A,P,VS0,UQC140E180A010P,AMDG2730DN-J-GE4,43296,VS00034P,A,2024-V0L-02-G024,CANISTER,N,8,1,36.2 X 27.5,,CZ0297
V0LPR0256.1,2024,6,6,140,140,QFN,T37A014.20,2/9/2024 19:00,B-A,P,VS0,UQC140E180A010P,AMDG2730DN-J-GE4,43301,VS00034P,A,2024-V0L-02-G033,CANISTER,N,8,1,36.2 X 27.5,,CZ0297
V0LPR0257.1,2024,6,7,140,140,QFN,T37A014.21,2/10/2024 19:00,B-A,P,VS0,UQC140E180A010P,AMDG2730DN-J-GE4,43287,VS00034P,A,2024-V0L-02-G028,CANISTER,N,8,1,36.2 X 27.5,,CZ0297
V0LPR0258.1,2024,6,7,140,140,QFN,T37A014.22,2/10/2024 19:00,B-A,P,VS0,UQC140E180A010P,AMDG2730DN-J-GE4,43301,VS00034P,A,2024-V0L-02-G033,CANISTER,N,8,1,36.2 X 27.5,,CZ0297
V0LPR0259.1,2024,6,7,140,140,QFN,T37A014.23,2/10/2024 19:00,B-A,P,VS0,UQC140E180A010P,AMDG2730DN-J-GE4,43237,VS00034P,A,2024-V0L-02-G028,CANISTER,N,8,1,36.2 X 27.5,,CZ0297
V0LPR0260.1,2024,6,7,140,140,QFN,T37A014.24,2/10/2024 19:00,B-A,P,VS0,UQC140E180A010P,AMDG2730DN-J-GE4,43301,VS00034P,A,2024-V0L-02-G033,CANISTER,N,8,1,36.2 X 27.5,,CZ0297
V0LPR0261.1,2024,6,7,140,140,QFN,T37A014.25,2/10/2024 19:00,B-A,P,VS0,UQC140E180A010P,AMDG2730DN-J-GE4,43301,VS00034P,A,2024-V0L-02-G033,CANISTER,N,8,1,36.2 X 27.5,,CZ0297
V0LPR0262.1,2024,7,1,140,140,QFN,T39A003.4,2/11/2024 19:00,B-A,P,VS0,UQC140E180A010P,AMDG2730DN-J-GE4,43301,VS00034P,A,2024-V0L-02-G033,CANISTER,N,8,1,36.2 X 27.5,,CZ0297
V0LPR0263.1,2024,7,1,140,140,QFN,T39A003.6,2/11/2024 19:00,B-A,P,VS0,UQC140E180A010P,AMDG2730DN-J-GE4,43212,VS00034P,A,2024-V0L-02-G033,CANISTER,N,8,1,36.2 X 27.5,,CZ0297
V0LPR0264.1,2024,7,1,140,140,QFN,T39A003.7,2/11/2024 19:00,B-A,P,VS0,UQC140E180A010P,AMDG2730DN-J-GE4,43268,VS00034P,A,2024-V0L-02-G035,CANISTER,N,8,1,36.2 X 27.5,,CZ0297
V0LPR0265.1,2024,7,1,140,140,QFN,T39A003.8,2/11/2024 19:00,B-A,P,VS0,UQC140E180A010P,AMDG2730DN-J-GE4,43193,VS00034P,A,2024-V0L-02-G035,CANISTER,N,8,1,36.2 X 27.5,,CZ0297
V0LPR0267.1,2024,7,2,140,140,QFN,T37A013.2,2/12/2024 19:00,B-A,P,VS0,UQC140E180A010P,AMDG2730DN-J-GE4,43277,VS00034P,A,2024-V0L-02-G035,CANISTER,N,8,1,36.2 X 27.5,,CZ0297
V0LPR0268.1,2024,7,2,140,140,QFN,T37A013.4,2/12/2024 19:00,B-A,P,VS0,UQC140E180A010P,AMDG2730DN-J-GE4,43297,VS00034P,A,2024-V0L-02-G037,CANISTER,N,8,1,36.2 X 27.5,,CZ0297
V0LPR0269.1,2024,7,2,140,140,QFN,T37A013.5,2/12/2024 19:00,B-A,P,VS0,UQC140E180A010P,AMDG2730DN-J-GE4,43243,VS00034P,A,2024-V0L-02-G037,CANISTER,N,8,1,36.2 X 27.5,,CZ0297
V0LPR0270.1,2024,7,2,140,140,QFN,T37A013.6,2/12/2024 19:00,B-A,P,VS0,UQC140E180A010P,AMDG2730DN-J-GE4,43298,VS00034P,A,2024-V0L-02-G039,CANISTER,N,8,1,36.2 X 27.5,,CZ0297
V0LPR0271.1,2024,7,2,140,140,QFN,T37A013.7,2/12/2024 19:00,B-A,P,VS0,UQC140E180A010P,AMDG2730DN-J-GE4,43284,VS00034P,A,2024-V0L-02-G039,CANISTER,N,8,1,36.2 X 27.5,,CZ0297
V0LPR0272.1,2024,7,3,140,140,QFN,T37A013.8,2/13/2024 19:00,B-A,P,VS0,UQC140E180A010P,AMDG2730DN-J-GE4,43301,VS00034P,A,2024-V0L-02-G039,CANISTER,N,8,1,36.2 X 27.5,,CZ0297
V0LPR0273.1,2024,7,3,140,140,QFN,T37A013.9,2/13/2024 19:00,B-A,P,VS0,UQC140E180A010P,AMDG2730DN-J-GE4,43301,VS00034P,A,2024-V0L-02-G042,CANISTER,N,8,1,36.2 X 27.5,,CZ0297
V0LPR0274.1,2024,7,3,140,140,QFN,T37A013.10,2/13/2024 19:00,B-A,P,VS0,UQC140E180A010P,AMDG2730DN-J-GE4,43293,VS00034P,A,2024-V0L-02-G039,CANISTER,N,8,1,36.2 X 27.5,,CZ0297
V0LPR0275.1,2024,7,3,140,140,QFN,T37A013.3,2/13/2024 19:00,B-A,P,VS0,UQC140E180A010P,AMDG2730DN-J-GE4,43284,VS00034P,A,2024-V0L-02-G042,CANISTER,N,8,1,36.2 X 27.5,,CZ0297
V0LPR0276.1,2024,7,3,140,140,QFN,T37A013.11,2/13/2024 19:00,B-A,P,VS0,UQC140E180A010P,AMDG2730DN-J-GE4,42974,VS00034P,A,2024-V0L-02-G042,CANISTER,N,8,1,36.2 X 27.5,,CZ0297
V0LPR0277.1,2024,7,4,140,140,QFN,T37A013.12,2/14/2024 19:00,B-A,P,VS0,UQC140E180A010P,AMDG2730DN-J-GE4,43165,VS00034P,A,2024-V0L-02-G042,CANISTER,N,8,1,36.2 X 27.5,,CZ0297
V0LPR0278.1,2024,7,4,140,140,QFN,T37A013.13,2/14/2024 19:00,B-A,P,VS0,UQC140E180A010P,AMDG2730DN-J-GE4,43297,VS00034P,A,2024-V0L-02-G042,CANISTER,N,8,1,36.2 X 27.5,,CZ0297
V0LPR0279.1,2024,7,4,140,140,QFN,T37A013.14,2/14/2024 19:00,B-A,P,VS0,UQC140E180A010P,AMDG2730DN-J-GE4,43125,VS00034P,A,2024-V0L-02-G042,CANISTER,N,8,1,36.2 X 27.5,,CZ0297
V0LPR0280.1,2024,7,4,140,140,QFN,T37A013.15,2/14/2024 19:00,B-A,P,VS0,UQC140E180A010P,AMDG2730DN-J-GE4,43296,VS00034P,A,2024-V0L-02-G042,CANISTER,N,8,1,36.2 X 27.5,,CZ0297
V0LPR0281.1,2024,7,4,140,140,QFN,T37A013.16,2/14/2024 19:00,B-A,P,VS0,UQC140E180A010P,AMDG2730DN-J-GE4,43155,VS00034P,A,2024-V0L-02-G042,CANISTER,N,8,1,36.2 X 27.5,,CZ0297
V0LPR0282.1,2024,7,5,140,140,QFN,T37A013.17,2/15/2024 19:00,B-A,P,VS0,UQC140E180A010P,AMDG2730DN-J-GE4,43275,VS00034P,A,2024-V0L-02-G046,CANISTER,N,8,1,36.2 X 27.5,,CZ0297
V0LPR0284.1,2024,7,5,140,140,QFN,T37A013.1,2/15/2024 19:00,B-A,P,VS0,UQC140E180A010P,AMDG2730DN-J-GE4,43276,VS00034P,A,2024-V0L-02-G044,CANISTER,N,8,1,36.2 X 27.5,,CZ0297
V0LPR0285.1,2024,7,5,140,140,QFN,T37A013.18,2/15/2024 19:00,B-A,P,VS0,UQC140E180A010P,AMDG2730DN-J-GE4,43301,VS00034P,A,2024-V0L-02-G045,CANISTER,N,8,1,36.2 X 27.5,,CZ0297
V0LPR0286.1,2024,7,5,140,140,QFN,T37A013.19,2/15/2024 19:00,B-A,P,VS0,UQC140E180A010P,AMDG2730DN-J-GE4,43298,VS00034P,A,2024-V0L-02-G045,CANISTER,N,8,1,36.2 X 27.5,,CZ0297
V0LPR0287.1,2024,7,5,140,140,QFN,T37A013.20,2/15/2024 19:00,B-A,P,VS0,UQC140E180A010P,AMDG2730DN-J-GE4,43280,VS00034P,A,2024-V0L-02-G044,CANISTER,N,8,1,36.2 X 27.5,,CZ0297
V0LPR0288.1,2024,7,6,140,140,QFN,T37A013.21,2/16/2024 19:00,B-A,P,VS0,UQC140E180A010P,AMDG2730DN-J-GE4,43252,VS00034P,A,2024-V0L-02-G046,CANISTER,N,8,1,36.2 X 27.5,,CZ0297
V0LPR0289.1,2024,7,6,140,140,QFN,T37A013.22,2/16/2024 19:00,B-A,P,VS0,UQC140E180A010P,AMDG2730DN-J-GE4,43298,VS00034P,A,2024-V0L-02-G045,CANISTER,N,8,1,36.2 X 27.5,,CZ0297
V0LPR0290.1,2024,7,6,140,140,QFN,T37A013.23,2/16/2024 19:00,B-A,P,VS0,UQC140E180A010P,AMDG2730DN-J-GE4,43301,VS00034P,A,2024-V0L-02-G045,CANISTER,N,8,1,36.2 X 27.5,,CZ0297
V0LPR0291.1,2024,7,6,140,140,QFN,T37A013.24,2/16/2024 19:00,B-A,P,VS0,UQC140E180A010P,AMDG2730DN-J-GE4,43299,VS00034P,A,2024-V0L-02-G045,CANISTER,N,8,1,36.2 X 27.5,,CZ0297
V0LPR0314.1,2024,8,4,140,140,QFN,T39A003.25,2/21/2024 19:00,B-A,P,VS0,UQC140E180A010P,AMDG2730DN-J-GE4,43301,VS00034P,A,2024-V0L-02-G052,CANISTER,N,8,1,36.2 X 27.5,,CZ0297
V0LPR0315.1,2024,8,4,140,140,QFN,T39A005.2,2/21/2024 19:00,B-A,P,VS0,UQC140E180A010P,AMDG2730DN-J-GE4,43301,VS00034P,A,2024-V0L-02-G051,CANISTER,N,8,1,36.2 X 27.5,,CZ0297
V0LPR0316.1,2024,8,4,140,140,QFN,T39A005.4,2/21/2024 19:00,B-A,P,VS0,UQC140E180A010P,AMDG2730DN-J-GE4,43301,VS00034P,A,2024-V0L-02-G051,CANISTER,N,8,1,36.2 X 27.5,,CZ0297
V0LPR0317.1,2024,8,4,140,140,QFN,T39A005.5,2/21/2024 19:00,B-A,P,VS0,UQC140E180A010P,AMDG2730DN-J-GE4,43292,VS00034P,A,2024-V0L-02-G051,CANISTER,N,8,1,36.2 X 27.5,,CZ0297
V0LPR0318.1,2024,8,4,140,140,QFN,T39A005.6,2/21/2024 19:00,B-A,P,VS0,UQC140E180A010P,AMDG2730DN-J-GE4,43031,VS00034P,A,2024-V0L-02-G051,CANISTER,N,8,1,36.2 X 27.5,,CZ0297
V0LPR0319.1,2024,8,4,140,140,QFN,T39A005.7,2/21/2024 19:00,B-A,P,VS0,UQC140E180A010P,AMDG2730DN-J-GE4,43289,VS00034P,A,2024-V0L-02-G053,CANISTER,N,8,1,36.2 X 27.5,,CZ0297
V0LPR0320.1,2024,8,4,140,140,QFN,T39A005.8,2/21/2024 19:00,B-A,P,VS0,UQC140E180A010P,AMDG2730DN-J-GE4,43195,VS00034P,A,2024-V0L-02-G053,CANISTER,N,8,1,36.2 X 27.5,,CZ0297
V0LPR0321.1,2024,9,1,140,140,QFN,T39A005.9,2/25/2024 19:00,B-A,P,VS0,UQC140E180A010P,AMDG2730DN-J-GE4,43076,VS00034P,A,2024-V0L-02-G054,CANISTER,N,8,1,36.2 X 27.5,,CZ0297
V0LPR0322.1,2024,9,1,140,140,QFN,T39A005.10,2/25/2024 19:00,B-A,P,VS0,UQC140E180A010P,AMDG2730DN-J-GE4,42706,VS00034P,A,2024-V0L-02-G055,CANISTER,N,8,1,36.2 X 27.5,,CZ0297
V0LPR0323.1,2024,8,5,140,140,QFN,T37A018.5,2/22/2024 19:00,B-A,P,VS0,UQC140E180A010P,AMDG2730DN-J-GE4,43286,VS00034P,A,2024-V0L-02-G054,CANISTER,N,8,1,36.2 X 27.5,,CZ0297
V0LPR0324.1,2024,8,5,140,140,QFN,T37A018.20,2/22/2024 19:00,B-A,P,VS0,UQC140E180A010P,AMDG2730DN-J-GE4,43102,VS00034P,A,2024-V0L-02-G054,CANISTER,N,8,1,36.2 X 27.5,,CZ0297
V0LPR0325.1,2024,8,5,140,140,QFN,T37A018.21,2/22/2024 19:00,B-A,P,VS0,UQC140E180A010P,AMDG2730DN-J-GE4,43078,VS00034P,A,2024-V0L-02-G054,CANISTER,N,8,1,36.2 X 27.5,,CZ0297
V0LPR0326.1,2024,8,5,140,140,QFN,T37A018.22,2/22/2024 19:00,B-A,P,VS0,UQC140E180A010P,AMDG2730DN-J-GE4,43285,VS00034P,A,2024-V0L-02-G054,CANISTER,N,8,1,36.2 X 27.5,,CZ0297
V0LPR0327.1,2024,8,5,140,140,QFN,T37A018.23,2/22/2024 19:00,B-A,P,VS0,UQC140E180A010P,AMDG2730DN-J-GE4,43252,VS00034P,A,2024-V0L-02-G054,CANISTER,N,8,1,36.2 X 27.5,,CZ0297
V0LPR0328.1,2024,8,6,140,140,QFN,T37A018.24,2/23/2024 19:00,B-A,P,VS0,UQC140E180A010P,AMDG2730DN-J-GE4,43143,VS00034P,A,2024-V0L-02-G055,CANISTER,N,8,1,36.2 X 27.5,,CZ0297
V0LPR0329.1,2024,8,6,140,140,QFN,T37A018.25,2/23/2024 19:00,B-A,P,VS0,UQC140E180A010P,AMDG2730DN-J-GE4,43280,VS00034P,A,2024-V0L-02-G055,CANISTER,N,8,1,36.2 X 27.5,,CZ0297
V0LPR0330.1,2024,8,6,140,140,QFN,T37A018.26,2/23/2024 19:00,B-A,P,VS0,UQC140E180A010P,AMDG2730DN-J-GE4,43299,VS00034P,A,2024-V0L-02-G056,CANISTER,N,8,1,36.2 X 27.5,,CZ0297
V0LPR0331.1,2024,8,6,140,140,QFN,T39A003.3,2/23/2024 19:00,B-A,P,VS0,UQC140E180A010P,AMDG2730DN-J-GE4,42898,VS00034P,A,2024-V0L-02-G056,CANISTER,N,8,1,36.2 X 27.5,,CZ0297
V0LPR0332.1,2024,8,6,140,140,QFN,T39A003.21,2/23/2024 19:00,B-A,P,VS0,UQC140E180A010P,AMDG2730DN-J-GE4,43301,VS00034P,A,2024-V0L-02-G056,CANISTER,N,8,1,36.2 X 27.5,,CZ0297
V0LPR0333.1,2024,8,6,140,140,QFN,T39A003.22,2/23/2024 19:00,B-A,P,VS0,UQC140E180A010P,AMDG2730DN-J-GE4,43259,VS00034P,A,2024-V0L-02-G056,CANISTER,N,8,1,36.2 X 27.5,,CZ0297
V0LPR0334.1,2024,8,6,140,140,QFN,T39A003.23,2/23/2024 19:00,B-A,P,VS0,UQC140E180A010P,AMDG2730DN-J-GE4,43295,VS00034P,A,2024-V0L-03-G001,CANISTER,N,8,1,36.2 X 27.5,,CZ0297
V0LPR0335.1,2024,8,6,140,140,QFN,T39A003.24,2/23/2024 19:00,B-A,P,VS0,UQC140E180A010P,AMDG2730DN-J-GE4,43030,VS00034P,A,2024-V0L-02-G056,CANISTER,N,8,1,36.2 X 27.5,,CZ0297
V0LPR0336.1,2024,9,2,140,140,QFN,T39A005.3,2/26/2024 19:00,B-A,P,VS0,UQC140E180A010P,AMDG2730DN-J-GE4,42930,VS00034P,A,2024-V0L-03-G001,CANISTER,N,8,1,36.2 X 27.5,,CZ0297
V0LPR0337.1,2024,9,2,140,140,QFN,T39A005.11,2/26/2024 19:00,B-A,P,VS0,UQC140E180A010P,AMDG2730DN-J-GE4,43150,VS00034P,A,2024-V0L-03-G001,CANISTER,N,8,1,36.2 X 27.5,,CZ0297
V0LPR0338.1,2024,9,2,140,140,QFN,T39A005.12,2/26/2024 19:00,B-A,P,VS0,UQC140E180A010P,AMDG2730DN-J-GE4,43299,VS00034P,A,2024-V0L-03-G001,CANISTER,N,8,1,36.2 X 27.5,,CZ0297
V0LPR0339.1,2024,9,2,140,140,QFN,T39A005.13,2/26/2024 19:00,B-A,P,VS0,UQC140E180A010P,AMDG2730DN-J-GE4,42990,VS00034P,A,2024-V0L-03-G001,CANISTER,N,8,1,36.2 X 27.5,,CZ0297
V0LPR0340.1,2024,9,3,140,140,QFN,T39A005.14,2/27/2024 19:00,B-A,P,VS0,UQC140E180A010P,AMDG2730DN-J-GE4,43297,VS00034P,A,2024-V0L-03-G004,CANISTER,N,8,1,36.2 X 27.5,,CZ0297
V0LPR0341.1,2024,9,3,140,140,QFN,T39A005.15,2/27/2024 19:00,B-A,P,VS0,UQC140E180A010P,AMDG2730DN-J-GE4,43255,VS00034P,A,2024-V0L-03-G006,CANISTER,N,8,1,36.2 X 27.5,,CZ0297
V0LPR0342.1,2024,9,3,140,140,QFN,T39A005.16,2/27/2024 19:00,B-A,P,VS0,UQC140E180A010P,AMDG2730DN-J-GE4,43301,VS00034P,A,2024-V0L-03-G006,CANISTER,N,8,1,36.2 X 27.5,,CZ0297
V0LPR0343.1,2024,9,3,140,140,QFN,T39A005.17,2/27/2024 19:00,B-A,P,VS0,UQC140E180A010P,AMDG2730DN-J-GE4,43069,VS00034P,A,2024-V0L-03-G006,CANISTER,N,8,1,36.2 X 27.5,,CZ0297
VSLPR0101.1,2024,5,6,140,140,QFN,T32A006.26,2/2/2024 19:00,B-A-T-P,P,VS0,UQC140E180A010P,AMDG2730DN-J-GE4,43262,VS00034P,A,2024-VSL-02-G017,CANISTER,N,8,1,36.2 X 27.5,,CZ0297
VSLPR0102.1,2024,5,6,140,140,QFN,T32A006.4,2/2/2024 19:00,B-A-T-P,P,VS0,UQC140E180A010P,AMDG2730DN-J-GE4,43274,VS00034P,A,2024-VSL-02-G018,CANISTER,N,8,1,36.2 X 27.5,,CZ0297
VSLPR0103.1,2024,5,6,140,140,QFN,T32A006.27,2/2/2024 19:00,B-A-T-P,P,VS0,UQC140E180A010P,AMDG2730DN-J-GE4,43301,VS00034P,A,2024-VSL-02-G019,CANISTER,N,8,1,36.2 X 27.5,,CZ0297
VSLPR0104.1,2024,5,6,140,140,QFN,T32A006.8,2/2/2024 19:00,B-A-T-P,P,VS0,UQC140E180A010P,AMDG2730DN-J-GE4,43301,VS00034P,A,2024-VSL-02-G018,CANISTER,N,8,1,36.2 X 27.5,,CZ0297
VSLPR0105.1,2024,5,6,140,140,QFN,T32A007.4,2/2/2024 19:00,B-A-T-P,P,VS0,UQC140E180A010P,AMDG2730DN-J-GE4,43301,VS00034P,A,2024-VSL-02-G018,CANISTER,N,8,1,36.2 X 27.5,,CZ0297
VSLPR0106.1,2024,8,2,140,140,QFN,T37A018.4,2/19/2024 19:00,B-A-T-P,P,VS0,UQC140E180A010P,AMDG2730DN-J-GE4,43290,VS00034P,A,2024-VSL-02-G023,CANISTER,N,8,1,36.2 X 27.5,,CZ0297
VSLPR0107.1,2024,8,2,140,140,QFN,T37A018.6,2/19/2024 19:00,B-A-T-P,P,VS0,UQC140E180A010P,AMDG2730DN-J-GE4,43298,VS00034P,A,2024-VSL-02-G023,CANISTER,N,8,1,36.2 X 27.5,,CZ0297
VSLPR0108.1,2024,8,3,140,140,QFN,T37A018.7,2/20/2024 19:00,B-A-T-P,P,VS0,UQC140E180A010P,AMDG2730DN-J-GE4,43246,VS00034P,A,2024-VSL-02-G023,CANISTER,N,8,1,36.2 X 27.5,,CZ0297
VSLPR0109.1,2024,8,3,140,140,QFN,T37A018.8,2/20/2024 19:00,B-A-T-P,P,VS0,UQC140E180A010P,AMDG2730DN-J-GE4,43299,VS00034P,A,2024-VSL-02-G022,CANISTER,N,8,1,36.2 X 27.5,,CZ0297
VSLPR0110.1,2024,8,3,140,140,QFN,T37A018.9,2/20/2024 19:00,B-A-T-P,P,VS0,UQC140E180A010P,AMDG2730DN-J-GE4,43230,VS00034P,A,2024-VSL-02-G022,CANISTER,N,8,1,36.2 X 27.5,,CZ0297
VSLPR0111.1,2024,8,3,140,140,QFN,T37A018.10,2/20/2024 19:00,B-A-T-P,P,VS0,UQC140E180A010P,AMDG2730DN-J-GE4,43287,VS00034P,A,2024-VSL-02-G023,CANISTER,N,8,1,36.2 X 27.5,,CZ0297
VSLPR0112.1,2024,8,4,140,140,QFN,T37A018.11,2/21/2024 19:00,B-A-T-P,P,VS0,UQC140E180A010P,AMDG2730DN-J-GE4,43268,VS00034P,A,2024-VSL-02-G025,CANISTER,N,8,1,36.2 X 27.5,,CZ0297
VSLPR0113.1,2024,8,4,140,140,QFN,T37A018.12,2/21/2024 19:00,B-A-T-P,P,VS0,UQC140E180A010P,AMDG2730DN-J-GE4,43301,VS00034P,A,2024-VSL-02-G024,CANISTER,N,8,1,36.2 X 27.5,,CZ0297
VSLPR0114.1,2024,8,4,140,140,QFN,T37A018.1,2/21/2024 19:00,B-A-T-P,P,VS0,UQC140E180A010P,AMDG2730DN-J-GE4,43286,VS00034P,A,2024-VSL-02-G024,CANISTER,N,8,1,36.2 X 27.5,,CZ0297
VSLPR0115.1,2024,8,4,140,140,QFN,T37A018.13,2/21/2024 19:00,B-A-T-P,P,VS0,UQC140E180A010P,AMDG2730DN-J-GE4,43064,VS00034P,A,2024-VSL-02-G025,CANISTER,N,8,1,36.2 X 27.5,,CZ0297
VSLPR0116.1,2024,8,4,140,140,QFN,T37A018.14,2/21/2024 19:00,B-A-T-P,P,VS0,UQC140E180A010P,AMDG2730DN-J-GE4,43243,VS00034P,A,2024-VSL-02-G025,CANISTER,N,8,1,36.2 X 27.5,,CZ0297
VSLPR0117.1,2024,8,4,140,140,QFN,T37A018.15,2/21/2024 19:00,B-A-T-P,P,VS0,UQC140E180A010P,AMDG2730DN-J-GE4,43297,VS00034P,A,2024-VSL-03-G002,CANISTER,N,8,1,36.2 X 27.5,,CZ0297
VSLPR0118.1,2024,8,5,140,140,QFN,T37A018.16,2/22/2024 19:00,B-A-T-P,P,VS0,UQC140E180A010P,AMDG2730DN-J-GE4,43301,VS00034P,A,2024-VSL-03-G006,CANISTER,N,8,1,36.2 X 27.5,,CZ0297
VSLPR0119.1,2024,8,5,140,140,QFN,T37A018.17,2/22/2024 19:00,B-A-T-P,P,VS0,UQC140E180A010P,AMDG2730DN-J-GE4,43301,VS00034P,A,2024-VSL-02-G026,CANISTER,N,8,1,36.2 X 27.5,,CZ0297
VSLPR0120.1,2024,8,5,140,140,QFN,T37A018.18,2/22/2024 19:00,B-A-T-P,P,VS0,UQC140E180A010P,AMDG2730DN-J-GE4,43297,VS00034P,A,2024-VSL-03-G001,CANISTER,N,8,1,36.2 X 27.5,,CZ0297
VSLPR0121.1,2024,8,5,140,140,QFN,T37A018.19,2/22/2024 19:00,B-A-T-P,P,VS0,UQC140E180A010P,AMDG2730DN-J-GE4,43225,VS00034P,A,2024-VSL-03-G001,CANISTER,N,8,1,36.2 X 27.5,,CZ0297
VSLPR0122.1,2024,8,5,140,140,QFN,T39A003.2,2/22/2024 19:00,B-A-T-P,P,VS0,UQC140E180A010P,AMDG2730DN-J-GE4,43301,VS00034P,A,2024-VSL-03-G002,CANISTER,N,8,1,36.2 X 27.5,,CZ0297
VSLPR0123.1,2024,8,5,140,140,QFN,T39A003.9,2/22/2024 19:00,B-A-T-P,P,VS0,UQC140E180A010P,AMDG2730DN-J-GE4,43301,VS00034P,A,2024-VSL-03-G003,CANISTER,N,8,1,36.2 X 27.5,,CZ0297
VSLPR0124.1,2024,8,6,140,140,QFN,T39A003.10,2/23/2024 19:00,B-A-T-P,P,VS0,UQC140E180A010P,AMDG2730DN-J-GE4,43266,VS00034P,A,2024-VSL-03-G004,CANISTER,N,8,1,36.2 X 27.5,,CZ0297
VSLPR0125.1,2024,8,6,140,140,QFN,T39A003.13,2/23/2024 19:00,B-A-T-P,P,VS0,UQC140E180A010P,AMDG2730DN-J-GE4,43301,VS00034P,A,2024-VSL-03-G003,CANISTER,N,8,1,36.2 X 27.5,,CZ0297
VSLPR0126.1,2024,8,6,140,140,QFN,T39A003.14,2/23/2024 19:00,B-A-T-P,P,VS0,UQC140E180A010P,AMDG2730DN-J-GE4,43235,VS00034P,A,2024-VSL-03-G003,CANISTER,N,8,1,36.2 X 27.5,,CZ0297
VSLPR0127.1,2024,8,6,140,140,QFN,T39A003.15,2/23/2024 19:00,B-A-T-P,P,VS0,UQC140E180A010P,AMDG2730DN-J-GE4,43301,VS00034P,A,2024-VSL-03-G003,CANISTER,N,8,1,36.2 X 27.5,,CZ0297
VSLPR0128.1,2024,8,6,140,140,QFN,T39A003.11,2/23/2024 19:00,B-A-T-P,P,VS0,UQC140E180A010P,AMDG2730DN-J-GE4,43266,VS00034P,A,2024-VSL-03-G006,CANISTER,N,8,1,36.2 X 27.5,,CZ0297
VSLPR0129.1,2024,8,6,140,140,QFN,T39A003.12,2/23/2024 19:00,B-A-T-P,P,VS0,UQC140E180A010P,AMDG2730DN-J-GE4,43259,VS00034P,A,2024-VSL-03-G006,CANISTER,N,8,1,36.2 X 27.5,,CZ0297
VSLPR0137.1,2024,8,4,140,140,QFN,T39A003.16,2/21/2024 19:00,B-A-T-P,P,VS0,UQC140E180A010P,AMDG2730DN-J-GE4,43301,VS00034P,A,2024-VSL-02-G026,CANISTER,N,8,1,36.2 X 27.5,,CZ0297
VSLPR0138.1,2024,8,5,140,140,QFN,T39A003.17,2/22/2024 19:00,B-A-T-P,P,VS0,UQC140E180A010P,AMDG2730DN-J-GE4,43301,VS00034P,A,2024-VSL-03-G001,CANISTER,N,8,1,36.2 X 27.5,,CZ0297
VSLPR0139.1,2024,8,3,140,140,QFN,T39A003.1,2/20/2024 19:00,B-A-T-P,P,VS0,UQC140E180A010P,AMDG2730DN-J-GE4,43290,VS00034P,A,2024-VSL-03-G006,CANISTER,N,8,1,36.2 X 27.5,,CZ0297
VSLPR0140.1,2024,8,6,140,140,QFN,T39A003.18,2/23/2024 19:00,B-A-T-P,P,VS0,UQC140E180A010P,AMDG2730DN-J-GE4,43301,VS00034P,A,2024-VSL-03-G006,CANISTER,N,8,1,36.2 X 27.5,,CZ0297
VSLPR0141.1,2024,9,1,140,140,QFN,T39A003.19,2/25/2024 19:00,B-A-T-P,P,VS0,UQC140E180A010P,AMDG2730DN-J-GE4,43301,VS00034P,A,2024-VSL-03-G006,CANISTER,N,8,1,36.2 X 27.5,,CZ0297
VSLPR0142.1,2024,9,1,140,140,QFN,T39A003.20,2/25/2024 19:00,B-A-T-P,P,VS0,UQC140E180A010P,AMDG2730DN-J-GE4,43301,VS00034P,A,2024-VSL-03-G006,CANISTER,N,8,1,36.2 X 27.5,,CZ0297
V0LPR0344.1,2024,9,2,140,140,QFN,T06A003.20,2/26/2024 19:00,B-A,P,VS0,UQC140E180A010P,AMDG2735ADN-J-GE4,37171,VS00008P,B,2024-V0L-03-G003,CANISTER,N,8,1,36.60 X 30.70,,CZ0297
V0LPR0345.1,2024,9,3,140,140,QFN,T06A003.54,2/27/2024 19:00,B-A,P,VS0,UQC140E180A010P,AMDG2735ADN-J-GE4,37422,VS00008P,B,2024-V0L-03-G003,CANISTER,N,8,1,36.60 X 30.70,,CZ0297
V0LPR0311.1,2024,7,7,140,140,QFN,S32A003.38,2/17/2024 19:00,B-A,P,VS0,XDC100E100L006P,AMDG4157EDN-J-GE4,79183,VS00028P,A,2024-V0L-02-G050,CANISTER,N,8,1,13.70 X 29.50,,CZ0290
V0LPR0312.1,2024,8,1,140,140,QFN,S32A003.37,2/18/2024 19:00,B-A,P,VS0,XDC100E100L006P,AMDG4157EDN-J-GE4,74684,VS00028P,A,2024-V0L-02-G050,CANISTER,N,8,1,13.70 X 29.50,,CZ0290
V0LPR0313.1,2024,8,1,140,140,QFN,S32A003.44,2/18/2024 19:00,B-A,P,VS0,XDC100E100L006P,AMDG4157EDN-J-GE4,77760,VS00028P,A,2024-V0L-02-G053,CANISTER,N,8,1,13.70 X 29.50,,CZ0290
